1,1,118.00,157.54,79.99,171.14,0.8484,-1,-1,-1
1,2,16.01,148.76,74.71,190.85,0.8159,-1,-1,-1
2,1,118.05,154.91,82.14,174.66,0.8474,-1,-1,-1
2,2,17.59,145.32,74.08,194.76,0.8564,-1,-1,-1
3,1,124.61,153.60,68.50,177.40,0.7125,-1,-1,-1
3,2,22.15,137.97,73.92,203.07,0.8289,-1,-1,-1
4,1,129.90,154.12,78.49,179.17,0.8467,-1,-1,-1
4,2,27.46,141.90,72.90,201.17,0.8197,-1,-1,-1
4,3,253.00,193.87,24.96,67.00,0.4797,-1,-1,-1
5,1,136.47,156.85,83.68,180.23,0.8143,-1,-1,-1
5,2,35.33,140.63,73.38,206.92,0.8697,-1,-1,-1
5,3,263.45,198.63,23.50,64.61,0.5432,-1,-1,-1
6,1,141.46,155.47,86.54,183.80,0.8338,-1,-1,-1
6,2,35.64,140.63,78.03,209.30,0.8531,-1,-1,-1
6,3,269.38,198.32,24.89,66.27,0.5848,-1,-1,-1
6,4,222.71,197.99,23.85,67.02,0.6154,-1,-1,-1
6,5,251.17,197.66,21.84,66.03,0.4303,-1,-1,-1
7,1,144.60,152.17,87.77,187.05,0.8595,-1,-1,-1
7,2,38.97,139.17,76.79,210.29,0.8357,-1,-1,-1
7,3,274.25,198.69,25.84,63.72,0.6744,-1,-1,-1
7,4,226.25,197.76,24.82,66.17,0.6563,-1,-1,-1
7,5,256.79,195.94,21.47,62.92,0.6028,-1,-1,-1
8,1,152.13,152.82,88.96,190.20,0.8705,-1,-1,-1
8,2,43.25,140.06,78.10,213.22,0.8246,-1,-1,-1
8,3,281.23,200.90,26.53,64.75,0.5862,-1,-1,-1
8,4,234.53,200.20,24.63,65.57,0.6827,-1,-1,-1
8,5,265.05,198.05,20.57,64.04,0.5556,-1,-1,-1
9,1,156.59,151.65,88.24,193.06,0.8672,-1,-1,-1
9,2,47.22,139.60,77.80,214.06,0.8304,-1,-1,-1
9,3,287.55,200.20,25.69,65.64,0.7195,-1,-1,-1
9,4,240.32,203.04,24.92,63.21,0.5636,-1,-1,-1
9,5,269.92,198.77,22.02,65.88,0.6477,-1,-1,-1
10,1,164.82,148.03,88.02,197.40,0.8699,-1,-1,-1
10,2,50.41,135.28,83.19,219.51,0.8570,-1,-1,-1
10,3,296.14,200.90,25.50,64.97,0.6351,-1,-1,-1
10,4,250.18,198.31,25.26,67.11,0.6476,-1,-1,-1
10,5,278.76,196.91,21.74,66.85,0.4569,-1,-1,-1
11,1,171.09,147.14,88.85,200.44,0.8611,-1,-1,-1
11,2,55.11,135.09,84.92,221.57,0.8677,-1,-1,-1
11,3,305.23,201.13,22.79,64.57,0.6469,-1,-1,-1
11,4,256.10,200.32,22.98,65.04,0.4890,-1,-1,-1
11,5,285.23,197.61,22.88,67.29,0.6966,-1,-1,-1
11,9,143.72,195.55,28.50,69.84,0.5637,-1,-1,-1
12,1,181.90,147.53,91.59,204.67,0.8704,-1,-1,-1
12,2,64.58,131.78,84.47,230.56,0.8809,-1,-1,-1
12,3,316.46,204.78,22.54,63.17,0.5016,-1,-1,-1
12,4,268.83,200.21,24.21,67.49,0.6251,-1,-1,-1
12,5,297.45,199.35,21.86,67.52,0.2312,-1,-1,-1
12,9,153.88,197.76,29.55,69.10,0.5749,-1,-1,-1
13,1,184.44,147.19,95.81,208.29,0.8587,-1,-1,-1
13,2,67.92,138.80,85.81,225.84,0.8563,-1,-1,-1
13,3,321.40,197.72,24.35,70.12,0.4617,-1,-1,-1
13,4,275.35,200.27,23.98,67.96,0.5106,-1,-1,-1
13,5,303.79,202.57,21.07,64.27,0.4761,-1,-1,-1
13,9,159.07,196.84,30.33,70.55,0.5691,-1,-1,-1
14,1,197.40,144.95,94.52,211.42,0.8290,-1,-1,-1
14,2,81.53,130.67,82.70,235.26,0.8715,-1,-1,-1
14,3,334.17,202.46,22.11,64.94,0.3741,-1,-1,-1
14,4,286.97,202.49,23.59,64.35,0.5899,-1,-1,-1
14,5,316.24,201.54,21.67,64.79,0.5775,-1,-1,-1
14,9,170.58,195.62,29.85,71.17,0.5988,-1,-1,-1
15,1,208.75,144.87,95.28,215.04,0.8599,-1,-1,-1
15,2,87.02,135.67,85.24,233.67,0.8602,-1,-1,-1
15,3,345.47,204.44,25.25,64.39,0.6195,-1,-1,-1
15,4,297.11,202.47,22.81,65.92,0.5773,-1,-1,-1
15,5,325.92,200.75,22.77,66.59,0.5191,-1,-1,-1
15,9,181.80,197.21,28.95,70.86,0.6604,-1,-1,-1
16,1,211.96,143.18,98.66,216.49,0.8458,-1,-1,-1
16,2,82.15,126.32,92.95,242.84,0.8776,-1,-1,-1
16,3,351.58,200.21,26.67,66.54,0.5434,-1,-1,-1
16,4,301.03,198.71,23.63,66.45,0.6868,-1,-1,-1
16,5,330.61,195.93,23.83,69.63,0.5508,-1,-1,-1
16,9,185.66,193.52,29.83,71.57,0.6426,-1,-1,-1
16,12,1.10,142.45,45.78,156.63,0.4308,-1,-1,-1
17,1,213.84,140.19,105.23,221.91,0.7738,-1,-1,-1
17,2,84.26,123.86,93.19,247.08,0.8982,-1,-1,-1
17,3,354.17,190.88,26.06,74.24,0.4913,-1,-1,-1
17,4,305.69,196.46,23.91,68.72,0.5980,-1,-1,-1
17,5,334.53,195.24,23.45,69.82,0.4471,-1,-1,-1
17,9,188.95,192.67,29.00,71.81,0.6422,-1,-1,-1
17,12,1.15,140.62,60.21,149.78,0.3768,-1,-1,-1
18,1,216.20,138.24,109.77,228.62,0.8572,-1,-1,-1
18,2,84.06,123.81,96.13,252.05,0.9013,-1,-1,-1
18,4,311.33,195.68,22.59,70.57,0.7058,-1,-1,-1
18,9,193.30,194.34,27.93,70.66,0.5464,-1,-1,-1
18,12,1.02,140.51,54.36,155.38,0.4964,-1,-1,-1
19,1,216.68,133.12,112.36,233.83,0.8666,-1,-1,-1
19,2,81.34,118.80,97.78,256.68,0.9064,-1,-1,-1
19,4,311.22,192.37,24.53,71.02,0.6221,-1,-1,-1
19,9,193.67,192.25,28.63,70.29,0.5145,-1,-1,-1
19,12,-0.18,137.38,47.60,156.83,0.3060,-1,-1,-1
20,1,214.34,129.05,114.05,240.07,0.8877,-1,-1,-1
20,2,76.63,113.82,99.01,263.83,0.9029,-1,-1,-1
20,9,192.10,188.50,28.75,72.19,0.5803,-1,-1,-1
20,12,-0.85,134.96,45.60,151.15,0.2910,-1,-1,-1
21,1,213.60,127.11,116.45,246.65,0.8791,-1,-1,-1
21,2,72.85,109.10,101.52,272.74,0.8988,-1,-1,-1
21,9,191.90,187.25,28.20,73.95,0.6602,-1,-1,-1
21,12,-0.87,132.75,39.84,161.47,0.5208,-1,-1,-1
21,14,42.27,186.18,25.33,69.64,0.5713,-1,-1,-1
22,1,214.42,123.28,118.40,253.33,0.8829,-1,-1,-1
22,2,68.93,104.25,105.03,280.34,0.8850,-1,-1,-1
22,9,193.87,185.94,27.43,73.93,0.3509,-1,-1,-1
22,12,-0.44,129.35,38.17,205.81,0.3507,-1,-1,-1
22,14,41.70,183.18,27.95,70.88,0.4103,-1,-1,-1
23,1,215.58,124.19,120.38,260.65,0.8812,-1,-1,-1
23,2,67.57,105.50,108.12,289.04,0.8965,-1,-1,-1
23,9,197.90,190.53,26.63,73.80,0.5789,-1,-1,-1
23,12,-0.22,133.60,39.08,224.23,0.3568,-1,-1,-1
23,14,48.44,190.57,24.24,68.17,0.3665,-1,-1,-1
24,1,219.92,121.91,117.52,265.59,0.7988,-1,-1,-1
24,2,65.57,104.06,111.30,294.70,0.8602,-1,-1,-1
24,9,200.71,189.65,25.41,74.57,0.1659,-1,-1,-1
24,12,0.53,133.11,39.60,190.74,0.4349,-1,-1,-1
24,14,50.80,188.78,24.69,56.40,0.1142,-1,-1,-1
25,1,228.54,121.26,112.26,274.23,0.8810,-1,-1,-1
25,2,62.52,103.27,114.85,302.83,0.8911,-1,-1,-1
25,12,0.75,134.09,38.10,178.65,0.3614,-1,-1,-1
26,1,230.43,117.47,110.36,280.88,0.8712,-1,-1,-1
26,2,58.70,100.38,117.35,308.99,0.8826,-1,-1,-1
26,12,0.51,132.52,36.94,174.91,0.3655,-1,-1,-1
27,1,235.45,113.13,110.54,289.27,0.8809,-1,-1,-1
27,2,55.13,95.38,120.75,317.05,0.8972,-1,-1,-1
27,12,-0.38,129.73,37.51,173.07,0.4621,-1,-1,-1
28,1,240.12,111.55,110.27,294.45,0.8851,-1,-1,-1
28,2,54.43,94.30,123.01,322.67,0.9022,-1,-1,-1
28,12,0.73,129.97,38.34,171.44,0.3368,-1,-1,-1
29,1,236.54,105.69,120.11,302.35,0.8659,-1,-1,-1
29,2,52.00,87.17,127.34,335.60,0.8817,-1,-1,-1
29,12,0.68,126.46,37.59,177.22,0.2409,-1,-1,-1
30,1,235.32,103.63,123.21,309.43,0.8839,-1,-1,-1
30,2,48.18,84.36,131.17,344.35,0.8888,-1,-1,-1
30,12,0.02,125.45,36.72,179.52,0.3046,-1,-1,-1
31,1,243.20,99.27,121.19,319.88,0.8790,-1,-1,-1
31,2,43.58,80.52,137.63,353.27,0.8946,-1,-1,-1
31,12,0.03,122.64,35.78,239.51,0.2275,-1,-1,-1
32,1,252.57,97.06,121.39,330.44,0.8769,-1,-1,-1
32,2,44.54,78.36,140.58,363.29,0.8790,-1,-1,-1
32,12,1.09,123.55,36.87,260.11,0.2166,-1,-1,-1
32,17,147.28,80.27,47.81,176.01,0.5285,-1,-1,-1
33,1,260.12,90.19,126.59,339.42,0.8614,-1,-1,-1
33,2,51.27,71.06,140.25,374.24,0.8887,-1,-1,-1
33,12,1.96,117.63,41.95,269.79,0.1720,-1,-1,-1
33,17,153.53,76.55,46.89,181.86,0.3756,-1,-1,-1
33,18,418.38,188.65,26.54,75.39,0.6739,-1,-1,-1
33,4,360.90,187.03,26.93,75.26,0.6280,-1,-1,-1
34,1,269.45,89.06,130.50,350.52,0.8579,-1,-1,-1
34,2,57.89,70.63,142.14,381.98,0.8851,-1,-1,-1
34,12,2.05,117.29,40.51,270.47,0.1105,-1,-1,-1
34,17,158.92,75.66,53.26,181.07,0.5096,-1,-1,-1
34,18,426.12,187.99,27.04,78.42,0.6605,-1,-1,-1
34,4,369.00,187.45,29.01,76.56,0.6828,-1,-1,-1
34,3,425.86,187.53,27.06,79.17,0.6605,-1,-1,-1
35,1,272.84,88.69,142.70,360.22,0.8551,-1,-1,-1
35,2,64.36,70.85,142.15,388.40,0.9042,-1,-1,-1
35,17,165.30,76.03,55.48,225.94,0.2975,-1,-1,-1
35,18,434.97,190.33,28.15,78.71,0.6581,-1,-1,-1
35,4,377.98,189.81,28.66,76.98,0.7054,-1,-1,-1
35,19,1.37,118.95,35.46,103.83,0.6117,-1,-1,-1
35,20,410.42,188.05,24.56,77.65,0.4801,-1,-1,-1
35,3,435.56,190.48,28.07,78.66,0.6581,-1,-1,-1
36,1,275.55,82.08,156.78,369.80,0.8937,-1,-1,-1
36,2,71.76,63.44,145.37,399.43,0.8947,-1,-1,-1
36,17,174.75,71.67,56.00,203.49,0.5570,-1,-1,-1
36,18,447.33,189.38,28.34,78.45,0.6636,-1,-1,-1
36,4,388.63,189.01,28.03,76.46,0.5824,-1,-1,-1
36,19,2.85,115.96,45.51,104.92,0.1600,-1,-1,-1
36,20,421.00,182.50,25.89,82.49,0.4843,-1,-1,-1
36,3,448.09,189.63,28.27,78.29,0.6636,-1,-1,-1
37,1,274.21,78.66,165.40,378.31,0.8908,-1,-1,-1
37,2,72.07,61.19,148.38,406.19,0.9014,-1,-1,-1
37,17,177.39,70.96,55.00,193.17,0.4362,-1,-1,-1
37,18,452.00,189.98,27.37,78.63,0.6192,-1,-1,-1
37,4,392.22,189.37,28.37,76.32,0.6547,-1,-1,-1
37,20,424.91,186.46,24.47,79.45,0.3203,-1,-1,-1
37,3,452.75,190.21,27.42,78.44,0.6192,-1,-1,-1
38,1,278.63,76.50,174.14,387.86,0.8878,-1,-1,-1
38,2,71.67,58.94,152.49,415.47,0.8759,-1,-1,-1
38,17,181.06,70.66,57.10,196.42,0.4525,-1,-1,-1
38,18,457.00,189.88,28.56,80.35,0.7279,-1,-1,-1
38,4,398.09,193.29,28.89,73.92,0.4970,-1,-1,-1
38,20,430.04,189.22,26.44,78.88,0.5459,-1,-1,-1
38,3,457.71,190.15,28.53,80.08,0.7279,-1,-1,-1
39,1,283.40,70.52,178.72,397.84,0.8902,-1,-1,-1
39,2,70.01,53.34,157.13,424.72,0.8789,-1,-1,-1
39,17,182.81,64.37,57.70,197.17,0.5569,-1,-1,-1
39,18,460.56,187.34,31.86,81.78,0.6727,-1,-1,-1
39,4,403.40,194.40,27.56,71.29,0.5582,-1,-1,-1
39,20,434.50,187.13,26.37,78.29,0.5778,-1,-1,-1
39,3,461.26,187.60,31.70,81.50,0.6727,-1,-1,-1
39,5,434.69,187.11,26.10,77.99,0.5778,-1,-1,-1
40,1,285.48,67.28,186.57,410.11,0.8876,-1,-1,-1
40,2,68.18,53.15,162.34,428.85,0.8847,-1,-1,-1
40,17,185.04,63.75,57.20,200.24,0.6957,-1,-1,-1
40,18,464.71,188.41,31.97,83.06,0.7032,-1,-1,-1
40,4,409.04,198.92,24.86,70.00,0.4654,-1,-1,-1
40,20,438.62,186.91,27.75,81.23,0.5362,-1,-1,-1
40,3,465.38,188.63,31.85,82.79,0.7032,-1,-1,-1
40,5,439.11,186.71,27.56,81.21,0.5362,-1,-1,-1
41,1,287.99,63.72,192.42,417.46,0.8832,-1,-1,-1
41,2,64.05,49.86,166.86,433.24,0.8903,-1,-1,-1
41,17,183.40,63.01,58.11,200.28,0.7385,-1,-1,-1
41,18,467.67,188.76,31.81,58.84,0.6164,-1,-1,-1
41,4,413.25,202.51,19.46,66.26,0.1597,-1,-1,-1
41,20,440.07,188.17,27.50,80.18,0.5486,-1,-1,-1
41,3,468.24,188.94,31.74,59.06,0.6164,-1,-1,-1
41,5,440.67,187.89,27.41,80.28,0.5486,-1,-1,-1
41,19,0.22,114.44,49.58,152.67,0.3844,-1,-1,-1
42,1,283.52,56.43,197.93,425.91,0.8999,-1,-1,-1
42,2,51.92,41.72,171.60,440.29,0.8915,-1,-1,-1
42,17,177.84,55.87,59.43,207.60,0.6336,-1,-1,-1
42,18,465.08,187.39,33.40,42.67,0.5377,-1,-1,-1
42,3,465.57,187.51,33.32,43.10,0.5377,-1,-1,-1
42,19,-1.94,109.04,45.19,155.12,0.1029,-1,-1,-1
43,1,281.90,53.10,204.41,430.42,0.9045,-1,-1,-1
43,2,46.73,36.28,173.85,446.11,0.8963,-1,-1,-1
43,17,175.37,51.55,58.88,208.55,0.6478,-1,-1,-1
43,18,464.37,189.98,31.70,32.78,0.5272,-1,-1,-1
43,3,464.82,190.03,31.65,33.12,0.5272,-1,-1,-1
43,19,-1.66,105.42,41.39,158.38,0.2577,-1,-1,-1
43,22,169.76,50.37,61.22,347.37,0.4423,-1,-1,-1
44,1,281.68,50.22,209.67,433.17,0.9040,-1,-1,-1
44,2,43.72,31.07,177.10,450.68,0.8976,-1,-1,-1
44,17,175.33,48.56,59.41,212.16,0.6433,-1,-1,-1
44,19,-0.25,103.61,38.24,157.85,0.2229,-1,-1,-1
44,22,170.63,47.73,60.85,351.38,0.4207,-1,-1,-1
44,9,266.56,186.92,26.05,77.83,0.3625,-1,-1,-1
45,1,283.67,46.43,213.93,435.45,0.8964,-1,-1,-1
45,2,41.74,27.15,179.14,452.95,0.8951,-1,-1,-1
45,17,176.11,46.67,61.01,215.30,0.6476,-1,-1,-1
45,19,0.27,99.87,37.37,159.90,0.2016,-1,-1,-1
45,22,172.01,45.14,62.90,352.08,0.3908,-1,-1,-1
45,9,267.93,185.84,27.37,77.80,0.4529,-1,-1,-1
45,12,0.13,101.59,39.31,324.66,0.3614,-1,-1,-1
46,1,279.64,42.71,222.91,440.00,0.9094,-1,-1,-1
46,2,36.06,20.63,184.16,460.47,0.8836,-1,-1,-1
46,17,174.61,44.64,62.42,218.71,0.6942,-1,-1,-1
46,22,170.75,42.64,64.63,356.92,0.3415,-1,-1,-1
46,9,268.39,185.60,27.94,77.69,0.1688,-1,-1,-1
46,12,-0.91,98.42,37.42,329.72,0.4195,-1,-1,-1
47,1,282.90,38.12,223.87,443.79,0.9064,-1,-1,-1
47,2,33.08,14.88,186.31,465.03,0.8725,-1,-1,-1
47,17,174.46,41.15,61.90,218.48,0.6582,-1,-1,-1
47,22,171.34,39.19,64.64,362.32,0.3206,-1,-1,-1
47,9,269.68,183.68,27.49,78.80,0.3716,-1,-1,-1
47,12,-0.26,94.43,36.66,333.73,0.3063,-1,-1,-1
48,1,288.53,31.05,224.95,450.49,0.8999,-1,-1,-1
48,2,30.27,11.08,192.03,469.75,0.8636,-1,-1,-1
48,17,176.69,38.22,63.45,222.73,0.6428,-1,-1,-1
48,22,174.79,38.43,65.57,367.03,0.2544,-1,-1,-1
48,12,0.10,93.05,39.02,339.39,0.3433,-1,-1,-1
49,1,287.50,28.49,230.40,453.24,0.8895,-1,-1,-1
49,2,26.71,8.95,199.17,470.14,0.8603,-1,-1,-1
49,17,176.25,36.40,65.44,226.44,0.6405,-1,-1,-1
49,22,173.34,35.91,66.40,369.95,0.3708,-1,-1,-1
49,12,-0.59,93.63,37.21,343.52,0.1036,-1,-1,-1
50,1,286.20,23.27,234.14,458.12,0.8995,-1,-1,-1
50,2,20.69,3.30,204.32,476.37,0.8585,-1,-1,-1
50,17,174.33,34.16,66.78,234.81,0.6500,-1,-1,-1
50,22,171.53,32.76,67.02,377.61,0.4179,-1,-1,-1
50,12,-1.07,88.66,38.33,355.02,0.1781,-1,-1,-1
50,19,-0.16,90.84,29.94,122.71,0.5213,-1,-1,-1
51,1,285.75,19.62,238.92,460.45,0.9086,-1,-1,-1
51,2,20.94,0.97,203.64,476.49,0.8588,-1,-1,-1
51,17,174.33,33.01,69.89,237.88,0.7362,-1,-1,-1
51,22,171.44,30.68,71.57,347.07,0.2278,-1,-1,-1
51,12,-0.26,86.73,41.24,358.58,0.2058,-1,-1,-1
51,19,0.24,89.93,30.51,118.09,0.4481,-1,-1,-1
52,1,289.00,15.61,240.97,462.47,0.9019,-1,-1,-1
52,2,17.26,-0.27,206.64,477.42,0.8464,-1,-1,-1
52,17,173.67,30.16,71.66,239.97,0.5960,-1,-1,-1
52,22,170.92,27.29,72.82,374.50,0.3634,-1,-1,-1
52,19,0.42,88.19,31.08,147.50,0.4830,-1,-1,-1
53,1,288.56,13.05,248.96,467.27,0.9044,-1,-1,-1
53,2,12.55,-1.36,212.14,481.74,0.8605,-1,-1,-1
53,17,173.17,27.91,71.72,241.80,0.6318,-1,-1,-1
53,22,170.61,25.26,72.18,388.85,0.3339,-1,-1,-1
53,19,-0.76,87.06,35.45,157.95,0.3691,-1,-1,-1
54,1,290.10,11.80,250.54,469.82,0.9116,-1,-1,-1
54,2,12.29,-1.03,211.88,480.04,0.8424,-1,-1,-1
54,17,173.27,27.75,71.51,242.59,0.5766,-1,-1,-1
54,22,170.50,25.02,72.23,392.62,0.4429,-1,-1,-1
54,19,-0.40,86.67,35.93,163.12,0.3645,-1,-1,-1
55,1,292.20,8.12,258.75,468.44,0.8858,-1,-1,-1
55,2,10.65,1.03,217.11,477.50,0.8571,-1,-1,-1
55,17,174.27,26.62,73.38,243.31,0.5491,-1,-1,-1
55,22,171.45,24.15,76.05,392.26,0.4545,-1,-1,-1
55,19,0.43,87.39,36.94,136.83,0.3697,-1,-1,-1
55,12,-0.09,86.75,38.49,216.92,0.4524,-1,-1,-1
56,1,290.67,5.61,263.58,472.34,0.8457,-1,-1,-1
56,2,10.20,0.23,218.09,478.94,0.8620,-1,-1,-1
56,17,175.00,25.07,72.85,246.61,0.5890,-1,-1,-1
56,22,171.43,23.09,76.20,390.51,0.4244,-1,-1,-1
56,19,-0.38,86.12,36.30,124.11,0.4173,-1,-1,-1
56,12,-0.38,84.91,37.20,172.65,0.4636,-1,-1,-1
57,1,297.41,2.94,264.40,476.32,0.9115,-1,-1,-1
57,2,7.77,0.51,220.48,477.41,0.8578,-1,-1,-1
57,17,175.81,23.42,73.71,275.58,0.6122,-1,-1,-1
57,22,174.60,22.89,74.91,324.52,0.6122,-1,-1,-1
57,19,-0.07,84.51,36.21,152.80,0.5690,-1,-1,-1
57,12,-0.03,83.98,36.13,163.62,0.5690,-1,-1,-1
58,1,301.10,1.66,266.89,478.85,0.8997,-1,-1,-1
58,2,6.82,0.67,221.78,477.67,0.8594,-1,-1,-1
58,17,177.11,22.35,74.14,263.17,0.4777,-1,-1,-1
58,22,175.77,21.10,76.51,363.39,0.4966,-1,-1,-1
58,19,-0.07,84.19,35.42,161.89,0.4866,-1,-1,-1
58,12,-0.02,83.83,34.99,161.40,0.4866,-1,-1,-1
59,1,302.95,0.16,273.60,480.92,0.9035,-1,-1,-1
59,2,4.81,0.12,224.06,478.58,0.8447,-1,-1,-1
59,17,177.02,20.39,75.73,311.37,0.7051,-1,-1,-1
59,22,176.65,20.05,76.53,344.99,0.7051,-1,-1,-1
59,19,-0.70,83.99,33.34,164.65,0.4017,-1,-1,-1
59,12,-0.60,84.00,32.81,160.03,0.4017,-1,-1,-1
60,1,303.43,-1.44,280.36,480.52,0.9006,-1,-1,-1
60,2,3.58,-0.62,225.83,478.79,0.8185,-1,-1,-1
60,17,177.15,18.87,76.48,291.29,0.2089,-1,-1,-1
60,22,175.00,18.44,79.10,387.75,0.5711,-1,-1,-1
60,19,-0.86,81.36,30.91,150.07,0.1296,-1,-1,-1
60,12,-0.72,80.41,30.46,200.28,0.3765,-1,-1,-1
61,1,306.34,-1.42,284.94,480.91,0.8971,-1,-1,-1
61,2,1.27,0.33,227.05,477.26,0.8556,-1,-1,-1
61,17,177.58,17.95,76.41,284.78,0.1742,-1,-1,-1
61,22,174.98,17.94,79.48,399.19,0.6077,-1,-1,-1
61,19,-0.57,80.93,28.93,139.28,0.1332,-1,-1,-1
61,12,-0.49,80.11,28.76,208.81,0.3827,-1,-1,-1
62,1,310.93,-1.39,286.65,478.05,0.8307,-1,-1,-1
62,2,0.82,-0.04,226.08,477.20,0.8611,-1,-1,-1
62,17,178.06,16.08,77.71,372.47,0.7277,-1,-1,-1
62,22,177.22,16.17,78.70,411.52,0.7277,-1,-1,-1
62,19,-0.11,79.34,27.15,132.11,0.1352,-1,-1,-1
62,12,0.05,78.17,30.10,221.13,0.4517,-1,-1,-1
63,1,312.83,-0.70,286.67,479.47,0.8857,-1,-1,-1
63,2,0.56,0.66,225.39,475.94,0.7896,-1,-1,-1
63,17,177.43,15.05,79.27,404.88,0.7196,-1,-1,-1
63,22,177.23,15.23,79.58,417.73,0.7196,-1,-1,-1
63,19,0.33,79.07,26.46,157.51,0.2845,-1,-1,-1
63,12,0.56,76.00,34.51,312.44,0.3731,-1,-1,-1
64,1,316.51,-0.69,288.14,480.27,0.8757,-1,-1,-1
64,2,0.42,1.76,227.92,476.10,0.8099,-1,-1,-1
64,17,176.46,14.83,82.44,414.86,0.5741,-1,-1,-1
64,22,176.48,15.09,82.53,415.84,0.5741,-1,-1,-1
64,19,0.30,79.26,26.71,166.85,0.3066,-1,-1,-1
64,12,0.60,75.61,34.21,358.97,0.3595,-1,-1,-1
64,5,501.00,191.66,26.72,77.53,0.6102,-1,-1,-1
65,1,317.18,-0.67,289.48,480.25,0.8766,-1,-1,-1
65,2,-0.02,1.70,234.02,474.84,0.7657,-1,-1,-1
65,17,177.24,14.20,83.53,377.90,0.5247,-1,-1,-1
65,22,177.35,14.44,83.52,372.65,0.5247,-1,-1,-1
65,19,0.16,78.53,25.35,152.13,0.2590,-1,-1,-1
65,12,0.42,74.92,35.04,361.57,0.3505,-1,-1,-1
65,5,501.91,192.65,26.38,76.61,0.6443,-1,-1,-1
66,1,314.25,-0.51,292.90,480.21,0.8839,-1,-1,-1
66,2,-0.45,1.28,232.27,473.34,0.8418,-1,-1,-1
66,17,177.02,13.01,85.07,349.51,0.6341,-1,-1,-1
66,22,177.15,13.22,85.05,342.85,0.6341,-1,-1,-1
66,19,-0.05,78.27,22.72,136.60,0.3763,-1,-1,-1
66,12,0.12,74.46,33.85,376.23,0.3673,-1,-1,-1
66,5,502.26,192.32,26.40,76.56,0.6824,-1,-1,-1
67,1,312.31,-0.15,298.62,479.93,0.8852,-1,-1,-1
67,2,-0.07,1.62,228.82,475.21,0.8087,-1,-1,-1
67,17,178.99,12.09,84.37,395.06,0.7479,-1,-1,-1
67,22,179.13,12.23,84.32,390.97,0.7479,-1,-1,-1
67,19,0.32,78.35,21.99,133.23,0.2993,-1,-1,-1
67,12,0.50,75.28,32.64,383.94,0.5338,-1,-1,-1
67,5,503.71,192.84,25.13,76.28,0.6490,-1,-1,-1
68,1,315.58,0.21,296.98,480.04,0.8942,-1,-1,-1
68,2,-0.20,2.52,226.68,474.86,0.7487,-1,-1,-1
68,17,179.14,11.27,84.76,422.62,0.6779,-1,-1,-1
68,22,179.26,11.42,84.72,418.56,0.6779,-1,-1,-1
68,19,0.34,77.65,22.12,133.11,0.2458,-1,-1,-1
68,12,0.47,75.18,33.25,358.56,0.3680,-1,-1,-1
68,5,505.75,193.20,23.61,76.57,0.6037,-1,-1,-1
69,1,317.29,0.30,294.49,479.83,0.8915,-1,-1,-1
69,2,-0.30,2.59,225.57,475.12,0.7380,-1,-1,-1
69,17,179.03,10.02,85.22,434.40,0.6036,-1,-1,-1
69,22,179.13,10.16,85.19,430.47,0.6036,-1,-1,-1
69,19,0.16,77.48,21.95,130.45,0.3680,-1,-1,-1
69,12,0.35,73.89,33.78,364.11,0.3943,-1,-1,-1
69,5,505.99,193.61,22.39,75.68,0.6365,-1,-1,-1
69,9,293.95,176.06,28.68,86.47,0.5637,-1,-1,-1
70,1,317.87,0.41,293.60,479.73,0.8924,-1,-1,-1
70,2,-0.23,1.72,223.79,477.26,0.8235,-1,-1,-1
70,17,181.91,9.19,84.18,432.24,0.8348,-1,-1,-1
70,22,182.01,9.32,84.16,428.46,0.8348,-1,-1,-1
70,19,0.28,77.49,22.12,128.51,0.3834,-1,-1,-1
70,12,0.49,74.27,34.20,362.64,0.4031,-1,-1,-1
70,5,506.52,193.51,22.54,75.74,0.6172,-1,-1,-1
70,9,295.13,176.67,27.16,85.57,0.5253,-1,-1,-1
71,1,318.03,0.16,292.37,479.92,0.8761,-1,-1,-1
71,2,-0.07,1.57,222.80,478.03,0.8286,-1,-1,-1
71,17,183.49,8.38,84.50,431.46,0.8365,-1,-1,-1
71,22,183.58,8.49,84.49,428.03,0.8365,-1,-1,-1
71,19,0.38,78.00,22.20,126.28,0.4387,-1,-1,-1
71,12,0.60,74.15,33.74,369.68,0.3847,-1,-1,-1
71,5,506.90,193.60,22.37,74.91,0.5617,-1,-1,-1
71,9,293.78,176.76,28.08,84.93,0.5884,-1,-1,-1
72,1,316.97,0.56,294.21,479.40,0.8827,-1,-1,-1
72,2,0.13,1.78,223.06,478.18,0.8600,-1,-1,-1
72,17,184.62,8.10,85.14,431.10,0.8375,-1,-1,-1
72,22,184.70,8.19,85.12,428.02,0.8375,-1,-1,-1
72,19,0.59,78.54,22.51,126.01,0.4064,-1,-1,-1
72,12,0.82,75.35,33.36,372.38,0.4914,-1,-1,-1
72,5,507.25,193.27,22.48,75.70,0.5834,-1,-1,-1
72,9,291.82,176.96,30.57,85.01,0.6204,-1,-1,-1
73,1,314.71,0.52,296.81,479.31,0.8920,-1,-1,-1
73,2,0.08,1.67,223.05,478.21,0.8543,-1,-1,-1
73,17,185.06,9.65,86.91,428.58,0.8394,-1,-1,-1
73,22,185.13,9.75,86.90,425.81,0.8394,-1,-1,-1
73,19,0.50,78.38,22.36,127.11,0.4076,-1,-1,-1
73,12,0.71,74.58,34.02,367.45,0.3447,-1,-1,-1
73,5,506.33,192.61,22.80,77.21,0.5062,-1,-1,-1
73,9,290.55,177.21,30.82,83.24,0.6042,-1,-1,-1
73,26,586.32,196.29,23.09,51.79,0.5500,-1,-1,-1
74,1,313.50,0.24,296.20,479.50,0.8500,-1,-1,-1
74,2,0.12,1.68,223.34,477.52,0.8477,-1,-1,-1
74,17,185.41,9.32,88.54,427.78,0.8486,-1,-1,-1
74,22,185.47,9.40,88.53,425.31,0.8486,-1,-1,-1
74,19,0.44,78.53,22.45,125.96,0.4138,-1,-1,-1
74,12,0.67,73.93,34.16,359.96,0.3463,-1,-1,-1
74,5,505.79,193.10,22.63,76.13,0.5653,-1,-1,-1
74,9,290.31,177.17,30.59,82.45,0.5464,-1,-1,-1
74,26,584.92,197.67,24.10,51.38,0.2033,-1,-1,-1
75,1,309.11,0.57,295.85,478.53,0.8711,-1,-1,-1
75,2,1.03,1.62,222.61,477.08,0.8279,-1,-1,-1
75,17,186.76,9.76,89.16,425.89,0.8458,-1,-1,-1
75,22,186.82,9.83,89.15,423.70,0.8458,-1,-1,-1
75,19,0.79,78.25,22.75,125.05,0.3664,-1,-1,-1
75,12,1.02,74.10,35.20,366.17,0.2992,-1,-1,-1
75,5,506.00,192.56,21.90,65.10,0.2225,-1,-1,-1
75,9,290.30,177.24,31.12,81.91,0.6049,-1,-1,-1
76,1,306.33,0.22,297.39,477.51,0.8883,-1,-1,-1
76,2,1.24,1.52,222.32,476.74,0.8184,-1,-1,-1
76,17,187.08,10.08,89.84,425.00,0.8553,-1,-1,-1
76,22,187.13,10.15,89.83,423.08,0.8553,-1,-1,-1
76,19,0.73,78.54,22.66,126.94,0.3271,-1,-1,-1
76,12,0.95,74.25,34.93,364.42,0.2824,-1,-1,-1
76,9,290.26,176.87,30.68,81.33,0.6551,-1,-1,-1
77,1,304.28,0.09,296.98,476.67,0.8744,-1,-1,-1
77,2,1.33,1.62,222.91,476.06,0.8269,-1,-1,-1
77,17,187.51,10.04,90.21,424.08,0.8452,-1,-1,-1
77,22,187.55,10.09,90.20,422.39,0.8452,-1,-1,-1
77,19,0.55,79.14,22.83,120.36,0.3556,-1,-1,-1
77,12,0.76,74.98,34.39,352.66,0.2896,-1,-1,-1
77,9,290.10,176.76,31.87,81.15,0.6553,-1,-1,-1
78,1,302.35,0.07,297.77,476.43,0.8931,-1,-1,-1
78,2,1.16,1.54,223.20,477.62,0.8335,-1,-1,-1
78,17,188.74,9.47,88.12,424.13,0.8443,-1,-1,-1
78,22,188.78,9.52,88.11,422.63,0.8443,-1,-1,-1
78,19,0.40,79.17,22.73,114.02,0.4589,-1,-1,-1
78,12,0.54,74.38,33.13,359.85,0.2758,-1,-1,-1
78,9,289.63,177.17,31.37,80.89,0.4946,-1,-1,-1
79,1,303.92,-0.08,291.57,478.59,0.8717,-1,-1,-1
79,2,1.15,0.96,222.97,477.84,0.8325,-1,-1,-1
79,17,188.68,9.82,86.14,424.14,0.8373,-1,-1,-1
79,22,188.71,9.86,86.13,422.82,0.8373,-1,-1,-1
79,19,0.08,79.13,22.85,121.03,0.3723,-1,-1,-1
79,12,0.23,74.95,33.12,353.53,0.2702,-1,-1,-1
79,9,288.70,177.53,32.76,80.51,0.4671,-1,-1,-1
80,1,310.82,-0.11,279.10,479.52,0.8759,-1,-1,-1
80,2,0.63,1.25,224.05,478.42,0.8516,-1,-1,-1
80,17,188.62,10.66,85.65,424.76,0.8294,-1,-1,-1
80,22,188.65,10.70,85.63,423.59,0.8294,-1,-1,-1
80,19,-0.14,79.62,23.03,118.95,0.3803,-1,-1,-1
80,12,0.00,75.81,32.49,352.94,0.3045,-1,-1,-1
81,1,312.30,-0.09,276.78,479.32,0.8798,-1,-1,-1
81,2,1.01,1.47,226.13,477.86,0.8432,-1,-1,-1
81,17,189.14,11.04,84.87,420.95,0.7937,-1,-1,-1
81,22,189.17,11.07,84.86,419.91,0.7937,-1,-1,-1
81,19,0.39,79.63,23.57,118.55,0.3807,-1,-1,-1
81,12,0.49,75.96,32.69,365.63,0.4099,-1,-1,-1
82,1,316.50,-0.13,270.99,480.23,0.8624,-1,-1,-1
82,2,0.34,1.45,229.85,477.35,0.8403,-1,-1,-1
82,17,188.96,11.83,84.54,420.75,0.7392,-1,-1,-1
82,22,188.99,11.86,84.53,419.84,0.7392,-1,-1,-1
82,19,-0.17,79.82,23.23,115.82,0.4136,-1,-1,-1
82,12,-0.05,75.81,33.25,361.81,0.3528,-1,-1,-1
83,1,311.87,0.04,275.23,477.84,0.8782,-1,-1,-1
83,2,0.25,1.47,227.07,478.19,0.8173,-1,-1,-1
83,17,188.27,13.02,84.09,423.76,0.8172,-1,-1,-1
83,22,188.29,13.05,84.07,422.96,0.8172,-1,-1,-1
83,19,-0.15,79.42,22.82,118.30,0.4516,-1,-1,-1
83,12,-0.02,74.62,32.85,374.76,0.3457,-1,-1,-1
84,1,308.57,0.04,273.90,478.86,0.9028,-1,-1,-1
84,2,0.15,1.18,224.82,476.81,0.7691,-1,-1,-1
84,17,184.82,12.27,85.15,426.23,0.7983,-1,-1,-1
84,22,184.84,12.29,85.15,425.52,0.7983,-1,-1,-1
84,19,-0.12,78.81,21.53,121.31,0.4579,-1,-1,-1
84,12,-0.01,72.50,30.53,374.32,0.2616,-1,-1,-1
85,1,308.51,0.08,277.04,478.87,0.8923,-1,-1,-1
85,2,0.18,1.29,228.89,475.75,0.7584,-1,-1,-1
85,17,182.76,14.11,84.17,424.95,0.7471,-1,-1,-1
85,22,182.77,14.14,84.17,424.32,0.7471,-1,-1,-1
85,19,-0.06,78.83,21.73,123.54,0.3620,-1,-1,-1
85,12,0.06,72.48,32.16,363.54,0.2932,-1,-1,-1
86,1,307.70,0.31,278.55,476.73,0.8679,-1,-1,-1
86,2,0.41,1.86,228.98,475.75,0.7405,-1,-1,-1
86,17,179.16,16.57,84.57,423.61,0.7507,-1,-1,-1
86,22,179.17,16.59,84.56,423.06,0.7507,-1,-1,-1
86,19,0.06,79.71,22.10,125.10,0.3754,-1,-1,-1
86,12,0.20,73.31,33.06,368.41,0.3084,-1,-1,-1
86,27,615.35,193.43,24.22,56.56,0.4649,-1,-1,-1
87,1,309.29,-0.07,276.93,478.87,0.8880,-1,-1,-1
87,2,-0.16,1.51,231.46,475.31,0.7021,-1,-1,-1
87,17,174.95,16.84,84.75,414.82,0.6689,-1,-1,-1
87,22,174.96,16.86,84.75,414.33,0.6689,-1,-1,-1
87,19,-0.28,79.61,21.35,123.38,0.3263,-1,-1,-1
87,12,-0.15,74.00,32.66,367.86,0.4767,-1,-1,-1
87,27,614.97,193.26,24.51,56.15,0.4894,-1,-1,-1
87,5,503.73,192.91,23.67,75.59,0.6588,-1,-1,-1
88,1,307.56,0.84,279.73,479.17,0.8988,-1,-1,-1
88,2,-0.10,2.08,228.63,475.78,0.8129,-1,-1,-1
88,17,174.11,20.85,83.18,412.27,0.7451,-1,-1,-1
88,22,174.12,20.87,83.18,411.85,0.7451,-1,-1,-1
88,19,-0.09,80.79,21.78,123.46,0.4351,-1,-1,-1
88,12,0.03,73.98,32.98,378.60,0.3262,-1,-1,-1
88,5,504.97,193.34,23.46,77.07,0.5258,-1,-1,-1
89,1,310.47,0.57,277.00,479.51,0.8955,-1,-1,-1
89,2,-0.16,1.87,227.30,476.48,0.8042,-1,-1,-1
89,17,172.09,22.70,83.84,407.11,0.7138,-1,-1,-1
89,22,172.10,22.72,83.84,406.73,0.7138,-1,-1,-1
89,19,-0.10,81.06,21.87,123.52,0.3758,-1,-1,-1
89,12,0.04,74.95,32.61,356.91,0.3430,-1,-1,-1
89,5,505.72,192.92,22.44,77.41,0.5054,-1,-1,-1
90,1,308.90,0.72,278.67,479.27,0.8977,-1,-1,-1
90,2,-0.35,1.86,224.95,477.01,0.7954,-1,-1,-1
90,17,169.28,23.70,86.58,403.91,0.7513,-1,-1,-1
90,22,169.29,23.71,86.57,403.59,0.7513,-1,-1,-1
90,19,-0.17,82.09,21.76,121.20,0.2839,-1,-1,-1
90,12,-0.05,77.27,32.19,365.33,0.4337,-1,-1,-1
90,5,505.78,192.93,21.48,77.46,0.4277,-1,-1,-1
91,1,308.62,1.00,279.85,478.85,0.8943,-1,-1,-1
91,2,-0.02,1.78,223.46,476.99,0.7909,-1,-1,-1
91,17,167.77,24.16,89.19,402.73,0.7204,-1,-1,-1
91,22,167.78,24.17,89.19,402.45,0.7204,-1,-1,-1
91,19,0.09,83.41,21.86,127.13,0.4233,-1,-1,-1
91,12,0.25,78.66,32.03,374.42,0.4672,-1,-1,-1
91,5,505.50,192.43,21.19,77.00,0.3014,-1,-1,-1
92,1,305.99,0.87,282.44,478.90,0.9045,-1,-1,-1
92,2,0.14,1.85,230.38,476.22,0.7655,-1,-1,-1
92,17,166.70,24.74,92.58,400.70,0.6925,-1,-1,-1
92,22,166.71,24.74,92.58,400.45,0.6925,-1,-1,-1
92,19,-0.04,84.35,22.10,135.87,0.2264,-1,-1,-1
92,12,0.17,80.14,32.83,365.48,0.4237,-1,-1,-1
92,5,506.40,192.84,20.77,77.13,0.3287,-1,-1,-1
93,1,305.94,0.51,280.16,478.87,0.8917,-1,-1,-1
93,2,0.18,1.45,225.58,475.31,0.8433,-1,-1,-1
93,17,166.82,24.09,100.57,406.71,0.7883,-1,-1,-1
93,22,166.82,24.10,100.56,406.50,0.7883,-1,-1,-1
93,19,0.02,84.62,21.70,129.93,0.3357,-1,-1,-1
93,12,0.23,79.57,32.90,361.45,0.3017,-1,-1,-1
93,29,299.33,180.44,25.51,76.31,0.4503,-1,-1,-1
94,1,306.58,0.04,278.31,479.66,0.9028,-1,-1,-1
94,2,0.47,1.16,223.86,475.14,0.8469,-1,-1,-1
94,17,167.64,23.79,103.97,408.81,0.7889,-1,-1,-1
94,22,167.65,23.80,103.96,408.62,0.7889,-1,-1,-1
94,19,0.31,84.40,22.40,127.44,0.2947,-1,-1,-1
94,12,0.54,79.40,32.71,365.14,0.3167,-1,-1,-1
94,29,299.73,179.25,25.65,78.39,0.4521,-1,-1,-1
94,31,267.17,190.87,17.77,57.76,0.4865,-1,-1,-1
95,1,307.40,-0.06,276.91,477.94,0.9010,-1,-1,-1
95,2,0.74,1.38,223.21,474.86,0.8603,-1,-1,-1
95,17,169.79,22.45,104.39,411.56,0.7886,-1,-1,-1
95,22,169.79,22.46,104.39,411.39,0.7886,-1,-1,-1
95,19,0.59,83.06,25.33,123.10,0.1802,-1,-1,-1
95,12,0.71,79.10,33.65,369.82,0.4191,-1,-1,-1
95,29,301.17,178.72,24.21,80.70,0.5122,-1,-1,-1
95,31,266.81,192.71,16.26,55.80,0.5569,-1,-1,-1
96,1,306.97,-0.09,275.88,479.12,0.8999,-1,-1,-1
96,2,0.46,1.48,222.59,474.30,0.8357,-1,-1,-1
96,17,171.52,21.98,102.57,411.23,0.7914,-1,-1,-1
96,22,171.52,21.98,102.57,411.08,0.7914,-1,-1,-1
96,19,0.23,83.47,26.19,122.10,0.1776,-1,-1,-1
96,12,0.25,81.97,34.28,365.71,0.4157,-1,-1,-1
96,29,301.65,177.87,22.70,81.11,0.5020,-1,-1,-1
96,31,265.53,192.15,16.55,56.53,0.5346,-1,-1,-1
97,1,307.21,0.16,275.93,477.52,0.9031,-1,-1,-1
97,2,0.48,1.66,222.39,472.64,0.8640,-1,-1,-1
97,17,174.33,21.22,99.47,412.06,0.8179,-1,-1,-1
97,22,174.33,21.22,99.47,411.93,0.8179,-1,-1,-1
97,19,0.16,83.99,27.42,116.62,0.2073,-1,-1,-1
97,12,0.10,83.98,34.02,329.24,0.3742,-1,-1,-1
97,29,301.83,178.68,22.88,81.25,0.5721,-1,-1,-1
97,31,262.85,192.21,16.73,58.15,0.5794,-1,-1,-1
97,9,282.80,179.80,25.12,78.44,0.3714,-1,-1,-1
98,1,308.65,0.03,275.12,477.87,0.9064,-1,-1,-1
98,2,0.95,1.30,222.27,472.74,0.8745,-1,-1,-1
98,17,180.31,20.42,94.02,412.51,0.8351,-1,-1,-1
98,22,180.31,20.43,94.01,412.39,0.8351,-1,-1,-1
98,19,0.57,82.18,28.73,116.24,0.1744,-1,-1,-1
98,12,0.42,83.09,33.09,341.61,0.5054,-1,-1,-1
98,29,302.41,178.08,22.68,82.68,0.5933,-1,-1,-1
98,9,285.07,181.71,22.93,76.61,0.2867,-1,-1,-1
98,5,506.67,192.63,21.38,76.63,0.5041,-1,-1,-1
99,1,309.08,0.04,274.85,478.03,0.9089,-1,-1,-1
99,2,0.73,1.18,222.34,473.93,0.8855,-1,-1,-1
99,17,184.02,20.79,91.61,411.82,0.8484,-1,-1,-1
99,22,184.02,20.80,91.60,411.72,0.8484,-1,-1,-1
99,19,0.32,81.53,29.34,116.47,0.2010,-1,-1,-1
99,12,0.31,79.95,34.69,361.75,0.4600,-1,-1,-1
99,29,301.48,177.83,23.63,81.43,0.5364,-1,-1,-1
99,9,281.16,180.44,25.16,78.41,0.3549,-1,-1,-1
99,5,506.83,192.53,21.81,76.70,0.3765,-1,-1,-1
100,1,309.55,-0.06,273.95,477.75,0.9027,-1,-1,-1
100,2,0.49,0.99,221.72,475.03,0.8820,-1,-1,-1
100,17,186.66,18.94,90.40,413.30,0.8406,-1,-1,-1
100,22,186.66,18.94,90.40,413.21,0.8406,-1,-1,-1
100,19,0.04,81.39,28.85,119.54,0.2027,-1,-1,-1
100,12,-0.02,81.21,34.79,345.67,0.4245,-1,-1,-1
100,29,300.96,178.17,24.93,80.47,0.5874,-1,-1,-1
100,9,279.64,178.99,25.94,79.80,0.5712,-1,-1,-1
100,5,506.13,192.57,22.03,76.05,0.5333,-1,-1,-1
101,1,310.24,-0.01,274.07,479.35,0.9086,-1,-1,-1
101,2,0.64,0.95,221.68,475.27,0.8767,-1,-1,-1
101,17,189.34,17.60,91.50,413.80,0.8511,-1,-1,-1
101,22,189.34,17.61,91.50,413.72,0.8511,-1,-1,-1
101,19,0.22,80.86,28.97,118.33,0.2592,-1,-1,-1
101,12,0.11,81.44,34.03,354.05,0.4260,-1,-1,-1
101,29,300.96,178.07,24.36,81.49,0.4528,-1,-1,-1
101,9,279.42,179.08,26.24,79.73,0.4007,-1,-1,-1
101,5,507.09,192.78,21.87,76.18,0.3761,-1,-1,-1
102,1,311.84,-0.05,272.08,478.70,0.9022,-1,-1,-1
102,2,0.55,0.67,221.52,475.74,0.8734,-1,-1,-1
102,17,189.96,16.23,93.23,413.53,0.8479,-1,-1,-1
102,22,189.97,16.23,93.23,413.46,0.8479,-1,-1,-1
102,19,0.15,81.04,28.65,119.66,0.2553,-1,-1,-1
102,12,0.05,81.58,33.95,349.02,0.4412,-1,-1,-1
102,5,507.81,192.95,19.99,75.85,0.2892,-1,-1,-1
103,1,313.31,-0.06,271.57,479.82,0.9122,-1,-1,-1
103,2,0.52,0.76,221.56,476.53,0.8702,-1,-1,-1
103,17,191.24,16.76,93.25,414.63,0.8402,-1,-1,-1
103,22,191.25,16.76,93.25,414.57,0.8402,-1,-1,-1
103,19,0.21,81.25,29.55,117.91,0.2886,-1,-1,-1
103,12,0.10,82.00,33.89,329.79,0.3833,-1,-1,-1
103,5,508.62,193.12,18.75,75.47,0.3142,-1,-1,-1
104,1,314.24,-0.03,273.38,480.04,0.9108,-1,-1,-1
104,2,0.26,0.87,222.41,476.85,0.8893,-1,-1,-1
104,17,192.20,17.38,91.14,414.97,0.8419,-1,-1,-1
104,22,192.20,17.38,91.14,414.92,0.8419,-1,-1,-1
104,19,0.15,81.41,29.28,117.79,0.3109,-1,-1,-1
104,12,0.10,80.70,33.86,337.67,0.3355,-1,-1,-1
104,5,508.13,193.19,19.41,75.09,0.3212,-1,-1,-1
105,1,314.08,-0.06,274.62,480.20,0.9087,-1,-1,-1
105,2,-0.20,0.75,223.08,476.90,0.8627,-1,-1,-1
105,17,191.98,17.13,89.88,412.06,0.8375,-1,-1,-1
105,22,191.98,17.13,89.88,412.01,0.8375,-1,-1,-1
105,19,-0.23,83.30,26.24,119.00,0.3026,-1,-1,-1
105,12,-0.28,82.95,32.21,348.18,0.3764,-1,-1,-1
105,5,508.29,193.61,18.67,74.74,0.2329,-1,-1,-1
106,1,314.12,-0.09,276.17,479.56,0.9044,-1,-1,-1
106,2,-0.12,0.54,223.46,477.62,0.8800,-1,-1,-1
106,17,192.42,16.66,87.30,414.23,0.8269,-1,-1,-1
106,22,192.42,16.66,87.30,414.19,0.8269,-1,-1,-1
106,19,-0.12,82.19,24.75,121.20,0.2777,-1,-1,-1
106,12,-0.22,82.69,32.60,357.76,0.4081,-1,-1,-1
106,5,509.04,194.00,18.04,74.02,0.2975,-1,-1,-1
106,33,540.78,203.79,12.32,36.00,0.4060,-1,-1,-1
106,29,300.90,178.72,23.97,82.19,0.6317,-1,-1,-1
106,9,279.00,178.84,25.56,81.31,0.5835,-1,-1,-1
107,1,313.73,0.18,278.70,478.95,0.8953,-1,-1,-1
107,2,-0.10,0.35,224.42,478.11,0.8803,-1,-1,-1
107,17,192.47,16.69,86.44,414.75,0.8186,-1,-1,-1
107,22,192.47,16.69,86.44,414.71,0.8186,-1,-1,-1
107,19,-0.11,82.11,23.34,119.42,0.2879,-1,-1,-1
107,12,-0.22,82.63,31.80,361.35,0.3576,-1,-1,-1
107,5,510.28,197.58,16.58,70.42,0.1995,-1,-1,-1
107,33,541.30,204.16,11.90,35.66,0.3816,-1,-1,-1
107,29,300.87,178.63,24.28,82.13,0.5889,-1,-1,-1
107,9,279.33,179.31,25.54,79.91,0.5654,-1,-1,-1
108,1,312.62,-0.10,282.74,477.90,0.8996,-1,-1,-1
108,2,-0.26,-0.03,225.32,477.99,0.8742,-1,-1,-1
108,17,192.03,16.10,86.11,415.48,0.8234,-1,-1,-1
108,22,192.03,16.11,86.11,415.44,0.8234,-1,-1,-1
108,19,-0.15,80.74,22.70,119.20,0.2128,-1,-1,-1
108,12,-0.29,79.90,31.06,354.43,0.1661,-1,-1,-1
108,5,510.94,196.94,16.22,71.26,0.3205,-1,-1,-1
108,33,541.20,202.43,12.08,37.55,0.4677,-1,-1,-1
108,29,300.96,178.70,24.24,81.48,0.6020,-1,-1,-1
108,9,279.23,180.46,25.05,78.15,0.5106,-1,-1,-1
109,1,312.39,-0.18,284.79,475.93,0.8313,-1,-1,-1
109,2,-0.41,-0.01,225.06,478.56,0.8857,-1,-1,-1
109,17,190.14,16.49,87.78,414.34,0.8310,-1,-1,-1
109,22,190.14,16.49,87.78,414.31,0.8310,-1,-1,-1
109,19,-0.23,80.93,22.88,115.58,0.2048,-1,-1,-1
109,12,-0.37,79.45,31.20,362.61,0.2191,-1,-1,-1
109,33,540.91,203.16,12.91,34.43,0.1005,-1,-1,-1
109,29,300.93,178.36,24.04,82.07,0.5538,-1,-1,-1
109,9,278.92,180.39,25.70,78.15,0.5028,-1,-1,-1
110,1,312.21,-0.25,288.19,477.21,0.7599,-1,-1,-1
110,2,-0.72,0.23,224.61,478.45,0.9072,-1,-1,-1
110,17,188.40,16.67,90.60,414.14,0.8395,-1,-1,-1
110,22,188.40,16.67,90.60,414.12,0.8395,-1,-1,-1
110,19,-0.43,81.42,22.63,110.59,0.2801,-1,-1,-1
110,12,-0.61,79.97,30.32,347.64,0.1715,-1,-1,-1
110,29,300.54,178.19,24.54,82.17,0.4505,-1,-1,-1
110,9,278.78,179.87,25.63,78.73,0.2181,-1,-1,-1
111,1,311.29,0.05,290.10,476.96,0.7984,-1,-1,-1
111,2,-0.21,0.05,222.89,478.97,0.8961,-1,-1,-1
111,17,188.08,17.10,91.89,414.19,0.8444,-1,-1,-1
111,22,188.08,17.11,91.89,414.16,0.8444,-1,-1,-1
111,19,-0.04,81.45,21.31,107.69,0.2923,-1,-1,-1
111,12,-0.19,78.98,28.68,360.08,0.1767,-1,-1,-1
111,29,299.47,178.14,24.32,81.71,0.2963,-1,-1,-1
111,9,281.59,179.06,28.23,79.93,0.1641,-1,-1,-1
112,1,323.83,0.11,279.71,478.84,0.7949,-1,-1,-1
112,2,-0.29,0.12,222.78,479.39,0.9072,-1,-1,-1
112,17,187.70,17.04,94.64,415.58,0.8493,-1,-1,-1
112,22,187.70,17.04,94.64,415.56,0.8493,-1,-1,-1
112,19,-0.12,81.07,22.00,106.64,0.2902,-1,-1,-1
112,12,-0.25,79.73,29.11,347.76,0.2960,-1,-1,-1
112,29,298.41,177.78,26.23,82.80,0.3507,-1,-1,-1
112,9,279.83,186.24,27.29,70.73,0.1613,-1,-1,-1
113,1,315.73,0.24,283.38,479.37,0.8647,-1,-1,-1
113,2,-0.21,0.17,222.74,479.21,0.9028,-1,-1,-1
113,17,187.73,17.82,94.51,416.62,0.8531,-1,-1,-1
113,22,187.73,17.82,94.51,416.60,0.8531,-1,-1,-1
113,19,-0.06,81.35,20.71,104.88,0.2072,-1,-1,-1
113,12,-0.17,78.52,27.97,324.59,0.1586,-1,-1,-1
113,29,293.31,178.15,32.50,62.11,0.1348,-1,-1,-1
114,1,311.30,0.21,287.04,479.21,0.8970,-1,-1,-1
114,2,0.14,0.15,222.18,478.62,0.8955,-1,-1,-1
114,17,187.67,19.12,94.81,414.25,0.8538,-1,-1,-1
114,22,187.67,19.12,94.81,414.23,0.8538,-1,-1,-1
114,19,0.28,80.79,20.95,102.56,0.2110,-1,-1,-1
114,12,0.16,77.82,28.09,311.94,0.1368,-1,-1,-1
115,1,309.79,0.14,284.67,477.90,0.8815,-1,-1,-1
115,2,0.48,-0.17,221.56,478.79,0.8898,-1,-1,-1
115,17,188.42,19.84,94.44,414.79,0.8666,-1,-1,-1
115,22,188.42,19.84,94.44,414.78,0.8666,-1,-1,-1
115,19,0.49,80.22,17.96,100.26,0.1551,-1,-1,-1
116,1,307.09,0.05,284.90,478.62,0.8949,-1,-1,-1
116,2,0.98,-0.48,220.51,478.12,0.8794,-1,-1,-1
116,17,191.04,20.18,92.84,414.91,0.8595,-1,-1,-1
116,22,191.04,20.18,92.84,414.90,0.8595,-1,-1,-1
117,1,306.15,0.18,282.12,477.93,0.8835,-1,-1,-1
117,2,1.48,-0.31,220.78,476.99,0.8703,-1,-1,-1
117,17,192.67,20.24,93.59,415.15,0.8547,-1,-1,-1
117,22,192.67,20.24,93.59,415.14,0.8547,-1,-1,-1
118,1,304.42,0.53,278.12,476.76,0.8898,-1,-1,-1
118,2,1.57,0.28,222.02,476.77,0.8679,-1,-1,-1
118,17,193.85,20.43,92.68,415.75,0.8588,-1,-1,-1
118,22,193.85,20.43,92.68,415.74,0.8588,-1,-1,-1
119,1,303.30,0.82,278.48,477.46,0.9113,-1,-1,-1
119,2,1.65,1.22,226.12,477.19,0.8854,-1,-1,-1
119,17,196.94,20.69,91.97,413.01,0.8164,-1,-1,-1
119,22,196.94,20.69,91.97,413.00,0.8164,-1,-1,-1
119,5,498.90,193.44,29.57,77.95,0.6998,-1,-1,-1
120,1,302.22,0.50,279.97,478.75,0.9103,-1,-1,-1
120,2,0.93,1.27,230.21,478.28,0.8727,-1,-1,-1
120,17,199.97,21.39,89.29,411.36,0.8094,-1,-1,-1
120,22,199.97,21.39,89.29,411.35,0.8094,-1,-1,-1
120,5,498.72,193.16,30.03,78.74,0.7203,-1,-1,-1
121,1,302.84,0.91,280.28,478.11,0.8873,-1,-1,-1
121,2,1.42,1.35,234.47,478.05,0.8772,-1,-1,-1
121,17,200.80,21.71,88.84,413.32,0.8196,-1,-1,-1
121,22,200.80,21.71,88.84,413.32,0.8196,-1,-1,-1
121,5,498.56,192.68,30.40,79.30,0.6617,-1,-1,-1
122,1,305.45,0.84,281.27,476.82,0.8887,-1,-1,-1
122,2,1.79,1.25,238.52,478.33,0.8574,-1,-1,-1
122,17,202.52,22.40,85.07,415.52,0.8232,-1,-1,-1
122,22,202.52,22.40,85.07,415.51,0.8232,-1,-1,-1
122,5,498.66,193.44,30.13,78.35,0.6640,-1,-1,-1
123,1,303.33,1.00,281.92,477.64,0.8961,-1,-1,-1
123,2,1.87,1.49,242.19,478.01,0.8722,-1,-1,-1
123,17,202.78,21.78,84.48,414.40,0.8338,-1,-1,-1
123,22,202.78,21.78,84.48,414.40,0.8338,-1,-1,-1
123,5,498.93,193.68,30.61,77.99,0.6804,-1,-1,-1
123,36,0.95,75.79,38.11,401.95,0.5531,-1,-1,-1
124,1,304.21,0.43,280.03,478.62,0.9043,-1,-1,-1
124,2,1.55,1.08,245.29,477.98,0.8645,-1,-1,-1
124,17,203.38,22.30,82.80,409.99,0.8398,-1,-1,-1
124,22,203.38,22.30,82.80,409.98,0.8398,-1,-1,-1
124,5,499.38,193.93,30.31,77.90,0.6531,-1,-1,-1
124,36,1.01,75.84,38.62,401.17,0.5479,-1,-1,-1
125,1,304.80,0.58,278.35,478.78,0.9025,-1,-1,-1
125,2,0.98,1.05,248.29,478.01,0.8533,-1,-1,-1
125,17,203.47,22.71,81.84,407.02,0.8189,-1,-1,-1
125,22,203.47,22.71,81.84,407.01,0.8189,-1,-1,-1
125,5,500.27,193.68,29.46,77.80,0.6406,-1,-1,-1
125,36,0.59,76.61,41.57,402.68,0.5959,-1,-1,-1
125,37,561.13,201.91,16.17,37.95,0.4810,-1,-1,-1
125,9,297.30,178.69,27.25,78.89,0.3564,-1,-1,-1
126,1,305.16,0.46,276.86,479.37,0.8998,-1,-1,-1
126,2,-0.01,0.80,251.38,469.60,0.7892,-1,-1,-1
126,17,203.76,22.60,80.70,406.62,0.7895,-1,-1,-1
126,22,203.76,22.60,80.70,406.61,0.7895,-1,-1,-1
126,5,500.77,193.91,28.62,77.95,0.6269,-1,-1,-1
126,36,0.13,76.72,43.03,401.39,0.4500,-1,-1,-1
126,37,561.23,202.31,16.24,37.45,0.4963,-1,-1,-1
126,9,298.38,178.16,25.82,79.29,0.2942,-1,-1,-1
127,1,306.19,0.38,276.68,479.49,0.8968,-1,-1,-1
127,2,0.39,1.07,251.15,473.31,0.8428,-1,-1,-1
127,17,205.09,22.79,79.26,406.36,0.8087,-1,-1,-1
127,22,205.09,22.79,79.26,406.36,0.8087,-1,-1,-1
127,5,502.10,193.29,27.64,77.86,0.5878,-1,-1,-1
127,36,0.08,77.79,45.46,401.89,0.4094,-1,-1,-1
127,37,562.35,202.95,15.35,37.03,0.5211,-1,-1,-1
127,9,297.22,178.43,27.50,79.53,0.2797,-1,-1,-1
128,1,305.97,0.36,277.16,479.60,0.9036,-1,-1,-1
128,2,-0.17,0.77,253.94,473.69,0.8329,-1,-1,-1
128,17,204.98,22.66,79.40,407.04,0.7369,-1,-1,-1
128,22,204.98,22.66,79.40,407.04,0.7369,-1,-1,-1
128,5,502.69,193.81,26.91,77.13,0.6020,-1,-1,-1
128,36,-0.24,77.65,47.26,402.66,0.5861,-1,-1,-1
128,37,562.23,203.39,15.78,37.41,0.4789,-1,-1,-1
128,9,295.62,178.22,29.83,80.01,0.3225,-1,-1,-1
129,1,306.57,0.13,275.95,479.47,0.8964,-1,-1,-1
129,2,-0.28,0.72,254.45,474.23,0.8553,-1,-1,-1
129,17,204.79,22.79,79.36,407.70,0.7420,-1,-1,-1
129,22,204.79,22.79,79.36,407.70,0.7420,-1,-1,-1
129,5,502.86,193.96,26.65,77.20,0.5890,-1,-1,-1
129,36,-0.41,79.38,48.10,401.05,0.6338,-1,-1,-1
129,37,561.51,203.94,16.22,37.13,0.4410,-1,-1,-1
129,9,296.00,178.34,28.06,80.24,0.2027,-1,-1,-1
130,1,306.27,0.05,276.58,479.75,0.9090,-1,-1,-1
130,2,0.75,0.64,251.28,473.76,0.8327,-1,-1,-1
130,17,204.80,23.46,79.21,407.72,0.7662,-1,-1,-1
130,22,204.80,23.46,79.21,407.71,0.7662,-1,-1,-1
130,5,503.81,193.77,26.57,77.16,0.6022,-1,-1,-1
130,36,-0.44,80.22,49.11,400.36,0.6942,-1,-1,-1
130,37,561.44,203.41,16.32,37.81,0.4589,-1,-1,-1
130,9,296.20,178.08,26.69,80.39,0.1647,-1,-1,-1
131,1,306.00,0.14,276.11,479.72,0.8997,-1,-1,-1
131,2,7.97,0.60,242.13,471.97,0.8096,-1,-1,-1
131,17,204.13,23.14,79.91,406.02,0.7974,-1,-1,-1
131,22,204.13,23.14,79.91,406.02,0.7974,-1,-1,-1
131,5,502.59,193.68,27.55,77.65,0.6511,-1,-1,-1
131,36,-0.49,80.27,49.40,286.23,0.3753,-1,-1,-1
131,37,560.34,203.58,17.11,37.15,0.4561,-1,-1,-1
131,9,297.17,179.51,25.01,78.58,0.1680,-1,-1,-1
131,42,288.55,191.03,20.55,67.08,0.3437,-1,-1,-1
132,1,306.32,-0.08,274.50,480.10,0.8961,-1,-1,-1
132,2,9.73,0.44,238.36,472.26,0.7880,-1,-1,-1
132,17,202.32,22.82,81.36,406.40,0.8254,-1,-1,-1
132,22,202.32,22.82,81.36,406.40,0.8254,-1,-1,-1
132,5,502.43,193.06,27.61,77.89,0.6410,-1,-1,-1
132,36,-0.67,81.24,44.00,235.17,0.2927,-1,-1,-1
132,37,559.90,205.44,17.57,35.02,0.2230,-1,-1,-1
132,9,296.31,178.34,26.32,80.52,0.5026,-1,-1,-1
132,42,286.25,188.79,22.42,69.65,0.2333,-1,-1,-1
133,1,306.01,-0.21,273.81,478.25,0.8985,-1,-1,-1
133,2,8.79,0.32,237.45,474.76,0.8360,-1,-1,-1
133,17,201.11,22.57,82.41,407.15,0.8321,-1,-1,-1
133,22,201.11,22.57,82.40,407.15,0.8321,-1,-1,-1
133,5,502.09,192.99,28.03,78.45,0.5934,-1,-1,-1
133,36,-0.64,81.99,40.60,221.36,0.3324,-1,-1,-1
133,37,558.51,204.08,18.50,36.40,0.2552,-1,-1,-1
133,9,295.10,178.02,28.62,80.99,0.5434,-1,-1,-1
133,42,281.24,187.45,22.46,68.98,0.3829,-1,-1,-1
134,1,305.31,-0.05,271.97,477.54,0.9034,-1,-1,-1
134,2,9.13,0.44,235.39,477.21,0.8550,-1,-1,-1
134,17,200.89,22.59,81.69,410.53,0.8371,-1,-1,-1
134,22,200.89,22.59,81.69,410.52,0.8371,-1,-1,-1
134,5,501.35,192.81,28.82,79.22,0.6285,-1,-1,-1
134,36,-0.56,81.28,44.90,347.93,0.4216,-1,-1,-1
134,37,557.94,201.63,19.25,39.04,0.4410,-1,-1,-1
134,9,294.96,178.26,29.54,80.74,0.5868,-1,-1,-1
134,42,279.66,187.64,21.19,67.05,0.3152,-1,-1,-1
135,1,305.87,-0.22,270.55,479.84,0.8891,-1,-1,-1
135,2,7.55,0.47,234.87,478.49,0.8785,-1,-1,-1
135,17,201.40,22.56,81.16,412.44,0.8360,-1,-1,-1
135,22,201.40,22.56,81.16,412.44,0.8360,-1,-1,-1
135,5,500.92,192.97,28.40,79.11,0.6259,-1,-1,-1
135,36,-0.66,80.63,44.14,381.72,0.4010,-1,-1,-1
135,37,557.15,203.39,20.45,37.83,0.1533,-1,-1,-1
135,9,294.85,177.72,29.93,81.67,0.5319,-1,-1,-1
135,42,279.30,188.27,23.03,66.97,0.2180,-1,-1,-1
135,43,537.13,192.49,19.22,55.47,0.5086,-1,-1,-1
136,1,305.61,-0.22,269.82,480.49,0.8891,-1,-1,-1
136,2,5.96,0.52,232.29,478.41,0.8581,-1,-1,-1
136,17,200.10,23.23,82.46,411.50,0.8288,-1,-1,-1
136,22,200.10,23.23,82.46,411.49,0.8288,-1,-1,-1
136,5,500.48,192.72,28.70,79.51,0.6364,-1,-1,-1
136,36,-0.55,78.85,43.87,394.99,0.4053,-1,-1,-1
136,37,556.43,202.39,20.26,39.44,0.1483,-1,-1,-1
136,9,296.29,178.13,28.14,81.22,0.4172,-1,-1,-1
136,42,279.39,187.83,25.30,68.07,0.1329,-1,-1,-1
136,43,535.39,191.19,20.64,57.70,0.3690,-1,-1,-1
137,1,305.54,-0.20,269.66,480.61,0.8920,-1,-1,-1
137,2,5.95,0.60,227.40,478.77,0.8566,-1,-1,-1
137,17,196.25,22.96,86.86,410.39,0.8276,-1,-1,-1
137,22,196.25,22.96,86.86,410.39,0.8276,-1,-1,-1
137,5,500.57,193.10,28.68,79.05,0.6001,-1,-1,-1
137,36,-0.49,79.47,42.13,397.19,0.4105,-1,-1,-1
137,37,556.56,204.32,20.75,37.59,0.2012,-1,-1,-1
137,9,297.20,178.05,27.30,81.09,0.5052,-1,-1,-1
137,42,282.20,186.70,23.98,70.90,0.2652,-1,-1,-1
137,43,534.30,190.96,21.89,58.19,0.4986,-1,-1,-1
138,1,304.22,-0.31,271.35,480.95,0.9059,-1,-1,-1
138,2,4.82,0.19,223.63,480.15,0.8711,-1,-1,-1
138,17,192.51,23.04,90.48,412.24,0.8408,-1,-1,-1
138,22,192.51,23.04,90.48,412.24,0.8408,-1,-1,-1
138,5,501.28,193.01,28.22,79.08,0.5734,-1,-1,-1
138,36,-0.88,78.82,40.21,394.01,0.1585,-1,-1,-1
138,37,556.26,202.93,19.55,38.89,0.2384,-1,-1,-1
138,9,293.90,178.30,31.77,81.22,0.6002,-1,-1,-1
138,42,280.31,187.71,21.55,68.10,0.1862,-1,-1,-1
138,43,533.15,190.18,23.84,58.44,0.4706,-1,-1,-1
139,1,304.63,-0.17,272.10,480.56,0.9105,-1,-1,-1
139,2,4.00,0.21,222.52,480.11,0.8713,-1,-1,-1
139,17,190.75,22.59,92.67,411.07,0.8469,-1,-1,-1
139,22,190.75,22.59,92.67,411.07,0.8469,-1,-1,-1
139,5,501.74,193.45,27.85,78.35,0.5509,-1,-1,-1
139,37,556.18,202.11,18.17,39.86,0.3997,-1,-1,-1
139,9,292.34,178.16,34.03,81.33,0.6246,-1,-1,-1
139,42,280.22,187.92,21.25,66.89,0.1793,-1,-1,-1
139,43,531.34,191.46,21.45,57.31,0.1666,-1,-1,-1
140,1,304.98,0.35,273.56,479.66,0.9103,-1,-1,-1
140,2,2.60,0.51,220.65,479.62,0.8797,-1,-1,-1
140,17,189.29,22.42,94.64,410.78,0.8525,-1,-1,-1
140,22,189.29,22.42,94.64,410.78,0.8525,-1,-1,-1
140,5,502.33,193.00,27.95,78.51,0.5436,-1,-1,-1
140,37,556.14,202.99,17.06,38.95,0.3277,-1,-1,-1
140,9,292.50,177.42,33.04,82.04,0.6005,-1,-1,-1
140,43,530.01,190.88,24.23,57.55,0.1862,-1,-1,-1
141,1,304.12,0.06,275.88,476.35,0.8997,-1,-1,-1
141,2,1.64,0.75,218.44,479.05,0.8872,-1,-1,-1
141,17,187.48,21.42,96.79,411.97,0.8562,-1,-1,-1
141,22,187.48,21.42,96.79,411.97,0.8562,-1,-1,-1
141,5,502.11,192.83,27.62,78.36,0.5853,-1,-1,-1
141,37,554.96,203.56,16.12,38.35,0.3268,-1,-1,-1
141,9,292.62,178.06,32.64,80.90,0.4768,-1,-1,-1
141,43,527.70,193.99,19.73,54.46,0.2403,-1,-1,-1
142,1,303.89,0.22,277.09,478.19,0.9093,-1,-1,-1
142,2,1.22,0.95,216.26,479.11,0.8836,-1,-1,-1
142,17,186.90,20.88,97.42,413.16,0.8585,-1,-1,-1
142,22,186.90,20.88,97.42,413.16,0.8585,-1,-1,-1
142,5,502.36,192.39,27.27,78.79,0.5656,-1,-1,-1
142,37,555.32,203.35,17.36,38.91,0.3902,-1,-1,-1
142,9,293.68,178.14,29.66,80.45,0.4528,-1,-1,-1
142,43,524.78,196.79,16.69,47.50,0.1665,-1,-1,-1
143,1,304.83,-0.13,278.34,479.70,0.9058,-1,-1,-1
143,2,0.27,0.85,216.04,479.57,0.8861,-1,-1,-1
143,17,185.30,20.26,99.38,414.33,0.8618,-1,-1,-1
143,22,185.30,20.26,99.38,414.33,0.8618,-1,-1,-1
143,5,503.80,192.04,25.40,78.58,0.5970,-1,-1,-1
143,37,555.46,205.72,15.19,36.75,0.3286,-1,-1,-1
143,9,292.23,178.13,31.96,81.22,0.5429,-1,-1,-1
143,43,522.96,198.16,16.07,46.97,0.2031,-1,-1,-1
144,1,304.97,-0.24,281.06,480.31,0.9140,-1,-1,-1
144,2,-0.09,0.74,216.12,479.25,0.8927,-1,-1,-1
144,17,184.63,20.21,100.03,414.06,0.8556,-1,-1,-1
144,22,184.63,20.21,100.03,414.06,0.8556,-1,-1,-1
144,5,504.45,191.50,24.11,78.78,0.5340,-1,-1,-1
144,37,554.50,203.84,16.34,38.59,0.4357,-1,-1,-1
144,9,292.79,178.09,30.71,80.63,0.5565,-1,-1,-1
144,43,522.08,198.89,15.15,44.94,0.1839,-1,-1,-1
145,1,306.45,-0.31,284.74,481.09,0.9005,-1,-1,-1
145,2,-0.22,0.33,214.79,479.38,0.9011,-1,-1,-1
145,17,182.79,19.80,101.63,414.00,0.8542,-1,-1,-1
145,22,182.79,19.80,101.63,414.00,0.8542,-1,-1,-1
145,5,505.57,192.20,23.08,78.27,0.5526,-1,-1,-1
145,37,555.10,202.80,19.31,52.24,0.4485,-1,-1,-1
145,9,293.45,178.28,29.50,80.29,0.5813,-1,-1,-1
145,43,523.19,200.83,13.90,42.89,0.1979,-1,-1,-1
146,1,308.09,-0.11,285.30,480.38,0.8601,-1,-1,-1
146,2,0.20,0.70,214.44,478.20,0.8963,-1,-1,-1
146,17,182.57,19.98,102.09,412.96,0.8512,-1,-1,-1
146,22,182.57,19.98,102.09,412.96,0.8512,-1,-1,-1
146,9,295.24,178.10,27.38,80.36,0.6026,-1,-1,-1
147,1,318.73,-0.09,283.30,477.82,0.8399,-1,-1,-1
147,2,0.50,1.22,215.14,476.76,0.8911,-1,-1,-1
147,17,183.05,20.24,101.63,412.37,0.8538,-1,-1,-1
147,22,183.05,20.24,101.63,412.37,0.8538,-1,-1,-1
147,9,296.40,177.35,25.04,82.13,0.3723,-1,-1,-1
148,1,317.34,0.17,290.22,476.22,0.8729,-1,-1,-1
148,2,1.46,1.49,216.19,476.95,0.8647,-1,-1,-1
148,17,185.31,20.58,99.58,411.83,0.8583,-1,-1,-1
148,22,185.31,20.58,99.58,411.83,0.8583,-1,-1,-1
148,9,298.27,177.70,23.81,82.97,0.3982,-1,-1,-1
149,1,316.71,0.21,294.36,475.96,0.8849,-1,-1,-1
149,2,2.37,1.21,219.66,477.70,0.8584,-1,-1,-1
149,17,188.06,20.96,96.71,410.60,0.8564,-1,-1,-1
149,22,188.06,20.96,96.71,410.60,0.8564,-1,-1,-1
149,9,300.27,178.18,22.36,83.96,0.4503,-1,-1,-1
149,44,289.67,197.41,19.84,62.25,0.4409,-1,-1,-1
150,1,316.15,0.31,297.84,477.69,0.8775,-1,-1,-1
150,2,2.48,1.46,222.23,478.04,0.8666,-1,-1,-1
150,17,189.67,21.75,95.06,411.91,0.8526,-1,-1,-1
150,22,189.67,21.75,95.06,411.91,0.8526,-1,-1,-1
150,44,288.93,200.77,19.30,47.64,0.2917,-1,-1,-1
151,1,316.78,0.45,296.51,478.36,0.8437,-1,-1,-1
151,2,3.74,1.43,223.64,478.07,0.8561,-1,-1,-1
151,17,192.24,22.28,92.03,413.18,0.8591,-1,-1,-1
151,22,192.24,22.28,92.03,413.18,0.8591,-1,-1,-1
152,1,316.96,0.10,292.20,478.54,0.7839,-1,-1,-1
152,2,7.02,0.98,223.50,478.85,0.8586,-1,-1,-1
152,17,193.49,22.06,90.65,413.15,0.8665,-1,-1,-1
152,22,193.49,22.06,90.65,413.15,0.8665,-1,-1,-1
153,1,313.02,0.31,290.83,475.98,0.8181,-1,-1,-1
153,2,9.16,0.85,223.78,475.59,0.8399,-1,-1,-1
153,17,193.84,21.89,89.46,411.34,0.8636,-1,-1,-1
153,22,193.84,21.89,89.46,411.34,0.8636,-1,-1,-1
154,1,308.28,0.69,288.62,477.44,0.8766,-1,-1,-1
154,2,7.50,0.61,226.05,474.42,0.8284,-1,-1,-1
154,17,193.23,21.67,89.68,412.37,0.8523,-1,-1,-1
154,22,193.23,21.67,89.68,412.37,0.8523,-1,-1,-1
154,36,0.32,80.84,45.18,386.29,0.3527,-1,-1,-1
154,5,502.98,188.63,25.89,79.40,0.6720,-1,-1,-1
154,37,553.76,206.29,15.44,36.94,0.4258,-1,-1,-1
155,1,305.99,0.77,285.91,478.62,0.8916,-1,-1,-1
155,2,8.01,0.79,226.07,475.67,0.8269,-1,-1,-1
155,17,192.80,22.07,89.85,413.66,0.8441,-1,-1,-1
155,22,192.80,22.07,89.85,413.66,0.8441,-1,-1,-1
155,36,0.34,79.76,44.15,386.54,0.3324,-1,-1,-1
155,5,501.01,191.48,27.11,77.43,0.6320,-1,-1,-1
155,37,553.55,205.37,16.05,37.16,0.3844,-1,-1,-1
156,1,304.96,0.49,281.66,479.58,0.9024,-1,-1,-1
156,2,7.03,0.71,227.23,477.17,0.8638,-1,-1,-1
156,17,192.25,21.98,89.54,413.78,0.8660,-1,-1,-1
156,22,192.25,21.98,89.54,413.78,0.8660,-1,-1,-1
156,36,0.17,80.15,43.30,386.12,0.1922,-1,-1,-1
156,5,499.19,194.13,27.86,75.59,0.5653,-1,-1,-1
156,37,552.35,207.77,15.55,34.92,0.3116,-1,-1,-1
157,1,303.22,0.12,267.75,480.16,0.9151,-1,-1,-1
157,2,7.05,0.31,226.74,476.09,0.8367,-1,-1,-1
157,17,191.48,21.16,89.13,415.41,0.8651,-1,-1,-1
157,22,191.48,21.16,89.13,415.41,0.8651,-1,-1,-1
157,36,0.04,78.77,42.50,387.94,0.2081,-1,-1,-1
157,5,498.01,194.51,29.05,76.38,0.5832,-1,-1,-1
157,37,550.68,209.20,16.64,34.01,0.1799,-1,-1,-1
158,1,303.77,-0.16,242.11,480.59,0.9172,-1,-1,-1
158,2,6.20,-0.26,225.49,477.70,0.8401,-1,-1,-1
158,17,190.94,19.69,88.96,418.14,0.8586,-1,-1,-1
158,22,190.94,19.69,88.96,418.14,0.8586,-1,-1,-1
158,36,-0.19,76.95,42.39,390.60,0.1330,-1,-1,-1
158,5,497.35,195.63,29.67,75.63,0.5185,-1,-1,-1
158,37,551.30,209.35,16.78,33.93,0.4272,-1,-1,-1
158,46,589.76,0.86,49.72,255.03,0.4965,-1,-1,-1
159,1,300.95,-0.08,224.10,480.78,0.9095,-1,-1,-1
159,2,4.42,-0.12,226.63,478.57,0.8463,-1,-1,-1
159,17,190.58,18.98,90.75,418.57,0.8466,-1,-1,-1
159,22,190.58,18.98,90.75,418.57,0.8466,-1,-1,-1
159,36,-0.18,76.52,40.28,393.29,0.4543,-1,-1,-1
159,5,496.78,188.25,30.92,84.04,0.7013,-1,-1,-1
159,37,552.04,208.64,16.95,34.84,0.2752,-1,-1,-1
159,46,587.95,0.43,51.59,252.40,0.3510,-1,-1,-1
159,47,526.91,195.25,20.54,56.37,0.4933,-1,-1,-1
160,1,301.63,0.22,205.29,477.33,0.9183,-1,-1,-1
160,2,0.98,0.20,227.81,479.13,0.8645,-1,-1,-1
160,17,189.86,18.61,90.72,420.04,0.8495,-1,-1,-1
160,22,189.86,18.61,90.72,420.04,0.8495,-1,-1,-1
160,36,-0.56,76.08,39.81,394.04,0.4342,-1,-1,-1
160,5,496.17,186.24,31.89,86.42,0.7204,-1,-1,-1
160,37,549.84,208.03,17.91,36.80,0.2925,-1,-1,-1
160,46,585.22,0.23,54.33,252.33,0.2673,-1,-1,-1
160,47,528.27,196.85,18.78,55.81,0.2913,-1,-1,-1
161,1,296.57,-0.34,203.80,480.15,0.9106,-1,-1,-1
161,2,-0.36,-0.03,228.45,480.44,0.8620,-1,-1,-1
161,17,188.81,17.76,91.33,421.55,0.8480,-1,-1,-1
161,22,188.81,17.76,91.33,421.55,0.8480,-1,-1,-1
161,36,-0.83,75.55,37.26,394.07,0.4413,-1,-1,-1
161,5,495.98,186.02,32.36,86.70,0.6946,-1,-1,-1
161,37,549.58,208.16,13.92,36.67,0.1793,-1,-1,-1
161,46,585.39,0.24,54.71,250.58,0.3898,-1,-1,-1
161,47,530.53,196.99,16.22,56.03,0.2324,-1,-1,-1
162,1,291.88,-0.13,208.11,477.24,0.9057,-1,-1,-1
162,2,-0.29,-0.15,229.58,480.03,0.8341,-1,-1,-1
162,17,188.47,15.81,93.76,422.73,0.8529,-1,-1,-1
162,22,188.47,15.81,93.76,422.73,0.8529,-1,-1,-1
162,36,-0.15,73.31,35.74,391.82,0.3495,-1,-1,-1
162,5,497.22,184.57,32.50,88.13,0.7159,-1,-1,-1
162,37,548.93,206.51,17.52,37.95,0.2365,-1,-1,-1
162,46,588.25,0.32,52.50,248.92,0.3289,-1,-1,-1
162,47,526.51,194.24,18.71,58.30,0.4749,-1,-1,-1
163,1,288.75,0.00,210.74,476.71,0.9063,-1,-1,-1
163,2,-0.95,0.06,229.26,477.48,0.8299,-1,-1,-1
163,17,187.43,15.22,94.13,426.31,0.8500,-1,-1,-1
163,22,187.43,15.22,94.13,426.31,0.8500,-1,-1,-1
163,36,-0.60,71.36,35.52,379.98,0.3299,-1,-1,-1
163,5,497.10,183.90,33.58,88.78,0.7191,-1,-1,-1
163,37,549.04,205.58,18.63,38.96,0.2216,-1,-1,-1
163,46,589.25,0.44,51.20,248.46,0.3877,-1,-1,-1
163,47,526.88,192.90,18.42,58.93,0.1879,-1,-1,-1
164,1,288.47,0.03,210.26,475.85,0.9039,-1,-1,-1
164,2,-1.11,0.00,226.63,476.62,0.8047,-1,-1,-1
164,17,186.36,13.59,94.20,428.76,0.8366,-1,-1,-1
164,22,186.36,13.59,94.20,428.76,0.8366,-1,-1,-1
164,36,-0.74,71.23,33.55,369.60,0.3528,-1,-1,-1
164,5,496.22,182.73,33.21,89.92,0.7221,-1,-1,-1
164,37,548.70,205.89,16.79,37.95,0.2383,-1,-1,-1
164,46,588.25,-0.15,51.74,249.93,0.2075,-1,-1,-1
164,47,524.30,191.77,19.63,60.57,0.1309,-1,-1,-1
165,1,292.37,-0.15,207.01,479.20,0.9196,-1,-1,-1
165,2,-0.94,0.17,225.00,476.52,0.8194,-1,-1,-1
165,17,186.58,13.29,93.89,429.41,0.8456,-1,-1,-1
165,22,186.58,13.29,93.89,429.41,0.8456,-1,-1,-1
165,36,-0.54,75.87,30.55,353.85,0.3294,-1,-1,-1
165,5,496.49,182.96,33.48,89.93,0.7144,-1,-1,-1
165,37,549.24,208.04,14.11,36.34,0.2577,-1,-1,-1
165,46,588.06,-0.13,52.11,249.63,0.1866,-1,-1,-1
165,47,523.51,190.55,19.05,62.52,0.1413,-1,-1,-1
166,1,294.86,-0.32,205.55,479.93,0.9216,-1,-1,-1
166,2,-0.22,-0.12,223.62,476.85,0.8165,-1,-1,-1
166,17,186.06,12.05,94.70,430.94,0.8412,-1,-1,-1
166,22,186.06,12.05,94.70,430.94,0.8412,-1,-1,-1
166,36,0.11,74.36,29.25,345.75,0.1034,-1,-1,-1
166,5,496.84,182.43,33.38,89.99,0.7192,-1,-1,-1
166,37,549.58,205.76,14.49,38.37,0.2185,-1,-1,-1
166,46,588.83,0.20,51.42,246.12,0.2185,-1,-1,-1
166,47,524.35,189.08,19.02,63.39,0.1074,-1,-1,-1
167,1,294.20,-0.15,205.84,480.32,0.9166,-1,-1,-1
167,2,-0.87,0.37,222.26,474.41,0.7956,-1,-1,-1
167,17,184.45,10.97,94.97,432.61,0.8182,-1,-1,-1
167,22,184.45,10.97,94.97,432.61,0.8182,-1,-1,-1
167,5,496.08,183.13,33.94,89.44,0.7212,-1,-1,-1
167,37,548.06,203.72,18.47,41.32,0.3510,-1,-1,-1
167,46,587.40,0.01,52.24,244.18,0.1935,-1,-1,-1
167,47,523.66,188.99,19.95,62.95,0.2490,-1,-1,-1
168,1,293.51,-0.16,206.21,480.13,0.9129,-1,-1,-1
168,2,-0.61,0.43,221.43,474.35,0.8193,-1,-1,-1
168,17,183.56,10.47,95.18,432.80,0.8436,-1,-1,-1
168,22,183.56,10.47,95.18,432.80,0.8436,-1,-1,-1
168,5,495.88,182.61,34.24,89.63,0.7227,-1,-1,-1
168,37,547.49,201.57,20.01,43.86,0.3971,-1,-1,-1
168,46,586.63,-0.15,52.85,242.80,0.2038,-1,-1,-1
168,47,524.33,189.00,19.47,62.75,0.3093,-1,-1,-1
169,1,288.36,0.87,211.72,475.69,0.9026,-1,-1,-1
169,2,-0.14,0.72,221.00,473.93,0.7547,-1,-1,-1
169,17,183.21,10.54,96.06,433.50,0.8432,-1,-1,-1
169,22,183.21,10.54,96.06,433.50,0.8432,-1,-1,-1
169,5,496.33,183.34,33.83,89.38,0.7323,-1,-1,-1
169,37,547.91,202.21,20.31,42.87,0.3257,-1,-1,-1
169,46,587.48,0.56,52.19,243.49,0.2692,-1,-1,-1
169,47,525.53,190.32,18.39,61.73,0.2898,-1,-1,-1
170,1,282.96,0.85,216.82,474.92,0.8991,-1,-1,-1
170,2,-0.25,0.15,220.05,472.97,0.7600,-1,-1,-1
170,17,182.81,9.86,96.10,435.86,0.8438,-1,-1,-1
170,22,182.81,9.86,96.10,435.86,0.8438,-1,-1,-1
170,5,496.47,183.10,33.79,90.02,0.7139,-1,-1,-1
170,37,552.33,207.32,16.17,39.03,0.1161,-1,-1,-1
170,47,526.33,189.38,17.85,63.36,0.3592,-1,-1,-1
171,1,280.13,1.04,218.88,474.06,0.9022,-1,-1,-1
171,2,0.10,0.25,218.92,472.89,0.7945,-1,-1,-1
171,17,182.27,9.90,96.46,436.70,0.8462,-1,-1,-1
171,22,182.27,9.90,96.46,436.70,0.8462,-1,-1,-1
172,1,280.70,0.98,219.19,474.53,0.8971,-1,-1,-1
172,2,0.22,0.57,219.15,474.41,0.8448,-1,-1,-1
172,17,182.43,9.93,97.04,437.52,0.8467,-1,-1,-1
172,22,182.43,9.93,97.04,437.52,0.8467,-1,-1,-1
173,1,280.60,1.09,220.20,472.39,0.8991,-1,-1,-1
173,2,-0.12,2.50,221.74,472.57,0.8155,-1,-1,-1
173,17,180.78,10.86,101.06,434.24,0.8485,-1,-1,-1
173,22,180.78,10.86,101.06,434.24,0.8485,-1,-1,-1
174,1,281.36,1.23,217.64,474.21,0.9030,-1,-1,-1
174,2,-0.02,1.52,219.84,473.72,0.8274,-1,-1,-1
174,17,180.54,10.70,99.66,435.07,0.8488,-1,-1,-1
174,22,180.54,10.70,99.66,435.07,0.8488,-1,-1,-1
175,1,280.51,1.32,218.66,475.60,0.8518,-1,-1,-1
175,2,-0.01,1.37,219.61,475.21,0.8592,-1,-1,-1
175,17,179.82,11.23,100.94,439.80,0.8492,-1,-1,-1
175,22,179.82,11.23,100.94,439.80,0.8492,-1,-1,-1
176,1,282.80,0.43,216.57,478.36,0.8983,-1,-1,-1
176,2,0.20,0.39,219.20,476.78,0.8271,-1,-1,-1
176,17,180.63,11.19,100.35,440.08,0.8400,-1,-1,-1
176,22,180.63,11.19,100.35,440.08,0.8400,-1,-1,-1
177,1,283.61,1.03,214.19,476.58,0.8925,-1,-1,-1
177,2,1.41,-0.47,216.75,475.53,0.7940,-1,-1,-1
177,17,181.85,11.58,97.24,439.28,0.8551,-1,-1,-1
177,22,181.85,11.58,97.24,439.28,0.8551,-1,-1,-1
178,1,283.13,0.92,215.35,476.59,0.9043,-1,-1,-1
178,2,2.23,-0.37,215.49,475.77,0.8280,-1,-1,-1
178,17,181.64,11.54,97.47,436.41,0.8604,-1,-1,-1
178,22,181.64,11.54,97.47,436.41,0.8604,-1,-1,-1
178,5,495.58,183.05,34.65,89.33,0.7167,-1,-1,-1
178,37,547.34,202.72,18.77,42.69,0.5523,-1,-1,-1
179,1,272.44,0.62,227.24,477.16,0.8599,-1,-1,-1
179,2,0.91,-0.29,217.00,476.12,0.8366,-1,-1,-1
179,17,181.25,11.17,98.00,439.30,0.8657,-1,-1,-1
179,22,181.25,11.17,98.00,439.30,0.8657,-1,-1,-1
179,5,496.33,183.29,34.03,89.60,0.7313,-1,-1,-1
179,37,548.36,203.95,18.28,41.66,0.4060,-1,-1,-1
180,1,279.55,0.07,221.16,478.82,0.9031,-1,-1,-1
180,2,0.65,-0.25,217.72,477.37,0.8417,-1,-1,-1
180,17,181.03,11.09,98.53,438.73,0.8560,-1,-1,-1
180,22,181.03,11.09,98.53,438.73,0.8560,-1,-1,-1
180,5,496.79,183.33,33.49,89.57,0.7044,-1,-1,-1
180,37,549.72,205.56,17.54,40.62,0.3466,-1,-1,-1
181,1,281.00,0.22,220.57,479.55,0.9067,-1,-1,-1
181,2,0.40,0.21,218.10,476.96,0.8206,-1,-1,-1
181,17,181.87,11.69,97.66,437.91,0.8607,-1,-1,-1
181,22,181.87,11.69,97.66,437.91,0.8607,-1,-1,-1
181,5,496.92,183.63,33.03,89.41,0.7025,-1,-1,-1
181,37,549.99,206.42,17.39,40.29,0.3743,-1,-1,-1
182,1,282.11,0.26,220.47,477.12,0.9032,-1,-1,-1
182,2,0.20,-0.25,217.49,475.51,0.8315,-1,-1,-1
182,17,181.58,11.00,97.04,436.57,0.8435,-1,-1,-1
182,22,181.58,11.00,97.04,436.57,0.8435,-1,-1,-1
182,5,496.76,183.76,32.61,88.88,0.7112,-1,-1,-1
182,37,549.33,206.56,16.18,40.33,0.2835,-1,-1,-1
183,1,282.89,0.34,220.90,476.53,0.9035,-1,-1,-1
183,2,0.22,-0.02,218.19,476.06,0.8451,-1,-1,-1
183,17,182.04,11.27,96.49,436.37,0.8514,-1,-1,-1
183,22,182.04,11.27,96.49,436.37,0.8514,-1,-1,-1
183,5,497.20,184.38,31.56,88.17,0.7189,-1,-1,-1
183,37,549.10,206.15,16.03,40.53,0.3510,-1,-1,-1
184,1,284.73,0.64,220.92,475.91,0.9052,-1,-1,-1
184,2,0.34,0.25,218.39,475.49,0.8220,-1,-1,-1
184,17,181.68,11.41,97.01,435.88,0.8483,-1,-1,-1
184,22,181.68,11.41,97.01,435.88,0.8483,-1,-1,-1
184,5,498.12,184.33,30.25,88.44,0.7044,-1,-1,-1
184,37,549.62,205.85,17.49,41.11,0.2842,-1,-1,-1
184,49,524.08,187.73,25.20,69.43,0.5913,-1,-1,-1
185,1,287.63,0.74,219.83,475.33,0.8970,-1,-1,-1
185,2,0.23,0.34,218.58,475.63,0.8311,-1,-1,-1
185,17,181.18,11.50,97.45,435.65,0.8490,-1,-1,-1
185,22,181.18,11.50,97.45,435.65,0.8490,-1,-1,-1
185,5,498.77,184.54,29.53,87.88,0.7017,-1,-1,-1
185,37,550.21,205.98,14.84,41.06,0.2205,-1,-1,-1
185,49,523.36,188.80,25.49,67.50,0.4258,-1,-1,-1
186,1,292.73,0.97,216.36,474.87,0.9137,-1,-1,-1
186,2,0.17,0.29,218.72,476.43,0.8593,-1,-1,-1
186,17,181.36,11.40,97.33,436.00,0.8525,-1,-1,-1
186,22,181.36,11.40,97.33,436.00,0.8525,-1,-1,-1
186,5,499.05,185.30,28.84,86.61,0.6988,-1,-1,-1
186,37,549.27,205.49,17.05,41.82,0.3171,-1,-1,-1
186,49,522.92,188.12,23.33,68.35,0.5184,-1,-1,-1
187,1,294.33,1.08,215.73,474.83,0.9097,-1,-1,-1
187,2,-0.02,0.36,218.83,476.16,0.8708,-1,-1,-1
187,17,181.93,11.47,96.58,435.98,0.8491,-1,-1,-1
187,22,181.93,11.47,96.58,435.98,0.8491,-1,-1,-1
187,5,499.40,185.66,28.12,85.74,0.6706,-1,-1,-1
187,37,548.84,204.55,17.21,42.62,0.2975,-1,-1,-1
187,49,522.76,191.01,21.29,65.65,0.5338,-1,-1,-1
188,1,295.77,0.99,214.58,474.50,0.9124,-1,-1,-1
188,2,-0.03,0.31,218.75,476.15,0.8590,-1,-1,-1
188,17,181.37,11.33,97.06,435.84,0.8515,-1,-1,-1
188,22,181.37,11.33,97.06,435.84,0.8515,-1,-1,-1
188,5,499.82,185.45,27.97,86.17,0.6809,-1,-1,-1
188,37,549.31,205.91,16.68,41.34,0.3245,-1,-1,-1
188,49,522.58,192.04,19.65,66.82,0.4157,-1,-1,-1
189,1,296.73,0.88,213.47,474.15,0.9132,-1,-1,-1
189,2,0.05,0.16,218.62,475.83,0.8383,-1,-1,-1
189,17,181.39,10.96,96.77,435.97,0.8536,-1,-1,-1
189,22,181.39,10.96,96.77,435.97,0.8536,-1,-1,-1
189,5,499.69,184.87,28.36,86.78,0.6820,-1,-1,-1
189,37,548.47,203.31,15.34,43.81,0.1012,-1,-1,-1
189,49,523.46,190.30,19.98,69.07,0.5306,-1,-1,-1
190,1,296.87,0.81,213.26,474.51,0.9129,-1,-1,-1
190,2,0.00,0.20,218.54,475.59,0.8498,-1,-1,-1
190,17,181.58,10.97,96.44,435.16,0.8423,-1,-1,-1
190,22,181.58,10.97,96.44,435.16,0.8423,-1,-1,-1
190,5,499.33,185.38,28.71,86.11,0.6711,-1,-1,-1
190,37,545.92,203.88,18.92,41.53,0.1539,-1,-1,-1
190,49,523.33,189.43,19.92,70.39,0.5004,-1,-1,-1
191,1,296.95,0.96,212.79,474.56,0.9146,-1,-1,-1
191,2,-0.02,0.36,218.38,475.69,0.8552,-1,-1,-1
191,17,181.48,10.92,96.49,435.61,0.8468,-1,-1,-1
191,22,181.48,10.92,96.49,435.61,0.8468,-1,-1,-1
191,5,499.00,185.07,29.14,86.94,0.6865,-1,-1,-1
191,37,545.36,203.39,18.17,41.57,0.1005,-1,-1,-1
191,49,524.35,189.56,20.62,70.03,0.4338,-1,-1,-1
191,51,294.45,178.06,22.98,78.29,0.5033,-1,-1,-1
192,1,296.19,0.96,213.53,474.45,0.9103,-1,-1,-1
192,2,-0.07,0.37,218.36,475.65,0.8473,-1,-1,-1
192,17,180.96,11.01,97.16,435.71,0.8523,-1,-1,-1
192,22,180.96,11.01,97.16,435.71,0.8523,-1,-1,-1
192,5,498.89,184.71,29.31,86.98,0.6716,-1,-1,-1
192,37,545.09,199.19,17.66,46.06,0.1488,-1,-1,-1
192,49,525.19,189.15,21.90,71.21,0.2815,-1,-1,-1
192,51,294.33,178.30,23.04,77.71,0.4818,-1,-1,-1
193,1,295.11,0.82,214.54,474.55,0.9086,-1,-1,-1
193,2,-0.10,0.36,218.03,474.83,0.8335,-1,-1,-1
193,17,181.15,11.10,96.92,436.19,0.8511,-1,-1,-1
193,22,181.15,11.10,96.92,436.19,0.8511,-1,-1,-1
193,5,498.92,184.81,29.12,87.31,0.6919,-1,-1,-1
193,37,545.48,196.09,17.53,49.33,0.1425,-1,-1,-1
193,49,525.06,189.08,23.80,71.89,0.3441,-1,-1,-1
193,51,293.35,177.51,23.74,77.70,0.3567,-1,-1,-1
194,1,291.88,0.55,217.47,475.40,0.8972,-1,-1,-1
194,2,-0.01,0.26,217.45,475.57,0.8347,-1,-1,-1
194,17,180.47,10.95,97.40,436.67,0.8552,-1,-1,-1
194,22,180.47,10.95,97.40,436.67,0.8552,-1,-1,-1
194,5,499.11,184.71,28.98,87.58,0.6949,-1,-1,-1
194,37,545.57,194.29,17.86,52.25,0.1374,-1,-1,-1
194,49,523.76,188.89,25.88,72.80,0.3116,-1,-1,-1
194,51,292.82,177.00,24.03,74.63,0.2346,-1,-1,-1
195,1,287.32,0.36,221.59,476.04,0.8812,-1,-1,-1
195,2,-0.19,0.29,217.18,475.79,0.8490,-1,-1,-1
195,17,179.91,10.83,97.39,436.95,0.8556,-1,-1,-1
195,22,179.91,10.83,97.39,436.95,0.8556,-1,-1,-1
195,5,498.77,184.33,28.64,88.22,0.6763,-1,-1,-1
195,37,544.04,193.64,17.55,59.60,0.1049,-1,-1,-1
195,49,522.66,190.59,23.79,69.02,0.1268,-1,-1,-1
196,1,283.89,0.42,225.06,476.28,0.8901,-1,-1,-1
196,2,-0.07,0.41,216.96,474.79,0.7973,-1,-1,-1
196,17,179.05,10.90,98.45,437.02,0.8553,-1,-1,-1
196,22,179.05,10.90,98.45,437.02,0.8553,-1,-1,-1
196,5,499.32,183.87,28.73,88.87,0.6643,-1,-1,-1
196,49,522.39,191.72,20.02,65.65,0.1004,-1,-1,-1
197,1,281.72,0.46,228.03,476.66,0.8978,-1,-1,-1
197,2,-0.04,0.53,217.30,474.51,0.8443,-1,-1,-1
197,17,178.23,10.55,99.25,437.54,0.8517,-1,-1,-1
197,22,178.23,10.55,99.25,437.54,0.8517,-1,-1,-1
197,5,499.18,184.27,29.10,88.21,0.6447,-1,-1,-1
197,49,525.31,190.38,24.79,70.74,0.3969,-1,-1,-1
198,1,280.67,0.63,228.53,476.26,0.9113,-1,-1,-1
198,2,-0.18,0.55,216.67,474.66,0.8636,-1,-1,-1
198,17,177.19,10.47,99.09,438.29,0.8590,-1,-1,-1
198,22,177.19,10.47,99.09,438.29,0.8590,-1,-1,-1
198,5,498.94,184.63,29.75,87.88,0.6915,-1,-1,-1
198,49,524.40,190.20,26.68,72.14,0.3498,-1,-1,-1
198,37,529.83,188.93,33.62,72.56,0.3527,-1,-1,-1
199,1,279.15,0.53,229.73,476.75,0.9094,-1,-1,-1
199,2,-0.45,1.07,216.70,474.01,0.8072,-1,-1,-1
199,17,175.82,10.93,98.82,438.17,0.8502,-1,-1,-1
199,22,175.82,10.93,98.82,438.17,0.8502,-1,-1,-1
199,5,498.16,184.64,30.43,86.94,0.6871,-1,-1,-1
199,49,524.31,187.75,27.26,75.19,0.4133,-1,-1,-1
199,37,534.37,187.67,28.72,73.67,0.3555,-1,-1,-1
200,1,277.18,0.61,231.49,476.15,0.9050,-1,-1,-1
200,2,-0.38,3.83,216.52,470.78,0.7861,-1,-1,-1
200,17,174.60,11.59,97.44,437.97,0.8485,-1,-1,-1
200,22,174.60,11.59,97.44,437.97,0.8485,-1,-1,-1
200,5,498.04,184.97,30.70,87.17,0.7191,-1,-1,-1
200,49,527.41,186.29,33.03,74.90,0.4081,-1,-1,-1
200,37,530.46,186.19,33.84,74.42,0.4081,-1,-1,-1
201,1,274.53,0.18,233.37,478.81,0.9075,-1,-1,-1
201,2,-0.41,3.51,216.54,470.92,0.7750,-1,-1,-1
201,17,170.75,12.49,98.66,438.61,0.8344,-1,-1,-1
201,22,170.75,12.49,98.66,438.61,0.8344,-1,-1,-1
201,5,497.52,185.14,30.38,87.36,0.7009,-1,-1,-1
201,49,526.56,187.70,29.51,74.97,0.2527,-1,-1,-1
201,37,534.94,190.46,29.29,71.03,0.2652,-1,-1,-1
202,1,272.95,0.03,234.18,479.99,0.9087,-1,-1,-1
202,2,-0.73,6.11,217.02,469.69,0.7269,-1,-1,-1
202,17,165.52,14.43,100.22,437.03,0.8103,-1,-1,-1
202,22,165.52,14.43,100.22,437.03,0.8103,-1,-1,-1
202,5,497.16,185.33,30.10,87.32,0.6884,-1,-1,-1
202,49,525.33,188.62,28.03,75.66,0.3470,-1,-1,-1
202,37,536.35,189.93,26.37,66.46,0.2446,-1,-1,-1
203,1,272.62,0.05,233.78,479.19,0.8960,-1,-1,-1
203,2,-0.35,12.04,215.50,463.98,0.6432,-1,-1,-1
203,17,158.28,16.25,104.56,433.96,0.7759,-1,-1,-1
203,22,158.28,16.25,104.56,433.96,0.7759,-1,-1,-1
203,5,496.86,185.02,29.90,87.89,0.7030,-1,-1,-1
203,49,524.47,188.25,28.17,76.74,0.5196,-1,-1,-1
203,37,539.40,192.00,22.70,64.13,0.1036,-1,-1,-1
204,1,272.00,0.74,233.73,476.05,0.8902,-1,-1,-1
204,2,-0.59,5.78,215.18,467.67,0.6962,-1,-1,-1
204,17,155.42,18.50,103.57,424.49,0.8094,-1,-1,-1
204,22,155.42,18.50,103.57,424.49,0.8094,-1,-1,-1
204,5,495.38,185.94,29.78,87.31,0.7610,-1,-1,-1
204,49,521.04,189.02,30.62,76.99,0.5677,-1,-1,-1
204,37,537.52,193.82,24.36,59.23,0.1690,-1,-1,-1
205,1,271.73,0.74,234.57,474.83,0.8818,-1,-1,-1
205,2,-0.24,2.41,214.39,469.45,0.6692,-1,-1,-1
205,17,153.80,20.12,99.72,416.45,0.8102,-1,-1,-1
205,22,153.80,20.12,99.72,416.45,0.8102,-1,-1,-1
205,5,495.94,186.36,28.99,86.47,0.7396,-1,-1,-1
205,49,521.57,188.21,30.60,78.31,0.5854,-1,-1,-1
205,37,539.88,195.76,22.14,56.88,0.1172,-1,-1,-1
206,1,269.70,0.62,236.69,474.38,0.8896,-1,-1,-1
206,2,-0.35,1.97,213.04,470.76,0.6222,-1,-1,-1
206,17,152.59,22.44,96.95,409.29,0.7806,-1,-1,-1
206,22,152.59,22.44,96.95,409.29,0.7806,-1,-1,-1
206,5,495.33,186.41,29.25,85.77,0.7051,-1,-1,-1
206,49,522.81,187.12,30.22,78.51,0.4710,-1,-1,-1
206,37,536.50,192.29,22.54,60.50,0.1618,-1,-1,-1
207,1,270.37,0.88,235.85,474.02,0.8838,-1,-1,-1
207,2,-0.32,2.19,212.12,469.87,0.5666,-1,-1,-1
207,17,154.07,24.65,93.84,399.43,0.7154,-1,-1,-1
207,22,154.07,24.65,93.84,399.43,0.7154,-1,-1,-1
207,5,494.98,186.08,28.86,86.02,0.7399,-1,-1,-1
207,49,520.35,185.88,31.24,79.72,0.5179,-1,-1,-1
207,37,539.97,194.04,19.06,57.15,0.1290,-1,-1,-1
208,1,265.25,0.59,241.29,474.59,0.8869,-1,-1,-1
208,2,-0.15,0.83,211.22,472.56,0.7748,-1,-1,-1
208,17,161.91,28.69,87.75,381.24,0.7922,-1,-1,-1
208,22,161.91,28.69,87.75,381.24,0.7922,-1,-1,-1
208,5,493.87,186.36,29.50,86.72,0.7037,-1,-1,-1
208,49,519.52,186.44,33.85,78.94,0.4415,-1,-1,-1
208,37,539.79,191.58,19.96,59.52,0.2078,-1,-1,-1
209,1,262.30,0.81,244.71,474.94,0.8913,-1,-1,-1
209,2,0.25,0.42,209.49,473.68,0.7688,-1,-1,-1
209,17,167.53,32.63,82.63,368.49,0.7931,-1,-1,-1
209,22,167.53,32.63,82.63,368.49,0.7931,-1,-1,-1
209,5,494.22,186.16,29.18,86.71,0.7292,-1,-1,-1
209,49,518.96,185.28,28.95,80.71,0.3685,-1,-1,-1
209,37,534.52,188.26,22.45,71.50,0.3970,-1,-1,-1
209,54,520.63,186.06,31.97,81.30,0.4602,-1,-1,-1
210,1,257.77,0.97,248.23,475.68,0.8626,-1,-1,-1
210,2,0.13,1.11,206.02,474.03,0.8731,-1,-1,-1
210,17,171.32,41.94,80.25,355.68,0.8382,-1,-1,-1
210,22,171.32,41.94,80.25,355.68,0.8382,-1,-1,-1
210,5,492.89,185.79,30.13,87.72,0.7283,-1,-1,-1
210,49,519.32,185.90,25.97,80.84,0.4350,-1,-1,-1
210,37,532.33,186.90,23.50,69.06,0.1961,-1,-1,-1
210,54,519.80,186.32,26.75,80.77,0.4350,-1,-1,-1
211,1,263.78,1.13,241.67,476.24,0.8113,-1,-1,-1
211,2,0.17,1.27,202.47,475.22,0.8799,-1,-1,-1
211,17,171.96,47.07,82.70,349.10,0.8474,-1,-1,-1
211,22,171.96,47.07,82.70,349.10,0.8474,-1,-1,-1
211,5,492.04,184.26,31.11,89.10,0.7399,-1,-1,-1
211,49,523.03,185.19,25.16,80.82,0.4119,-1,-1,-1
211,37,530.56,186.23,23.20,67.26,0.2722,-1,-1,-1
211,54,520.43,182.81,23.95,83.67,0.2518,-1,-1,-1
212,1,263.29,1.60,241.72,476.25,0.8355,-1,-1,-1
212,2,-0.16,1.63,199.08,473.25,0.8260,-1,-1,-1
212,17,170.38,53.58,89.74,344.40,0.8593,-1,-1,-1
212,22,170.38,53.58,89.74,344.40,0.8593,-1,-1,-1
212,5,491.08,185.62,30.57,89.41,0.7197,-1,-1,-1
212,49,524.16,186.60,31.19,79.66,0.3879,-1,-1,-1
212,37,528.59,188.15,25.32,66.27,0.2828,-1,-1,-1
212,54,521.63,186.13,22.43,81.17,0.3643,-1,-1,-1
213,1,255.10,1.21,248.56,477.17,0.8697,-1,-1,-1
213,2,-0.50,2.13,191.71,473.98,0.7969,-1,-1,-1
213,17,168.15,54.69,98.99,342.98,0.8614,-1,-1,-1
213,22,168.15,54.69,98.99,342.98,0.8614,-1,-1,-1
213,5,490.11,184.94,29.81,89.55,0.6653,-1,-1,-1
213,49,522.03,186.06,27.27,80.18,0.4450,-1,-1,-1
213,37,526.03,188.71,26.97,65.19,0.1746,-1,-1,-1
213,54,520.95,185.95,23.43,80.58,0.4450,-1,-1,-1
214,1,253.68,1.29,247.48,476.63,0.8787,-1,-1,-1
214,2,-0.31,1.74,185.94,475.98,0.8096,-1,-1,-1
214,17,159.38,56.93,114.21,348.81,0.8709,-1,-1,-1
214,22,159.38,56.93,114.21,348.81,0.8709,-1,-1,-1
214,5,489.48,184.85,29.10,89.88,0.7140,-1,-1,-1
214,49,518.97,185.47,26.99,82.28,0.5564,-1,-1,-1
214,37,526.31,189.50,23.03,61.82,0.2086,-1,-1,-1
214,54,518.56,185.44,25.45,82.46,0.5564,-1,-1,-1
215,1,254.78,1.09,244.10,475.56,0.8978,-1,-1,-1
215,2,0.31,1.02,183.09,476.24,0.7638,-1,-1,-1
215,17,160.55,57.83,117.55,345.05,0.8818,-1,-1,-1
215,22,160.55,57.83,117.55,345.05,0.8818,-1,-1,-1
215,5,486.63,184.99,31.77,89.65,0.7066,-1,-1,-1
215,49,517.10,184.79,26.73,83.31,0.5473,-1,-1,-1
215,37,525.24,188.70,29.98,65.94,0.1396,-1,-1,-1
215,54,516.91,184.76,26.02,83.34,0.5473,-1,-1,-1
216,1,255.28,0.52,240.70,475.87,0.8769,-1,-1,-1
216,2,0.82,0.36,179.25,474.80,0.7176,-1,-1,-1
216,17,165.39,59.54,116.17,340.83,0.8860,-1,-1,-1
216,22,165.39,59.54,116.17,340.83,0.8860,-1,-1,-1
216,5,487.26,184.53,29.49,89.94,0.7329,-1,-1,-1
216,49,521.59,186.77,20.71,79.58,0.4099,-1,-1,-1
216,37,531.78,194.49,24.77,57.77,0.4393,-1,-1,-1
216,54,515.06,184.55,26.36,83.85,0.3023,-1,-1,-1
217,1,278.18,1.10,216.35,477.16,0.8183,-1,-1,-1
217,2,1.65,0.20,177.68,475.84,0.8026,-1,-1,-1
217,17,169.42,61.95,115.77,337.96,0.8841,-1,-1,-1
217,22,169.42,61.95,115.77,337.96,0.8841,-1,-1,-1
217,5,485.99,183.03,30.81,91.09,0.7294,-1,-1,-1
217,49,522.44,185.56,19.25,79.67,0.5048,-1,-1,-1
217,37,536.13,195.90,21.04,55.26,0.4278,-1,-1,-1
217,54,513.14,182.18,27.91,86.07,0.2637,-1,-1,-1
218,1,269.31,2.49,221.45,476.50,0.7992,-1,-1,-1
218,2,2.57,1.64,178.39,475.71,0.7906,-1,-1,-1
218,17,173.36,68.75,114.72,330.91,0.8689,-1,-1,-1
218,22,173.36,68.75,114.72,330.91,0.8689,-1,-1,-1
218,5,482.96,182.80,31.06,93.41,0.7213,-1,-1,-1
218,49,521.64,189.83,18.46,76.68,0.3865,-1,-1,-1
218,37,536.79,198.69,19.99,52.63,0.2767,-1,-1,-1
218,54,508.73,184.55,29.16,85.54,0.1064,-1,-1,-1
219,1,287.14,1.83,201.26,477.07,0.8272,-1,-1,-1
219,2,3.23,1.46,179.77,474.49,0.8156,-1,-1,-1
219,17,180.18,74.35,111.71,324.90,0.8703,-1,-1,-1
219,22,180.18,74.35,111.71,324.90,0.8703,-1,-1,-1
219,5,481.86,181.53,30.82,93.85,0.7533,-1,-1,-1
219,49,511.00,186.79,26.62,80.98,0.4128,-1,-1,-1
219,37,535.70,199.01,21.03,53.04,0.3229,-1,-1,-1
219,54,506.92,184.90,29.91,84.14,0.4128,-1,-1,-1
220,1,293.28,8.89,191.95,468.70,0.7502,-1,-1,-1
220,2,4.55,2.32,182.68,472.92,0.8105,-1,-1,-1
220,17,186.93,80.62,107.13,316.27,0.8613,-1,-1,-1
220,22,186.93,80.62,107.13,316.27,0.8613,-1,-1,-1
220,5,480.70,181.37,30.86,94.86,0.7701,-1,-1,-1
220,49,509.87,185.91,27.16,83.05,0.5773,-1,-1,-1
220,37,536.60,198.57,21.51,53.71,0.3200,-1,-1,-1
220,54,508.56,185.18,28.15,84.18,0.5773,-1,-1,-1
221,1,278.09,19.41,208.11,458.74,0.8683,-1,-1,-1
221,2,4.19,2.99,188.53,472.64,0.7595,-1,-1,-1
221,17,190.96,87.81,105.08,303.24,0.8713,-1,-1,-1
221,22,190.96,87.81,105.08,303.24,0.8713,-1,-1,-1
221,5,482.90,182.20,27.40,93.75,0.7413,-1,-1,-1
221,49,513.61,187.02,23.45,80.74,0.3510,-1,-1,-1
221,37,537.65,200.32,21.25,52.19,0.3590,-1,-1,-1
221,54,507.37,185.18,28.93,84.19,0.6150,-1,-1,-1
222,1,282.52,26.19,208.54,451.13,0.9130,-1,-1,-1
222,2,4.10,3.25,195.30,474.03,0.5482,-1,-1,-1
222,17,197.40,91.02,103.37,291.36,0.8688,-1,-1,-1
222,22,197.40,91.02,103.37,291.36,0.8688,-1,-1,-1
222,5,486.29,182.01,25.07,92.03,0.6505,-1,-1,-1
222,49,509.52,183.12,28.28,84.45,0.6739,-1,-1,-1
222,37,539.16,202.27,21.13,49.85,0.4664,-1,-1,-1
222,54,507.57,182.57,29.97,85.55,0.6739,-1,-1,-1
223,1,288.97,31.17,205.59,446.27,0.8906,-1,-1,-1
223,2,3.83,1.46,205.28,471.17,0.7694,-1,-1,-1
223,17,203.49,93.02,98.35,276.13,0.8623,-1,-1,-1
223,22,203.49,93.02,98.35,276.13,0.8623,-1,-1,-1
223,5,488.36,181.72,22.52,95.43,0.4524,-1,-1,-1
223,49,507.59,182.72,28.97,86.71,0.4495,-1,-1,-1
223,37,538.55,202.96,21.73,49.36,0.5080,-1,-1,-1
223,54,506.98,182.57,29.38,87.08,0.4495,-1,-1,-1
224,1,291.55,34.55,204.33,443.96,0.9124,-1,-1,-1
224,2,2.40,0.78,211.92,473.04,0.6642,-1,-1,-1
224,17,208.13,95.23,94.11,270.19,0.8636,-1,-1,-1
224,22,208.13,95.23,94.11,270.19,0.8636,-1,-1,-1
224,5,488.71,182.01,22.91,95.52,0.5208,-1,-1,-1
224,49,508.00,184.32,26.75,86.72,0.3165,-1,-1,-1
224,37,538.26,203.03,21.90,50.06,0.5157,-1,-1,-1
224,54,504.74,187.08,27.00,83.65,0.1429,-1,-1,-1
225,1,293.45,38.42,202.30,439.32,0.9179,-1,-1,-1
225,2,2.42,0.66,217.53,474.98,0.8392,-1,-1,-1
225,17,214.01,100.82,90.46,264.55,0.8740,-1,-1,-1
225,22,214.01,100.82,90.46,264.55,0.8740,-1,-1,-1
225,5,487.22,183.03,26.72,94.86,0.6243,-1,-1,-1
225,49,509.35,187.51,24.97,84.25,0.1674,-1,-1,-1
225,37,538.74,201.53,22.30,51.88,0.5121,-1,-1,-1
225,54,504.41,188.81,22.68,82.81,0.1575,-1,-1,-1
226,1,295.34,42.74,195.73,436.15,0.9127,-1,-1,-1
226,2,1.47,1.88,224.17,473.75,0.8229,-1,-1,-1
226,17,219.29,106.74,86.78,259.48,0.8761,-1,-1,-1
226,22,219.29,106.74,86.78,259.48,0.8761,-1,-1,-1
226,5,485.42,181.08,28.96,97.26,0.6673,-1,-1,-1
226,49,510.16,188.94,22.62,83.10,0.4362,-1,-1,-1
226,37,539.11,201.94,22.95,52.78,0.5074,-1,-1,-1
226,54,505.58,187.17,23.15,85.60,0.1553,-1,-1,-1
227,1,298.11,48.94,186.42,431.09,0.9026,-1,-1,-1
227,2,0.58,2.10,226.64,474.73,0.8159,-1,-1,-1
227,17,222.02,111.50,86.51,250.66,0.8699,-1,-1,-1
227,22,222.02,111.50,86.51,250.66,0.8699,-1,-1,-1
227,5,482.11,181.08,31.71,99.38,0.7179,-1,-1,-1
227,49,509.60,189.33,21.83,83.63,0.4042,-1,-1,-1
227,37,539.33,202.11,22.34,53.46,0.5437,-1,-1,-1
227,54,508.13,188.73,21.88,84.55,0.4042,-1,-1,-1
228,1,301.60,54.13,176.15,425.58,0.9124,-1,-1,-1
228,2,0.01,1.67,230.39,475.67,0.9135,-1,-1,-1
228,17,228.92,112.64,84.40,245.45,0.8428,-1,-1,-1
228,22,228.92,112.64,84.40,245.45,0.8428,-1,-1,-1
228,5,481.58,180.81,33.38,101.87,0.7388,-1,-1,-1
228,49,509.98,187.03,21.87,85.95,0.3751,-1,-1,-1
228,37,541.18,202.27,21.67,54.43,0.5633,-1,-1,-1
228,54,509.70,186.82,21.74,86.27,0.3751,-1,-1,-1
229,1,305.58,60.99,162.59,419.80,0.9038,-1,-1,-1
229,2,0.69,2.33,227.91,475.93,0.9023,-1,-1,-1
229,17,235.56,112.54,85.05,234.08,0.8608,-1,-1,-1
229,22,235.56,112.54,85.05,234.08,0.8608,-1,-1,-1
229,5,483.47,183.62,32.50,101.56,0.6981,-1,-1,-1
229,49,511.46,186.38,23.18,87.69,0.2031,-1,-1,-1
229,37,542.66,201.73,23.03,56.94,0.5926,-1,-1,-1
229,54,510.44,191.73,20.02,82.32,0.1413,-1,-1,-1
230,1,308.35,65.52,153.80,414.87,0.8855,-1,-1,-1
230,2,-0.49,1.67,226.08,477.81,0.8908,-1,-1,-1
230,17,239.01,111.87,84.59,229.45,0.8486,-1,-1,-1
230,22,239.01,111.87,84.59,229.45,0.8486,-1,-1,-1
230,5,484.91,183.29,32.46,102.80,0.6962,-1,-1,-1
230,49,511.97,185.10,22.97,89.70,0.2878,-1,-1,-1
230,37,544.82,200.47,21.99,58.47,0.6460,-1,-1,-1
230,59,454.92,169.05,32.10,122.34,0.6901,-1,-1,-1
231,1,308.61,66.41,149.17,414.02,0.8866,-1,-1,-1
231,2,-1.43,3.22,225.33,474.06,0.7200,-1,-1,-1
231,17,243.71,111.18,83.88,227.95,0.8647,-1,-1,-1
231,22,243.71,111.18,83.88,227.95,0.8647,-1,-1,-1
231,5,487.80,182.92,30.79,103.40,0.7233,-1,-1,-1
231,49,514.37,184.16,23.00,89.64,0.4094,-1,-1,-1
231,37,550.12,199.36,22.34,59.09,0.6640,-1,-1,-1
231,59,453.77,165.93,36.91,125.58,0.7728,-1,-1,-1
232,1,320.94,66.38,138.37,414.01,0.8691,-1,-1,-1
232,2,-0.93,3.98,223.84,474.96,0.8021,-1,-1,-1
232,17,250.48,113.16,81.77,226.78,0.8517,-1,-1,-1
232,22,250.48,113.16,81.77,226.78,0.8517,-1,-1,-1
232,5,492.86,183.04,27.07,102.72,0.6563,-1,-1,-1
232,49,515.41,183.94,24.41,92.20,0.5437,-1,-1,-1
232,37,553.28,199.60,25.31,60.32,0.5282,-1,-1,-1
232,59,455.97,163.30,41.06,129.79,0.7573,-1,-1,-1
232,60,577.81,155.75,62.64,190.65,0.6592,-1,-1,-1
233,1,331.43,65.24,131.39,415.41,0.8699,-1,-1,-1
233,2,0.56,1.38,222.02,473.92,0.5810,-1,-1,-1
233,17,258.23,117.09,79.20,223.48,0.8270,-1,-1,-1
233,22,258.23,117.09,79.20,223.48,0.8270,-1,-1,-1
233,5,501.64,180.21,21.73,100.35,0.3929,-1,-1,-1
233,49,521.59,184.53,21.66,92.96,0.5433,-1,-1,-1
233,37,558.44,199.38,25.39,61.39,0.6117,-1,-1,-1
233,59,465.06,160.54,39.58,133.22,0.6889,-1,-1,-1
233,60,578.40,162.15,62.88,190.78,0.3391,-1,-1,-1
234,1,327.56,68.81,152.89,412.09,0.8999,-1,-1,-1
234,2,0.84,0.02,223.03,473.61,0.6604,-1,-1,-1
234,17,265.93,120.22,76.35,218.17,0.8079,-1,-1,-1
234,22,265.93,120.22,76.35,218.17,0.8079,-1,-1,-1
234,5,509.96,180.86,19.14,101.84,0.2193,-1,-1,-1
234,49,522.20,184.49,24.71,93.33,0.4931,-1,-1,-1
234,37,566.24,201.74,22.72,59.26,0.5038,-1,-1,-1
234,59,475.52,159.80,38.35,133.39,0.5218,-1,-1,-1
234,60,585.13,166.75,56.11,210.24,0.4554,-1,-1,-1
235,1,335.00,73.46,161.71,407.63,0.8958,-1,-1,-1
235,2,5.68,-0.62,220.78,477.81,0.8443,-1,-1,-1
235,17,272.07,121.84,76.31,213.68,0.8104,-1,-1,-1
235,22,272.07,121.84,76.31,213.68,0.8104,-1,-1,-1
235,49,527.65,186.63,23.67,93.54,0.4074,-1,-1,-1
235,37,571.56,200.17,26.34,62.34,0.4993,-1,-1,-1
235,59,484.47,159.12,37.37,131.46,0.3937,-1,-1,-1
235,60,593.32,166.21,47.57,196.83,0.1335,-1,-1,-1
236,1,342.92,78.11,166.39,402.59,0.8977,-1,-1,-1
236,2,7.79,-0.45,222.94,478.30,0.8866,-1,-1,-1
236,17,279.43,119.41,73.96,207.12,0.7916,-1,-1,-1
236,22,279.43,119.41,73.96,207.12,0.7916,-1,-1,-1
236,49,531.33,190.29,25.32,88.66,0.4800,-1,-1,-1
236,37,576.41,194.22,28.30,67.64,0.5551,-1,-1,-1
236,59,491.82,156.78,39.14,149.53,0.2092,-1,-1,-1
236,60,607.44,168.12,32.91,252.32,0.5690,-1,-1,-1
236,62,1.31,114.01,43.45,216.65,0.5003,-1,-1,-1
237,1,359.76,86.73,165.22,395.84,0.9058,-1,-1,-1
237,2,10.17,4.50,229.41,476.42,0.8752,-1,-1,-1
237,17,288.63,120.61,73.85,204.37,0.8394,-1,-1,-1
237,22,288.63,120.61,73.85,204.37,0.8394,-1,-1,-1
237,49,542.24,187.08,21.18,94.46,0.4478,-1,-1,-1
237,37,586.73,195.01,27.94,69.39,0.5668,-1,-1,-1
237,59,495.88,162.29,43.15,156.03,0.3028,-1,-1,-1
237,62,2.84,119.85,53.78,160.50,0.5859,-1,-1,-1
238,1,371.38,86.93,164.29,394.21,0.9026,-1,-1,-1
238,2,10.37,6.32,235.02,474.65,0.8706,-1,-1,-1
238,17,292.11,120.70,75.93,202.02,0.8212,-1,-1,-1
238,22,292.11,120.70,75.93,202.02,0.8212,-1,-1,-1
238,49,546.39,185.70,20.80,96.87,0.3524,-1,-1,-1
238,37,591.05,194.82,29.22,68.97,0.5369,-1,-1,-1
238,62,1.61,117.22,64.34,154.39,0.4626,-1,-1,-1
238,63,610.98,205.05,30.52,274.68,0.5991,-1,-1,-1
238,64,242.11,170.40,30.78,103.20,0.5701,-1,-1,-1
239,1,387.98,88.70,160.44,391.78,0.8984,-1,-1,-1
239,2,6.02,11.97,246.80,469.38,0.8337,-1,-1,-1
239,17,304.10,123.91,69.22,198.61,0.7860,-1,-1,-1
239,22,304.10,123.91,69.22,198.61,0.7860,-1,-1,-1
239,37,597.53,197.68,29.92,65.64,0.3590,-1,-1,-1
239,62,12.39,116.06,66.64,165.90,0.1490,-1,-1,-1
239,64,248.42,165.16,32.64,112.90,0.5147,-1,-1,-1
239,65,366.23,175.85,22.88,86.90,0.5241,-1,-1,-1
240,1,397.67,86.04,161.54,378.12,0.8860,-1,-1,-1
240,2,14.09,14.18,247.49,464.98,0.7606,-1,-1,-1
240,17,306.90,124.02,69.48,194.25,0.7561,-1,-1,-1
240,22,306.90,124.02,69.48,194.25,0.7561,-1,-1,-1
240,37,599.65,190.28,31.42,70.42,0.5210,-1,-1,-1
240,64,252.97,159.06,37.21,116.59,0.7075,-1,-1,-1
240,65,367.97,178.78,24.44,81.38,0.4230,-1,-1,-1
241,1,407.93,84.36,156.71,375.56,0.8927,-1,-1,-1
241,2,4.19,14.37,260.62,462.01,0.7141,-1,-1,-1
241,17,309.20,123.58,74.06,192.95,0.7989,-1,-1,-1
241,22,309.20,123.58,74.06,192.95,0.7989,-1,-1,-1
241,37,599.41,194.82,31.20,61.98,0.3109,-1,-1,-1
241,64,255.93,156.46,30.88,109.53,0.2405,-1,-1,-1
241,65,366.74,180.65,24.29,79.63,0.3866,-1,-1,-1
242,1,413.14,86.71,150.91,375.02,0.8769,-1,-1,-1
242,2,31.55,11.38,238.71,466.54,0.8343,-1,-1,-1
242,17,297.12,122.82,87.10,191.17,0.8221,-1,-1,-1
242,22,297.12,122.82,87.10,191.17,0.8221,-1,-1,-1
242,70,392.86,180.20,24.86,80.75,0.5069,-1,-1,-1
242,62,22.94,114.32,82.86,141.20,0.4010,-1,-1,-1
243,1,415.45,88.77,146.99,377.31,0.8920,-1,-1,-1
243,2,45.08,8.61,229.44,468.75,0.8378,-1,-1,-1
243,17,301.31,122.36,81.78,188.50,0.8472,-1,-1,-1
243,22,301.31,122.36,81.78,188.50,0.8472,-1,-1,-1
243,70,391.60,180.71,26.24,80.90,0.5727,-1,-1,-1
243,72,8.61,115.38,102.21,325.56,0.3915,-1,-1,-1
243,73,578.90,21.95,60.78,457.79,0.7338,-1,-1,-1
243,62,42.79,115.77,65.90,152.07,0.1695,-1,-1,-1
244,1,422.42,91.09,142.37,375.85,0.8873,-1,-1,-1
244,2,67.23,8.68,213.03,466.80,0.7835,-1,-1,-1
244,17,311.63,121.87,71.31,187.42,0.7005,-1,-1,-1
244,22,311.63,121.87,71.31,187.42,0.7005,-1,-1,-1
244,70,393.16,179.55,25.58,82.63,0.5854,-1,-1,-1
244,72,21.54,119.49,94.06,319.95,0.1717,-1,-1,-1
244,73,553.10,6.56,86.14,472.77,0.8332,-1,-1,-1
244,74,12.62,168.42,54.95,85.77,0.7447,-1,-1,-1
245,1,426.97,89.14,137.13,379.79,0.8594,-1,-1,-1
245,2,69.12,10.65,214.59,453.55,0.8552,-1,-1,-1
245,17,310.81,121.74,72.17,189.45,0.7877,-1,-1,-1
245,22,310.81,121.74,72.17,189.45,0.7877,-1,-1,-1
245,70,391.69,179.24,25.84,82.52,0.6204,-1,-1,-1
245,73,534.42,-1.31,105.57,479.02,0.7258,-1,-1,-1
245,75,413.31,173.20,30.37,106.02,0.4902,-1,-1,-1
246,1,431.85,87.16,125.61,378.59,0.8571,-1,-1,-1
246,2,72.60,10.72,214.64,460.82,0.9022,-1,-1,-1
246,17,307.18,121.08,75.00,188.56,0.8129,-1,-1,-1
246,22,307.18,121.08,75.00,188.56,0.8129,-1,-1,-1
246,70,388.46,175.34,27.80,85.74,0.5734,-1,-1,-1
246,73,527.23,-1.62,113.13,478.54,0.7496,-1,-1,-1
246,75,411.35,169.63,37.14,108.67,0.7345,-1,-1,-1
247,1,435.06,86.18,119.68,365.72,0.8353,-1,-1,-1
247,2,78.38,12.47,210.73,460.77,0.9034,-1,-1,-1
247,17,306.32,122.35,73.83,187.42,0.8134,-1,-1,-1
247,22,306.32,122.35,73.83,187.42,0.8134,-1,-1,-1
247,70,386.05,175.47,27.04,84.82,0.6345,-1,-1,-1
247,73,506.47,-1.88,133.21,477.54,0.8081,-1,-1,-1
247,75,408.61,170.69,35.49,106.73,0.7496,-1,-1,-1
248,1,437.12,87.63,125.42,356.60,0.8476,-1,-1,-1
248,2,85.77,10.09,203.88,466.25,0.8323,-1,-1,-1
248,17,306.48,122.77,73.21,188.43,0.8410,-1,-1,-1
248,22,306.48,122.77,73.21,188.43,0.8410,-1,-1,-1
248,70,384.33,174.67,27.96,86.83,0.6754,-1,-1,-1
248,73,513.50,0.73,126.08,478.78,0.8615,-1,-1,-1
248,75,407.84,171.80,34.73,107.63,0.7694,-1,-1,-1
248,80,27.76,195.01,18.77,38.79,0.6141,-1,-1,-1
248,81,285.66,169.02,28.12,93.02,0.5163,-1,-1,-1
249,1,445.81,87.47,122.16,357.89,0.7634,-1,-1,-1
249,2,96.62,7.93,197.86,469.83,0.8886,-1,-1,-1
249,17,311.35,122.36,72.51,186.70,0.8361,-1,-1,-1
249,22,311.35,122.36,72.51,186.70,0.8361,-1,-1,-1
249,70,386.46,174.17,28.92,88.06,0.6865,-1,-1,-1
249,73,501.55,0.68,138.79,478.81,0.8527,-1,-1,-1
249,75,410.64,170.93,34.88,110.15,0.7719,-1,-1,-1
249,80,30.14,195.34,17.45,38.22,0.5671,-1,-1,-1
249,81,290.17,169.56,25.17,92.36,0.6555,-1,-1,-1
250,1,459.31,88.88,121.44,363.79,0.6550,-1,-1,-1
250,2,108.78,8.14,194.03,472.14,0.9175,-1,-1,-1
250,17,318.78,123.95,71.59,183.68,0.8530,-1,-1,-1
250,22,318.78,123.95,71.59,183.68,0.8530,-1,-1,-1
250,70,391.17,175.77,29.89,90.81,0.6790,-1,-1,-1
250,73,502.13,1.23,141.03,481.61,0.8216,-1,-1,-1
250,75,415.32,172.79,35.23,113.01,0.7797,-1,-1,-1
250,80,33.19,197.43,18.11,39.27,0.5369,-1,-1,-1
250,81,297.47,172.94,21.97,91.88,0.5936,-1,-1,-1
250,82,79.99,176.27,35.41,87.15,0.4467,-1,-1,-1
251,1,492.09,35.47,102.64,420.59,0.3525,-1,-1,-1
251,2,119.11,8.48,189.38,472.51,0.9128,-1,-1,-1
251,17,324.06,123.92,68.40,182.74,0.8604,-1,-1,-1
251,22,324.06,123.92,68.40,182.74,0.8604,-1,-1,-1
251,70,394.66,175.29,28.09,91.98,0.6133,-1,-1,-1
251,73,506.78,0.25,135.81,482.47,0.8438,-1,-1,-1
251,75,416.20,171.40,36.48,115.99,0.7772,-1,-1,-1
251,80,34.73,196.96,17.33,40.38,0.5071,-1,-1,-1
251,82,79.67,177.09,39.60,89.21,0.5202,-1,-1,-1
252,1,503.57,105.70,88.41,352.46,0.2070,-1,-1,-1
252,2,126.37,14.98,188.69,467.16,0.8903,-1,-1,-1
252,17,327.58,128.33,66.48,181.64,0.8593,-1,-1,-1
252,22,327.58,128.33,66.48,181.64,0.8593,-1,-1,-1
252,70,397.06,177.72,27.52,92.78,0.5378,-1,-1,-1
252,73,512.90,3.32,128.76,475.56,0.8710,-1,-1,-1
252,75,416.88,174.59,36.33,117.31,0.7352,-1,-1,-1
252,80,36.58,199.79,16.47,40.64,0.4360,-1,-1,-1
252,82,70.76,180.20,48.04,90.29,0.6008,-1,-1,-1
253,1,521.43,36.50,108.49,432.94,0.8819,-1,-1,-1
253,2,136.73,24.96,188.18,456.75,0.8998,-1,-1,-1
253,17,333.89,130.49,68.19,181.69,0.8574,-1,-1,-1
253,22,333.89,130.49,68.19,181.69,0.8574,-1,-1,-1
253,70,401.85,175.30,27.91,94.96,0.5319,-1,-1,-1
253,73,518.87,4.75,125.62,468.84,0.8819,-1,-1,-1
253,75,421.31,174.38,37.52,119.79,0.6896,-1,-1,-1
253,80,42.57,203.34,15.35,39.62,0.4388,-1,-1,-1
253,82,68.38,181.58,51.09,92.95,0.7021,-1,-1,-1
253,84,463.41,143.52,57.66,177.68,0.7376,-1,-1,-1
254,1,530.20,13.67,110.24,461.09,0.8783,-1,-1,-1
254,2,145.79,28.21,184.40,452.75,0.8914,-1,-1,-1
254,17,338.26,133.11,65.12,180.07,0.8497,-1,-1,-1
254,22,338.26,133.11,65.12,180.07,0.8497,-1,-1,-1
254,70,404.71,175.41,26.90,95.59,0.4111,-1,-1,-1
254,73,524.25,4.56,118.66,471.05,0.8783,-1,-1,-1
254,75,422.15,172.38,38.30,122.92,0.6798,-1,-1,-1
254,80,44.20,204.01,14.80,39.34,0.3581,-1,-1,-1
254,82,67.11,181.11,48.41,93.40,0.6662,-1,-1,-1
254,84,461.54,141.81,57.38,180.79,0.7379,-1,-1,-1
254,62,124.98,143.59,41.83,149.45,0.3926,-1,-1,-1
255,1,532.11,4.87,111.71,474.52,0.8989,-1,-1,-1
255,2,136.01,35.93,202.91,446.55,0.8651,-1,-1,-1
255,17,341.77,137.36,61.80,178.94,0.8388,-1,-1,-1
255,22,341.77,137.36,61.80,178.94,0.8388,-1,-1,-1
255,70,401.37,176.31,30.01,95.01,0.1445,-1,-1,-1
255,73,525.62,5.26,116.27,473.96,0.8989,-1,-1,-1
255,75,420.25,173.05,38.56,125.90,0.6404,-1,-1,-1
255,80,42.43,208.51,15.03,37.79,0.2387,-1,-1,-1
255,82,60.25,182.19,44.05,96.49,0.6410,-1,-1,-1
255,84,445.24,142.25,70.70,186.63,0.8488,-1,-1,-1
255,62,115.68,144.72,52.03,157.84,0.7455,-1,-1,-1
256,1,530.94,-1.49,112.31,480.61,0.9070,-1,-1,-1
256,2,157.57,34.94,191.28,445.01,0.8960,-1,-1,-1
256,17,344.44,134.84,58.86,177.58,0.7647,-1,-1,-1
256,22,344.44,134.84,58.86,177.58,0.7647,-1,-1,-1
256,70,399.08,174.51,27.98,82.29,0.1123,-1,-1,-1
256,73,525.10,1.89,115.08,476.55,0.9070,-1,-1,-1
256,75,417.29,168.96,37.04,129.78,0.5564,-1,-1,-1
256,82,43.37,177.94,47.17,99.95,0.6230,-1,-1,-1
256,84,431.12,140.71,82.38,190.62,0.8100,-1,-1,-1
256,86,497.59,163.77,44.97,137.91,0.5908,-1,-1,-1
257,1,528.36,-3.55,113.62,483.08,0.9039,-1,-1,-1
257,2,166.55,35.51,186.53,442.84,0.8837,-1,-1,-1
257,17,345.45,133.35,53.71,176.28,0.7822,-1,-1,-1
257,22,345.45,133.35,53.71,176.28,0.7822,-1,-1,-1
257,73,523.05,0.84,115.65,478.01,0.9039,-1,-1,-1
257,75,415.56,167.45,33.95,130.86,0.2334,-1,-1,-1
257,82,21.96,177.53,59.25,101.66,0.6379,-1,-1,-1
257,84,424.54,138.98,85.71,195.58,0.8734,-1,-1,-1
257,86,491.33,166.78,49.97,142.41,0.6823,-1,-1,-1
257,87,62.63,132.10,82.54,175.06,0.7949,-1,-1,-1
258,1,498.98,-4.29,141.47,485.06,0.8379,-1,-1,-1
258,2,156.59,29.66,196.67,447.99,0.8612,-1,-1,-1
258,17,342.72,132.91,54.49,178.46,0.7985,-1,-1,-1
258,22,342.72,132.91,54.49,178.46,0.7985,-1,-1,-1
258,73,494.22,0.03,143.11,480.11,0.8379,-1,-1,-1
258,82,3.02,180.20,56.18,98.60,0.3842,-1,-1,-1
258,84,411.77,133.44,83.00,205.42,0.8205,-1,-1,-1
258,86,483.94,164.88,53.14,148.29,0.6868,-1,-1,-1
258,87,38.93,132.01,94.87,179.13,0.8589,-1,-1,-1
259,1,481.91,-3.79,157.37,485.39,0.8553,-1,-1,-1
259,2,152.57,28.79,198.25,449.64,0.8737,-1,-1,-1
259,17,342.81,135.53,51.28,177.42,0.7992,-1,-1,-1
259,22,342.81,135.53,51.28,177.42,0.7992,-1,-1,-1
259,73,476.94,0.20,159.08,480.77,0.8553,-1,-1,-1
259,82,-3.85,176.84,48.58,99.40,0.4509,-1,-1,-1
259,84,397.77,129.63,77.51,212.47,0.8711,-1,-1,-1
259,86,479.23,164.11,57.65,150.44,0.6150,-1,-1,-1
259,87,15.59,129.95,108.01,184.02,0.8813,-1,-1,-1
260,1,488.00,-2.15,146.71,483.95,0.8915,-1,-1,-1
260,2,144.09,28.27,196.17,451.25,0.9072,-1,-1,-1
260,17,334.77,140.09,51.76,174.44,0.7811,-1,-1,-1
260,22,334.77,140.09,51.76,174.44,0.7811,-1,-1,-1
260,73,483.22,1.46,148.45,479.71,0.8915,-1,-1,-1
260,84,386.28,128.09,74.20,222.35,0.7486,-1,-1,-1
260,86,470.15,148.76,58.55,170.81,0.6934,-1,-1,-1
260,87,-2.20,127.85,107.75,191.05,0.8999,-1,-1,-1
261,1,484.62,-1.23,149.54,482.39,0.9111,-1,-1,-1
261,2,134.39,27.60,193.24,452.65,0.8995,-1,-1,-1
261,17,323.57,144.82,55.32,172.17,0.8075,-1,-1,-1
261,22,323.57,144.82,55.32,172.17,0.8075,-1,-1,-1
261,73,480.57,2.00,151.01,478.58,0.9111,-1,-1,-1
261,84,361.47,128.82,91.95,230.87,0.8355,-1,-1,-1
261,86,462.95,146.55,51.25,178.60,0.6191,-1,-1,-1
261,87,-7.89,125.21,89.80,195.53,0.8625,-1,-1,-1
262,1,463.54,-1.58,170.37,478.95,0.8910,-1,-1,-1
262,2,120.15,23.85,194.46,454.48,0.8415,-1,-1,-1
262,17,315.33,146.01,55.84,168.97,0.6457,-1,-1,-1
262,22,315.33,146.01,55.84,168.97,0.6457,-1,-1,-1
262,73,459.85,1.45,171.69,475.54,0.8910,-1,-1,-1
262,84,334.84,127.27,105.88,238.56,0.8337,-1,-1,-1
263,1,446.47,-3.20,189.98,479.29,0.9250,-1,-1,-1
263,2,109.60,15.75,197.12,462.58,0.8953,-1,-1,-1
263,17,314.87,159.82,43.27,151.01,0.2169,-1,-1,-1
263,73,442.81,-0.28,191.33,476.23,0.9250,-1,-1,-1
263,84,318.09,121.75,107.26,252.35,0.8725,-1,-1,-1
264,1,437.93,-3.24,200.64,480.15,0.9050,-1,-1,-1
264,2,103.36,11.79,196.29,465.90,0.8477,-1,-1,-1
264,17,307.23,171.43,36.08,126.14,0.1579,-1,-1,-1
264,73,434.51,-0.58,201.92,477.44,0.9050,-1,-1,-1
264,84,311.81,117.57,109.54,261.80,0.8487,-1,-1,-1
265,1,428.46,-2.14,208.47,479.58,0.9102,-1,-1,-1
265,2,78.84,8.81,212.18,470.48,0.8510,-1,-1,-1
265,73,425.37,0.24,209.64,477.16,0.9102,-1,-1,-1
265,84,288.30,110.48,92.37,275.73,0.7723,-1,-1,-1
266,1,424.51,-2.38,214.56,479.53,0.8698,-1,-1,-1
266,2,77.80,7.27,212.48,471.83,0.8523,-1,-1,-1
266,73,421.77,-0.29,215.61,477.38,0.8698,-1,-1,-1
266,84,280.90,101.49,73.73,286.41,0.7699,-1,-1,-1
266,90,370.16,156.57,46.95,159.24,0.7845,-1,-1,-1
267,1,420.75,-3.91,219.81,478.82,0.9143,-1,-1,-1
267,2,62.10,4.26,225.01,472.69,0.8257,-1,-1,-1
267,73,418.22,-1.99,220.78,476.90,0.9143,-1,-1,-1
267,84,259.05,89.61,81.14,294.23,0.7856,-1,-1,-1
267,90,360.54,147.51,59.67,164.21,0.7855,-1,-1,-1
267,91,318.00,140.22,49.50,158.38,0.8247,-1,-1,-1
268,1,421.95,-3.08,220.40,477.67,0.9181,-1,-1,-1
268,2,45.03,0.32,240.27,477.42,0.7727,-1,-1,-1
268,73,419.68,-1.35,221.28,475.97,0.9181,-1,-1,-1
268,84,244.54,79.12,88.49,301.45,0.5002,-1,-1,-1
268,90,356.19,141.44,66.20,166.33,0.7798,-1,-1,-1
268,91,310.70,134.42,53.35,160.80,0.8494,-1,-1,-1
268,75,285.66,159.59,30.08,102.44,0.3467,-1,-1,-1
269,1,419.77,-2.12,222.05,475.92,0.9117,-1,-1,-1
269,2,36.09,-1.81,255.48,479.74,0.8081,-1,-1,-1
269,73,417.77,-0.60,222.82,474.42,0.9117,-1,-1,-1
269,84,235.44,92.23,84.00,288.09,0.1088,-1,-1,-1
269,90,348.63,135.67,63.87,170.29,0.7764,-1,-1,-1
269,91,307.34,129.98,53.57,159.38,0.8000,-1,-1,-1
269,75,276.95,147.88,33.45,123.35,0.3927,-1,-1,-1
270,1,409.07,-6.62,231.30,477.17,0.9088,-1,-1,-1
270,2,34.70,-7.38,256.07,480.38,0.8814,-1,-1,-1
270,73,407.30,-5.26,231.97,475.85,0.9088,-1,-1,-1
270,90,338.56,114.99,59.93,175.74,0.7991,-1,-1,-1
270,91,308.12,110.67,44.40,160.07,0.7387,-1,-1,-1
270,75,273.30,125.21,32.25,125.07,0.1181,-1,-1,-1
270,92,589.00,169.17,49.64,239.87,0.6833,-1,-1,-1
271,1,402.93,-11.88,239.51,480.26,0.9133,-1,-1,-1
271,2,30.77,-12.15,260.32,478.44,0.8834,-1,-1,-1
271,73,401.27,-10.61,240.14,479.08,0.9133,-1,-1,-1
271,90,329.60,85.54,60.98,181.46,0.7889,-1,-1,-1
271,91,313.30,83.05,36.71,161.81,0.5844,-1,-1,-1
271,92,590.72,102.31,48.93,268.01,0.5437,-1,-1,-1
272,1,398.22,-16.18,245.44,485.96,0.9158,-1,-1,-1
272,2,26.63,-16.63,253.95,459.74,0.7821,-1,-1,-1
272,73,396.67,-15.00,246.03,484.87,0.9158,-1,-1,-1
272,90,316.47,47.54,66.38,191.69,0.8086,-1,-1,-1
272,92,591.23,41.20,49.32,297.45,0.4047,-1,-1,-1
272,72,21.09,0.31,122.18,386.61,0.3724,-1,-1,-1
272,17,270.97,68.02,39.17,137.91,0.4070,-1,-1,-1
273,1,397.31,-4.56,245.83,483.60,0.9118,-1,-1,-1
273,2,23.88,-4.16,250.93,451.32,0.6985,-1,-1,-1
273,73,395.92,-3.54,246.36,482.65,0.9118,-1,-1,-1
273,90,310.68,41.36,66.92,195.81,0.7510,-1,-1,-1
273,92,586.82,103.36,53.20,218.80,0.3695,-1,-1,-1
273,72,6.22,0.73,108.52,379.59,0.3712,-1,-1,-1
273,17,257.84,61.76,54.58,145.08,0.7548,-1,-1,-1
274,1,395.88,6.73,247.75,475.62,0.9034,-1,-1,-1
274,2,60.13,8.61,208.40,467.30,0.7080,-1,-1,-1
274,73,394.59,7.64,248.25,474.77,0.9034,-1,-1,-1
274,90,305.03,55.59,70.25,198.96,0.7752,-1,-1,-1
274,92,585.05,70.35,55.25,254.30,0.4814,-1,-1,-1
274,72,0.96,8.16,120.28,380.61,0.1310,-1,-1,-1
274,17,256.95,80.25,54.47,143.60,0.7571,-1,-1,-1
274,62,0.06,1.53,66.57,262.59,0.4690,-1,-1,-1
275,1,393.29,11.42,245.83,473.59,0.8676,-1,-1,-1
275,2,41.22,12.62,217.19,471.68,0.8454,-1,-1,-1
275,73,392.17,12.20,246.25,472.86,0.8676,-1,-1,-1
275,90,296.76,73.77,68.61,202.22,0.7900,-1,-1,-1
275,92,592.65,29.97,45.67,301.54,0.5052,-1,-1,-1
275,17,260.54,100.86,45.59,140.58,0.6510,-1,-1,-1
275,62,-0.96,58.19,58.61,247.88,0.6450,-1,-1,-1
275,75,249.14,107.11,23.45,110.06,0.3845,-1,-1,-1
276,1,400.49,16.02,240.43,475.67,0.9043,-1,-1,-1
276,2,40.69,17.04,212.89,467.97,0.8090,-1,-1,-1
276,73,399.51,16.70,240.80,475.02,0.9043,-1,-1,-1
276,90,292.68,102.68,71.39,204.79,0.8094,-1,-1,-1
276,92,601.78,100.05,37.77,255.51,0.4004,-1,-1,-1
276,17,260.63,132.98,47.24,134.87,0.4930,-1,-1,-1
276,75,247.53,138.35,23.21,111.03,0.2299,-1,-1,-1
277,1,401.82,10.13,237.39,478.37,0.9186,-1,-1,-1
277,2,42.67,9.99,202.64,446.88,0.8311,-1,-1,-1
277,73,400.98,10.75,237.70,477.79,0.9186,-1,-1,-1
277,90,283.41,112.89,70.98,209.63,0.7238,-1,-1,-1
277,92,597.11,58.64,41.55,308.38,0.4076,-1,-1,-1
277,17,259.40,142.51,40.63,135.76,0.3699,-1,-1,-1
278,1,397.51,3.49,230.16,477.85,0.9041,-1,-1,-1
278,2,26.58,4.84,209.18,466.55,0.8500,-1,-1,-1
278,73,396.74,4.09,230.45,477.33,0.9041,-1,-1,-1
278,90,269.16,113.77,73.96,216.43,0.7791,-1,-1,-1
278,92,589.84,82.32,48.05,283.14,0.4631,-1,-1,-1
278,17,242.35,146.91,39.24,129.78,0.5447,-1,-1,-1
279,1,380.14,5.25,226.55,476.50,0.8974,-1,-1,-1
279,2,7.97,22.98,209.16,456.87,0.8796,-1,-1,-1
279,73,379.47,5.82,226.79,476.05,0.8974,-1,-1,-1
279,90,251.10,129.76,77.03,221.77,0.7787,-1,-1,-1
279,92,576.09,69.76,58.83,307.86,0.8095,-1,-1,-1
279,17,228.78,163.50,44.40,131.89,0.1185,-1,-1,-1
279,97,313.48,148.81,53.40,144.08,0.6580,-1,-1,-1
279,98,187.81,142.72,61.28,194.18,0.7392,-1,-1,-1
280,1,359.50,-0.42,224.49,478.89,0.8895,-1,-1,-1
280,2,-5.21,20.18,192.79,457.52,0.8899,-1,-1,-1
280,73,358.95,0.10,224.68,478.47,0.8895,-1,-1,-1
280,90,229.50,127.22,76.57,228.07,0.7875,-1,-1,-1
280,92,562.81,58.99,69.72,318.62,0.8290,-1,-1,-1
280,97,296.19,149.35,54.47,146.20,0.8051,-1,-1,-1
280,98,167.13,144.67,69.89,200.93,0.8066,-1,-1,-1
281,1,331.52,-5.92,230.25,484.22,0.9069,-1,-1,-1
281,2,-11.66,1.99,158.39,474.49,0.9054,-1,-1,-1
281,73,331.06,-5.45,230.40,483.83,0.9069,-1,-1,-1
281,90,193.39,108.47,78.02,242.00,0.7881,-1,-1,-1
281,92,542.72,50.29,78.76,318.67,0.8293,-1,-1,-1
281,97,268.36,138.55,52.25,146.29,0.8328,-1,-1,-1
281,98,137.82,132.93,73.79,202.86,0.8363,-1,-1,-1
281,86,317.03,101.69,58.18,219.72,0.6757,-1,-1,-1
282,1,328.27,1.74,230.44,486.37,0.9030,-1,-1,-1
282,2,-3.72,4.92,119.84,474.66,0.8910,-1,-1,-1
282,73,327.89,2.10,230.56,486.05,0.9030,-1,-1,-1
282,90,165.82,110.52,79.08,254.53,0.8023,-1,-1,-1
282,92,533.89,85.88,76.77,306.94,0.4127,-1,-1,-1
282,97,258.54,146.42,43.46,145.48,0.8065,-1,-1,-1
282,98,133.53,135.70,45.85,196.03,0.6079,-1,-1,-1
282,86,293.59,88.68,70.90,273.17,0.5355,-1,-1,-1
282,75,113.22,156.35,32.79,149.47,0.6130,-1,-1,-1
283,1,348.40,4.64,228.64,484.26,0.8830,-1,-1,-1
283,2,3.36,18.45,113.42,460.81,0.8595,-1,-1,-1
283,73,348.05,4.93,228.75,483.98,0.8830,-1,-1,-1
283,90,154.99,118.03,86.39,263.68,0.8316,-1,-1,-1
283,92,535.37,126.90,74.39,291.27,0.3848,-1,-1,-1
283,97,264.62,159.02,36.96,144.66,0.7235,-1,-1,-1
283,86,306.43,120.32,70.66,276.30,0.6678,-1,-1,-1
283,75,112.49,166.40,40.42,149.55,0.6085,-1,-1,-1
284,1,378.14,1.17,225.56,483.82,0.8913,-1,-1,-1
284,2,6.47,17.75,119.82,460.38,0.8169,-1,-1,-1
284,73,377.81,1.42,225.67,483.58,0.8913,-1,-1,-1
284,90,154.78,114.24,91.25,272.86,0.8489,-1,-1,-1
284,92,556.40,141.35,62.60,285.46,0.2860,-1,-1,-1
284,97,276.32,161.06,38.80,143.94,0.7296,-1,-1,-1
284,86,320.14,126.83,78.22,287.62,0.7438,-1,-1,-1
284,75,119.30,164.90,42.16,153.34,0.7253,-1,-1,-1
284,99,299.44,86.44,67.33,224.45,0.5066,-1,-1,-1
285,1,409.63,-3.26,227.90,484.36,0.9175,-1,-1,-1
285,2,6.25,15.59,129.54,463.43,0.8868,-1,-1,-1
285,73,409.32,-3.03,228.01,484.13,0.9175,-1,-1,-1
285,90,160.79,105.57,92.29,280.87,0.8549,-1,-1,-1
285,97,291.41,158.65,37.69,142.74,0.7029,-1,-1,-1
285,86,338.84,97.86,86.88,321.66,0.8513,-1,-1,-1
285,75,124.26,160.33,46.44,159.62,0.6721,-1,-1,-1
285,99,312.84,75.84,69.07,267.01,0.7349,-1,-1,-1
285,91,241.03,170.83,32.73,128.30,0.4861,-1,-1,-1
286,1,442.36,-2.27,209.30,488.66,0.9100,-1,-1,-1
286,2,3.36,24.02,137.76,460.26,0.9024,-1,-1,-1
286,73,442.08,-2.06,209.41,488.46,0.9100,-1,-1,-1
286,90,164.95,104.46,93.64,290.50,0.8644,-1,-1,-1
286,97,305.38,145.26,38.40,162.38,0.1826,-1,-1,-1
286,86,356.31,85.02,99.64,355.09,0.8755,-1,-1,-1
286,75,129.20,163.56,44.56,165.22,0.6712,-1,-1,-1
286,99,319.72,73.64,75.57,288.45,0.6261,-1,-1,-1
286,91,253.19,174.15,33.88,129.78,0.4763,-1,-1,-1
287,1,472.29,-2.38,181.23,488.06,0.8892,-1,-1,-1
287,2,1.80,33.40,144.77,451.36,0.8947,-1,-1,-1
287,73,472.05,-2.20,181.33,487.88,0.8892,-1,-1,-1
287,90,168.21,103.34,99.77,296.28,0.8161,-1,-1,-1
287,86,370.69,72.31,116.14,382.34,0.8855,-1,-1,-1
287,75,135.21,163.34,42.38,169.93,0.6259,-1,-1,-1
287,99,329.27,72.05,80.08,300.27,0.7646,-1,-1,-1
287,91,266.19,174.98,33.95,129.24,0.4458,-1,-1,-1
288,1,502.90,-4.31,149.32,486.96,0.8587,-1,-1,-1
288,2,-0.12,37.45,151.19,446.06,0.8996,-1,-1,-1
288,73,502.72,-4.14,149.40,486.80,0.8587,-1,-1,-1
288,90,171.83,98.20,99.97,306.99,0.8313,-1,-1,-1
288,86,385.56,58.38,137.26,407.07,0.8844,-1,-1,-1
288,75,137.81,160.43,46.54,171.35,0.6094,-1,-1,-1
288,99,338.92,64.52,85.75,309.85,0.8195,-1,-1,-1
288,91,278.40,170.51,32.78,131.91,0.5886,-1,-1,-1
289,1,551.41,1.37,97.80,475.53,0.8151,-1,-1,-1
289,2,2.83,49.98,160.63,431.63,0.9024,-1,-1,-1
289,73,551.27,1.52,97.86,475.39,0.8151,-1,-1,-1
289,90,182.99,100.02,102.81,316.60,0.8151,-1,-1,-1
289,86,405.99,51.55,151.74,423.52,0.8817,-1,-1,-1
289,75,147.24,159.92,57.18,176.20,0.6040,-1,-1,-1
289,99,354.89,60.89,89.08,317.51,0.7690,-1,-1,-1
289,91,295.33,170.72,33.91,132.18,0.5497,-1,-1,-1
289,59,525.28,75.99,57.35,362.31,0.5403,-1,-1,-1
289,98,260.21,157.09,47.40,178.85,0.6808,-1,-1,-1
290,2,4.29,58.85,173.09,421.45,0.8948,-1,-1,-1
290,90,195.03,98.24,106.53,327.85,0.8002,-1,-1,-1
290,86,430.11,39.08,166.47,442.32,0.8745,-1,-1,-1
290,75,158.73,157.47,54.18,178.94,0.6925,-1,-1,-1
290,99,373.44,52.71,92.84,336.68,0.8410,-1,-1,-1
290,91,316.87,172.29,33.46,127.07,0.4800,-1,-1,-1
290,59,555.92,63.18,58.12,379.21,0.3854,-1,-1,-1
290,98,288.01,159.85,45.64,178.03,0.5818,-1,-1,-1
291,2,5.25,57.52,178.40,421.10,0.8691,-1,-1,-1
291,90,207.95,90.99,106.73,344.26,0.8386,-1,-1,-1
291,86,450.29,25.25,179.27,455.93,0.8856,-1,-1,-1
291,75,166.36,151.58,52.43,181.83,0.7067,-1,-1,-1
291,99,389.70,42.60,104.10,353.57,0.8330,-1,-1,-1
291,91,332.53,164.50,32.80,134.05,0.1088,-1,-1,-1
291,59,586.89,54.92,53.61,396.97,0.6427,-1,-1,-1
291,98,308.42,160.25,49.51,176.66,0.6888,-1,-1,-1
292,2,10.56,56.75,181.10,422.21,0.8850,-1,-1,-1
292,90,219.84,87.98,111.92,362.52,0.8385,-1,-1,-1
292,86,471.79,13.53,177.10,471.11,0.8920,-1,-1,-1
292,75,171.63,154.45,55.81,180.46,0.7101,-1,-1,-1
292,99,405.73,37.29,111.22,372.03,0.8805,-1,-1,-1
292,91,356.72,177.52,26.67,121.77,0.3406,-1,-1,-1
292,98,325.86,165.76,55.91,174.70,0.7875,-1,-1,-1
293,2,11.99,48.16,181.74,428.86,0.9074,-1,-1,-1
293,90,228.21,77.41,111.58,374.79,0.8477,-1,-1,-1
293,86,487.86,0.24,163.05,484.49,0.8871,-1,-1,-1
293,75,169.00,149.37,61.38,184.12,0.5395,-1,-1,-1
293,99,416.09,26.47,119.39,397.92,0.8619,-1,-1,-1
293,98,335.71,167.26,61.26,173.26,0.8566,-1,-1,-1
294,2,21.97,47.03,179.99,430.27,0.8777,-1,-1,-1
294,90,237.44,69.10,116.33,392.44,0.8386,-1,-1,-1
294,86,511.47,-2.64,140.12,486.35,0.8183,-1,-1,-1
294,75,173.43,169.14,61.45,166.53,0.2243,-1,-1,-1
294,99,429.16,18.13,129.57,420.88,0.8433,-1,-1,-1
294,98,351.46,167.25,64.52,174.08,0.8115,-1,-1,-1
295,2,34.00,48.43,180.89,429.07,0.7477,-1,-1,-1
295,90,243.34,59.66,122.42,410.81,0.8833,-1,-1,-1
295,86,533.34,41.18,116.74,440.42,0.8526,-1,-1,-1
295,99,440.40,9.11,141.29,440.98,0.8817,-1,-1,-1
295,98,369.62,165.92,62.78,171.67,0.7780,-1,-1,-1
296,2,12.78,55.10,208.32,421.90,0.8221,-1,-1,-1
296,90,247.98,52.37,126.20,424.09,0.8884,-1,-1,-1
296,86,553.31,55.59,93.63,425.00,0.7014,-1,-1,-1
296,99,448.79,2.16,152.81,459.12,0.8690,-1,-1,-1
296,98,384.75,165.18,60.05,174.09,0.8128,-1,-1,-1
296,103,219.79,195.02,40.42,115.01,0.7645,-1,-1,-1
297,2,4.40,56.00,222.63,419.94,0.8672,-1,-1,-1
297,90,246.86,37.66,133.50,440.34,0.8809,-1,-1,-1
297,99,456.53,-3.61,165.99,470.05,0.8799,-1,-1,-1
297,98,390.76,161.48,66.94,174.81,0.8627,-1,-1,-1
297,103,222.98,194.85,38.87,112.67,0.4856,-1,-1,-1
297,104,1.96,126.41,68.60,207.67,0.7810,-1,-1,-1
298,2,31.29,57.01,202.88,420.13,0.7866,-1,-1,-1
298,90,239.71,21.85,143.00,459.16,0.8797,-1,-1,-1
298,99,464.14,-4.22,174.68,482.67,0.9150,-1,-1,-1
298,98,400.25,164.35,79.57,172.05,0.8573,-1,-1,-1
298,103,225.62,197.40,35.84,110.73,0.1225,-1,-1,-1
298,104,-0.51,122.58,58.84,198.70,0.8388,-1,-1,-1
299,2,51.76,55.97,188.83,419.91,0.8572,-1,-1,-1
299,90,237.54,9.96,142.59,471.50,0.8843,-1,-1,-1
299,99,469.42,-3.44,173.40,485.76,0.9084,-1,-1,-1
299,98,405.99,166.95,85.00,169.06,0.8671,-1,-1,-1
299,104,-0.30,117.73,52.31,200.82,0.8598,-1,-1,-1
299,106,394.57,171.70,36.28,123.77,0.3710,-1,-1,-1
300,2,68.91,53.73,174.91,425.30,0.8131,-1,-1,-1
300,90,226.54,-0.89,149.01,482.79,0.8594,-1,-1,-1
300,99,481.58,-4.27,165.50,488.52,0.8959,-1,-1,-1
300,98,413.44,164.98,86.29,170.35,0.8894,-1,-1,-1
300,104,-1.51,131.94,56.92,199.87,0.8118,-1,-1,-1
300,106,405.01,173.16,33.26,120.31,0.4042,-1,-1,-1
300,107,369.60,167.76,48.08,137.35,0.7342,-1,-1,-1
301,2,82.34,50.11,156.83,427.19,0.8624,-1,-1,-1
301,90,211.93,-4.36,163.13,486.21,0.9034,-1,-1,-1
301,99,490.66,-3.06,153.29,486.03,0.9061,-1,-1,-1
301,98,419.49,163.67,82.09,170.92,0.8430,-1,-1,-1
301,104,-0.96,145.02,59.91,182.48,0.7264,-1,-1,-1
301,106,405.37,188.15,34.20,106.21,0.4450,-1,-1,-1
301,107,366.26,165.92,54.27,139.54,0.7594,-1,-1,-1
302,2,91.47,43.45,141.26,431.81,0.7945,-1,-1,-1
302,90,183.40,-7.13,176.58,489.15,0.8283,-1,-1,-1
302,99,504.85,-3.61,138.01,488.84,0.9075,-1,-1,-1
302,98,436.20,160.69,70.60,172.72,0.7802,-1,-1,-1
302,104,-2.77,145.52,54.53,172.54,0.6397,-1,-1,-1
302,106,403.91,172.28,34.51,122.23,0.2425,-1,-1,-1
302,107,361.42,164.15,67.77,142.90,0.6599,-1,-1,-1
303,90,122.88,-7.78,209.58,492.42,0.6799,-1,-1,-1
303,99,521.63,-3.41,121.35,491.09,0.9000,-1,-1,-1
303,98,448.90,159.48,70.18,174.51,0.7804,-1,-1,-1
303,106,398.43,164.49,41.48,130.01,0.1574,-1,-1,-1
303,107,373.15,163.12,63.90,144.73,0.6279,-1,-1,-1
303,108,47.17,102.12,88.66,310.56,0.6893,-1,-1,-1
303,109,335.38,192.43,31.54,118.28,0.6985,-1,-1,-1
304,90,101.43,-9.42,200.94,492.23,0.7526,-1,-1,-1
304,99,536.96,-2.47,104.71,490.81,0.8459,-1,-1,-1
304,98,459.07,157.49,66.89,174.90,0.8056,-1,-1,-1
304,106,387.30,159.93,50.51,139.39,0.6639,-1,-1,-1
304,107,380.15,160.01,58.28,143.34,0.6639,-1,-1,-1
304,108,6.50,92.44,112.12,303.74,0.8245,-1,-1,-1
304,109,333.98,190.90,46.82,122.79,0.6366,-1,-1,-1
304,110,284.80,160.17,60.74,156.68,0.5007,-1,-1,-1
305,90,80.88,-6.31,194.03,485.17,0.3601,-1,-1,-1
305,99,554.48,2.71,86.39,486.04,0.7596,-1,-1,-1
305,98,464.90,161.91,66.01,173.24,0.8322,-1,-1,-1
305,106,384.64,160.70,51.82,148.13,0.7339,-1,-1,-1
305,107,384.70,161.31,53.28,148.18,0.7339,-1,-1,-1
305,108,-7.31,90.11,138.13,303.34,0.8745,-1,-1,-1
305,109,333.55,190.48,57.33,127.08,0.7112,-1,-1,-1
305,110,293.46,157.20,57.04,161.76,0.5843,-1,-1,-1
305,112,276.58,156.97,37.77,151.57,0.5748,-1,-1,-1
305,113,527.14,151.70,68.53,226.92,0.7762,-1,-1,-1
305,75,1.47,91.95,142.21,301.28,0.8745,-1,-1,-1
306,90,21.30,-3.05,228.49,473.47,0.3534,-1,-1,-1
306,99,574.29,1.42,64.99,482.23,0.4578,-1,-1,-1
306,98,466.83,161.86,69.69,169.36,0.8049,-1,-1,-1
306,106,382.42,158.94,56.03,149.65,0.7649,-1,-1,-1
306,107,384.59,159.71,55.87,148.31,0.7649,-1,-1,-1
306,109,343.11,188.64,50.08,126.12,0.5545,-1,-1,-1
306,110,302.19,153.56,52.96,163.97,0.6876,-1,-1,-1
306,112,270.76,159.94,37.68,149.11,0.5980,-1,-1,-1
306,113,516.76,138.43,86.89,240.29,0.8043,-1,-1,-1
307,90,-1.67,-1.48,223.03,476.12,0.3875,-1,-1,-1
307,98,469.33,164.14,64.36,168.06,0.7173,-1,-1,-1
307,106,382.89,158.26,63.51,149.98,0.7865,-1,-1,-1
307,107,385.78,159.03,63.08,148.32,0.7865,-1,-1,-1
307,109,343.28,187.21,49.05,127.51,0.5542,-1,-1,-1
307,110,305.55,152.23,51.70,166.04,0.7663,-1,-1,-1
307,112,266.41,154.94,41.10,150.01,0.4168,-1,-1,-1
307,113,509.73,129.20,105.79,249.35,0.8132,-1,-1,-1
308,98,476.68,171.33,60.69,155.64,0.3117,-1,-1,-1
308,106,383.06,158.33,71.17,148.10,0.8040,-1,-1,-1
308,107,386.03,159.01,70.74,146.59,0.8040,-1,-1,-1
308,109,352.70,185.53,40.58,128.16,0.7032,-1,-1,-1
308,110,309.36,150.73,50.49,167.18,0.7903,-1,-1,-1
308,112,272.01,173.79,35.10,119.84,0.4042,-1,-1,-1
308,113,498.94,123.18,120.27,257.08,0.8262,-1,-1,-1
308,114,155.50,66.91,129.98,400.63,0.8631,-1,-1,-1
309,106,386.68,157.52,72.44,149.37,0.8140,-1,-1,-1
309,107,389.65,158.11,71.80,148.12,0.8140,-1,-1,-1
309,109,362.54,184.24,38.23,128.12,0.6370,-1,-1,-1
309,110,311.43,149.76,64.18,168.66,0.8433,-1,-1,-1
309,113,491.34,117.49,134.68,275.91,0.8728,-1,-1,-1
309,114,127.55,59.21,165.25,417.05,0.8760,-1,-1,-1
309,115,467.88,168.54,32.67,121.41,0.6658,-1,-1,-1
309,90,-7.17,0.31,134.63,474.65,0.5364,-1,-1,-1
310,106,390.18,158.99,66.89,152.36,0.7615,-1,-1,-1
310,107,392.96,159.50,66.04,151.30,0.7615,-1,-1,-1
310,109,364.02,185.70,50.02,130.39,0.6415,-1,-1,-1
310,110,308.24,151.68,74.42,170.96,0.8537,-1,-1,-1
310,113,490.76,117.60,141.33,290.17,0.8440,-1,-1,-1
310,114,107.30,78.32,184.54,402.70,0.8673,-1,-1,-1
310,115,464.11,174.36,36.68,118.76,0.6793,-1,-1,-1
310,116,81.35,89.77,82.34,292.99,0.6474,-1,-1,-1
311,106,392.18,159.44,63.19,156.09,0.7741,-1,-1,-1
311,107,394.61,159.88,62.34,155.17,0.7741,-1,-1,-1
311,109,364.38,187.04,55.18,132.41,0.6605,-1,-1,-1
311,110,301.07,152.48,81.98,173.30,0.8541,-1,-1,-1
311,113,488.86,114.75,147.45,311.94,0.8847,-1,-1,-1
311,114,106.82,82.68,180.78,399.41,0.8417,-1,-1,-1
311,115,459.38,177.35,38.26,116.62,0.7471,-1,-1,-1
311,116,47.63,78.91,103.55,345.07,0.8240,-1,-1,-1
312,106,393.40,156.11,63.54,161.26,0.7224,-1,-1,-1
312,107,395.67,156.29,62.70,160.55,0.7224,-1,-1,-1
312,109,363.95,188.81,58.07,133.26,0.6159,-1,-1,-1
312,110,295.26,151.89,88.03,176.71,0.8819,-1,-1,-1
312,113,485.30,107.27,152.93,328.91,0.8926,-1,-1,-1
312,114,105.90,71.36,178.34,409.97,0.8811,-1,-1,-1
312,115,454.17,177.83,38.23,115.58,0.7328,-1,-1,-1
312,116,9.51,67.05,123.69,382.55,0.8998,-1,-1,-1
313,106,394.57,156.55,62.34,162.54,0.7334,-1,-1,-1
313,107,396.59,156.66,61.54,161.90,0.7334,-1,-1,-1
313,109,361.01,188.83,56.86,136.40,0.6820,-1,-1,-1
313,110,294.30,150.79,87.22,179.88,0.8425,-1,-1,-1
313,113,480.68,97.76,153.48,345.98,0.8804,-1,-1,-1
313,114,102.54,70.51,176.36,410.67,0.8785,-1,-1,-1
313,115,447.03,178.43,38.76,113.96,0.7120,-1,-1,-1
313,116,-6.41,56.06,113.71,409.52,0.8864,-1,-1,-1
314,106,396.99,155.97,61.72,163.40,0.7813,-1,-1,-1
314,107,398.80,155.95,60.97,162.89,0.7813,-1,-1,-1
314,109,364.03,186.19,52.95,138.41,0.7039,-1,-1,-1
314,110,298.40,149.75,85.53,181.86,0.8190,-1,-1,-1
314,113,476.71,87.49,157.45,359.85,0.8714,-1,-1,-1
314,114,102.81,69.29,177.92,411.65,0.8714,-1,-1,-1
314,115,443.88,177.71,36.91,113.17,0.6567,-1,-1,-1
314,116,-8.99,46.13,97.54,431.02,0.8191,-1,-1,-1
315,106,404.29,159.35,66.36,163.03,0.7406,-1,-1,-1
315,107,405.86,159.26,65.76,162.62,0.7406,-1,-1,-1
315,109,374.29,189.42,50.74,142.69,0.6789,-1,-1,-1
315,110,310.70,152.42,73.01,185.28,0.8029,-1,-1,-1
315,113,476.98,80.59,164.43,385.71,0.8983,-1,-1,-1
315,114,108.85,71.45,178.72,410.47,0.8883,-1,-1,-1
315,115,443.20,188.21,36.91,104.68,0.1616,-1,-1,-1
316,106,413.53,156.38,64.07,162.59,0.7188,-1,-1,-1
316,107,414.96,156.29,63.50,162.22,0.7188,-1,-1,-1
316,109,376.95,187.16,66.19,145.31,0.8180,-1,-1,-1
316,110,318.26,146.79,69.60,190.70,0.7824,-1,-1,-1
316,113,478.42,68.24,165.12,408.02,0.9018,-1,-1,-1
316,114,114.52,66.07,180.34,413.75,0.8936,-1,-1,-1
316,120,16.15,146.66,69.62,179.74,0.8003,-1,-1,-1
316,2,117.45,64.41,178.36,416.55,0.8936,-1,-1,-1
317,106,425.29,155.80,60.59,165.85,0.7290,-1,-1,-1
317,107,426.50,155.71,60.08,165.54,0.7290,-1,-1,-1
317,109,386.78,187.36,73.98,147.76,0.5474,-1,-1,-1
317,110,325.13,143.81,76.68,195.74,0.8410,-1,-1,-1
317,113,484.65,55.14,159.93,425.82,0.9216,-1,-1,-1
317,114,122.18,65.09,180.35,413.64,0.8970,-1,-1,-1
317,120,28.94,146.27,58.74,178.57,0.8410,-1,-1,-1
317,2,126.17,65.39,178.83,412.69,0.8970,-1,-1,-1
318,106,434.65,156.04,59.62,166.72,0.7450,-1,-1,-1
318,107,435.64,155.93,59.20,166.45,0.7450,-1,-1,-1
318,109,397.51,185.36,75.01,151.03,0.7631,-1,-1,-1
318,110,329.27,141.64,82.22,199.91,0.8617,-1,-1,-1
318,113,489.99,43.45,155.14,439.58,0.9193,-1,-1,-1
318,114,127.74,66.27,184.51,413.42,0.8459,-1,-1,-1
318,120,33.21,146.38,58.22,179.26,0.8350,-1,-1,-1
318,2,132.08,67.03,183.35,411.16,0.8459,-1,-1,-1
319,106,444.53,150.56,59.88,170.12,0.6665,-1,-1,-1
319,107,445.39,150.40,59.51,169.91,0.6665,-1,-1,-1
319,109,408.90,182.74,74.85,152.09,0.5634,-1,-1,-1
319,110,334.28,129.53,92.40,211.96,0.8664,-1,-1,-1
319,113,500.15,21.19,146.43,459.48,0.9129,-1,-1,-1
319,114,136.11,68.88,182.67,408.92,0.8765,-1,-1,-1
319,120,38.30,145.74,60.44,177.76,0.8264,-1,-1,-1
319,2,140.44,69.59,181.66,406.34,0.8765,-1,-1,-1
320,106,458.35,145.59,59.61,174.24,0.4718,-1,-1,-1
320,107,459.11,145.41,59.28,174.07,0.4718,-1,-1,-1
320,109,421.86,174.10,69.05,159.14,0.6893,-1,-1,-1
320,110,337.61,128.60,100.48,211.42,0.8862,-1,-1,-1
320,113,514.19,3.19,131.97,477.34,0.8849,-1,-1,-1
320,114,147.62,71.82,179.80,405.85,0.8649,-1,-1,-1
320,120,36.87,142.99,69.27,177.55,0.8178,-1,-1,-1
320,2,151.50,72.43,178.94,403.42,0.8649,-1,-1,-1
321,106,476.46,140.88,60.17,178.08,0.2370,-1,-1,-1
321,107,472.23,139.57,65.20,151.76,0.1117,-1,-1,-1
321,109,453.44,171.05,50.91,161.36,0.5411,-1,-1,-1
321,110,347.36,123.99,103.98,215.98,0.8861,-1,-1,-1
321,113,541.30,29.05,106.52,450.77,0.3471,-1,-1,-1
321,114,167.18,58.39,173.53,420.50,0.8705,-1,-1,-1
321,120,44.80,136.92,71.02,179.45,0.8634,-1,-1,-1
321,2,170.60,58.61,172.79,418.52,0.8705,-1,-1,-1
321,122,154.01,122.70,50.69,136.94,0.3827,-1,-1,-1
322,106,497.66,154.48,48.72,168.70,0.1091,-1,-1,-1
322,109,473.45,161.91,61.68,169.60,0.6780,-1,-1,-1
322,110,359.32,115.93,104.98,221.23,0.8588,-1,-1,-1
322,114,182.66,46.30,171.56,434.02,0.8802,-1,-1,-1
322,120,55.65,129.33,67.71,179.60,0.8230,-1,-1,-1
322,2,185.52,46.45,170.96,432.20,0.8802,-1,-1,-1
322,122,149.63,113.09,64.50,180.06,0.7456,-1,-1,-1
322,123,544.28,157.91,39.96,137.72,0.4816,-1,-1,-1
322,125,344.36,156.36,47.99,135.54,0.5332,-1,-1,-1
323,106,491.84,158.24,79.29,171.40,0.4599,-1,-1,-1
323,109,487.04,160.94,63.80,170.52,0.5735,-1,-1,-1
323,110,381.42,113.35,99.28,225.29,0.8612,-1,-1,-1
323,114,197.21,41.33,174.49,439.54,0.9011,-1,-1,-1
323,120,71.69,126.69,62.50,176.97,0.8201,-1,-1,-1
323,2,199.75,41.28,173.96,437.99,0.9011,-1,-1,-1
323,122,145.57,106.35,76.90,210.94,0.8354,-1,-1,-1
323,123,547.28,151.92,53.63,143.78,0.5030,-1,-1,-1
323,125,360.11,156.37,50.51,117.56,0.4356,-1,-1,-1
323,127,468.91,164.67,36.74,108.71,0.7130,-1,-1,-1
324,106,492.02,157.98,76.54,171.64,0.3750,-1,-1,-1
324,109,493.11,156.50,88.80,174.49,0.7861,-1,-1,-1
324,110,399.35,107.79,88.07,229.34,0.8248,-1,-1,-1
324,114,205.10,32.96,177.45,446.50,0.9034,-1,-1,-1
324,120,78.51,122.25,60.41,176.29,0.7950,-1,-1,-1
324,2,207.33,32.83,177.00,445.19,0.9034,-1,-1,-1
324,122,138.05,98.17,84.45,226.63,0.8335,-1,-1,-1
324,123,550.60,154.30,55.36,158.94,0.2482,-1,-1,-1
324,125,370.06,150.18,52.89,159.78,0.5656,-1,-1,-1
324,127,474.90,162.57,35.48,108.56,0.6748,-1,-1,-1
325,106,506.91,131.50,74.50,192.81,0.1670,-1,-1,-1
325,109,509.05,152.54,92.45,178.24,0.7680,-1,-1,-1
325,110,417.31,101.38,81.13,236.57,0.8089,-1,-1,-1
325,114,214.12,31.69,180.79,448.76,0.9066,-1,-1,-1
325,120,71.16,121.67,71.96,176.95,0.7950,-1,-1,-1
325,2,216.16,31.50,180.37,447.59,0.9066,-1,-1,-1
325,122,126.95,92.70,90.16,244.17,0.8381,-1,-1,-1
325,123,563.72,162.00,45.89,154.44,0.3107,-1,-1,-1
325,125,379.77,145.21,53.51,175.42,0.7265,-1,-1,-1
325,127,476.47,171.30,34.34,95.73,0.1799,-1,-1,-1
326,106,512.64,124.64,77.98,196.25,0.5852,-1,-1,-1
326,109,525.66,150.73,85.18,180.40,0.6981,-1,-1,-1
326,110,429.42,98.28,77.47,242.91,0.8656,-1,-1,-1
326,114,216.49,34.17,183.30,446.42,0.8993,-1,-1,-1
326,120,67.44,123.29,81.56,178.08,0.7127,-1,-1,-1
326,2,218.27,33.95,182.93,445.38,0.8993,-1,-1,-1
326,122,116.29,89.65,93.88,254.08,0.8178,-1,-1,-1
326,123,579.43,165.85,40.08,151.32,0.4571,-1,-1,-1
326,125,386.51,142.73,51.88,181.80,0.6698,-1,-1,-1
327,106,515.72,115.63,84.25,200.82,0.7679,-1,-1,-1
327,109,553.62,145.12,75.51,183.62,0.8159,-1,-1,-1
327,110,434.86,93.51,84.32,248.55,0.8880,-1,-1,-1
327,114,219.39,35.52,186.93,443.55,0.8833,-1,-1,-1
327,120,70.61,123.59,75.51,176.55,0.6387,-1,-1,-1
327,2,220.97,35.28,186.59,442.63,0.8833,-1,-1,-1
327,122,101.25,82.95,98.74,264.07,0.8709,-1,-1,-1
327,123,568.51,150.01,61.04,176.48,0.8159,-1,-1,-1
327,125,393.45,139.62,53.11,184.09,0.7289,-1,-1,-1
328,106,519.33,111.55,88.88,209.99,0.4250,-1,-1,-1
328,109,567.13,143.31,73.59,189.81,0.7823,-1,-1,-1
328,110,433.45,92.30,96.13,252.23,0.8788,-1,-1,-1
328,114,212.77,38.73,200.65,439.14,0.8396,-1,-1,-1
328,120,62.67,132.22,69.90,169.18,0.2629,-1,-1,-1
328,2,214.16,38.48,200.36,438.34,0.8396,-1,-1,-1
328,122,88.12,79.11,97.88,279.50,0.7852,-1,-1,-1
328,123,568.37,145.91,69.27,189.19,0.7823,-1,-1,-1
328,125,400.07,136.42,53.01,193.65,0.2114,-1,-1,-1
328,129,-1.38,126.19,32.10,160.03,0.7583,-1,-1,-1
328,115,513.25,137.39,46.49,157.64,0.4084,-1,-1,-1
329,106,530.84,108.04,79.68,210.74,0.5157,-1,-1,-1
329,109,567.93,144.25,75.39,190.86,0.8077,-1,-1,-1
329,110,428.31,91.14,103.77,255.66,0.8939,-1,-1,-1
329,114,219.24,39.20,196.65,440.68,0.8232,-1,-1,-1
329,2,220.52,38.98,196.37,439.97,0.8232,-1,-1,-1
329,122,59.33,70.04,109.28,294.51,0.8753,-1,-1,-1
329,123,564.65,146.01,75.04,192.57,0.8077,-1,-1,-1
329,125,405.94,136.50,48.12,161.90,0.4208,-1,-1,-1
329,115,511.25,137.29,52.42,158.32,0.4948,-1,-1,-1
329,107,556.31,108.57,55.63,156.05,0.3832,-1,-1,-1
330,106,547.39,110.03,67.21,216.19,0.7170,-1,-1,-1
330,109,565.68,148.04,79.29,191.95,0.7780,-1,-1,-1
330,110,425.04,92.80,106.47,260.38,0.8873,-1,-1,-1
330,114,234.61,37.03,186.05,444.65,0.8506,-1,-1,-1
330,2,235.73,36.82,185.80,444.02,0.8506,-1,-1,-1
330,122,42.92,64.20,111.43,309.83,0.8381,-1,-1,-1
330,123,561.03,149.49,80.41,194.23,0.7780,-1,-1,-1
330,125,410.38,139.44,47.65,156.19,0.5149,-1,-1,-1
330,115,505.83,138.29,58.17,162.14,0.6628,-1,-1,-1
330,130,-1.55,130.62,47.71,156.93,0.6365,-1,-1,-1
330,107,555.51,110.11,59.31,199.80,0.7170,-1,-1,-1
331,106,559.66,109.27,59.98,225.55,0.7401,-1,-1,-1
331,109,568.13,150.73,77.56,191.26,0.7376,-1,-1,-1
331,110,427.96,92.42,104.09,264.38,0.8693,-1,-1,-1
331,114,240.77,33.14,183.15,447.62,0.8659,-1,-1,-1
331,2,241.70,32.93,182.93,447.07,0.8659,-1,-1,-1
331,122,23.79,55.17,116.36,323.30,0.8639,-1,-1,-1
331,123,563.03,152.03,79.44,193.50,0.7376,-1,-1,-1
331,125,399.28,139.96,65.53,182.88,0.6657,-1,-1,-1
331,115,501.14,137.37,61.82,164.02,0.5724,-1,-1,-1
331,130,-1.79,131.90,47.22,158.44,0.6217,-1,-1,-1
331,107,562.01,108.99,57.82,219.76,0.7401,-1,-1,-1
332,106,562.05,105.09,69.37,223.85,0.7998,-1,-1,-1
332,109,582.88,134.78,62.87,202.09,0.3252,-1,-1,-1
332,110,440.69,88.04,100.21,266.93,0.8648,-1,-1,-1
332,114,240.62,27.74,185.72,452.59,0.9126,-1,-1,-1
332,2,241.47,27.50,185.53,452.11,0.9126,-1,-1,-1
332,122,2.44,44.06,116.62,340.73,0.8851,-1,-1,-1
332,125,407.33,136.39,62.09,195.82,0.6836,-1,-1,-1
332,130,-2.27,131.52,32.79,159.37,0.1509,-1,-1,-1
332,107,562.70,104.74,68.65,223.15,0.7998,-1,-1,-1
333,106,562.58,106.96,76.92,227.52,0.8702,-1,-1,-1
333,110,452.83,87.49,90.89,267.66,0.8395,-1,-1,-1
333,114,243.75,25.59,183.01,455.47,0.8930,-1,-1,-1
333,2,244.49,25.37,182.84,455.04,0.8930,-1,-1,-1
333,122,-6.11,35.93,108.00,354.91,0.9165,-1,-1,-1
333,125,419.05,133.51,56.71,205.96,0.8001,-1,-1,-1
333,107,562.62,106.69,76.89,228.51,0.8702,-1,-1,-1
334,106,556.99,106.62,84.56,225.87,0.9007,-1,-1,-1
334,110,460.30,83.51,92.41,271.87,0.8788,-1,-1,-1
334,114,241.57,27.33,181.78,453.13,0.8954,-1,-1,-1
334,2,242.21,27.12,181.64,452.75,0.8954,-1,-1,-1
334,122,-9.52,26.71,83.04,369.15,0.8868,-1,-1,-1
334,125,419.21,130.30,60.21,213.24,0.8473,-1,-1,-1
334,107,556.82,106.41,84.84,227.50,0.9007,-1,-1,-1
334,120,38.91,121.14,60.95,176.51,0.6977,-1,-1,-1
335,106,552.27,109.36,89.33,223.39,0.8956,-1,-1,-1
335,110,464.06,84.10,90.93,272.74,0.8360,-1,-1,-1
335,114,241.59,28.92,179.43,449.40,0.9059,-1,-1,-1
335,2,242.14,28.73,179.31,449.07,0.9059,-1,-1,-1
335,122,-6.47,38.08,58.16,365.06,0.8330,-1,-1,-1
335,125,418.04,131.65,58.79,216.00,0.6963,-1,-1,-1
335,107,552.03,109.20,89.73,225.12,0.8956,-1,-1,-1
335,132,78.66,175.89,29.40,88.06,0.4101,-1,-1,-1
335,120,29.86,121.01,68.63,180.32,0.7376,-1,-1,-1
336,106,552.89,104.32,88.92,225.60,0.8826,-1,-1,-1
336,110,465.61,77.96,97.51,274.54,0.8487,-1,-1,-1
336,114,241.59,23.39,178.06,452.45,0.9050,-1,-1,-1
336,2,242.07,23.21,177.95,452.17,0.9050,-1,-1,-1
336,125,413.62,127.56,74.14,221.53,0.6553,-1,-1,-1
336,107,552.58,104.22,89.40,227.19,0.8826,-1,-1,-1
336,132,72.81,181.64,24.34,78.99,0.2167,-1,-1,-1
336,120,25.98,116.06,64.44,179.25,0.7521,-1,-1,-1
337,106,566.68,97.30,75.57,225.06,0.8724,-1,-1,-1
337,110,467.21,70.73,108.91,275.80,0.8443,-1,-1,-1
337,114,241.88,13.68,179.94,462.86,0.9129,-1,-1,-1
337,2,242.30,13.51,179.84,462.62,0.9129,-1,-1,-1
337,125,412.83,119.81,87.44,230.00,0.7624,-1,-1,-1
337,107,566.28,97.22,76.15,226.57,0.8724,-1,-1,-1
337,120,26.65,109.65,58.66,176.86,0.8423,-1,-1,-1
338,106,587.68,97.24,54.93,223.73,0.8011,-1,-1,-1
338,110,470.57,69.10,113.69,282.77,0.8408,-1,-1,-1
338,114,242.25,17.74,184.45,461.13,0.9027,-1,-1,-1
338,2,242.63,17.57,184.36,460.92,0.9027,-1,-1,-1
338,125,421.80,117.59,79.56,230.21,0.7688,-1,-1,-1
338,107,587.22,97.17,55.59,225.08,0.8011,-1,-1,-1
338,120,24.78,112.62,61.61,178.91,0.8275,-1,-1,-1
339,106,594.69,94.73,46.39,227.55,0.8486,-1,-1,-1
339,110,468.89,67.79,117.32,287.68,0.8681,-1,-1,-1
339,114,242.21,16.75,185.45,462.06,0.9062,-1,-1,-1
339,2,242.54,16.59,185.37,461.87,0.9062,-1,-1,-1
339,125,429.61,115.54,75.21,226.55,0.7680,-1,-1,-1
339,107,594.40,94.69,46.83,228.68,0.8486,-1,-1,-1
339,120,23.60,112.49,62.72,180.65,0.8276,-1,-1,-1
339,135,-0.86,157.27,28.79,134.39,0.4014,-1,-1,-1
340,106,603.28,93.75,37.87,229.47,0.8175,-1,-1,-1
340,110,470.32,66.31,126.57,290.50,0.8770,-1,-1,-1
340,114,243.56,12.77,189.37,466.44,0.8863,-1,-1,-1
340,2,243.85,12.62,189.30,466.28,0.8863,-1,-1,-1
340,125,451.91,115.62,61.80,219.88,0.7128,-1,-1,-1
340,107,603.09,93.73,38.21,230.47,0.8175,-1,-1,-1
340,120,16.64,111.81,84.44,182.80,0.8413,-1,-1,-1
340,135,-0.84,125.51,24.13,165.05,0.5376,-1,-1,-1
340,136,188.99,200.71,15.65,38.30,0.4480,-1,-1,-1
341,106,611.15,111.38,30.32,215.83,0.6625,-1,-1,-1
341,110,490.03,65.97,122.58,294.62,0.8618,-1,-1,-1
341,114,250.53,14.29,186.64,466.03,0.8715,-1,-1,-1
341,2,250.79,14.16,186.58,465.89,0.8715,-1,-1,-1
341,125,471.93,119.31,56.25,224.31,0.7191,-1,-1,-1
341,107,611.05,111.30,30.55,216.78,0.6625,-1,-1,-1
341,120,8.75,115.53,102.54,182.96,0.8640,-1,-1,-1
341,135,0.07,115.25,27.00,175.92,0.6964,-1,-1,-1
341,137,433.77,108.86,53.93,208.00,0.7800,-1,-1,-1
342,106,614.48,106.67,26.53,221.61,0.4782,-1,-1,-1
342,110,511.65,61.03,117.73,299.08,0.8154,-1,-1,-1
342,114,254.73,13.10,191.17,466.13,0.8401,-1,-1,-1
342,2,254.95,12.98,191.12,466.00,0.8401,-1,-1,-1
342,125,486.19,114.32,59.27,233.91,0.8003,-1,-1,-1
342,120,4.87,115.44,110.73,182.44,0.8865,-1,-1,-1
342,135,1.01,109.40,34.29,181.49,0.7069,-1,-1,-1
342,137,434.25,104.83,63.23,216.41,0.7182,-1,-1,-1
342,138,229.74,170.69,34.03,86.47,0.6955,-1,-1,-1
343,110,541.72,60.59,102.68,307.07,0.8511,-1,-1,-1
343,114,255.41,16.05,208.31,466.08,0.8245,-1,-1,-1
343,2,255.62,15.94,208.26,465.97,0.8245,-1,-1,-1
343,125,500.66,116.77,68.36,240.83,0.7783,-1,-1,-1
343,120,19.02,119.83,99.07,177.42,0.8432,-1,-1,-1
343,135,2.25,114.17,46.79,187.05,0.7693,-1,-1,-1
343,137,450.84,104.93,61.14,220.55,0.7998,-1,-1,-1
343,138,227.56,174.10,37.43,88.74,0.7600,-1,-1,-1
344,110,557.31,58.57,88.02,314.44,0.8875,-1,-1,-1
344,114,259.75,14.79,212.51,465.89,0.8382,-1,-1,-1
344,2,259.94,14.69,212.46,465.79,0.8382,-1,-1,-1
344,125,505.15,118.74,76.87,241.70,0.8537,-1,-1,-1
344,120,31.31,119.67,83.29,177.59,0.8142,-1,-1,-1
344,135,1.32,116.28,54.41,184.50,0.7613,-1,-1,-1
344,137,459.16,103.57,58.65,227.87,0.7392,-1,-1,-1
344,138,221.66,173.14,37.63,90.40,0.7700,-1,-1,-1
345,110,576.22,53.82,71.05,321.01,0.8783,-1,-1,-1
345,114,272.25,6.06,216.58,472.54,0.8087,-1,-1,-1
345,2,272.42,5.97,216.53,472.45,0.8087,-1,-1,-1
345,125,517.87,115.66,80.58,244.52,0.8285,-1,-1,-1
345,120,53.15,116.03,62.31,179.81,0.8050,-1,-1,-1
345,135,0.92,117.48,65.76,179.38,0.8403,-1,-1,-1
345,137,467.65,97.53,52.76,234.86,0.4731,-1,-1,-1
345,138,211.79,169.59,43.88,94.05,0.7456,-1,-1,-1
346,110,596.71,57.68,48.96,327.24,0.7633,-1,-1,-1
346,114,295.17,6.48,204.14,473.89,0.7968,-1,-1,-1
346,2,295.33,6.39,204.10,473.82,0.7968,-1,-1,-1
346,125,541.51,117.04,83.75,253.46,0.7942,-1,-1,-1
346,120,72.13,123.63,52.83,179.43,0.7773,-1,-1,-1
346,135,4.60,127.42,75.18,175.20,0.8447,-1,-1,-1
346,137,466.83,101.97,54.95,243.87,0.4935,-1,-1,-1
346,138,210.67,175.41,47.36,95.66,0.7929,-1,-1,-1
347,114,306.40,1.70,207.27,477.36,0.8326,-1,-1,-1
347,2,306.53,1.62,207.24,477.30,0.8326,-1,-1,-1
347,125,567.68,113.10,76.38,262.08,0.8130,-1,-1,-1
347,120,84.83,127.22,60.09,178.46,0.8375,-1,-1,-1
347,135,9.81,128.68,79.68,176.35,0.8244,-1,-1,-1
347,137,485.86,97.27,57.15,248.28,0.4443,-1,-1,-1
347,138,213.28,175.91,46.75,96.78,0.7566,-1,-1,-1
348,114,314.46,-0.98,205.40,478.74,0.7764,-1,-1,-1
348,2,314.57,-1.05,205.37,478.69,0.7764,-1,-1,-1
348,125,583.48,107.06,63.39,261.41,0.8473,-1,-1,-1
348,120,87.45,126.60,71.86,175.43,0.8690,-1,-1,-1
348,135,20.86,124.65,72.24,175.98,0.7701,-1,-1,-1
348,137,489.45,88.12,58.67,262.51,0.2160,-1,-1,-1
348,138,212.77,171.09,43.41,99.41,0.6570,-1,-1,-1
349,114,319.90,0.60,207.19,479.24,0.8062,-1,-1,-1
349,2,320.00,0.54,207.16,479.19,0.8062,-1,-1,-1
349,125,598.45,111.59,47.91,261.67,0.7199,-1,-1,-1
349,120,88.30,131.62,80.77,171.68,0.8357,-1,-1,-1
349,135,40.23,126.90,62.83,176.57,0.7852,-1,-1,-1
349,137,499.11,84.97,61.95,277.00,0.5499,-1,-1,-1
349,138,207.51,171.69,43.92,102.14,0.5479,-1,-1,-1
349,130,25.72,158.54,34.67,118.80,0.5405,-1,-1,-1
350,114,321.16,0.56,205.97,479.13,0.8556,-1,-1,-1
350,2,321.24,0.50,205.95,479.09,0.8556,-1,-1,-1
350,125,607.85,127.14,34.62,247.87,0.6293,-1,-1,-1
350,120,87.73,130.95,83.81,173.17,0.8514,-1,-1,-1
350,135,48.96,127.98,58.25,173.40,0.7859,-1,-1,-1
350,137,505.63,80.39,58.58,295.03,0.7982,-1,-1,-1
350,138,201.92,170.39,43.70,104.06,0.6748,-1,-1,-1
350,130,26.31,158.39,35.57,117.20,0.5303,-1,-1,-1
351,114,323.29,0.07,208.93,479.04,0.8401,-1,-1,-1
351,2,323.37,0.02,208.91,479.00,0.8401,-1,-1,-1
351,120,109.52,127.89,64.32,171.02,0.8051,-1,-1,-1
351,135,51.60,127.20,76.82,171.70,0.8459,-1,-1,-1
351,137,511.74,67.78,63.88,320.77,0.7698,-1,-1,-1
351,138,197.40,168.02,44.88,104.19,0.6916,-1,-1,-1
351,130,25.50,154.84,40.42,118.56,0.5894,-1,-1,-1
352,114,326.10,-0.34,201.60,477.34,0.8305,-1,-1,-1
352,2,326.17,-0.39,201.58,477.31,0.8305,-1,-1,-1
352,120,128.46,126.04,54.95,170.07,0.8240,-1,-1,-1
352,135,53.41,128.49,92.82,168.06,0.8871,-1,-1,-1
352,137,512.66,59.37,82.14,342.61,0.5611,-1,-1,-1
352,138,193.42,165.62,46.35,107.17,0.7718,-1,-1,-1
352,130,26.84,152.17,45.51,119.75,0.3489,-1,-1,-1
353,114,330.02,-1.83,205.28,477.74,0.8403,-1,-1,-1
353,2,330.09,-1.87,205.27,477.71,0.8403,-1,-1,-1
353,120,142.49,121.84,54.94,170.75,0.8178,-1,-1,-1
353,135,57.84,129.28,96.80,163.62,0.8760,-1,-1,-1
353,137,516.49,47.88,99.40,366.31,0.8688,-1,-1,-1
353,138,194.03,160.88,45.12,109.08,0.5693,-1,-1,-1
353,130,29.09,145.89,45.14,122.57,0.3288,-1,-1,-1
353,143,0.38,91.75,38.59,254.42,0.7840,-1,-1,-1
354,114,331.28,1.69,208.92,475.77,0.8394,-1,-1,-1
354,2,331.34,1.65,208.90,475.74,0.8394,-1,-1,-1
354,120,152.26,126.18,60.09,170.71,0.8322,-1,-1,-1
354,135,65.36,133.69,93.20,162.43,0.8426,-1,-1,-1
354,137,521.74,45.05,110.34,381.97,0.9041,-1,-1,-1
354,138,194.98,164.62,40.31,107.03,0.6842,-1,-1,-1
354,130,33.56,147.42,44.32,124.70,0.2613,-1,-1,-1
354,143,1.05,90.34,43.03,261.68,0.7611,-1,-1,-1
354,144,530.97,57.63,38.34,69.34,0.5130,-1,-1,-1
355,114,330.52,1.38,220.55,475.41,0.7049,-1,-1,-1
355,2,330.57,1.34,220.53,475.39,0.7049,-1,-1,-1
355,120,155.82,132.79,78.79,168.16,0.8619,-1,-1,-1
355,135,87.06,135.37,83.68,162.17,0.8368,-1,-1,-1
355,137,539.32,36.75,102.81,401.00,0.8924,-1,-1,-1
355,143,0.35,76.00,65.27,294.02,0.8493,-1,-1,-1
355,144,537.26,49.86,45.42,100.31,0.5609,-1,-1,-1
356,114,328.80,-1.67,230.47,472.07,0.6621,-1,-1,-1
356,2,328.84,-1.70,230.46,472.05,0.6621,-1,-1,-1
356,120,153.98,128.86,86.64,166.42,0.8628,-1,-1,-1
356,135,105.56,127.89,68.87,162.68,0.7902,-1,-1,-1
356,137,552.22,18.54,90.79,418.25,0.8952,-1,-1,-1
356,143,-1.09,48.40,77.35,315.81,0.8704,-1,-1,-1
356,144,540.16,35.44,51.00,123.73,0.2728,-1,-1,-1
357,114,327.00,-1.47,233.85,478.12,0.7511,-1,-1,-1
357,2,327.04,-1.50,233.84,478.10,0.7511,-1,-1,-1
357,120,157.19,127.05,83.07,166.48,0.8381,-1,-1,-1
357,135,120.36,125.44,59.90,161.74,0.7951,-1,-1,-1
357,137,569.42,11.62,73.71,455.91,0.7955,-1,-1,-1
357,143,-2.81,37.03,98.18,319.07,0.9116,-1,-1,-1
358,114,328.54,1.88,234.50,478.61,0.7974,-1,-1,-1
358,2,328.57,1.85,234.49,478.59,0.7974,-1,-1,-1
358,120,169.44,130.19,68.50,165.09,0.7143,-1,-1,-1
358,135,126.68,130.70,59.67,161.60,0.8413,-1,-1,-1
358,137,582.24,45.53,58.57,415.26,0.7906,-1,-1,-1
358,143,-0.83,39.40,107.25,316.11,0.9061,-1,-1,-1
358,145,535.68,21.66,76.84,371.81,0.8244,-1,-1,-1
359,114,328.81,21.27,230.09,464.46,0.8331,-1,-1,-1
359,2,328.84,21.25,230.08,464.45,0.8331,-1,-1,-1
359,120,183.45,153.96,51.90,163.75,0.7842,-1,-1,-1
359,135,122.12,158.21,70.31,157.95,0.8435,-1,-1,-1
359,137,591.68,82.26,46.49,387.83,0.7897,-1,-1,-1
359,143,0.07,70.58,104.39,311.20,0.9116,-1,-1,-1
359,145,532.71,44.89,80.00,382.92,0.8600,-1,-1,-1
360,114,332.61,28.86,228.46,453.83,0.8131,-1,-1,-1
360,2,332.64,28.84,228.46,453.82,0.8131,-1,-1,-1
360,120,193.37,161.19,43.76,164.45,0.8011,-1,-1,-1
360,135,121.91,163.30,74.10,161.89,0.8403,-1,-1,-1
360,143,0.97,80.05,100.48,311.97,0.9074,-1,-1,-1
360,145,536.21,44.85,94.02,400.91,0.8534,-1,-1,-1
361,114,332.75,19.38,228.14,455.57,0.8067,-1,-1,-1
361,2,332.78,19.36,228.13,455.56,0.8067,-1,-1,-1
361,120,190.73,156.73,46.58,164.80,0.8306,-1,-1,-1
361,135,117.94,159.96,73.02,161.24,0.8033,-1,-1,-1
361,143,-2.87,73.22,96.92,317.38,0.9181,-1,-1,-1
361,145,529.97,23.40,110.77,420.46,0.8875,-1,-1,-1
362,114,333.40,11.57,224.59,462.39,0.8219,-1,-1,-1
362,2,333.42,11.55,224.58,462.38,0.8219,-1,-1,-1
362,120,184.35,152.91,52.27,163.26,0.8650,-1,-1,-1
362,135,128.55,153.83,57.55,157.42,0.7194,-1,-1,-1
362,143,-3.49,64.21,95.35,323.35,0.8995,-1,-1,-1
362,145,526.48,2.46,116.45,441.33,0.8871,-1,-1,-1
363,114,339.39,12.73,222.54,461.90,0.8706,-1,-1,-1
363,2,339.41,12.72,222.53,461.89,0.8706,-1,-1,-1
363,120,183.37,156.77,59.01,162.43,0.8109,-1,-1,-1
363,135,138.43,155.61,50.53,155.86,0.7851,-1,-1,-1
363,143,-0.81,66.36,100.51,327.08,0.8985,-1,-1,-1
363,145,531.73,-1.87,114.48,453.44,0.8737,-1,-1,-1
363,147,99.85,174.81,45.33,135.31,0.7428,-1,-1,-1
364,114,349.32,17.92,213.25,458.33,0.8308,-1,-1,-1
364,2,349.34,17.91,213.24,458.32,0.8308,-1,-1,-1
364,120,184.88,164.02,59.91,162.91,0.8289,-1,-1,-1
364,135,146.05,163.03,48.17,156.37,0.8068,-1,-1,-1
364,143,-0.62,74.55,106.91,329.34,0.8798,-1,-1,-1
364,145,541.58,-0.50,105.32,473.05,0.8256,-1,-1,-1
364,147,95.90,180.58,46.77,137.62,0.7116,-1,-1,-1
365,114,351.28,21.71,205.23,457.49,0.8641,-1,-1,-1
365,2,351.29,21.70,205.23,457.49,0.8641,-1,-1,-1
365,120,190.21,169.09,52.73,160.76,0.8368,-1,-1,-1
365,135,144.38,168.40,51.54,156.72,0.8375,-1,-1,-1
365,143,-1.38,81.87,107.19,327.18,0.8847,-1,-1,-1
365,145,545.76,23.82,97.44,456.62,0.8246,-1,-1,-1
365,147,83.93,179.58,49.66,144.18,0.3854,-1,-1,-1
366,114,351.95,14.61,199.02,465.80,0.8090,-1,-1,-1
366,2,351.96,14.60,199.01,465.79,0.8090,-1,-1,-1
366,120,191.55,155.71,48.98,161.78,0.8535,-1,-1,-1
366,135,132.92,159.23,73.59,155.09,0.8549,-1,-1,-1
366,143,-3.95,67.87,104.35,329.25,0.8833,-1,-1,-1
366,145,566.19,22.63,75.68,459.74,0.8544,-1,-1,-1
366,147,68.05,166.55,38.98,145.99,0.1963,-1,-1,-1
367,114,359.71,10.41,199.74,468.66,0.7831,-1,-1,-1
367,2,359.72,10.40,199.74,468.66,0.7831,-1,-1,-1
367,120,201.51,147.60,49.04,160.18,0.8118,-1,-1,-1
367,135,135.99,151.69,76.34,153.28,0.8683,-1,-1,-1
367,143,0.07,60.28,111.83,326.72,0.6887,-1,-1,-1
367,145,592.47,28.84,51.20,454.27,0.4231,-1,-1,-1
367,147,66.15,156.24,36.14,147.00,0.1716,-1,-1,-1
367,144,602.02,35.46,38.10,258.41,0.6350,-1,-1,-1
368,114,370.06,13.62,203.68,462.19,0.7972,-1,-1,-1
368,2,370.07,13.61,203.68,462.19,0.7972,-1,-1,-1
368,120,213.66,149.17,53.62,158.69,0.8367,-1,-1,-1
368,135,145.07,154.50,75.16,151.11,0.8737,-1,-1,-1
368,143,4.10,64.17,120.69,324.64,0.9084,-1,-1,-1
368,147,75.77,156.92,43.34,146.43,0.1265,-1,-1,-1
369,114,380.76,16.30,207.34,460.12,0.7992,-1,-1,-1
369,2,380.77,16.29,207.33,460.11,0.7992,-1,-1,-1
369,120,223.94,155.60,62.62,158.12,0.8792,-1,-1,-1
369,135,159.75,160.32,71.78,150.76,0.8360,-1,-1,-1
369,143,5.54,75.25,133.14,313.47,0.9081,-1,-1,-1
370,114,377.59,25.48,169.85,445.52,0.3531,-1,-1,-1
370,2,402.35,13.35,193.12,463.41,0.7041,-1,-1,-1
370,120,222.85,160.52,67.25,156.54,0.8730,-1,-1,-1
370,135,171.02,162.54,63.96,148.78,0.8049,-1,-1,-1
370,143,1.27,78.39,138.93,307.13,0.9045,-1,-1,-1
370,148,0.03,208.37,30.34,155.55,0.4450,-1,-1,-1
371,114,378.21,12.44,214.45,463.62,0.7239,-1,-1,-1
371,2,385.86,11.06,166.89,458.86,0.3409,-1,-1,-1
371,120,223.42,159.67,67.09,156.73,0.8603,-1,-1,-1
371,135,184.11,158.28,54.75,151.48,0.8103,-1,-1,-1
371,143,-0.14,75.14,139.25,307.98,0.8934,-1,-1,-1
371,148,-0.18,215.46,39.91,155.49,0.2539,-1,-1,-1
372,114,389.56,3.67,231.57,471.28,0.7739,-1,-1,-1
372,2,392.44,2.98,217.73,470.34,0.7739,-1,-1,-1
372,120,231.44,159.25,64.45,155.37,0.8309,-1,-1,-1
372,135,194.92,158.27,52.17,151.30,0.8387,-1,-1,-1
372,143,5.93,73.84,137.79,308.00,0.8884,-1,-1,-1
372,148,1.33,176.83,43.00,198.35,0.4373,-1,-1,-1
373,114,392.90,0.37,246.23,475.69,0.7730,-1,-1,-1
373,2,394.16,0.04,240.25,475.60,0.7730,-1,-1,-1
373,120,247.22,158.17,59.57,156.29,0.8102,-1,-1,-1
373,135,206.49,159.10,54.46,150.67,0.7865,-1,-1,-1
373,143,17.47,78.59,136.95,307.51,0.8768,-1,-1,-1
373,148,2.27,131.87,42.39,247.58,0.5748,-1,-1,-1
374,114,398.11,-0.31,247.53,479.16,0.8052,-1,-1,-1
374,2,398.49,-0.44,245.44,479.16,0.8052,-1,-1,-1
374,120,264.28,158.91,50.31,156.66,0.8150,-1,-1,-1
374,135,214.21,163.45,58.61,148.26,0.8291,-1,-1,-1
374,143,25.15,83.54,137.07,309.96,0.9135,-1,-1,-1
374,148,1.55,109.62,47.73,273.48,0.8111,-1,-1,-1
374,150,187.56,221.22,20.36,49.17,0.6453,-1,-1,-1
375,114,413.03,-1.14,232.98,482.11,0.8331,-1,-1,-1
375,2,412.95,-1.18,232.58,482.09,0.8331,-1,-1,-1
375,120,273.33,157.79,46.14,157.46,0.8192,-1,-1,-1
375,135,217.13,163.74,59.88,147.75,0.8252,-1,-1,-1
375,143,28.64,80.10,132.54,317.56,0.9087,-1,-1,-1
375,148,-0.32,96.96,50.97,287.88,0.8408,-1,-1,-1
375,150,188.54,221.28,18.46,48.20,0.4484,-1,-1,-1
376,114,425.57,-0.75,220.03,483.36,0.8702,-1,-1,-1
376,2,425.37,-0.75,220.22,483.32,0.8702,-1,-1,-1
376,120,278.87,159.18,45.14,155.72,0.8114,-1,-1,-1
376,135,222.34,162.90,56.90,149.47,0.8276,-1,-1,-1
376,143,32.53,79.35,132.23,316.22,0.8995,-1,-1,-1
376,148,-1.55,91.37,58.14,293.59,0.8471,-1,-1,-1
376,150,187.81,219.63,18.56,48.51,0.4895,-1,-1,-1
377,114,448.34,11.37,195.30,471.07,0.8271,-1,-1,-1
377,2,448.06,11.39,195.71,471.03,0.8271,-1,-1,-1
377,120,281.25,160.50,46.36,154.73,0.8217,-1,-1,-1
377,135,229.24,160.42,50.64,147.37,0.8411,-1,-1,-1
377,143,34.76,74.09,136.02,316.95,0.9036,-1,-1,-1
377,148,-1.78,87.11,63.57,299.88,0.8691,-1,-1,-1
377,150,186.19,217.66,19.72,49.48,0.5288,-1,-1,-1
377,151,446.94,193.08,40.01,89.84,0.6946,-1,-1,-1
378,114,473.98,21.95,168.62,458.92,0.7827,-1,-1,-1
378,2,473.68,21.97,169.09,458.88,0.7827,-1,-1,-1
378,120,283.37,160.26,47.47,155.69,0.7886,-1,-1,-1
378,135,234.42,159.60,46.42,147.75,0.8088,-1,-1,-1
378,143,40.94,72.48,133.84,310.43,0.9042,-1,-1,-1
378,148,-2.05,86.61,66.94,302.33,0.8417,-1,-1,-1
378,150,186.26,217.05,19.16,49.14,0.4006,-1,-1,-1
378,151,449.29,193.59,39.94,91.55,0.7469,-1,-1,-1
379,114,499.18,35.01,142.33,444.92,0.8235,-1,-1,-1
379,2,498.89,35.04,142.78,444.87,0.8235,-1,-1,-1
379,120,287.45,156.70,47.39,154.90,0.8250,-1,-1,-1
379,135,237.79,158.28,44.58,147.72,0.7581,-1,-1,-1
379,143,42.78,70.43,132.03,311.26,0.9090,-1,-1,-1
379,148,-2.85,86.85,61.67,292.41,0.8316,-1,-1,-1
379,150,184.43,214.49,18.70,49.52,0.1953,-1,-1,-1
379,151,447.68,191.48,41.39,89.42,0.7358,-1,-1,-1
380,114,527.09,50.91,112.73,429.34,0.7982,-1,-1,-1
380,2,526.83,50.94,113.09,429.29,0.7982,-1,-1,-1
380,120,291.41,159.02,45.49,153.67,0.8534,-1,-1,-1
380,135,238.75,161.37,50.58,147.63,0.7777,-1,-1,-1
380,143,41.47,71.82,130.42,316.07,0.9091,-1,-1,-1
380,148,-2.43,91.67,58.12,289.07,0.8308,-1,-1,-1
380,150,177.95,217.14,20.33,50.40,0.1792,-1,-1,-1
380,151,444.96,193.41,41.15,91.12,0.7601,-1,-1,-1
381,114,549.84,73.31,89.17,406.41,0.8514,-1,-1,-1
381,2,549.65,73.34,89.42,406.36,0.8514,-1,-1,-1
381,120,293.04,161.78,45.69,154.35,0.8393,-1,-1,-1
381,135,236.39,167.77,56.40,145.45,0.8033,-1,-1,-1
381,143,38.27,75.18,128.34,321.70,0.9010,-1,-1,-1
381,148,-2.67,102.02,53.13,281.91,0.8099,-1,-1,-1
381,150,172.55,219.04,20.94,52.60,0.3524,-1,-1,-1
381,151,442.54,195.91,41.95,91.59,0.6528,-1,-1,-1
381,153,509.00,165.34,64.84,167.21,0.7992,-1,-1,-1
382,114,572.47,107.16,66.58,369.64,0.8172,-1,-1,-1
382,2,572.34,107.20,66.74,369.58,0.8172,-1,-1,-1
382,120,292.06,159.39,50.23,156.05,0.8302,-1,-1,-1
382,135,232.56,168.76,58.30,144.09,0.7872,-1,-1,-1
382,143,33.46,74.93,125.60,328.13,0.8928,-1,-1,-1
382,148,-3.18,114.14,45.16,236.22,0.7745,-1,-1,-1
382,150,167.27,218.53,19.98,51.50,0.2447,-1,-1,-1
382,151,444.82,194.47,39.27,90.63,0.5538,-1,-1,-1
382,153,508.31,163.72,74.62,171.88,0.8205,-1,-1,-1
383,114,591.88,201.08,47.32,277.00,0.6736,-1,-1,-1
383,2,591.82,201.13,47.40,276.94,0.6736,-1,-1,-1
383,120,289.76,161.24,55.81,158.52,0.8608,-1,-1,-1
383,135,228.63,171.73,59.05,144.31,0.8325,-1,-1,-1
383,143,23.78,76.13,125.68,334.87,0.9024,-1,-1,-1
383,148,-2.93,129.85,40.07,210.23,0.7271,-1,-1,-1
383,150,160.37,223.51,20.39,49.58,0.1619,-1,-1,-1
383,151,441.88,199.33,37.11,87.40,0.5164,-1,-1,-1
383,153,504.17,163.85,86.51,178.81,0.8430,-1,-1,-1
384,120,283.99,159.96,56.40,157.91,0.8820,-1,-1,-1
384,135,227.47,166.86,58.98,144.39,0.8165,-1,-1,-1
384,143,8.13,72.65,126.82,335.49,0.8993,-1,-1,-1
384,148,-3.23,162.76,28.93,161.41,0.5620,-1,-1,-1
384,150,149.99,218.76,20.24,51.52,0.2843,-1,-1,-1
384,151,433.44,195.87,41.52,87.78,0.5954,-1,-1,-1
384,153,505.61,154.30,86.43,185.76,0.8693,-1,-1,-1
385,120,283.79,159.62,55.96,157.47,0.8696,-1,-1,-1
385,135,233.39,163.49,54.09,145.16,0.8233,-1,-1,-1
385,143,1.82,68.16,126.70,334.26,0.9165,-1,-1,-1
385,150,146.47,229.12,18.71,39.70,0.2529,-1,-1,-1
385,151,431.95,194.39,42.24,86.66,0.7242,-1,-1,-1
385,153,510.69,148.99,82.76,192.28,0.8483,-1,-1,-1
386,120,283.27,157.66,54.43,157.51,0.8676,-1,-1,-1
386,135,236.15,160.48,51.33,147.98,0.8104,-1,-1,-1
386,143,-1.79,63.95,122.78,336.58,0.9177,-1,-1,-1
386,150,138.93,234.23,17.69,34.80,0.2125,-1,-1,-1
386,151,427.23,192.11,43.03,86.55,0.6964,-1,-1,-1
386,153,519.56,144.36,66.00,203.63,0.8515,-1,-1,-1
387,120,285.31,153.94,49.29,158.51,0.8399,-1,-1,-1
387,135,234.27,159.10,53.04,148.55,0.8193,-1,-1,-1
387,143,-3.16,58.47,119.03,346.09,0.9154,-1,-1,-1
387,150,128.73,233.75,17.03,33.53,0.1182,-1,-1,-1
387,151,421.02,190.77,42.20,86.81,0.6860,-1,-1,-1
387,153,522.13,138.32,67.88,217.97,0.8725,-1,-1,-1
388,120,287.57,154.72,45.57,159.39,0.8042,-1,-1,-1
388,135,234.54,162.33,51.98,147.19,0.8594,-1,-1,-1
388,143,-1.99,57.15,113.25,354.61,0.9080,-1,-1,-1
388,150,122.53,235.74,17.66,33.64,0.2308,-1,-1,-1
388,151,417.54,190.76,40.64,88.68,0.5981,-1,-1,-1
388,153,522.60,135.95,69.37,228.78,0.8618,-1,-1,-1
389,120,284.75,162.03,45.37,159.31,0.7682,-1,-1,-1
389,135,229.71,170.24,52.49,144.89,0.8681,-1,-1,-1
389,143,-2.46,60.37,108.16,357.38,0.9008,-1,-1,-1
389,151,414.04,196.53,37.59,87.91,0.4208,-1,-1,-1
389,153,522.84,136.77,72.40,241.49,0.8784,-1,-1,-1
390,120,277.47,161.71,49.59,156.01,0.8282,-1,-1,-1
390,135,223.25,167.36,53.55,147.69,0.8404,-1,-1,-1
390,143,-2.93,57.72,98.58,347.76,0.8814,-1,-1,-1
390,151,404.79,194.33,38.38,86.17,0.6970,-1,-1,-1
390,153,519.93,127.36,75.11,252.63,0.8743,-1,-1,-1
390,150,101.63,223.78,20.98,49.37,0.3754,-1,-1,-1
391,120,269.00,161.87,49.13,154.25,0.7900,-1,-1,-1
391,135,215.96,164.67,51.01,144.60,0.8555,-1,-1,-1
391,143,-3.16,81.43,83.64,323.23,0.8843,-1,-1,-1
391,151,395.41,192.11,36.63,84.56,0.6724,-1,-1,-1
391,153,508.92,116.58,91.78,265.36,0.8818,-1,-1,-1
391,150,87.78,218.25,23.28,54.71,0.2097,-1,-1,-1
392,120,264.51,158.60,49.90,156.57,0.7479,-1,-1,-1
392,135,213.35,161.95,48.20,145.04,0.8308,-1,-1,-1
392,143,-1.42,92.15,68.25,314.86,0.8573,-1,-1,-1
392,151,388.58,192.08,36.49,80.21,0.7530,-1,-1,-1
392,153,501.86,109.19,110.95,275.51,0.8903,-1,-1,-1
392,150,76.30,218.72,23.85,54.30,0.3589,-1,-1,-1
392,160,350.19,217.23,13.32,32.90,0.3846,-1,-1,-1
393,120,260.09,162.99,51.91,154.32,0.8069,-1,-1,-1
393,135,210.25,164.57,46.67,148.20,0.8187,-1,-1,-1
393,143,-0.62,101.86,54.09,311.10,0.7828,-1,-1,-1
393,151,382.92,196.29,36.86,81.59,0.7256,-1,-1,-1
393,153,494.43,107.06,136.90,296.87,0.9025,-1,-1,-1
393,150,66.57,224.64,22.88,52.34,0.1030,-1,-1,-1
393,160,342.52,219.91,13.01,33.77,0.4788,-1,-1,-1
394,120,261.75,162.34,51.28,154.02,0.7966,-1,-1,-1
394,135,212.63,165.00,45.87,149.37,0.8239,-1,-1,-1
394,143,1.31,104.59,61.98,311.48,0.6979,-1,-1,-1
394,151,383.09,196.24,37.16,82.44,0.7380,-1,-1,-1
394,153,494.84,103.25,145.80,311.21,0.9112,-1,-1,-1
394,150,64.77,228.76,21.40,49.10,0.2114,-1,-1,-1
394,160,342.32,220.83,12.57,33.59,0.3722,-1,-1,-1
395,120,256.21,158.83,51.15,154.63,0.8398,-1,-1,-1
395,135,208.18,161.56,49.99,149.91,0.8530,-1,-1,-1
395,143,-0.28,103.72,42.12,253.27,0.6573,-1,-1,-1
395,151,377.68,193.16,36.94,83.43,0.7644,-1,-1,-1
395,153,489.36,94.23,152.95,332.01,0.9142,-1,-1,-1
395,150,54.84,217.71,23.11,56.65,0.5390,-1,-1,-1
395,160,335.68,218.52,11.92,33.08,0.2936,-1,-1,-1
396,120,253.91,161.21,49.13,155.30,0.8373,-1,-1,-1
396,135,204.24,165.68,54.59,149.97,0.8394,-1,-1,-1
396,143,-0.19,110.03,26.86,228.63,0.6883,-1,-1,-1
396,151,373.49,196.86,35.91,82.73,0.7302,-1,-1,-1
396,153,488.43,88.89,155.54,356.15,0.9193,-1,-1,-1
396,150,45.35,221.78,23.43,54.49,0.2523,-1,-1,-1
396,160,330.70,220.47,12.54,33.46,0.1817,-1,-1,-1
397,120,253.79,164.55,48.04,155.15,0.8373,-1,-1,-1
397,135,200.49,168.88,54.63,148.43,0.8517,-1,-1,-1
397,151,370.73,199.97,32.84,81.13,0.4871,-1,-1,-1
397,153,491.93,79.80,152.68,381.74,0.9147,-1,-1,-1
397,150,37.30,232.61,22.19,44.54,0.1317,-1,-1,-1
397,160,326.05,219.50,13.61,37.04,0.2996,-1,-1,-1
398,120,254.33,168.10,47.58,154.75,0.8324,-1,-1,-1
398,135,199.83,172.26,53.42,147.47,0.8325,-1,-1,-1
398,151,369.88,201.84,32.77,80.45,0.5843,-1,-1,-1
398,153,505.96,65.33,141.21,406.51,0.8971,-1,-1,-1
398,150,31.28,226.62,27.24,53.99,0.1265,-1,-1,-1
398,160,323.99,219.46,13.52,38.25,0.4336,-1,-1,-1
399,120,253.68,166.13,49.11,155.24,0.8189,-1,-1,-1
399,135,200.29,170.07,52.67,147.39,0.8104,-1,-1,-1
399,151,368.77,197.37,34.81,82.68,0.5748,-1,-1,-1
399,153,518.55,44.63,128.81,434.16,0.8849,-1,-1,-1
399,150,26.49,223.06,26.13,57.23,0.4439,-1,-1,-1
399,160,322.12,219.18,14.50,36.41,0.3617,-1,-1,-1
400,120,251.45,164.56,48.84,153.69,0.8584,-1,-1,-1
400,135,203.57,165.70,47.11,147.95,0.8163,-1,-1,-1
400,151,365.12,195.50,33.27,83.85,0.7028,-1,-1,-1
400,153,535.11,27.85,110.15,456.23,0.8502,-1,-1,-1
400,150,18.62,219.45,24.20,57.90,0.2817,-1,-1,-1
400,160,317.19,217.94,13.92,36.06,0.3485,-1,-1,-1
401,120,248.55,164.74,48.51,151.58,0.8306,-1,-1,-1
401,135,199.99,164.53,50.02,147.89,0.8370,-1,-1,-1
401,151,359.71,198.21,32.54,82.25,0.4776,-1,-1,-1
401,153,557.34,24.17,85.42,462.91,0.8554,-1,-1,-1
401,150,6.22,217.68,25.61,58.99,0.2441,-1,-1,-1
401,160,309.77,221.45,14.04,34.14,0.2433,-1,-1,-1
402,120,246.22,160.97,46.79,150.37,0.8265,-1,-1,-1
402,135,197.08,160.98,50.50,148.78,0.8397,-1,-1,-1
402,151,354.02,198.67,34.32,78.30,0.2657,-1,-1,-1
402,153,580.33,55.38,62.95,429.93,0.8286,-1,-1,-1
402,150,-2.12,216.17,23.83,57.60,0.1170,-1,-1,-1
402,160,305.62,216.80,13.38,35.77,0.2199,-1,-1,-1
403,120,245.55,165.66,49.19,148.45,0.8471,-1,-1,-1
403,135,198.18,164.58,50.07,147.54,0.8565,-1,-1,-1
403,151,352.27,195.66,34.32,82.28,0.4305,-1,-1,-1
403,153,597.56,86.40,43.84,395.51,0.4066,-1,-1,-1
403,150,-1.48,216.72,22.01,60.93,0.2692,-1,-1,-1
403,160,304.84,219.49,12.86,34.12,0.2909,-1,-1,-1
404,120,244.68,166.01,50.76,148.56,0.8152,-1,-1,-1
404,135,198.39,166.20,48.77,145.59,0.8520,-1,-1,-1
404,151,350.41,193.92,34.39,81.85,0.5321,-1,-1,-1
405,120,244.19,165.09,51.05,147.84,0.8255,-1,-1,-1
405,135,196.42,166.72,50.28,143.46,0.8551,-1,-1,-1
405,151,348.04,193.21,32.39,80.02,0.5735,-1,-1,-1
405,160,300.18,216.11,13.83,34.08,0.3752,-1,-1,-1
406,120,244.26,164.89,49.48,145.04,0.8270,-1,-1,-1
406,135,195.61,166.20,51.47,140.54,0.8376,-1,-1,-1
406,151,346.76,192.09,32.44,81.14,0.6692,-1,-1,-1
406,160,298.78,213.40,14.42,36.60,0.2717,-1,-1,-1
407,120,247.35,161.25,47.30,143.91,0.8035,-1,-1,-1
407,135,195.60,161.10,50.68,141.93,0.8292,-1,-1,-1
407,151,346.15,191.47,31.53,79.54,0.6988,-1,-1,-1
407,160,296.59,211.62,13.12,36.21,0.1413,-1,-1,-1
408,120,249.78,159.38,46.01,143.62,0.8270,-1,-1,-1
408,135,197.76,156.82,47.38,145.05,0.8224,-1,-1,-1
408,151,345.47,191.03,31.96,78.39,0.7891,-1,-1,-1
408,160,297.41,212.76,12.34,33.52,0.1459,-1,-1,-1
409,120,249.70,157.00,46.13,144.14,0.8137,-1,-1,-1
409,135,197.05,155.40,46.29,144.58,0.8380,-1,-1,-1
409,151,344.96,187.74,32.83,79.08,0.7918,-1,-1,-1
410,120,246.52,157.38,46.68,144.91,0.8264,-1,-1,-1
410,135,192.02,157.72,47.82,142.99,0.8356,-1,-1,-1
410,151,339.30,185.60,34.06,80.03,0.5613,-1,-1,-1
411,120,242.81,157.82,45.18,144.89,0.8172,-1,-1,-1
411,135,185.18,158.40,50.32,140.29,0.8485,-1,-1,-1
411,151,334.22,187.91,33.89,76.45,0.3803,-1,-1,-1
411,164,334.10,187.93,18.90,71.09,0.4328,-1,-1,-1
412,120,238.42,161.36,45.45,142.79,0.8009,-1,-1,-1
412,135,182.55,162.06,46.32,139.88,0.8242,-1,-1,-1
412,151,328.02,189.07,33.38,76.86,0.6979,-1,-1,-1
412,164,327.89,190.35,21.50,72.41,0.1296,-1,-1,-1
413,120,236.46,159.76,46.57,142.24,0.7735,-1,-1,-1
413,135,182.55,161.47,44.43,139.49,0.8220,-1,-1,-1
413,151,325.10,187.53,33.66,76.58,0.5349,-1,-1,-1
413,164,325.22,187.86,31.10,75.83,0.5349,-1,-1,-1
414,120,233.53,162.46,46.60,139.98,0.7848,-1,-1,-1
414,135,178.97,162.00,47.09,139.52,0.8273,-1,-1,-1
414,151,318.53,188.57,35.77,76.50,0.6138,-1,-1,-1
414,164,318.91,188.59,36.47,77.02,0.6138,-1,-1,-1
415,120,227.95,160.91,45.67,139.97,0.8078,-1,-1,-1
415,135,173.33,160.69,47.77,139.67,0.8282,-1,-1,-1
415,151,311.64,190.75,33.90,74.61,0.4624,-1,-1,-1
415,164,311.85,190.83,36.06,75.32,0.4624,-1,-1,-1
415,165,549.05,145.07,89.55,274.51,0.8507,-1,-1,-1
416,120,222.43,164.70,45.93,138.99,0.7812,-1,-1,-1
416,135,169.75,162.62,49.63,138.81,0.8229,-1,-1,-1
416,151,304.74,194.79,29.85,72.81,0.3410,-1,-1,-1
416,164,304.95,194.89,32.32,73.43,0.3410,-1,-1,-1
416,165,543.78,107.22,94.63,318.92,0.8902,-1,-1,-1
417,120,219.64,169.02,43.65,137.58,0.7351,-1,-1,-1
417,135,168.88,164.19,49.12,139.60,0.8352,-1,-1,-1
417,151,300.97,194.54,30.71,75.70,0.6706,-1,-1,-1
417,164,301.14,194.52,32.61,76.38,0.6706,-1,-1,-1
417,165,543.76,56.68,95.62,377.03,0.8590,-1,-1,-1
418,120,213.24,166.42,49.32,135.97,0.8222,-1,-1,-1
418,135,167.02,162.22,49.04,137.72,0.8473,-1,-1,-1
418,151,297.37,191.99,31.15,73.53,0.6019,-1,-1,-1
418,164,297.52,192.04,32.93,74.04,0.6019,-1,-1,-1
418,165,543.20,25.05,97.81,407.63,0.8707,-1,-1,-1
419,120,210.66,168.84,49.54,134.45,0.8021,-1,-1,-1
419,135,165.40,165.72,49.53,135.30,0.8385,-1,-1,-1
419,151,294.60,192.08,31.47,74.38,0.7494,-1,-1,-1
419,164,294.71,192.12,32.99,74.81,0.7494,-1,-1,-1
419,165,529.88,16.18,109.43,419.83,0.8962,-1,-1,-1
420,120,207.44,168.02,45.89,132.61,0.7918,-1,-1,-1
420,135,160.58,165.32,48.97,134.55,0.8040,-1,-1,-1
420,151,287.58,192.06,31.84,71.39,0.7500,-1,-1,-1
420,164,287.64,192.14,33.08,71.78,0.7500,-1,-1,-1
420,165,502.25,12.45,133.58,429.86,0.9185,-1,-1,-1
421,120,202.43,167.72,43.55,129.66,0.7574,-1,-1,-1
421,135,153.97,166.49,47.68,130.77,0.8402,-1,-1,-1
421,151,280.02,191.70,32.05,72.85,0.8138,-1,-1,-1
421,164,280.06,191.77,33.15,73.20,0.8138,-1,-1,-1
421,165,479.23,15.72,155.96,432.33,0.9189,-1,-1,-1
422,120,199.45,164.60,42.52,130.80,0.7857,-1,-1,-1
422,135,151.80,164.27,46.48,130.31,0.8325,-1,-1,-1
422,151,276.81,190.26,30.96,73.72,0.7364,-1,-1,-1
422,164,276.83,190.32,31.91,74.05,0.7364,-1,-1,-1
422,165,466.28,20.74,168.87,429.08,0.9191,-1,-1,-1
423,120,195.62,160.78,41.98,130.98,0.7961,-1,-1,-1
423,135,147.33,160.86,46.15,132.21,0.8229,-1,-1,-1
423,151,271.41,189.77,30.67,72.20,0.6319,-1,-1,-1
423,164,271.43,189.82,31.47,72.50,0.6319,-1,-1,-1
423,165,455.73,26.12,174.95,426.91,0.9169,-1,-1,-1
424,120,193.05,161.19,40.39,130.75,0.7994,-1,-1,-1
424,135,142.89,160.08,45.07,133.48,0.8041,-1,-1,-1
424,151,266.19,188.30,29.87,73.56,0.7524,-1,-1,-1
424,164,266.23,188.34,30.56,73.82,0.7524,-1,-1,-1
424,165,442.95,34.30,179.77,420.14,0.8874,-1,-1,-1
425,120,185.81,159.77,40.31,131.51,0.7889,-1,-1,-1
425,135,135.43,160.08,45.58,131.86,0.8080,-1,-1,-1
425,151,258.46,186.26,29.81,73.12,0.7063,-1,-1,-1
425,164,258.48,186.30,30.40,73.36,0.7063,-1,-1,-1
425,165,428.01,38.65,183.34,412.18,0.8982,-1,-1,-1
426,120,183.27,159.06,39.24,130.05,0.7942,-1,-1,-1
426,135,131.34,158.50,47.72,131.46,0.7797,-1,-1,-1
426,151,254.77,183.75,28.80,73.00,0.6914,-1,-1,-1
426,164,254.80,183.78,29.33,73.21,0.6914,-1,-1,-1
426,165,418.59,41.18,187.07,405.98,0.8713,-1,-1,-1
427,120,177.10,156.80,42.35,129.98,0.7679,-1,-1,-1
427,135,124.57,157.57,49.07,130.10,0.7878,-1,-1,-1
427,151,248.37,179.48,27.98,74.96,0.7291,-1,-1,-1
427,164,248.39,179.50,28.43,75.16,0.7291,-1,-1,-1
427,165,408.17,40.90,169.85,401.59,0.8805,-1,-1,-1
428,120,173.93,152.85,41.92,129.60,0.7951,-1,-1,-1
428,135,119.82,156.68,50.62,128.62,0.8163,-1,-1,-1
428,151,241.59,178.40,28.64,73.71,0.6687,-1,-1,-1
428,164,241.63,178.42,29.00,73.89,0.6687,-1,-1,-1
428,165,403.23,39.51,145.03,387.53,0.9018,-1,-1,-1
428,166,563.06,15.89,74.43,439.99,0.8489,-1,-1,-1
429,120,170.35,152.22,42.38,129.15,0.7994,-1,-1,-1
429,135,116.08,155.99,49.34,127.49,0.7954,-1,-1,-1
429,151,234.96,178.67,28.19,74.09,0.7572,-1,-1,-1
429,164,235.00,178.69,28.52,74.26,0.7572,-1,-1,-1
429,165,397.38,41.55,124.34,368.25,0.9054,-1,-1,-1
430,120,166.33,153.23,41.84,128.05,0.7855,-1,-1,-1
430,135,112.12,155.16,50.05,126.84,0.8178,-1,-1,-1
430,151,229.30,181.07,27.40,72.32,0.5696,-1,-1,-1
430,164,229.34,181.09,27.69,72.47,0.5696,-1,-1,-1
430,165,372.85,46.51,127.17,357.51,0.8954,-1,-1,-1
430,167,415.00,1.07,222.56,477.94,0.8965,-1,-1,-1
431,120,164.06,153.17,43.17,125.21,0.7832,-1,-1,-1
431,135,109.63,152.55,50.77,125.69,0.7934,-1,-1,-1
431,151,223.59,178.93,29.26,71.70,0.7435,-1,-1,-1
431,164,223.62,178.95,29.50,71.82,0.7435,-1,-1,-1
431,165,348.82,49.63,135.51,347.07,0.8956,-1,-1,-1
431,167,391.35,0.99,242.12,475.96,0.8793,-1,-1,-1
432,120,161.71,154.92,42.29,122.17,0.6760,-1,-1,-1
432,135,108.21,152.04,51.64,124.59,0.8176,-1,-1,-1
432,151,220.87,175.00,30.00,74.55,0.7563,-1,-1,-1
432,164,220.89,175.01,30.24,74.64,0.7563,-1,-1,-1
432,165,336.17,51.31,130.36,323.51,0.8706,-1,-1,-1
432,167,402.76,-0.18,234.27,475.18,0.8881,-1,-1,-1
432,168,0.19,131.24,58.56,197.74,0.6872,-1,-1,-1
433,120,158.26,154.78,42.14,121.77,0.7053,-1,-1,-1
433,135,107.25,153.85,51.03,122.68,0.8293,-1,-1,-1
433,151,217.75,175.71,30.26,73.19,0.8186,-1,-1,-1
433,164,217.76,175.72,30.46,73.27,0.8186,-1,-1,-1
433,165,330.84,55.43,112.89,312.96,0.8565,-1,-1,-1
433,167,406.13,1.18,229.41,474.59,0.8542,-1,-1,-1
433,168,1.57,109.53,67.49,239.66,0.6652,-1,-1,-1
434,120,154.80,155.87,41.60,119.10,0.7952,-1,-1,-1
434,135,102.74,157.61,50.48,118.42,0.8361,-1,-1,-1
434,151,210.85,174.65,30.78,73.43,0.7606,-1,-1,-1
434,164,210.86,174.65,30.96,73.48,0.7606,-1,-1,-1
434,165,321.44,60.68,95.81,303.57,0.7950,-1,-1,-1
434,167,383.47,3.18,198.00,466.37,0.7955,-1,-1,-1
434,168,2.34,77.44,75.39,280.23,0.6242,-1,-1,-1
435,120,151.05,152.09,40.87,119.13,0.7762,-1,-1,-1
435,135,97.20,153.59,51.22,120.87,0.8350,-1,-1,-1
435,151,207.24,174.22,30.55,72.50,0.6597,-1,-1,-1
435,164,207.24,174.23,30.70,72.55,0.6597,-1,-1,-1
435,165,312.01,83.50,74.91,283.62,0.7107,-1,-1,-1
435,167,353.75,-0.66,174.81,474.92,0.8552,-1,-1,-1
435,168,-0.73,57.28,78.25,304.00,0.5675,-1,-1,-1
436,120,149.14,148.35,39.61,118.83,0.7938,-1,-1,-1
436,135,93.22,150.65,47.35,120.19,0.8044,-1,-1,-1
436,151,203.69,172.90,28.29,71.94,0.6914,-1,-1,-1
436,164,202.54,175.72,21.35,66.97,0.1105,-1,-1,-1
436,167,310.58,3.88,178.08,473.93,0.8962,-1,-1,-1
436,168,1.62,50.01,76.61,296.59,0.1882,-1,-1,-1
437,120,144.94,149.26,41.07,119.79,0.7414,-1,-1,-1
437,135,86.68,149.57,46.72,121.49,0.8180,-1,-1,-1
437,167,262.86,1.26,208.72,480.34,0.9259,-1,-1,-1
437,168,-3.07,53.65,76.91,287.20,0.3918,-1,-1,-1
438,120,82.17,154.33,47.13,122.69,0.8289,-1,-1,-1
438,167,195.77,-3.46,263.07,499.18,0.9043,-1,-1,-1
438,173,144.43,155.71,40.72,112.63,0.7582,-1,-1,-1
438,174,556.30,67.83,77.66,340.56,0.8624,-1,-1,-1
439,120,77.10,150.29,47.16,123.32,0.8399,-1,-1,-1
439,167,178.65,-1.91,275.22,493.37,0.8629,-1,-1,-1
439,173,138.90,151.42,38.98,117.61,0.8132,-1,-1,-1
439,174,535.22,75.09,98.73,330.66,0.8993,-1,-1,-1
439,176,-3.08,75.24,71.59,291.49,0.3913,-1,-1,-1
439,177,384.16,135.33,49.01,174.33,0.6424,-1,-1,-1
440,167,110.37,-3.65,316.32,493.05,0.8433,-1,-1,-1
440,174,522.93,77.29,112.24,331.16,0.9119,-1,-1,-1
440,176,-4.15,56.43,70.14,339.21,0.6908,-1,-1,-1
440,177,371.20,135.51,53.69,178.51,0.7038,-1,-1,-1
441,167,31.95,-4.96,302.14,495.82,0.8621,-1,-1,-1
441,174,524.14,80.05,113.71,333.45,0.8889,-1,-1,-1
441,177,367.84,136.96,53.12,180.36,0.7121,-1,-1,-1
441,178,281.75,64.04,106.43,311.77,0.7948,-1,-1,-1
442,167,3.71,-5.15,267.60,491.46,0.7042,-1,-1,-1
442,174,530.32,79.51,103.26,323.33,0.8631,-1,-1,-1
442,177,366.64,136.89,51.12,179.40,0.7609,-1,-1,-1
442,178,263.62,65.43,119.52,326.49,0.8811,-1,-1,-1
443,167,-8.97,-4.70,227.63,488.50,0.7459,-1,-1,-1
443,174,523.88,77.31,102.33,314.52,0.7488,-1,-1,-1
443,177,364.13,133.63,48.36,179.69,0.7380,-1,-1,-1
443,178,253.19,62.26,123.32,335.28,0.8875,-1,-1,-1
443,180,608.65,83.62,30.78,230.93,0.4612,-1,-1,-1
444,174,536.37,79.07,77.96,316.29,0.3429,-1,-1,-1
444,177,359.59,135.50,47.46,180.14,0.7316,-1,-1,-1
444,178,247.89,63.31,121.31,328.66,0.8924,-1,-1,-1
444,182,585.27,86.26,53.32,293.33,0.4102,-1,-1,-1
445,174,533.71,81.15,80.34,319.05,0.5216,-1,-1,-1
445,177,357.24,137.80,50.11,180.43,0.7980,-1,-1,-1
445,178,245.15,61.85,119.83,323.97,0.8937,-1,-1,-1
445,182,590.67,87.26,49.38,270.79,0.6836,-1,-1,-1
445,184,141.49,156.35,39.16,117.11,0.7744,-1,-1,-1
446,174,484.47,86.56,135.21,308.53,0.8933,-1,-1,-1
446,177,348.05,139.67,59.24,176.73,0.7750,-1,-1,-1
446,178,245.42,60.79,113.57,319.04,0.8979,-1,-1,-1
446,182,583.97,78.19,55.05,285.54,0.8483,-1,-1,-1
446,184,145.71,156.68,40.45,114.75,0.7492,-1,-1,-1
446,187,95.27,153.17,43.21,118.55,0.8077,-1,-1,-1
446,188,192.31,177.40,29.24,71.67,0.6198,-1,-1,-1
447,174,471.71,89.08,151.74,308.87,0.8475,-1,-1,-1
447,177,343.50,143.46,63.32,176.59,0.7891,-1,-1,-1
447,178,240.76,61.92,111.38,323.13,0.8948,-1,-1,-1
447,182,577.00,81.58,61.15,286.52,0.8191,-1,-1,-1
447,184,147.82,159.57,41.81,113.65,0.7081,-1,-1,-1
447,187,96.74,154.10,46.11,118.69,0.7882,-1,-1,-1
447,188,193.52,179.93,29.94,70.49,0.5499,-1,-1,-1
447,189,0.94,0.39,101.58,308.72,0.7399,-1,-1,-1
448,174,468.00,86.69,141.42,307.51,0.8569,-1,-1,-1
448,177,342.88,141.98,62.95,177.78,0.7880,-1,-1,-1
448,178,237.49,61.28,108.45,326.51,0.8920,-1,-1,-1
448,182,573.01,81.90,64.61,289.72,0.8027,-1,-1,-1
448,184,148.69,157.79,41.73,113.36,0.7693,-1,-1,-1
448,187,98.52,152.13,47.39,117.60,0.8174,-1,-1,-1
448,188,193.06,180.58,32.23,68.98,0.5858,-1,-1,-1
448,189,1.21,-0.63,104.24,436.32,0.8845,-1,-1,-1
449,174,476.39,86.32,117.39,303.35,0.8424,-1,-1,-1
449,177,344.14,143.29,63.26,177.64,0.7879,-1,-1,-1
449,178,239.91,65.44,104.28,328.74,0.8941,-1,-1,-1
449,182,558.14,87.34,82.09,292.47,0.5435,-1,-1,-1
449,184,151.20,159.21,39.22,112.88,0.7934,-1,-1,-1
449,187,103.00,156.96,47.05,114.37,0.8283,-1,-1,-1
449,188,196.61,183.13,32.96,69.30,0.6076,-1,-1,-1
449,189,0.63,0.55,110.34,482.40,0.8933,-1,-1,-1
450,174,491.12,83.28,107.67,308.68,0.8298,-1,-1,-1
450,177,353.51,140.38,60.07,176.46,0.8353,-1,-1,-1
450,178,243.67,66.54,103.01,327.36,0.8901,-1,-1,-1
450,182,552.35,87.18,90.58,277.82,0.5575,-1,-1,-1
450,184,159.85,158.55,38.02,112.48,0.8060,-1,-1,-1
450,187,113.17,158.49,46.11,113.63,0.7856,-1,-1,-1
450,188,205.08,182.80,32.69,69.90,0.6943,-1,-1,-1
450,189,1.69,0.31,119.60,497.34,0.8710,-1,-1,-1
450,190,576.32,86.94,64.24,265.84,0.5016,-1,-1,-1
451,174,488.89,85.38,112.63,313.01,0.8499,-1,-1,-1
451,177,358.66,140.55,59.57,177.33,0.8256,-1,-1,-1
451,178,237.53,67.13,112.31,328.55,0.8778,-1,-1,-1
451,182,553.23,89.00,89.73,277.84,0.6900,-1,-1,-1
451,184,165.43,160.83,38.85,111.81,0.7898,-1,-1,-1
451,187,120.20,160.55,44.42,113.15,0.8024,-1,-1,-1
451,188,209.36,184.17,31.64,69.64,0.5818,-1,-1,-1
451,189,0.80,3.46,128.26,497.66,0.9075,-1,-1,-1
451,190,579.30,91.65,61.17,253.69,0.2970,-1,-1,-1
452,174,481.47,87.33,128.42,316.96,0.8439,-1,-1,-1
452,177,360.98,139.54,61.31,179.70,0.7613,-1,-1,-1
452,178,229.74,63.96,121.09,325.47,0.8976,-1,-1,-1
452,182,557.21,88.51,86.51,284.71,0.2459,-1,-1,-1
452,184,174.10,160.78,37.20,112.33,0.8049,-1,-1,-1
452,187,130.19,159.37,42.93,112.81,0.8057,-1,-1,-1
452,189,1.11,4.08,135.66,494.46,0.9111,-1,-1,-1
452,190,580.53,87.30,60.29,269.90,0.6923,-1,-1,-1
453,174,483.97,84.43,134.25,321.40,0.8522,-1,-1,-1
453,177,363.26,138.06,68.94,179.90,0.7732,-1,-1,-1
453,178,232.00,57.26,124.91,326.03,0.8821,-1,-1,-1
453,182,573.15,79.96,70.99,294.17,0.7390,-1,-1,-1
453,184,182.79,160.26,35.57,111.13,0.7900,-1,-1,-1
453,187,139.16,157.59,42.10,111.87,0.8193,-1,-1,-1
453,189,1.38,3.19,147.48,491.12,0.9064,-1,-1,-1
453,190,582.25,79.00,58.78,292.07,0.7390,-1,-1,-1
454,174,496.23,85.77,125.90,326.48,0.8654,-1,-1,-1
454,177,370.98,143.46,71.52,180.57,0.8145,-1,-1,-1
454,178,239.12,59.99,127.06,329.59,0.9030,-1,-1,-1
454,182,585.06,81.64,58.39,300.63,0.7580,-1,-1,-1
454,184,192.37,164.25,35.29,111.52,0.8000,-1,-1,-1
454,187,150.52,160.31,39.10,113.31,0.7884,-1,-1,-1
454,189,1.89,5.64,157.89,487.54,0.9141,-1,-1,-1
454,190,588.12,81.09,52.74,302.41,0.7580,-1,-1,-1
455,174,502.39,79.06,113.09,320.49,0.8730,-1,-1,-1
455,177,377.50,140.14,71.22,182.47,0.8281,-1,-1,-1
455,178,250.53,57.74,122.77,336.94,0.8962,-1,-1,-1
455,182,575.95,80.27,66.20,307.07,0.7521,-1,-1,-1
455,184,198.73,161.75,37.87,110.74,0.7637,-1,-1,-1
455,187,159.75,158.99,37.75,111.10,0.8077,-1,-1,-1
455,189,1.66,0.79,168.29,488.65,0.8871,-1,-1,-1
455,190,576.01,80.02,64.14,309.77,0.7521,-1,-1,-1
456,174,503.57,79.90,107.43,319.76,0.8724,-1,-1,-1
456,177,381.65,140.91,69.77,185.10,0.7731,-1,-1,-1
456,178,257.60,61.14,120.29,340.99,0.8838,-1,-1,-1
456,182,582.37,82.77,59.18,292.95,0.7748,-1,-1,-1
456,184,205.32,162.39,38.02,110.93,0.7777,-1,-1,-1
456,187,168.44,161.92,34.04,108.44,0.6908,-1,-1,-1
456,189,1.00,1.69,177.90,485.66,0.8859,-1,-1,-1
456,190,581.80,82.53,57.71,295.32,0.7748,-1,-1,-1
457,174,489.27,85.07,124.97,324.16,0.8824,-1,-1,-1
457,177,389.14,142.56,66.44,184.27,0.7405,-1,-1,-1
457,178,265.77,65.79,121.22,347.16,0.8821,-1,-1,-1
457,182,597.16,86.69,45.13,291.76,0.7489,-1,-1,-1
457,184,214.35,165.01,37.35,110.65,0.7627,-1,-1,-1
457,187,178.93,166.92,33.99,106.52,0.7366,-1,-1,-1
457,189,3.06,6.68,189.62,478.51,0.8834,-1,-1,-1
457,190,596.75,86.60,43.85,293.68,0.7489,-1,-1,-1
458,174,479.88,84.06,141.70,328.52,0.8930,-1,-1,-1
458,177,393.72,138.29,62.46,184.85,0.8172,-1,-1,-1
458,178,271.97,62.66,120.86,349.74,0.8836,-1,-1,-1
458,182,605.57,80.51,35.34,299.66,0.7272,-1,-1,-1
458,184,223.35,161.92,34.88,110.36,0.7653,-1,-1,-1
458,187,187.81,164.05,31.98,104.98,0.5360,-1,-1,-1
458,189,11.81,3.31,191.93,478.71,0.8728,-1,-1,-1
458,190,605.35,80.34,34.50,301.33,0.7272,-1,-1,-1
459,174,483.69,90.11,150.22,331.81,0.8957,-1,-1,-1
459,177,400.75,144.04,61.18,186.22,0.7878,-1,-1,-1
459,178,275.56,68.34,123.90,353.72,0.8803,-1,-1,-1
459,182,604.11,85.02,36.28,292.48,0.6145,-1,-1,-1
459,184,232.79,168.91,32.60,109.27,0.7595,-1,-1,-1
459,189,31.09,7.44,191.73,477.15,0.8385,-1,-1,-1
459,190,603.84,84.88,35.82,293.99,0.6145,-1,-1,-1
459,188,272.41,194.43,20.80,66.06,0.3525,-1,-1,-1
460,174,488.71,87.75,148.97,338.09,0.8785,-1,-1,-1
460,177,401.66,143.30,61.56,188.28,0.7968,-1,-1,-1
460,178,274.31,65.51,128.76,355.78,0.8956,-1,-1,-1
460,182,605.09,79.93,34.51,301.23,0.6392,-1,-1,-1
460,184,235.27,167.64,31.90,109.34,0.7274,-1,-1,-1
460,189,36.06,3.57,195.41,481.05,0.8569,-1,-1,-1
460,190,604.85,79.80,34.11,302.53,0.6392,-1,-1,-1
460,188,273.69,192.07,22.05,66.87,0.1043,-1,-1,-1
461,174,503.42,81.59,122.09,327.50,0.8676,-1,-1,-1
461,177,405.88,141.28,59.93,190.68,0.8032,-1,-1,-1
461,178,277.15,58.11,131.37,349.49,0.9053,-1,-1,-1
461,182,602.51,76.27,37.98,304.86,0.6704,-1,-1,-1
461,184,241.42,165.18,31.60,109.67,0.7182,-1,-1,-1
461,189,45.88,0.54,196.10,483.06,0.8821,-1,-1,-1
461,190,602.27,76.16,37.67,306.16,0.6704,-1,-1,-1
462,174,510.00,81.73,109.32,329.46,0.8476,-1,-1,-1
462,177,404.87,143.93,62.00,192.51,0.8332,-1,-1,-1
462,178,278.62,57.70,128.96,347.15,0.8935,-1,-1,-1
462,182,592.74,79.25,46.70,301.23,0.7029,-1,-1,-1
462,184,242.33,166.54,35.14,111.12,0.7215,-1,-1,-1
462,189,49.97,1.20,194.63,481.16,0.8681,-1,-1,-1
462,190,592.52,79.12,46.44,302.41,0.7029,-1,-1,-1
463,174,504.11,88.70,119.78,333.03,0.8842,-1,-1,-1
463,177,407.26,147.97,56.54,194.62,0.8210,-1,-1,-1
463,178,279.55,61.45,123.93,349.66,0.8943,-1,-1,-1
463,182,585.52,87.08,52.14,297.25,0.6669,-1,-1,-1
463,184,243.40,168.46,34.65,111.57,0.7092,-1,-1,-1
463,189,51.84,5.18,196.44,479.54,0.8517,-1,-1,-1
463,190,585.32,87.00,51.88,298.25,0.6669,-1,-1,-1
464,174,487.79,88.90,136.39,336.79,0.8727,-1,-1,-1
464,177,406.28,145.98,55.15,193.94,0.7830,-1,-1,-1
464,178,280.12,58.62,115.87,355.76,0.8841,-1,-1,-1
464,182,585.42,87.70,50.92,297.34,0.7478,-1,-1,-1
464,184,241.96,168.51,33.50,109.46,0.7382,-1,-1,-1
464,189,49.12,0.92,197.19,482.34,0.8768,-1,-1,-1
464,190,585.27,87.64,50.66,298.16,0.7478,-1,-1,-1
465,174,477.99,89.55,142.95,337.19,0.8835,-1,-1,-1
465,177,406.19,142.91,55.38,191.64,0.7478,-1,-1,-1
465,178,281.39,56.28,108.68,360.77,0.8802,-1,-1,-1
465,182,587.37,85.97,49.23,305.02,0.7926,-1,-1,-1
465,184,240.28,169.02,34.39,106.76,0.7135,-1,-1,-1
465,189,46.93,-0.31,197.97,482.98,0.8874,-1,-1,-1
465,190,587.26,85.94,49.00,305.73,0.7926,-1,-1,-1
466,174,477.40,89.64,136.38,339.10,0.8833,-1,-1,-1
466,177,406.03,141.75,55.72,191.55,0.7612,-1,-1,-1
466,178,279.81,56.96,105.89,362.29,0.8848,-1,-1,-1
466,182,591.81,85.01,45.83,309.20,0.8247,-1,-1,-1
466,184,241.49,166.44,34.41,110.10,0.6954,-1,-1,-1
466,189,46.25,-0.20,198.36,482.92,0.8539,-1,-1,-1
466,190,591.71,85.01,45.63,309.84,0.8247,-1,-1,-1
467,174,479.38,87.32,118.02,331.72,0.8819,-1,-1,-1
467,177,400.38,141.71,63.44,192.45,0.7694,-1,-1,-1
467,178,274.29,58.21,109.44,364.23,0.8932,-1,-1,-1
467,182,588.29,84.06,50.08,314.28,0.8733,-1,-1,-1
467,184,243.32,167.45,35.01,108.97,0.6915,-1,-1,-1
467,189,46.60,-0.72,199.41,482.80,0.8861,-1,-1,-1
467,190,588.20,84.05,49.94,314.83,0.8733,-1,-1,-1
468,174,470.20,82.16,108.30,325.81,0.8662,-1,-1,-1
468,177,400.40,139.92,62.16,192.77,0.7424,-1,-1,-1
468,178,268.22,51.88,111.38,370.37,0.8778,-1,-1,-1
468,182,574.51,84.13,62.16,315.54,0.8729,-1,-1,-1
468,184,238.41,165.58,35.19,107.10,0.5254,-1,-1,-1
468,189,43.31,-3.53,198.64,483.51,0.8912,-1,-1,-1
468,190,574.41,84.12,62.06,315.90,0.8729,-1,-1,-1
469,174,447.59,82.08,121.16,327.47,0.8494,-1,-1,-1
469,177,400.15,139.31,60.97,193.29,0.7109,-1,-1,-1
469,178,258.41,45.76,120.64,365.34,0.8723,-1,-1,-1
469,182,562.09,85.29,74.36,316.71,0.8594,-1,-1,-1
469,189,40.65,-2.67,202.24,477.87,0.8561,-1,-1,-1
469,190,561.98,85.27,74.24,317.04,0.8594,-1,-1,-1
470,174,434.80,85.07,130.27,329.67,0.8919,-1,-1,-1
470,177,401.34,140.07,62.36,189.47,0.7672,-1,-1,-1
470,178,254.86,43.51,130.44,364.63,0.8750,-1,-1,-1
470,182,554.75,84.07,84.52,306.08,0.8733,-1,-1,-1
470,189,41.07,-0.20,209.39,480.19,0.8562,-1,-1,-1
470,190,554.64,84.06,84.38,306.42,0.8733,-1,-1,-1
471,174,433.38,86.49,133.52,329.53,0.8881,-1,-1,-1
471,177,402.31,137.70,63.31,190.82,0.5920,-1,-1,-1
471,178,254.91,41.11,138.14,365.16,0.8792,-1,-1,-1
471,182,550.82,79.58,90.37,306.70,0.7523,-1,-1,-1
471,189,44.48,0.66,213.51,480.67,0.8749,-1,-1,-1
471,190,550.72,79.56,90.21,307.02,0.7523,-1,-1,-1
472,174,435.47,83.63,128.70,330.96,0.8809,-1,-1,-1
472,177,401.17,133.71,64.98,192.70,0.6258,-1,-1,-1
472,178,256.92,36.54,139.53,368.77,0.8852,-1,-1,-1
472,182,554.68,74.82,85.28,315.21,0.8591,-1,-1,-1
472,189,50.25,-0.04,213.20,480.20,0.8802,-1,-1,-1
472,190,554.61,74.80,85.13,315.49,0.8591,-1,-1,-1
473,174,438.17,78.68,116.17,326.20,0.8927,-1,-1,-1
473,177,401.79,130.08,61.05,193.73,0.6296,-1,-1,-1
473,178,261.43,33.08,130.83,378.80,0.8721,-1,-1,-1
473,182,563.54,71.26,73.66,320.72,0.8809,-1,-1,-1
473,189,55.93,-0.81,215.21,476.00,0.8506,-1,-1,-1
473,190,563.50,71.23,73.52,320.97,0.8809,-1,-1,-1
474,174,443.74,76.44,107.14,321.84,0.8470,-1,-1,-1
474,177,405.83,130.42,56.75,194.82,0.7490,-1,-1,-1
474,178,270.52,32.92,122.59,383.84,0.8807,-1,-1,-1
474,182,549.01,72.35,88.84,319.39,0.8477,-1,-1,-1
474,189,65.36,-0.34,216.87,477.41,0.8411,-1,-1,-1
474,190,548.95,72.33,88.75,319.59,0.8477,-1,-1,-1
475,174,449.57,74.52,108.93,327.02,0.8482,-1,-1,-1
475,177,412.40,130.01,55.83,197.16,0.3909,-1,-1,-1
475,178,276.89,35.08,121.13,387.70,0.8838,-1,-1,-1
475,182,535.05,72.92,105.84,304.46,0.9071,-1,-1,-1
475,189,72.19,0.72,219.73,476.03,0.8606,-1,-1,-1
475,190,534.98,72.90,105.75,304.65,0.9071,-1,-1,-1
476,174,451.38,78.24,114.57,329.64,0.8854,-1,-1,-1
476,177,415.44,134.34,53.73,198.14,0.1805,-1,-1,-1
476,178,281.16,40.08,121.01,389.34,0.8852,-1,-1,-1
476,182,531.13,74.70,110.28,301.57,0.9005,-1,-1,-1
476,189,75.63,2.60,220.81,475.94,0.8772,-1,-1,-1
476,190,531.07,74.68,110.18,301.73,0.9005,-1,-1,-1
477,174,448.45,81.07,119.77,333.29,0.7883,-1,-1,-1
477,177,413.78,134.94,55.32,199.14,0.1265,-1,-1,-1
477,178,280.58,40.28,123.63,392.51,0.8945,-1,-1,-1
477,182,530.93,73.10,110.31,305.68,0.9026,-1,-1,-1
477,189,76.74,2.76,222.02,468.49,0.7765,-1,-1,-1
477,190,530.88,73.09,110.21,305.82,0.9026,-1,-1,-1
478,174,444.68,79.11,120.40,338.45,0.8136,-1,-1,-1
478,177,412.00,134.03,53.50,155.43,0.2658,-1,-1,-1
478,178,280.12,36.03,123.48,391.98,0.8981,-1,-1,-1
478,182,533.00,71.56,107.31,309.92,0.8894,-1,-1,-1
478,189,71.80,0.98,225.97,467.95,0.7867,-1,-1,-1
478,190,532.96,71.55,107.21,310.04,0.8894,-1,-1,-1
479,174,441.66,85.77,118.23,333.74,0.8517,-1,-1,-1
479,177,408.64,138.89,53.71,136.37,0.1769,-1,-1,-1
479,178,277.25,40.16,124.55,379.82,0.8945,-1,-1,-1
479,182,536.52,75.54,103.74,319.20,0.9091,-1,-1,-1
479,189,68.36,3.67,231.17,476.24,0.8127,-1,-1,-1
479,190,536.48,75.53,103.65,319.32,0.9091,-1,-1,-1
480,174,440.00,86.50,117.21,325.07,0.8708,-1,-1,-1
480,177,399.21,138.96,61.27,175.88,0.4793,-1,-1,-1
480,178,274.90,39.65,124.36,383.60,0.8866,-1,-1,-1
480,182,543.45,76.17,95.31,326.59,0.8300,-1,-1,-1
480,189,69.80,1.76,228.16,478.36,0.8428,-1,-1,-1
480,190,543.42,76.17,95.24,326.69,0.8300,-1,-1,-1
481,174,434.49,82.55,110.06,320.82,0.8625,-1,-1,-1
481,177,394.65,136.13,67.47,206.40,0.1585,-1,-1,-1
481,178,272.62,33.44,117.94,388.88,0.8836,-1,-1,-1
481,182,536.24,73.10,97.20,333.11,0.8480,-1,-1,-1
481,189,66.40,-1.80,227.91,476.69,0.8036,-1,-1,-1
481,190,536.21,73.09,97.14,333.20,0.8480,-1,-1,-1
482,174,417.74,83.38,113.17,322.01,0.8689,-1,-1,-1
482,178,266.54,33.29,112.01,393.79,0.8883,-1,-1,-1
482,182,519.57,75.72,111.56,337.14,0.8402,-1,-1,-1
482,189,58.03,-1.05,231.80,470.39,0.7511,-1,-1,-1
482,190,519.54,75.71,111.52,337.22,0.8402,-1,-1,-1
483,174,401.10,91.87,118.74,324.88,0.8719,-1,-1,-1
483,178,261.07,41.78,106.48,394.83,0.8769,-1,-1,-1
483,182,509.83,84.38,115.03,335.90,0.8815,-1,-1,-1
483,189,49.65,4.02,237.83,472.17,0.7811,-1,-1,-1
483,190,509.80,84.37,114.98,335.97,0.8815,-1,-1,-1
484,174,386.45,94.17,125.37,328.86,0.8438,-1,-1,-1
484,178,254.92,46.52,103.36,393.78,0.8590,-1,-1,-1
484,182,507.70,86.04,112.83,336.63,0.8762,-1,-1,-1
484,189,39.62,6.67,243.27,473.48,0.6537,-1,-1,-1
484,190,507.68,86.03,112.78,336.69,0.8762,-1,-1,-1
485,174,389.08,92.76,120.68,332.56,0.8089,-1,-1,-1
485,178,250.31,48.37,102.42,397.48,0.8413,-1,-1,-1
485,182,508.11,85.41,103.15,330.08,0.8384,-1,-1,-1
485,189,32.10,3.42,250.24,478.76,0.7355,-1,-1,-1
485,190,508.09,85.40,103.11,330.15,0.8384,-1,-1,-1
486,174,393.74,89.39,107.30,327.33,0.8709,-1,-1,-1
486,178,245.35,42.74,102.52,394.42,0.8828,-1,-1,-1
486,182,503.84,82.96,92.61,323.71,0.8733,-1,-1,-1
486,189,26.05,-0.03,254.53,481.25,0.7839,-1,-1,-1
486,190,503.82,82.96,92.58,323.76,0.8733,-1,-1,-1
487,174,391.26,90.73,100.31,324.37,0.8712,-1,-1,-1
487,178,240.65,40.67,101.81,392.27,0.8847,-1,-1,-1
487,182,491.43,86.04,91.84,326.52,0.8850,-1,-1,-1
487,189,21.93,0.69,257.55,480.95,0.8442,-1,-1,-1
487,190,491.42,86.03,91.81,326.57,0.8850,-1,-1,-1
488,174,389.88,92.69,99.52,325.02,0.8520,-1,-1,-1
488,178,242.94,38.13,97.21,385.52,0.8605,-1,-1,-1
488,182,467.27,89.77,110.29,329.02,0.8519,-1,-1,-1
488,189,26.55,-0.47,256.40,479.71,0.8164,-1,-1,-1
488,190,467.26,89.77,110.27,329.05,0.8519,-1,-1,-1
489,174,389.40,93.24,100.22,329.17,0.7843,-1,-1,-1
489,178,244.17,34.81,91.43,380.10,0.8672,-1,-1,-1
489,182,454.85,88.56,124.62,333.25,0.8952,-1,-1,-1
489,189,20.20,-2.13,263.08,480.64,0.6871,-1,-1,-1
489,190,454.83,88.55,124.60,333.28,0.8952,-1,-1,-1
490,174,384.20,95.72,103.13,328.63,0.8306,-1,-1,-1
490,178,248.44,34.10,79.62,356.19,0.6458,-1,-1,-1
490,182,453.13,90.38,129.20,332.44,0.8814,-1,-1,-1
490,189,9.80,-2.97,269.83,480.85,0.6197,-1,-1,-1
490,190,453.12,90.37,129.18,332.46,0.8814,-1,-1,-1
491,174,378.18,98.44,109.79,333.87,0.8504,-1,-1,-1
491,178,250.35,39.18,75.65,333.02,0.8144,-1,-1,-1
491,182,455.64,93.49,124.14,327.86,0.8676,-1,-1,-1
491,189,2.06,-0.52,280.28,479.97,0.8248,-1,-1,-1
491,190,455.63,93.49,124.11,327.88,0.8676,-1,-1,-1
492,174,376.61,95.53,108.52,330.47,0.8687,-1,-1,-1
492,178,249.75,39.14,75.39,306.17,0.8187,-1,-1,-1
492,182,460.86,89.88,110.52,322.14,0.8140,-1,-1,-1
492,189,-1.19,-0.63,281.52,478.82,0.7391,-1,-1,-1
492,190,460.85,89.88,110.50,322.16,0.8140,-1,-1,-1
493,174,375.86,94.56,105.11,323.44,0.8681,-1,-1,-1
493,178,245.92,41.57,80.03,289.40,0.8093,-1,-1,-1
493,182,465.61,89.07,106.55,326.32,0.8350,-1,-1,-1
493,189,-2.90,2.05,283.46,477.84,0.7244,-1,-1,-1
493,190,465.60,89.07,106.53,326.34,0.8350,-1,-1,-1
494,174,373.51,95.71,103.41,324.56,0.8321,-1,-1,-1
494,178,241.48,42.39,86.41,322.88,0.8514,-1,-1,-1
494,182,466.62,90.66,100.00,332.37,0.7724,-1,-1,-1
494,189,-3.70,1.81,284.96,480.59,0.7532,-1,-1,-1
494,190,466.61,90.66,99.98,332.39,0.7724,-1,-1,-1
495,174,366.46,91.02,108.14,329.42,0.8764,-1,-1,-1
495,178,234.40,31.46,95.75,343.98,0.8552,-1,-1,-1
495,182,463.63,88.01,96.68,338.08,0.8356,-1,-1,-1
495,189,-1.86,-4.03,276.56,482.88,0.3710,-1,-1,-1
495,190,463.63,88.01,96.67,338.10,0.8356,-1,-1,-1
495,177,337.75,143.27,64.09,194.06,0.4053,-1,-1,-1
496,174,365.92,92.67,109.31,333.02,0.8892,-1,-1,-1
496,178,232.28,28.99,102.43,351.46,0.8535,-1,-1,-1
496,182,463.97,89.77,97.01,339.15,0.8447,-1,-1,-1
496,189,-0.34,-2.22,275.90,481.95,0.4373,-1,-1,-1
496,190,463.96,89.76,97.00,339.16,0.8447,-1,-1,-1
496,177,342.21,138.19,59.23,206.91,0.5615,-1,-1,-1
497,174,369.66,93.23,104.47,337.32,0.8469,-1,-1,-1
497,178,231.00,27.44,105.62,349.84,0.8473,-1,-1,-1
497,182,464.50,89.75,100.98,340.83,0.8033,-1,-1,-1
497,189,0.52,-1.54,274.14,479.78,0.4711,-1,-1,-1
497,190,464.50,89.74,100.98,340.84,0.8033,-1,-1,-1
497,177,344.77,137.37,55.34,206.57,0.6548,-1,-1,-1
498,174,377.45,92.83,95.65,339.03,0.8278,-1,-1,-1
498,178,230.39,25.72,104.42,354.12,0.8122,-1,-1,-1
498,182,467.58,88.73,95.84,338.95,0.7976,-1,-1,-1
498,189,0.26,-1.59,275.29,480.77,0.6798,-1,-1,-1
498,190,467.57,88.73,95.84,338.96,0.7976,-1,-1,-1
498,177,340.45,138.65,59.96,204.16,0.6500,-1,-1,-1
499,174,379.50,89.26,96.10,335.47,0.8408,-1,-1,-1
499,178,230.65,24.50,102.45,329.92,0.8391,-1,-1,-1
499,182,470.00,84.19,98.22,330.60,0.7744,-1,-1,-1
499,189,-1.12,0.26,282.12,479.96,0.6286,-1,-1,-1
499,190,470.00,84.18,98.21,330.61,0.7744,-1,-1,-1
499,177,340.42,140.24,61.60,200.65,0.5445,-1,-1,-1
500,174,381.85,89.82,100.40,328.09,0.8534,-1,-1,-1
500,178,233.74,28.42,96.49,323.46,0.8270,-1,-1,-1
500,182,472.24,84.02,91.95,330.01,0.7345,-1,-1,-1
500,189,-1.12,2.43,285.96,478.04,0.5895,-1,-1,-1
500,190,472.23,84.01,91.95,330.01,0.7345,-1,-1,-1
500,177,343.31,138.62,59.44,205.73,0.6925,-1,-1,-1
501,174,385.49,88.91,104.49,328.52,0.7831,-1,-1,-1
501,178,239.79,29.96,88.44,320.43,0.7993,-1,-1,-1
501,182,465.85,81.92,100.60,334.66,0.7663,-1,-1,-1
501,189,0.17,2.53,292.12,474.44,0.7232,-1,-1,-1
501,190,465.85,81.92,100.60,334.67,0.7663,-1,-1,-1
501,177,350.12,137.32,54.57,208.27,0.6528,-1,-1,-1
502,174,389.84,90.20,107.17,333.59,0.7962,-1,-1,-1
502,178,245.54,30.99,79.39,316.76,0.6735,-1,-1,-1
502,182,460.61,84.86,122.18,340.32,0.6835,-1,-1,-1
502,189,7.05,2.32,292.75,476.06,0.7815,-1,-1,-1
502,190,460.61,84.86,122.18,340.33,0.6835,-1,-1,-1
502,177,351.03,136.53,62.23,212.45,0.6760,-1,-1,-1
503,174,393.42,86.72,107.63,335.08,0.8464,-1,-1,-1
503,178,247.05,21.74,76.00,321.44,0.1445,-1,-1,-1
503,182,465.11,81.15,124.32,338.66,0.8678,-1,-1,-1
503,189,16.80,-1.18,294.36,474.71,0.5543,-1,-1,-1
503,190,465.10,81.15,124.32,338.66,0.8678,-1,-1,-1
503,177,353.63,130.14,54.88,212.85,0.2199,-1,-1,-1
504,174,394.49,84.21,107.93,336.80,0.8560,-1,-1,-1
504,182,472.17,77.16,121.79,341.52,0.8774,-1,-1,-1
504,189,9.09,-1.72,306.47,476.40,0.6561,-1,-1,-1
504,190,472.17,77.16,121.79,341.52,0.8774,-1,-1,-1
504,177,346.10,126.08,63.14,217.54,0.4468,-1,-1,-1
505,174,394.96,85.73,103.85,334.74,0.8393,-1,-1,-1
505,182,478.13,77.93,117.71,336.64,0.8635,-1,-1,-1
505,189,11.39,2.33,316.80,476.17,0.5061,-1,-1,-1
505,190,478.13,77.93,117.71,336.64,0.8635,-1,-1,-1
505,177,340.96,129.04,70.45,221.67,0.5845,-1,-1,-1
506,174,390.60,81.65,101.61,325.24,0.8595,-1,-1,-1
506,182,481.71,74.12,115.97,333.43,0.8743,-1,-1,-1
506,189,11.69,2.75,322.27,473.30,0.5653,-1,-1,-1
506,190,481.71,74.12,115.97,333.43,0.8743,-1,-1,-1
506,177,346.16,128.34,62.28,219.31,0.6641,-1,-1,-1
507,174,387.57,83.89,100.39,322.26,0.8243,-1,-1,-1
507,182,482.87,76.70,115.54,336.98,0.8488,-1,-1,-1
507,189,29.41,3.83,310.83,475.73,0.6286,-1,-1,-1
507,190,482.87,76.70,115.54,336.98,0.8488,-1,-1,-1
507,177,339.49,131.41,65.84,218.32,0.6451,-1,-1,-1
508,174,380.91,83.18,107.46,326.15,0.8268,-1,-1,-1
508,182,485.34,77.29,113.76,339.57,0.8543,-1,-1,-1
508,189,52.72,2.60,293.89,472.99,0.6250,-1,-1,-1
508,190,485.34,77.29,113.76,339.57,0.8543,-1,-1,-1
508,177,340.88,129.53,64.75,215.02,0.7141,-1,-1,-1
509,174,371.61,80.04,116.12,328.91,0.8553,-1,-1,-1
509,182,487.26,75.15,106.91,342.48,0.8492,-1,-1,-1
509,189,70.22,-0.22,279.93,471.79,0.6205,-1,-1,-1
509,190,487.25,75.14,106.91,342.48,0.8492,-1,-1,-1
509,177,343.99,123.86,61.30,213.69,0.6588,-1,-1,-1
509,195,1.52,93.90,86.68,219.36,0.5992,-1,-1,-1
510,174,371.40,84.26,114.57,332.24,0.8441,-1,-1,-1
510,182,489.82,80.31,106.08,339.06,0.8117,-1,-1,-1
510,189,88.95,0.67,270.14,471.85,0.3890,-1,-1,-1
510,190,489.82,80.31,106.08,339.06,0.8117,-1,-1,-1
510,177,350.59,127.02,55.29,210.66,0.5704,-1,-1,-1
510,195,4.00,81.28,100.37,247.06,0.7466,-1,-1,-1
511,174,380.60,83.41,105.47,333.70,0.8348,-1,-1,-1
511,182,494.45,78.53,100.54,339.82,0.7718,-1,-1,-1
511,189,107.25,1.15,224.34,472.05,0.3711,-1,-1,-1
511,190,494.45,78.53,100.54,339.83,0.7718,-1,-1,-1
511,177,362.90,125.84,47.56,212.14,0.3317,-1,-1,-1
511,195,6.82,66.04,119.53,275.71,0.6792,-1,-1,-1
512,174,387.36,86.93,103.49,335.91,0.8622,-1,-1,-1
512,182,501.37,81.75,98.12,332.86,0.7594,-1,-1,-1
512,189,122.34,4.57,257.34,474.85,0.5870,-1,-1,-1
512,190,501.37,81.75,98.12,332.86,0.7594,-1,-1,-1
512,195,18.78,67.35,127.47,289.43,0.7095,-1,-1,-1
513,174,401.75,92.03,98.14,322.81,0.8337,-1,-1,-1
513,182,507.67,83.49,95.22,329.00,0.8385,-1,-1,-1
513,189,148.29,7.49,270.77,468.49,0.6844,-1,-1,-1
513,190,507.67,83.49,95.22,329.00,0.8385,-1,-1,-1
513,195,54.71,74.42,117.49,316.59,0.8416,-1,-1,-1
513,198,15.67,130.35,79.53,224.08,0.8405,-1,-1,-1
514,174,411.44,89.10,86.31,316.57,0.8662,-1,-1,-1
514,182,505.06,79.77,95.49,332.58,0.8378,-1,-1,-1
514,189,158.52,3.64,275.48,468.46,0.5517,-1,-1,-1
514,190,505.06,79.77,95.49,332.58,0.8378,-1,-1,-1
514,195,76.12,69.69,104.91,330.46,0.8856,-1,-1,-1
514,198,8.31,119.32,82.10,234.01,0.8450,-1,-1,-1
515,174,427.38,94.12,71.54,227.59,0.8157,-1,-1,-1
515,182,493.39,83.16,108.85,334.22,0.8417,-1,-1,-1
515,189,185.13,4.93,272.08,464.84,0.7153,-1,-1,-1
515,190,493.39,83.16,108.85,334.22,0.8417,-1,-1,-1
515,195,95.26,74.15,109.63,331.37,0.8878,-1,-1,-1
516,174,452.34,95.77,50.90,176.31,0.1866,-1,-1,-1
516,182,491.80,85.02,121.84,335.03,0.8219,-1,-1,-1
516,189,222.11,2.59,262.96,462.34,0.7072,-1,-1,-1
516,190,491.80,85.02,121.84,335.03,0.8219,-1,-1,-1
516,195,109.48,73.96,114.69,328.86,0.8785,-1,-1,-1
517,182,500.34,86.41,124.41,335.70,0.8859,-1,-1,-1
517,189,248.03,1.32,266.50,460.80,0.7442,-1,-1,-1
517,190,500.34,86.41,124.41,335.70,0.8859,-1,-1,-1
517,201,195.87,37.56,99.73,346.33,0.3491,-1,-1,-1
517,198,97.13,88.63,108.81,312.96,0.8725,-1,-1,-1
518,182,515.55,89.82,115.54,338.32,0.8425,-1,-1,-1
518,189,266.11,-1.01,275.98,470.75,0.7534,-1,-1,-1
518,190,515.55,89.82,115.54,338.32,0.8425,-1,-1,-1
518,201,198.59,30.21,108.48,357.64,0.8533,-1,-1,-1
518,198,104.57,82.71,114.95,325.26,0.8743,-1,-1,-1
519,189,280.55,-4.71,291.98,484.59,0.7190,-1,-1,-1
519,201,189.19,24.44,117.40,393.88,0.8749,-1,-1,-1
519,198,111.28,74.20,106.09,325.87,0.8668,-1,-1,-1
520,189,292.50,-1.81,304.73,486.42,0.8223,-1,-1,-1
520,201,183.61,22.44,132.66,435.23,0.8774,-1,-1,-1
520,198,122.43,73.70,95.18,325.66,0.8340,-1,-1,-1
521,189,321.88,0.14,314.58,485.06,0.8640,-1,-1,-1
521,201,183.49,19.51,148.61,448.14,0.8792,-1,-1,-1
521,198,119.06,78.15,104.80,323.36,0.8424,-1,-1,-1
522,189,342.36,0.82,301.87,479.53,0.7792,-1,-1,-1
522,201,183.69,19.35,155.54,450.18,0.8876,-1,-1,-1
522,198,113.90,83.77,109.76,321.26,0.8236,-1,-1,-1
523,189,358.11,-2.68,290.56,482.94,0.8149,-1,-1,-1
523,201,184.78,14.05,156.59,459.14,0.8998,-1,-1,-1
523,198,106.94,84.51,113.50,321.80,0.7713,-1,-1,-1
524,189,373.35,-7.97,280.08,489.23,0.8006,-1,-1,-1
524,201,185.63,5.11,157.37,474.30,0.8948,-1,-1,-1
524,198,101.30,76.95,117.84,323.11,0.8325,-1,-1,-1
525,189,392.07,-5.05,262.37,489.47,0.8934,-1,-1,-1
525,201,196.13,10.75,156.00,476.41,0.8895,-1,-1,-1
525,198,108.14,79.68,117.32,312.40,0.8325,-1,-1,-1
526,189,406.80,-3.29,243.92,488.78,0.8942,-1,-1,-1
526,201,203.41,12.12,156.76,476.53,0.8738,-1,-1,-1
526,198,125.63,76.02,105.45,300.89,0.8529,-1,-1,-1
527,189,417.04,-0.72,225.83,486.48,0.8698,-1,-1,-1
527,201,201.81,11.78,159.03,475.05,0.8661,-1,-1,-1
527,198,138.85,72.62,91.75,299.67,0.8489,-1,-1,-1
528,189,437.93,4.09,204.78,490.33,0.9061,-1,-1,-1
528,201,200.05,20.76,167.27,471.47,0.8605,-1,-1,-1
528,198,156.53,83.19,78.77,301.74,0.8614,-1,-1,-1
529,189,448.47,4.18,192.84,480.10,0.8936,-1,-1,-1
529,201,199.42,28.09,173.26,458.99,0.8829,-1,-1,-1
529,198,160.46,96.07,79.57,293.92,0.8438,-1,-1,-1
529,206,126.61,165.55,47.38,145.79,0.7924,-1,-1,-1
529,207,385.42,105.85,85.03,317.43,0.8117,-1,-1,-1
530,189,464.96,0.38,176.98,477.92,0.9025,-1,-1,-1
530,201,203.84,28.43,175.62,444.93,0.8749,-1,-1,-1
530,198,158.25,100.56,86.52,289.07,0.8630,-1,-1,-1
530,206,120.42,162.43,48.60,151.44,0.7848,-1,-1,-1
530,207,386.05,108.27,92.97,319.44,0.7385,-1,-1,-1
531,189,474.68,0.53,164.28,475.96,0.8965,-1,-1,-1
531,201,211.57,29.59,169.09,445.27,0.8791,-1,-1,-1
531,198,156.39,103.47,91.11,286.85,0.8511,-1,-1,-1
531,206,112.93,160.03,53.78,156.92,0.8114,-1,-1,-1
531,207,385.79,111.93,96.60,322.26,0.8240,-1,-1,-1
532,189,484.48,0.23,152.69,475.25,0.8852,-1,-1,-1
532,201,219.29,27.44,155.06,449.07,0.8936,-1,-1,-1
532,198,161.75,100.99,86.55,277.82,0.8406,-1,-1,-1
532,206,96.80,157.09,62.17,163.87,0.7518,-1,-1,-1
532,207,379.45,106.37,98.18,322.40,0.8402,-1,-1,-1
533,189,483.84,-1.41,152.48,476.37,0.8890,-1,-1,-1
533,201,216.00,22.40,148.35,454.63,0.8799,-1,-1,-1
533,198,166.78,94.28,77.81,276.84,0.7978,-1,-1,-1
533,206,76.49,152.48,71.52,169.35,0.7949,-1,-1,-1
533,207,371.15,98.56,98.66,314.45,0.8438,-1,-1,-1
533,208,464.89,92.02,50.06,265.08,0.5636,-1,-1,-1
534,189,485.61,1.19,149.04,476.56,0.8880,-1,-1,-1
534,201,202.77,22.15,143.73,456.70,0.8854,-1,-1,-1
534,198,151.02,89.66,84.34,280.29,0.7946,-1,-1,-1
534,206,54.87,146.13,69.42,180.16,0.7984,-1,-1,-1
534,207,358.27,95.48,96.51,315.00,0.7876,-1,-1,-1
534,208,454.10,89.46,59.70,292.96,0.7802,-1,-1,-1
535,189,491.74,3.38,144.02,473.47,0.8779,-1,-1,-1
535,201,191.81,23.77,147.16,455.92,0.8782,-1,-1,-1
535,198,140.77,90.21,89.55,288.76,0.5142,-1,-1,-1
535,206,41.27,139.75,69.58,190.27,0.7869,-1,-1,-1
535,207,342.25,96.19,103.65,317.01,0.7805,-1,-1,-1
535,208,448.56,89.51,68.17,318.94,0.8451,-1,-1,-1
536,189,499.58,1.66,139.12,474.74,0.8810,-1,-1,-1
536,201,192.05,19.68,146.52,455.94,0.8794,-1,-1,-1
536,198,138.28,114.66,83.93,201.80,0.5161,-1,-1,-1
536,206,30.21,132.69,74.59,199.87,0.7968,-1,-1,-1
536,207,328.06,96.14,115.36,321.19,0.8517,-1,-1,-1
536,208,445.96,88.25,77.11,321.73,0.8429,-1,-1,-1
537,189,506.05,4.67,132.90,470.89,0.8824,-1,-1,-1
537,201,191.95,7.08,147.68,456.11,0.8817,-1,-1,-1
537,198,136.96,114.82,87.84,245.66,0.3438,-1,-1,-1
537,206,13.46,118.74,81.46,210.17,0.8026,-1,-1,-1
537,207,319.72,91.60,120.23,328.07,0.8493,-1,-1,-1
537,208,442.82,83.64,84.48,322.24,0.8732,-1,-1,-1
538,189,511.90,4.18,126.73,473.15,0.8789,-1,-1,-1
538,201,193.77,3.78,151.32,452.77,0.8947,-1,-1,-1
538,198,134.61,123.75,79.04,190.10,0.5854,-1,-1,-1
538,206,5.88,115.77,83.63,221.38,0.8456,-1,-1,-1
538,207,323.64,91.13,112.86,332.35,0.8007,-1,-1,-1
538,208,440.05,85.12,90.79,334.69,0.8513,-1,-1,-1
538,213,124.78,145.58,37.84,140.66,0.6651,-1,-1,-1
539,189,530.70,1.67,110.70,474.07,0.8620,-1,-1,-1
539,201,197.71,-0.17,158.26,463.05,0.8856,-1,-1,-1
539,198,149.17,121.76,64.50,169.62,0.6061,-1,-1,-1
539,206,-0.24,109.51,86.58,235.51,0.8775,-1,-1,-1
539,207,333.35,86.48,103.74,331.08,0.8634,-1,-1,-1
539,208,447.37,82.14,94.23,330.52,0.8490,-1,-1,-1
539,213,122.45,139.74,44.95,145.51,0.7932,-1,-1,-1
539,214,409.75,125.49,49.30,225.57,0.7755,-1,-1,-1
540,189,542.38,4.94,100.28,467.90,0.8122,-1,-1,-1
540,201,201.60,0.31,162.42,472.33,0.8777,-1,-1,-1
540,206,-3.71,112.32,89.83,246.28,0.8681,-1,-1,-1
540,207,340.28,87.54,98.88,326.80,0.8686,-1,-1,-1
540,208,451.01,78.60,101.76,339.09,0.8351,-1,-1,-1
540,213,121.20,138.95,52.68,151.39,0.7812,-1,-1,-1
540,214,413.25,127.34,51.39,223.70,0.7292,-1,-1,-1
541,189,562.40,18.72,81.52,423.62,0.7544,-1,-1,-1
541,201,213.11,0.10,162.41,473.26,0.8654,-1,-1,-1
541,206,-2.87,108.89,85.21,262.31,0.8601,-1,-1,-1
541,207,350.53,84.09,95.60,334.61,0.8384,-1,-1,-1
541,208,457.97,74.24,112.95,346.76,0.7461,-1,-1,-1
541,213,119.45,139.45,61.90,155.80,0.8574,-1,-1,-1
541,214,423.21,125.99,49.87,232.90,0.6711,-1,-1,-1
541,215,187.48,123.79,57.80,247.17,0.7327,-1,-1,-1
542,189,588.80,39.18,53.54,390.96,0.4941,-1,-1,-1
542,201,226.19,1.34,157.72,473.95,0.8767,-1,-1,-1
542,206,-2.70,100.63,77.69,280.00,0.8438,-1,-1,-1
542,207,360.13,83.81,91.29,339.54,0.7930,-1,-1,-1
542,208,453.35,72.07,123.06,355.65,0.6215,-1,-1,-1
542,213,111.58,139.59,71.93,161.44,0.8664,-1,-1,-1
542,214,431.67,126.62,44.82,247.68,0.2615,-1,-1,-1
542,215,204.82,122.74,47.27,251.27,0.4877,-1,-1,-1
542,198,187.02,126.77,49.39,173.13,0.3919,-1,-1,-1
543,189,603.50,72.44,36.60,351.17,0.1796,-1,-1,-1
543,201,234.01,7.26,158.67,470.93,0.8474,-1,-1,-1
543,206,-2.65,94.41,74.06,293.47,0.8645,-1,-1,-1
543,207,366.82,89.72,86.88,342.40,0.6886,-1,-1,-1
543,208,444.93,76.06,126.70,362.84,0.8114,-1,-1,-1
543,213,104.39,143.51,77.74,162.89,0.8755,-1,-1,-1
543,214,432.21,126.68,49.31,273.44,0.3388,-1,-1,-1
543,215,213.54,124.01,43.88,256.43,0.5257,-1,-1,-1
543,198,187.12,145.23,40.51,155.34,0.5616,-1,-1,-1
544,201,243.74,3.55,157.24,474.23,0.8633,-1,-1,-1
544,206,-0.48,84.11,60.02,303.73,0.8031,-1,-1,-1
544,207,383.31,87.95,75.33,324.78,0.5156,-1,-1,-1
544,208,447.54,75.49,131.25,368.09,0.8223,-1,-1,-1
544,213,100.99,136.41,80.26,168.23,0.8782,-1,-1,-1
544,214,432.84,122.42,46.83,252.39,0.1844,-1,-1,-1
544,215,220.00,128.97,44.02,248.09,0.6382,-1,-1,-1
544,198,186.00,145.26,47.06,151.99,0.7646,-1,-1,-1
545,201,246.10,1.55,164.11,475.73,0.8553,-1,-1,-1
545,206,-0.04,99.48,60.71,289.09,0.7935,-1,-1,-1
545,207,395.27,88.02,68.42,337.80,0.5132,-1,-1,-1
545,208,453.60,74.31,132.07,371.64,0.8016,-1,-1,-1
545,213,101.48,134.05,81.34,170.89,0.8726,-1,-1,-1
545,214,439.89,117.58,39.44,247.13,0.3106,-1,-1,-1
545,215,227.20,140.23,43.10,235.26,0.3899,-1,-1,-1
545,198,187.66,147.51,50.07,150.91,0.7137,-1,-1,-1
545,218,369.46,88.84,89.65,354.94,0.3670,-1,-1,-1
546,201,254.08,0.59,172.48,476.98,0.8985,-1,-1,-1
546,206,0.39,112.31,55.89,282.93,0.7622,-1,-1,-1
546,207,398.51,85.78,76.89,309.70,0.1807,-1,-1,-1
546,208,468.72,71.37,127.67,374.27,0.7836,-1,-1,-1
546,213,105.21,131.15,81.73,175.90,0.8602,-1,-1,-1
546,214,454.82,121.75,40.67,244.79,0.2450,-1,-1,-1
546,215,244.67,131.10,35.89,230.36,0.3030,-1,-1,-1
546,198,194.14,149.06,51.51,152.35,0.7579,-1,-1,-1
546,218,377.18,84.51,96.00,353.76,0.5795,-1,-1,-1
547,201,251.93,-1.11,187.08,479.11,0.8883,-1,-1,-1
547,206,-0.92,119.38,38.37,276.02,0.5029,-1,-1,-1
547,207,397.67,81.34,84.78,330.38,0.6853,-1,-1,-1
547,208,483.56,65.85,124.83,370.23,0.7380,-1,-1,-1
547,213,109.24,122.52,74.26,183.68,0.7894,-1,-1,-1
547,198,194.34,143.11,54.56,158.31,0.8171,-1,-1,-1
547,218,391.10,80.79,91.64,344.04,0.6853,-1,-1,-1
548,201,252.01,-0.66,194.66,474.21,0.8814,-1,-1,-1
548,207,403.24,81.70,83.24,343.18,0.5365,-1,-1,-1
548,208,500.14,64.15,121.66,376.71,0.7096,-1,-1,-1
548,213,114.59,120.33,67.61,188.61,0.8157,-1,-1,-1
548,198,196.20,139.85,59.89,164.12,0.8394,-1,-1,-1
548,218,402.38,81.65,84.72,347.51,0.5365,-1,-1,-1
548,214,475.26,115.72,44.25,253.02,0.6141,-1,-1,-1
549,201,252.80,-0.29,196.92,471.53,0.8594,-1,-1,-1
549,207,422.06,85.93,68.97,335.23,0.4070,-1,-1,-1
549,208,511.29,62.09,124.84,386.26,0.7685,-1,-1,-1
549,213,115.34,117.97,66.97,192.98,0.8225,-1,-1,-1
549,198,195.02,136.29,63.31,169.26,0.8261,-1,-1,-1
549,218,407.35,86.38,83.77,350.89,0.1828,-1,-1,-1
549,214,479.86,119.63,48.38,248.34,0.6846,-1,-1,-1
550,201,257.90,-5.01,194.61,480.18,0.7731,-1,-1,-1
550,207,411.85,67.85,78.65,360.56,0.3738,-1,-1,-1
550,208,525.75,48.13,117.44,401.00,0.8854,-1,-1,-1
550,213,107.38,103.23,70.82,202.14,0.7353,-1,-1,-1
550,198,194.81,119.20,63.86,177.01,0.8328,-1,-1,-1
550,218,408.47,67.33,82.58,366.62,0.3738,-1,-1,-1
550,214,486.01,110.09,54.70,250.58,0.7895,-1,-1,-1
551,201,262.52,-1.12,186.17,478.79,0.7981,-1,-1,-1
551,207,408.73,69.49,80.66,365.40,0.5840,-1,-1,-1
551,208,531.59,44.43,111.31,407.44,0.9019,-1,-1,-1
551,213,95.21,98.79,77.60,208.65,0.8372,-1,-1,-1
551,198,192.87,114.42,63.93,181.41,0.8254,-1,-1,-1
551,218,408.46,69.54,81.48,366.98,0.5840,-1,-1,-1
551,214,487.29,108.53,61.35,251.22,0.7482,-1,-1,-1
551,215,256.61,122.34,54.58,211.95,0.3576,-1,-1,-1
552,201,261.11,3.40,206.77,465.14,0.7676,-1,-1,-1
552,207,414.71,70.98,68.73,285.94,0.6492,-1,-1,-1
552,208,537.15,50.48,104.92,410.25,0.8940,-1,-1,-1
552,213,79.68,104.05,83.73,216.73,0.8669,-1,-1,-1
552,198,182.39,117.89,72.57,190.64,0.8695,-1,-1,-1
552,218,403.70,72.22,77.51,370.85,0.2230,-1,-1,-1
552,214,490.35,116.36,61.06,250.33,0.8078,-1,-1,-1
552,215,256.16,129.22,53.92,207.12,0.3710,-1,-1,-1
553,201,256.48,6.82,209.39,470.22,0.8598,-1,-1,-1
553,207,422.16,98.44,56.92,226.28,0.5429,-1,-1,-1
553,208,544.27,52.27,96.97,412.51,0.8766,-1,-1,-1
553,213,71.45,100.20,83.42,225.86,0.8717,-1,-1,-1
553,198,172.98,117.46,78.62,195.69,0.8716,-1,-1,-1
553,218,409.89,69.59,69.74,287.67,0.6963,-1,-1,-1
553,214,494.55,118.23,61.01,250.17,0.8039,-1,-1,-1
554,201,249.48,2.78,199.18,477.86,0.8953,-1,-1,-1
554,207,427.05,113.30,50.12,211.10,0.3899,-1,-1,-1
554,208,550.43,51.83,90.53,408.65,0.8936,-1,-1,-1
554,213,63.28,96.38,81.46,235.21,0.8522,-1,-1,-1
554,198,167.04,116.45,81.29,203.77,0.8604,-1,-1,-1
554,218,409.10,104.96,67.44,244.24,0.1760,-1,-1,-1
554,214,499.91,119.00,62.03,249.64,0.7678,-1,-1,-1
555,201,256.82,-0.68,191.58,479.84,0.9125,-1,-1,-1
555,208,559.35,45.73,82.85,403.98,0.8912,-1,-1,-1
555,213,60.06,89.13,74.76,242.81,0.8391,-1,-1,-1
555,198,166.90,109.71,78.81,213.26,0.8783,-1,-1,-1
555,218,408.50,111.92,65.69,242.70,0.6300,-1,-1,-1
555,214,506.89,112.65,65.71,248.71,0.7635,-1,-1,-1
556,201,253.42,2.16,193.50,478.67,0.9082,-1,-1,-1
556,208,564.44,47.52,76.54,402.55,0.8629,-1,-1,-1
556,213,49.05,89.75,77.63,248.56,0.8331,-1,-1,-1
556,198,164.51,111.27,77.31,219.99,0.8762,-1,-1,-1
556,218,411.67,117.04,65.53,245.47,0.6948,-1,-1,-1
556,214,509.02,115.46,69.86,248.94,0.7722,-1,-1,-1
557,201,258.39,6.48,190.55,477.79,0.9203,-1,-1,-1
557,208,555.70,61.36,84.63,393.36,0.8320,-1,-1,-1
557,213,26.62,93.00,87.91,258.07,0.8682,-1,-1,-1
557,198,157.48,113.82,78.13,230.75,0.8789,-1,-1,-1
557,218,418.03,124.40,73.61,269.54,0.7216,-1,-1,-1
557,214,515.38,128.64,66.69,245.87,0.8214,-1,-1,-1
558,201,260.74,3.88,189.09,474.84,0.9082,-1,-1,-1
558,208,550.13,60.85,89.75,382.01,0.8451,-1,-1,-1
558,213,6.26,85.25,98.14,266.87,0.8952,-1,-1,-1
558,198,152.61,107.80,79.84,236.94,0.8721,-1,-1,-1
558,218,419.23,119.67,84.77,282.44,0.8158,-1,-1,-1
558,214,519.56,129.38,63.44,235.83,0.8128,-1,-1,-1
559,201,268.85,-0.31,189.91,474.87,0.9217,-1,-1,-1
559,208,557.51,49.96,88.15,374.74,0.8579,-1,-1,-1
559,213,-2.25,79.14,100.58,274.21,0.9037,-1,-1,-1
559,198,150.08,97.16,86.83,245.65,0.8667,-1,-1,-1
559,218,428.76,105.78,102.62,308.06,0.8191,-1,-1,-1
559,214,532.26,117.86,64.77,246.36,0.7421,-1,-1,-1
560,201,270.47,0.15,188.25,476.72,0.9136,-1,-1,-1
560,208,569.24,45.51,74.04,376.49,0.8585,-1,-1,-1
560,213,-6.16,77.69,96.79,281.26,0.9214,-1,-1,-1
560,198,144.16,91.66,91.79,258.82,0.8781,-1,-1,-1
560,218,439.82,95.09,106.50,330.45,0.8006,-1,-1,-1
560,214,537.43,113.95,61.79,243.72,0.7395,-1,-1,-1
561,201,256.29,-1.35,196.27,480.91,0.8990,-1,-1,-1
561,208,571.82,38.80,69.02,387.04,0.8866,-1,-1,-1
561,213,-11.06,67.69,84.01,290.33,0.8848,-1,-1,-1
561,198,126.23,79.54,96.85,278.01,0.8097,-1,-1,-1
561,218,444.60,75.57,111.15,358.21,0.6572,-1,-1,-1
561,214,544.08,109.54,49.18,247.14,0.5997,-1,-1,-1
562,201,245.18,-1.89,201.63,480.84,0.8985,-1,-1,-1
562,208,568.71,34.38,70.37,395.97,0.9048,-1,-1,-1
562,213,-9.04,77.01,65.65,277.49,0.8560,-1,-1,-1
562,198,111.37,70.51,99.64,289.69,0.8753,-1,-1,-1
562,218,452.10,59.30,113.68,376.77,0.7988,-1,-1,-1
562,207,407.08,79.56,62.01,260.40,0.5432,-1,-1,-1
563,201,237.00,0.99,214.51,481.22,0.9243,-1,-1,-1
563,208,577.97,38.07,64.22,406.18,0.8313,-1,-1,-1
563,213,-6.10,96.60,40.34,263.40,0.5158,-1,-1,-1
563,198,97.58,64.67,106.82,313.41,0.8177,-1,-1,-1
563,218,469.08,47.12,126.22,417.57,0.6245,-1,-1,-1
563,207,409.21,78.43,70.73,272.18,0.6222,-1,-1,-1
564,201,233.04,1.69,217.87,479.93,0.9036,-1,-1,-1
564,208,582.95,39.77,58.31,411.11,0.6636,-1,-1,-1
564,198,86.46,57.90,115.09,330.29,0.8687,-1,-1,-1
564,218,461.72,44.07,159.27,431.57,0.4495,-1,-1,-1
564,207,411.20,76.86,73.69,281.36,0.7098,-1,-1,-1
565,201,232.28,-0.16,219.07,481.33,0.9221,-1,-1,-1
565,198,73.33,47.99,119.27,352.09,0.8584,-1,-1,-1
565,218,477.41,28.33,165.26,454.85,0.8272,-1,-1,-1
565,207,413.57,71.59,82.28,299.06,0.7920,-1,-1,-1
566,201,231.51,0.29,214.58,480.44,0.9175,-1,-1,-1
566,198,59.87,38.26,125.37,368.74,0.8917,-1,-1,-1
566,218,496.52,59.10,150.71,426.98,0.5172,-1,-1,-1
566,207,418.83,64.04,83.18,316.38,0.8403,-1,-1,-1
567,201,230.67,0.40,208.86,475.97,0.9194,-1,-1,-1
567,198,42.79,25.26,133.38,390.58,0.9007,-1,-1,-1
567,218,522.40,68.25,126.51,415.49,0.8255,-1,-1,-1
567,207,422.58,53.44,89.60,334.89,0.8584,-1,-1,-1
568,201,228.15,0.82,205.80,471.53,0.9187,-1,-1,-1
568,198,23.94,15.26,143.64,409.93,0.9122,-1,-1,-1
568,218,537.35,60.69,110.83,420.77,0.6951,-1,-1,-1
568,207,423.28,43.54,102.70,355.13,0.8648,-1,-1,-1
569,201,221.75,-0.29,206.10,473.65,0.9236,-1,-1,-1
569,198,3.13,1.39,152.20,441.61,0.9100,-1,-1,-1
569,218,563.65,52.23,85.30,428.11,0.4805,-1,-1,-1
569,207,420.42,26.01,123.02,379.79,0.8649,-1,-1,-1
570,201,213.65,1.14,208.13,472.20,0.9178,-1,-1,-1
570,198,-2.91,-1.56,147.27,440.54,0.9159,-1,-1,-1
570,218,565.42,46.64,78.44,390.55,0.6262,-1,-1,-1
570,207,422.90,13.24,131.37,398.88,0.8622,-1,-1,-1
571,201,196.64,0.27,222.33,476.69,0.9079,-1,-1,-1
571,198,-6.47,-5.68,131.54,453.16,0.8978,-1,-1,-1
571,218,568.83,51.70,73.54,374.95,0.8798,-1,-1,-1
571,207,430.26,1.64,139.96,427.18,0.8686,-1,-1,-1
572,201,185.00,-0.84,230.98,477.62,0.9157,-1,-1,-1
572,198,-6.24,-7.93,114.84,463.94,0.8826,-1,-1,-1
572,218,573.46,58.95,67.57,330.02,0.7341,-1,-1,-1
572,207,437.65,-3.80,148.26,450.11,0.8796,-1,-1,-1
573,201,178.79,1.85,239.38,477.10,0.9162,-1,-1,-1
573,198,-4.26,7.41,100.06,464.13,0.8323,-1,-1,-1
573,218,589.40,69.79,51.12,318.47,0.4259,-1,-1,-1
573,207,442.20,-2.35,169.10,474.92,0.8487,-1,-1,-1
574,201,178.69,0.42,248.95,479.40,0.9135,-1,-1,-1
574,207,454.86,-4.80,179.44,489.60,0.9044,-1,-1,-1
575,201,185.14,1.31,248.94,475.13,0.9049,-1,-1,-1
575,207,462.82,-4.55,180.75,488.63,0.9145,-1,-1,-1
576,201,191.81,-0.80,251.80,480.65,0.9184,-1,-1,-1
576,207,477.13,-7.59,176.01,493.79,0.9071,-1,-1,-1
577,201,201.36,0.02,248.54,478.84,0.9225,-1,-1,-1
577,207,491.46,-5.64,160.08,488.77,0.8957,-1,-1,-1
578,201,211.57,-0.80,244.86,481.10,0.9245,-1,-1,-1
578,207,515.60,-5.07,135.72,490.76,0.7291,-1,-1,-1
579,201,221.29,-3.11,239.64,482.83,0.9072,-1,-1,-1
580,201,231.63,2.04,234.17,474.44,0.9166,-1,-1,-1
580,224,502.95,96.06,128.04,318.60,0.8443,-1,-1,-1
581,201,252.26,5.87,229.50,469.34,0.9243,-1,-1,-1
581,224,507.52,80.19,93.97,324.35,0.7142,-1,-1,-1
581,225,218.77,151.31,46.56,131.56,0.7864,-1,-1,-1
582,201,258.21,5.65,231.25,466.24,0.9218,-1,-1,-1
582,224,498.63,71.83,84.88,325.17,0.6026,-1,-1,-1
582,225,213.60,150.80,52.31,135.17,0.8260,-1,-1,-1
583,201,265.35,6.50,241.28,467.47,0.9171,-1,-1,-1
583,224,499.47,79.24,75.89,322.87,0.6863,-1,-1,-1
583,225,209.72,159.00,57.40,137.81,0.7320,-1,-1,-1
583,227,525.23,107.73,114.92,299.78,0.6704,-1,-1,-1
584,201,270.11,3.80,256.52,468.48,0.9155,-1,-1,-1
584,225,206.11,158.77,58.63,142.62,0.7192,-1,-1,-1
584,227,512.57,100.87,118.36,315.20,0.5038,-1,-1,-1
585,201,273.09,1.57,271.57,467.50,0.9072,-1,-1,-1
585,225,201.88,151.10,58.13,149.46,0.7361,-1,-1,-1
585,227,518.86,110.74,91.41,300.72,0.3287,-1,-1,-1
585,228,548.48,118.21,59.56,235.14,0.4531,-1,-1,-1
585,229,1.32,-0.94,108.09,464.45,0.6190,-1,-1,-1
586,201,277.58,3.71,275.81,467.26,0.9011,-1,-1,-1
586,225,198.64,148.31,60.02,158.91,0.8082,-1,-1,-1
586,227,532.25,120.33,71.69,269.18,0.7515,-1,-1,-1
586,228,539.82,121.56,67.08,253.71,0.7515,-1,-1,-1
586,229,2.32,0.93,114.45,472.62,0.5812,-1,-1,-1
586,224,458.95,91.21,123.79,318.84,0.3595,-1,-1,-1
587,201,276.30,2.78,267.27,464.30,0.9127,-1,-1,-1
587,225,188.22,144.51,62.13,160.99,0.8180,-1,-1,-1
587,227,522.63,118.32,68.12,255.83,0.6560,-1,-1,-1
587,228,523.77,117.59,70.23,256.42,0.6560,-1,-1,-1
587,229,-0.02,0.77,113.21,475.33,0.6821,-1,-1,-1
587,224,448.12,123.49,116.60,274.79,0.5198,-1,-1,-1
588,201,273.14,3.97,257.40,470.72,0.9158,-1,-1,-1
588,225,178.31,147.16,61.68,164.40,0.8345,-1,-1,-1
588,227,514.61,124.35,68.71,249.35,0.7257,-1,-1,-1
588,228,513.10,123.33,72.02,253.96,0.7257,-1,-1,-1
588,229,-1.55,1.70,106.46,477.83,0.6465,-1,-1,-1
588,224,444.54,164.42,94.19,229.22,0.5844,-1,-1,-1
589,201,248.62,4.13,252.96,473.01,0.9051,-1,-1,-1
589,225,153.44,145.88,64.00,170.77,0.7229,-1,-1,-1
589,227,484.88,132.07,71.44,215.99,0.1338,-1,-1,-1
589,228,474.89,128.68,88.37,247.54,0.6394,-1,-1,-1
589,229,-4.22,1.53,97.58,476.84,0.6293,-1,-1,-1
590,201,234.37,1.55,255.63,473.66,0.8834,-1,-1,-1
590,225,139.17,141.26,68.54,177.26,0.8216,-1,-1,-1
590,227,462.38,127.17,88.79,234.68,0.7959,-1,-1,-1
590,228,457.36,125.83,96.44,246.67,0.7959,-1,-1,-1
590,229,-2.75,1.23,98.32,472.48,0.3432,-1,-1,-1
591,201,207.63,-0.15,264.78,476.53,0.8733,-1,-1,-1
591,225,120.60,139.45,68.85,183.27,0.8122,-1,-1,-1
591,227,445.54,123.54,90.87,239.45,0.6489,-1,-1,-1
591,228,442.26,122.73,95.85,245.91,0.6489,-1,-1,-1
591,229,-5.02,-0.38,110.51,473.95,0.6629,-1,-1,-1
592,201,188.45,1.41,263.02,477.74,0.8745,-1,-1,-1
592,225,102.31,142.98,72.33,193.94,0.8585,-1,-1,-1
592,227,412.16,126.91,102.44,253.36,0.7559,-1,-1,-1
592,228,410.21,126.26,105.56,257.48,0.7559,-1,-1,-1
592,229,-4.92,0.98,85.32,408.78,0.7696,-1,-1,-1
593,201,187.56,-1.73,254.93,479.14,0.8939,-1,-1,-1
593,225,83.51,132.24,75.42,206.02,0.8117,-1,-1,-1
593,227,406.11,122.47,85.16,248.54,0.1454,-1,-1,-1
593,228,380.93,122.41,101.97,256.82,0.3695,-1,-1,-1
593,229,-1.99,6.27,100.40,448.00,0.4038,-1,-1,-1
594,201,188.48,-1.97,249.21,478.79,0.8991,-1,-1,-1
594,225,71.31,124.04,77.68,214.43,0.8333,-1,-1,-1
594,227,409.31,118.15,69.36,241.27,0.2947,-1,-1,-1
594,228,370.74,125.15,82.95,252.19,0.2940,-1,-1,-1
594,229,-0.25,19.49,97.45,449.76,0.5638,-1,-1,-1
595,201,189.02,1.02,243.52,480.79,0.9078,-1,-1,-1
595,225,46.81,121.09,88.22,228.02,0.7864,-1,-1,-1
595,227,403.17,125.02,68.40,240.63,0.4693,-1,-1,-1
595,228,363.63,132.78,72.71,253.79,0.2734,-1,-1,-1
595,229,-0.62,33.64,76.10,444.38,0.2226,-1,-1,-1
596,201,189.79,0.77,236.84,480.17,0.9078,-1,-1,-1
596,225,34.47,113.15,91.44,237.64,0.8217,-1,-1,-1
596,227,403.03,127.55,56.05,242.26,0.3981,-1,-1,-1
596,228,364.11,128.32,78.86,259.52,0.5818,-1,-1,-1
596,229,0.84,39.09,51.94,355.91,0.4029,-1,-1,-1
597,201,194.11,0.04,225.95,480.17,0.9004,-1,-1,-1
597,225,24.52,106.28,90.29,247.03,0.7980,-1,-1,-1
597,227,368.98,136.57,77.16,242.02,0.3712,-1,-1,-1
597,228,357.85,135.33,83.45,250.20,0.3712,-1,-1,-1
597,229,0.46,52.26,39.08,403.85,0.3747,-1,-1,-1
598,201,198.88,1.22,219.66,478.83,0.9108,-1,-1,-1
598,225,14.56,105.81,88.61,253.62,0.7668,-1,-1,-1
598,227,369.16,140.19,68.27,239.12,0.2545,-1,-1,-1
598,228,346.07,155.72,73.97,236.88,0.1032,-1,-1,-1
598,229,1.11,102.03,34.23,290.05,0.4540,-1,-1,-1
598,234,158.23,154.91,53.38,149.37,0.7754,-1,-1,-1
599,201,199.47,-0.04,222.32,477.54,0.9032,-1,-1,-1
599,225,1.79,100.47,91.67,274.74,0.8245,-1,-1,-1
599,227,369.42,139.59,59.00,232.76,0.4019,-1,-1,-1
599,234,151.36,152.47,58.08,151.36,0.8051,-1,-1,-1
599,236,606.53,200.17,33.26,141.46,0.6152,-1,-1,-1
600,201,200.82,1.14,230.05,476.61,0.9121,-1,-1,-1
600,225,-2.96,96.21,78.78,279.62,0.8680,-1,-1,-1
600,227,365.01,143.36,67.56,223.76,0.1929,-1,-1,-1
600,234,146.02,153.54,60.52,158.45,0.8116,-1,-1,-1
600,236,600.02,160.69,40.36,190.08,0.6039,-1,-1,-1
601,201,199.39,1.13,236.80,476.73,0.9209,-1,-1,-1
601,225,-2.47,119.89,63.23,255.93,0.4183,-1,-1,-1
601,227,361.69,139.98,73.18,224.73,0.1996,-1,-1,-1
601,234,141.92,153.27,62.43,162.95,0.8204,-1,-1,-1
601,236,596.09,134.94,44.93,219.24,0.5683,-1,-1,-1
601,229,0.83,133.82,53.29,240.23,0.4183,-1,-1,-1
602,201,195.29,-0.94,244.05,478.27,0.9112,-1,-1,-1
602,225,-1.76,123.27,50.29,322.59,0.2428,-1,-1,-1
602,227,356.50,128.90,81.33,236.29,0.1396,-1,-1,-1
602,234,139.85,150.16,60.58,167.30,0.8201,-1,-1,-1
602,236,592.41,112.90,49.20,243.78,0.5306,-1,-1,-1
603,201,193.33,0.45,241.30,479.63,0.9084,-1,-1,-1
603,225,-2.19,164.35,36.68,300.58,0.3071,-1,-1,-1
603,227,367.76,154.52,65.82,215.57,0.2193,-1,-1,-1
603,234,132.68,152.20,62.92,173.00,0.8622,-1,-1,-1
603,236,589.00,104.12,51.92,259.91,0.5837,-1,-1,-1
604,201,192.81,-0.28,236.10,479.68,0.9057,-1,-1,-1
604,227,367.08,171.97,65.16,198.49,0.3795,-1,-1,-1
604,234,129.35,148.70,67.71,178.59,0.8127,-1,-1,-1
604,236,583.51,97.30,57.34,339.30,0.4698,-1,-1,-1
605,201,196.23,-0.14,224.16,480.58,0.9085,-1,-1,-1
605,227,370.26,183.11,57.34,188.06,0.3238,-1,-1,-1
605,234,127.06,145.51,68.91,183.84,0.8074,-1,-1,-1
605,236,585.01,91.19,56.38,304.17,0.5190,-1,-1,-1
605,229,1.54,211.63,63.70,204.53,0.4953,-1,-1,-1
606,201,200.75,-0.60,214.93,478.61,0.9110,-1,-1,-1
606,234,125.60,140.71,70.62,185.96,0.8113,-1,-1,-1
606,236,589.75,94.91,52.21,277.39,0.4435,-1,-1,-1
606,229,2.74,217.27,67.53,248.96,0.4066,-1,-1,-1
607,201,198.18,-1.03,212.42,481.33,0.9039,-1,-1,-1
607,234,116.41,133.96,76.45,195.10,0.8302,-1,-1,-1
607,229,0.22,206.03,69.13,235.20,0.4382,-1,-1,-1
608,201,195.69,-0.63,213.44,482.37,0.9086,-1,-1,-1
608,234,101.31,131.48,87.81,203.16,0.8437,-1,-1,-1
609,201,200.23,-3.59,217.57,482.18,0.9003,-1,-1,-1
609,234,95.38,122.43,93.21,212.45,0.8684,-1,-1,-1
610,201,207.04,-1.51,220.52,481.32,0.7993,-1,-1,-1
610,234,92.76,121.51,89.63,221.02,0.8499,-1,-1,-1
611,201,220.40,0.87,214.76,480.58,0.8659,-1,-1,-1
611,234,90.56,123.80,85.85,228.00,0.8527,-1,-1,-1
612,201,229.15,-0.60,219.64,480.07,0.8847,-1,-1,-1
612,234,81.52,116.52,86.82,238.23,0.8632,-1,-1,-1
612,241,192.94,139.97,69.58,244.66,0.4076,-1,-1,-1
612,242,162.34,166.95,37.65,122.72,0.7495,-1,-1,-1
613,201,229.92,-1.41,226.13,479.02,0.8775,-1,-1,-1
613,234,61.57,107.91,96.56,244.58,0.8604,-1,-1,-1
613,241,186.12,135.90,81.58,235.29,0.5147,-1,-1,-1
613,242,154.07,161.90,42.94,124.66,0.7298,-1,-1,-1
613,243,-0.53,17.50,74.54,305.26,0.7613,-1,-1,-1
614,201,242.09,0.81,227.03,478.64,0.8816,-1,-1,-1
614,234,49.32,101.76,95.06,262.50,0.8848,-1,-1,-1
614,241,176.11,112.90,89.71,255.35,0.8665,-1,-1,-1
614,242,141.85,159.67,47.93,130.19,0.7537,-1,-1,-1
614,243,-1.18,26.71,74.49,308.82,0.7064,-1,-1,-1
615,201,256.89,1.95,222.23,477.11,0.8894,-1,-1,-1
615,234,47.19,97.45,91.01,272.88,0.8384,-1,-1,-1
615,241,178.87,106.20,88.03,264.01,0.8633,-1,-1,-1
615,242,136.70,158.22,50.39,132.95,0.7917,-1,-1,-1
615,243,0.51,23.55,72.42,370.66,0.7938,-1,-1,-1
616,201,271.25,-0.32,224.48,480.22,0.8924,-1,-1,-1
616,234,47.24,90.42,82.53,273.20,0.7537,-1,-1,-1
616,241,183.84,103.45,83.96,271.22,0.8400,-1,-1,-1
616,242,129.89,152.50,54.23,138.70,0.8220,-1,-1,-1
616,243,-0.14,11.31,78.05,432.25,0.6317,-1,-1,-1
617,201,278.86,-2.30,226.48,479.58,0.8881,-1,-1,-1
617,234,43.72,77.87,78.11,230.61,0.6213,-1,-1,-1
617,241,184.17,97.64,82.25,273.24,0.8541,-1,-1,-1
617,242,125.67,144.18,56.87,143.03,0.7973,-1,-1,-1
617,243,-0.12,2.78,85.19,356.41,0.3966,-1,-1,-1
617,244,251.26,109.72,55.79,192.17,0.6300,-1,-1,-1
618,201,278.73,-2.98,227.28,481.79,0.8937,-1,-1,-1
618,234,34.64,57.90,67.90,188.05,0.3166,-1,-1,-1
618,241,178.87,92.59,77.24,276.29,0.8549,-1,-1,-1
618,242,110.03,136.70,64.22,149.82,0.7921,-1,-1,-1
618,243,-1.38,-4.02,88.73,451.50,0.8149,-1,-1,-1
618,244,261.30,96.59,51.27,241.26,0.7249,-1,-1,-1
619,201,276.73,-0.07,226.02,479.58,0.9010,-1,-1,-1
619,241,172.04,92.85,74.23,271.47,0.8632,-1,-1,-1
619,242,101.86,134.12,57.36,152.57,0.8066,-1,-1,-1
619,243,0.68,-4.38,92.21,476.15,0.8445,-1,-1,-1
619,244,260.54,93.41,56.04,261.02,0.7926,-1,-1,-1
620,201,276.25,1.42,226.00,479.58,0.8565,-1,-1,-1
620,241,168.53,93.13,72.55,266.58,0.8336,-1,-1,-1
620,242,92.80,134.72,60.91,157.51,0.8081,-1,-1,-1
620,243,0.37,-1.21,100.13,485.30,0.8455,-1,-1,-1
620,244,259.52,92.30,62.34,271.83,0.8104,-1,-1,-1
620,247,233.54,124.71,41.82,175.86,0.6489,-1,-1,-1
621,201,288.77,4.44,212.96,475.30,0.8909,-1,-1,-1
621,241,169.58,103.38,73.29,265.28,0.7976,-1,-1,-1
621,242,90.29,142.46,64.63,161.24,0.7955,-1,-1,-1
621,243,0.00,5.98,107.45,488.17,0.8804,-1,-1,-1
621,244,260.56,101.20,68.44,270.99,0.8151,-1,-1,-1
621,247,237.43,134.23,40.46,176.07,0.7010,-1,-1,-1
622,201,305.46,4.97,198.45,475.48,0.9047,-1,-1,-1
622,241,173.34,112.41,73.30,265.65,0.8545,-1,-1,-1
622,242,90.28,146.77,64.84,162.42,0.8021,-1,-1,-1
622,243,0.15,6.43,119.16,490.42,0.8905,-1,-1,-1
622,244,265.01,110.80,66.99,272.50,0.8253,-1,-1,-1
622,247,242.55,144.00,35.67,169.81,0.6811,-1,-1,-1
623,201,309.89,3.29,190.36,476.98,0.9139,-1,-1,-1
623,241,171.00,117.75,73.70,267.06,0.8562,-1,-1,-1
623,242,88.98,145.76,59.38,151.40,0.7316,-1,-1,-1
623,243,-1.79,6.23,125.51,488.09,0.8239,-1,-1,-1
623,244,263.85,117.39,65.01,271.64,0.8259,-1,-1,-1
623,247,240.90,151.25,32.17,165.83,0.7129,-1,-1,-1
624,201,309.37,1.65,185.65,477.44,0.9197,-1,-1,-1
624,241,167.86,121.11,76.05,266.82,0.8213,-1,-1,-1
624,242,85.50,128.13,53.45,148.09,0.4267,-1,-1,-1
624,243,-0.76,2.54,122.44,488.77,0.6564,-1,-1,-1
624,244,260.46,119.53,68.04,269.97,0.8273,-1,-1,-1
624,247,239.92,155.27,29.37,164.94,0.5107,-1,-1,-1
625,201,309.58,-1.26,186.33,479.15,0.9171,-1,-1,-1
625,241,165.14,116.67,81.69,268.45,0.7985,-1,-1,-1
625,243,-0.56,47.69,102.32,438.98,0.6965,-1,-1,-1
625,244,252.19,115.69,76.75,262.05,0.8592,-1,-1,-1
626,201,311.67,-2.51,192.89,480.33,0.9133,-1,-1,-1
626,241,160.01,112.38,93.66,268.43,0.8228,-1,-1,-1
626,243,0.42,14.97,129.20,463.09,0.5743,-1,-1,-1
626,244,253.02,110.25,76.50,258.88,0.8529,-1,-1,-1
627,201,313.56,-4.08,205.27,482.39,0.9044,-1,-1,-1
627,241,169.31,104.37,85.07,264.37,0.7839,-1,-1,-1
627,243,-1.20,1.02,139.82,481.21,0.6251,-1,-1,-1
627,244,255.28,103.95,72.52,261.80,0.8542,-1,-1,-1
627,249,-1.34,13.53,96.63,465.81,0.5192,-1,-1,-1
628,201,320.31,-3.60,221.39,482.21,0.9194,-1,-1,-1
628,241,175.34,97.98,83.34,263.64,0.8363,-1,-1,-1
628,243,0.26,-2.62,150.58,486.45,0.6092,-1,-1,-1
628,244,258.56,100.99,74.46,263.31,0.8704,-1,-1,-1
628,249,-0.79,3.48,102.16,476.42,0.5569,-1,-1,-1
629,201,330.86,1.46,244.67,479.14,0.8932,-1,-1,-1
629,241,186.15,106.57,82.45,263.25,0.8099,-1,-1,-1
629,243,2.75,2.90,164.16,485.66,0.6210,-1,-1,-1
629,244,267.61,111.15,76.83,261.07,0.8297,-1,-1,-1
629,249,1.02,11.32,116.45,470.73,0.4481,-1,-1,-1
630,201,342.85,0.19,269.56,483.08,0.8930,-1,-1,-1
630,241,190.17,113.30,91.12,264.66,0.7738,-1,-1,-1
630,243,-1.40,3.81,184.14,488.14,0.8124,-1,-1,-1
630,244,276.12,114.80,79.50,261.47,0.8099,-1,-1,-1
630,249,-2.47,38.45,136.95,447.07,0.3152,-1,-1,-1
630,250,161.32,134.41,54.11,183.84,0.7467,-1,-1,-1
631,201,354.23,1.53,272.22,474.58,0.8939,-1,-1,-1
631,241,210.77,116.45,77.37,260.85,0.8263,-1,-1,-1
631,243,3.54,2.58,193.97,480.88,0.8903,-1,-1,-1
631,244,285.68,115.33,78.20,255.45,0.8256,-1,-1,-1
631,249,2.23,11.60,179.00,467.02,0.8903,-1,-1,-1
631,250,167.54,131.17,57.66,191.22,0.7460,-1,-1,-1
632,201,366.38,2.75,263.73,474.83,0.9166,-1,-1,-1
632,241,222.53,118.76,66.01,259.47,0.8479,-1,-1,-1
632,243,6.23,1.13,195.30,480.26,0.8934,-1,-1,-1
632,244,291.11,117.44,75.39,246.76,0.8495,-1,-1,-1
632,249,5.24,2.79,192.09,473.88,0.8934,-1,-1,-1
632,250,174.57,131.33,52.86,145.91,0.4527,-1,-1,-1
633,201,383.30,1.58,256.92,477.37,0.9046,-1,-1,-1
633,241,231.29,117.54,62.27,254.38,0.8410,-1,-1,-1
633,243,19.96,-0.65,191.76,481.52,0.8634,-1,-1,-1
633,244,299.17,115.65,73.61,246.60,0.8505,-1,-1,-1
633,249,18.70,-1.38,193.49,478.34,0.8634,-1,-1,-1
633,250,178.15,129.81,51.20,229.29,0.5313,-1,-1,-1
634,201,401.07,-1.26,245.72,478.77,0.9106,-1,-1,-1
634,241,237.17,112.45,63.82,253.85,0.8294,-1,-1,-1
634,243,30.91,-2.96,179.72,484.75,0.7757,-1,-1,-1
634,244,307.97,112.80,72.38,248.91,0.8355,-1,-1,-1
634,249,29.66,-4.24,183.40,482.71,0.7757,-1,-1,-1
634,250,172.00,118.99,58.94,227.50,0.1395,-1,-1,-1
634,251,0.42,69.39,54.37,304.51,0.7632,-1,-1,-1
635,201,415.90,-1.55,235.27,478.92,0.9113,-1,-1,-1
635,241,242.84,114.01,65.55,250.45,0.8128,-1,-1,-1
635,243,34.77,0.78,198.61,483.63,0.8729,-1,-1,-1
635,244,315.39,115.42,74.87,248.68,0.8468,-1,-1,-1
635,249,33.61,-0.53,202.47,481.73,0.8729,-1,-1,-1
635,247,292.72,142.39,36.06,168.85,0.4250,-1,-1,-1
636,201,419.16,-0.72,226.88,478.10,0.9128,-1,-1,-1
636,241,237.72,116.04,68.55,247.48,0.7757,-1,-1,-1
636,243,35.12,1.53,208.74,480.61,0.8501,-1,-1,-1
636,244,315.02,115.84,73.12,245.69,0.8229,-1,-1,-1
636,249,34.10,0.32,212.42,479.00,0.8501,-1,-1,-1
636,247,290.08,141.13,39.04,167.80,0.4241,-1,-1,-1
637,201,421.67,0.55,221.33,476.26,0.9243,-1,-1,-1
637,241,243.10,118.13,62.73,240.73,0.7584,-1,-1,-1
637,243,45.84,1.16,203.65,478.74,0.8326,-1,-1,-1
637,244,315.34,115.65,70.58,240.50,0.8094,-1,-1,-1
637,249,44.92,0.07,207.10,477.44,0.8326,-1,-1,-1
637,247,291.50,140.25,37.94,166.41,0.5514,-1,-1,-1
638,201,420.40,1.84,219.47,474.01,0.9152,-1,-1,-1
638,241,247.82,118.17,59.14,229.95,0.8277,-1,-1,-1
638,243,59.22,1.22,196.01,476.56,0.8364,-1,-1,-1
638,244,313.96,114.48,69.79,232.97,0.8096,-1,-1,-1
638,249,58.44,0.27,198.97,475.52,0.8364,-1,-1,-1
638,247,293.40,128.87,37.69,173.20,0.1880,-1,-1,-1
639,201,409.66,2.70,227.38,473.09,0.8978,-1,-1,-1
639,241,248.51,115.95,56.51,228.41,0.8172,-1,-1,-1
639,243,65.95,1.75,186.04,475.44,0.7916,-1,-1,-1
639,244,310.30,113.16,71.17,233.39,0.8497,-1,-1,-1
639,249,65.34,0.91,188.52,474.60,0.7916,-1,-1,-1
639,247,291.42,134.55,37.17,162.72,0.3381,-1,-1,-1
640,201,405.04,3.57,229.45,475.27,0.8852,-1,-1,-1
640,241,243.17,114.64,58.00,231.42,0.8113,-1,-1,-1
640,243,34.29,1.96,210.97,476.56,0.8316,-1,-1,-1
640,244,302.98,114.22,74.65,235.02,0.8379,-1,-1,-1
640,249,34.04,1.16,212.76,475.94,0.8316,-1,-1,-1
640,247,285.70,131.80,33.09,164.70,0.1720,-1,-1,-1
641,201,408.92,4.48,224.27,473.82,0.9248,-1,-1,-1
641,241,237.52,119.35,59.31,233.27,0.7443,-1,-1,-1
641,243,26.05,3.36,216.37,475.60,0.8211,-1,-1,-1
641,244,296.33,119.07,74.24,234.17,0.8269,-1,-1,-1
641,249,25.70,2.68,218.20,475.06,0.8211,-1,-1,-1
641,247,280.73,133.99,31.46,162.81,0.1163,-1,-1,-1
642,201,406.29,3.38,228.60,475.63,0.9188,-1,-1,-1
642,241,236.51,122.99,59.53,236.19,0.7456,-1,-1,-1
642,243,21.56,2.83,220.22,475.37,0.8589,-1,-1,-1
642,244,293.32,121.67,75.36,233.53,0.8351,-1,-1,-1
642,249,21.19,2.23,221.96,474.87,0.8589,-1,-1,-1
642,247,274.39,139.94,35.64,158.11,0.2907,-1,-1,-1
642,252,7.59,50.26,96.94,336.35,0.5938,-1,-1,-1
642,251,-0.18,75.44,32.79,340.88,0.4760,-1,-1,-1
643,201,403.08,0.39,231.82,476.49,0.9265,-1,-1,-1
643,241,234.35,121.95,60.39,236.06,0.7145,-1,-1,-1
643,243,27.88,1.94,211.32,475.76,0.7258,-1,-1,-1
643,244,292.58,119.73,74.77,232.71,0.8122,-1,-1,-1
643,249,27.47,1.44,212.94,475.30,0.7258,-1,-1,-1
643,247,270.62,140.56,37.38,158.50,0.4605,-1,-1,-1
643,252,0.69,33.05,83.96,368.94,0.7639,-1,-1,-1
644,201,397.79,1.65,236.58,474.11,0.9290,-1,-1,-1
644,241,221.60,126.50,68.03,234.09,0.6474,-1,-1,-1
644,243,19.95,7.63,214.15,471.20,0.9028,-1,-1,-1
644,244,290.96,123.64,73.53,227.26,0.8343,-1,-1,-1
644,249,19.62,7.21,215.55,470.74,0.9028,-1,-1,-1
644,247,271.35,148.98,32.51,154.10,0.4346,-1,-1,-1
644,252,-1.02,35.74,58.73,380.33,0.2303,-1,-1,-1
645,201,393.83,-0.10,242.30,474.70,0.9310,-1,-1,-1
645,241,219.97,125.68,61.75,229.15,0.7903,-1,-1,-1
645,243,33.08,2.63,194.32,475.52,0.8686,-1,-1,-1
645,244,287.46,120.60,70.92,229.17,0.8562,-1,-1,-1
645,249,32.72,2.25,195.60,475.13,0.8686,-1,-1,-1
645,247,268.85,146.08,30.98,157.48,0.5114,-1,-1,-1
646,201,389.56,0.31,247.07,474.42,0.9145,-1,-1,-1
646,241,219.17,125.11,56.45,214.40,0.7904,-1,-1,-1
646,243,53.68,0.62,169.63,478.35,0.8939,-1,-1,-1
646,244,283.77,121.84,67.21,229.68,0.7914,-1,-1,-1
646,249,53.35,0.28,170.68,478.02,0.8939,-1,-1,-1
646,247,264.48,145.68,28.10,126.92,0.5340,-1,-1,-1
647,201,388.32,1.40,249.38,476.32,0.9191,-1,-1,-1
647,241,218.47,126.13,52.59,197.95,0.8153,-1,-1,-1
647,243,63.84,-0.20,158.08,480.39,0.8976,-1,-1,-1
647,244,280.79,125.20,65.71,230.25,0.7967,-1,-1,-1
647,249,63.61,-0.51,158.84,480.11,0.8976,-1,-1,-1
647,247,257.00,149.45,31.45,147.02,0.6761,-1,-1,-1
648,201,389.64,1.92,249.17,475.41,0.9144,-1,-1,-1
648,241,218.39,129.88,50.63,193.81,0.7353,-1,-1,-1
648,243,68.08,0.61,154.19,479.73,0.9028,-1,-1,-1
648,244,280.22,129.18,64.96,228.45,0.7823,-1,-1,-1
648,249,67.93,0.33,154.80,479.50,0.9028,-1,-1,-1
648,247,255.33,151.83,32.64,149.90,0.6552,-1,-1,-1
649,201,389.98,3.06,249.33,475.70,0.9203,-1,-1,-1
649,241,217.98,137.49,50.90,199.70,0.7172,-1,-1,-1
649,243,66.78,3.88,155.07,477.20,0.8980,-1,-1,-1
649,244,279.19,133.50,65.28,226.61,0.7799,-1,-1,-1
649,249,66.67,3.64,155.59,476.98,0.8980,-1,-1,-1
649,247,255.00,156.09,32.46,148.81,0.6807,-1,-1,-1
650,201,390.59,1.14,247.65,477.28,0.9206,-1,-1,-1
650,241,216.00,138.06,52.05,201.75,0.8070,-1,-1,-1
650,243,62.68,4.34,156.73,475.03,0.8956,-1,-1,-1
650,244,275.63,131.43,67.51,222.80,0.7991,-1,-1,-1
650,249,62.60,4.12,157.15,474.87,0.8956,-1,-1,-1
650,247,253.29,153.49,28.53,155.08,0.1957,-1,-1,-1
651,201,387.80,-1.88,249.40,479.23,0.8969,-1,-1,-1
651,241,207.65,127.35,54.17,213.20,0.7679,-1,-1,-1
651,243,44.33,-0.81,167.14,478.12,0.8885,-1,-1,-1
651,244,262.31,123.17,73.22,220.12,0.8029,-1,-1,-1
651,249,44.27,-1.00,167.52,477.99,0.8885,-1,-1,-1
651,247,246.08,146.38,28.86,153.35,0.1720,-1,-1,-1
652,201,390.69,0.90,247.09,476.35,0.9023,-1,-1,-1
652,241,205.22,129.26,56.47,217.25,0.8175,-1,-1,-1
652,243,41.23,1.77,169.53,476.35,0.8966,-1,-1,-1
652,244,258.84,127.03,74.14,220.11,0.8354,-1,-1,-1
652,249,41.16,1.60,169.88,476.24,0.8966,-1,-1,-1
653,201,394.10,2.76,245.05,478.03,0.8966,-1,-1,-1
653,241,204.51,135.63,57.22,219.68,0.8145,-1,-1,-1
653,243,40.44,6.11,172.28,475.19,0.8762,-1,-1,-1
653,244,258.77,134.61,72.60,221.72,0.8489,-1,-1,-1
653,249,40.36,5.96,172.61,475.08,0.8762,-1,-1,-1
654,201,394.23,-2.20,245.76,478.70,0.9116,-1,-1,-1
654,241,202.07,131.09,57.81,220.51,0.7886,-1,-1,-1
654,243,34.87,-0.52,178.41,478.40,0.8887,-1,-1,-1
654,244,258.80,129.40,71.05,222.40,0.8315,-1,-1,-1
654,249,34.80,-0.65,178.71,478.31,0.8887,-1,-1,-1
655,201,394.34,-1.22,245.90,479.32,0.9175,-1,-1,-1
655,241,196.71,133.80,65.08,220.58,0.8414,-1,-1,-1
655,243,25.24,0.04,191.79,479.91,0.8750,-1,-1,-1
655,244,262.41,131.12,70.15,222.62,0.8482,-1,-1,-1
655,249,25.18,-0.07,192.06,479.83,0.8750,-1,-1,-1
656,201,391.25,-0.44,247.07,479.64,0.8977,-1,-1,-1
656,241,201.26,134.39,59.61,220.23,0.7752,-1,-1,-1
656,243,15.51,0.60,203.78,479.44,0.8913,-1,-1,-1
656,244,265.44,130.56,67.63,220.40,0.8448,-1,-1,-1
656,249,15.46,0.50,204.02,479.36,0.8913,-1,-1,-1
657,201,380.53,-1.56,258.31,478.08,0.8913,-1,-1,-1
657,241,209.99,125.90,54.19,214.12,0.7780,-1,-1,-1
657,243,16.68,1.48,206.43,474.02,0.9124,-1,-1,-1
657,244,271.17,121.87,68.33,215.48,0.8607,-1,-1,-1
657,249,16.62,1.39,206.65,473.96,0.9124,-1,-1,-1
658,201,380.88,1.60,254.64,474.06,0.8927,-1,-1,-1
658,241,216.89,126.18,52.10,208.01,0.8042,-1,-1,-1
658,243,27.22,8.53,199.55,466.03,0.8965,-1,-1,-1
658,244,275.43,120.72,68.12,212.36,0.8461,-1,-1,-1
658,249,27.17,8.45,199.75,465.98,0.8965,-1,-1,-1
659,201,382.65,2.32,244.91,471.53,0.9049,-1,-1,-1
659,241,219.57,128.06,55.40,198.11,0.7765,-1,-1,-1
659,243,51.57,12.48,178.54,463.02,0.9092,-1,-1,-1
659,244,279.88,120.92,68.61,211.61,0.8334,-1,-1,-1
659,249,51.51,12.41,178.73,462.97,0.9092,-1,-1,-1
660,201,383.99,2.42,238.94,474.84,0.8985,-1,-1,-1
660,241,210.59,134.41,58.88,192.83,0.7545,-1,-1,-1
660,243,68.63,13.27,154.25,462.40,0.8865,-1,-1,-1
660,244,274.58,128.32,68.90,211.61,0.8413,-1,-1,-1
660,249,68.58,13.21,154.41,462.35,0.8865,-1,-1,-1
661,201,387.78,-0.78,242.84,475.60,0.9184,-1,-1,-1
661,241,208.69,136.70,62.18,191.03,0.6222,-1,-1,-1
661,243,79.68,8.34,146.54,469.80,0.8859,-1,-1,-1
661,244,274.33,130.11,70.69,208.98,0.8185,-1,-1,-1
661,249,79.64,8.29,146.67,469.75,0.8859,-1,-1,-1
662,201,387.62,-0.86,249.41,479.27,0.8988,-1,-1,-1
662,241,213.53,138.77,58.15,170.51,0.4958,-1,-1,-1
662,243,85.72,4.78,140.21,475.99,0.8764,-1,-1,-1
662,244,273.54,131.25,68.61,211.94,0.8510,-1,-1,-1
662,249,85.69,4.74,140.31,475.94,0.8764,-1,-1,-1
663,201,390.15,-0.29,249.42,477.55,0.8743,-1,-1,-1
663,241,221.02,138.24,53.66,160.85,0.5902,-1,-1,-1
663,243,89.69,4.56,143.02,476.57,0.8680,-1,-1,-1
663,244,274.40,131.23,67.61,207.76,0.8586,-1,-1,-1
663,249,89.67,4.52,143.10,476.53,0.8680,-1,-1,-1
663,255,36.64,130.32,67.47,211.17,0.7919,-1,-1,-1
664,201,392.67,0.47,247.35,476.82,0.9131,-1,-1,-1
664,241,223.92,136.73,52.07,156.98,0.6913,-1,-1,-1
664,243,91.86,7.48,139.02,452.26,0.8857,-1,-1,-1
664,244,274.96,131.46,67.55,205.20,0.8644,-1,-1,-1
664,249,91.85,7.44,139.09,452.23,0.8857,-1,-1,-1
664,255,11.69,126.04,91.18,217.75,0.7869,-1,-1,-1
665,201,401.74,-0.05,240.30,482.36,0.9056,-1,-1,-1
665,241,226.52,133.72,51.56,160.35,0.8041,-1,-1,-1
665,243,95.32,11.72,136.46,462.52,0.8705,-1,-1,-1
665,244,277.59,130.24,68.57,204.91,0.8241,-1,-1,-1
665,249,95.31,11.69,136.51,462.49,0.8705,-1,-1,-1
665,255,3.72,114.86,90.85,231.25,0.8364,-1,-1,-1
666,201,412.72,-0.22,228.06,480.47,0.8781,-1,-1,-1
666,241,228.01,131.31,51.43,161.93,0.8193,-1,-1,-1
666,243,98.58,11.86,135.21,464.07,0.8391,-1,-1,-1
666,244,278.96,127.14,67.08,206.16,0.8209,-1,-1,-1
666,249,98.57,11.83,135.26,464.05,0.8391,-1,-1,-1
666,255,0.41,105.52,87.58,239.71,0.8896,-1,-1,-1
666,256,81.10,154.12,34.71,183.20,0.4281,-1,-1,-1
667,201,428.63,-0.28,213.47,481.50,0.8947,-1,-1,-1
667,241,233.44,132.28,47.27,160.23,0.7241,-1,-1,-1
667,243,100.89,11.16,133.26,468.26,0.8721,-1,-1,-1
667,244,280.50,127.36,67.06,207.22,0.8010,-1,-1,-1
667,249,100.88,11.14,133.30,468.24,0.8721,-1,-1,-1
667,255,-2.68,97.31,85.80,250.21,0.8918,-1,-1,-1
667,256,77.51,108.13,44.56,229.84,0.6754,-1,-1,-1
668,201,446.53,0.62,195.92,481.54,0.9091,-1,-1,-1
668,241,237.06,135.61,48.56,164.14,0.7602,-1,-1,-1
668,243,110.15,11.40,132.52,469.31,0.8669,-1,-1,-1
668,244,284.80,130.26,66.65,205.57,0.8484,-1,-1,-1
668,249,110.14,11.38,132.56,469.29,0.8669,-1,-1,-1
668,255,-2.15,94.54,80.01,259.75,0.8746,-1,-1,-1
668,256,73.07,93.40,50.44,256.73,0.7957,-1,-1,-1
669,201,456.84,-1.00,183.82,479.64,0.9209,-1,-1,-1
669,241,235.78,130.92,53.05,158.66,0.5285,-1,-1,-1
669,243,100.42,5.17,146.26,457.78,0.8750,-1,-1,-1
669,244,287.92,124.93,65.45,199.25,0.8841,-1,-1,-1
669,249,100.41,5.15,146.29,457.76,0.8750,-1,-1,-1
669,255,-1.75,87.39,69.51,265.64,0.8560,-1,-1,-1
669,256,64.20,82.96,58.69,272.05,0.7843,-1,-1,-1
669,257,383.45,100.51,96.05,269.42,0.7864,-1,-1,-1
670,201,463.16,0.41,177.62,479.57,0.9158,-1,-1,-1
670,241,236.09,129.62,55.54,179.97,0.7521,-1,-1,-1
670,243,93.09,6.41,158.58,458.53,0.8684,-1,-1,-1
670,244,290.55,124.13,65.14,198.27,0.8689,-1,-1,-1
670,249,93.08,6.39,158.61,458.52,0.8684,-1,-1,-1
670,255,-1.51,88.85,57.64,269.11,0.8521,-1,-1,-1
670,256,53.36,78.44,69.25,289.27,0.6817,-1,-1,-1
670,257,399.09,102.57,89.05,265.15,0.8375,-1,-1,-1
671,201,466.04,3.46,174.08,477.94,0.9126,-1,-1,-1
671,241,241.24,137.03,50.16,188.02,0.7359,-1,-1,-1
671,243,79.98,18.08,174.46,455.21,0.8384,-1,-1,-1
671,244,290.41,131.63,66.26,198.22,0.8549,-1,-1,-1
671,249,79.98,18.06,174.49,455.20,0.8384,-1,-1,-1
671,255,-2.01,111.19,47.93,257.96,0.8169,-1,-1,-1
671,256,40.47,81.06,80.84,308.39,0.7928,-1,-1,-1
671,257,395.13,113.02,93.18,266.42,0.7815,-1,-1,-1
672,201,468.08,5.89,170.79,478.64,0.8930,-1,-1,-1
672,241,247.31,148.82,43.23,186.84,0.7239,-1,-1,-1
672,243,92.01,36.85,162.15,444.20,0.7667,-1,-1,-1
672,244,290.52,142.86,64.53,200.07,0.8583,-1,-1,-1
672,249,92.01,36.84,162.17,444.19,0.7667,-1,-1,-1
672,255,-2.05,126.32,29.26,261.62,0.6564,-1,-1,-1
672,256,24.18,82.67,94.14,329.81,0.8464,-1,-1,-1
672,257,398.78,126.72,86.89,270.22,0.8368,-1,-1,-1
673,201,465.62,-3.03,175.81,480.60,0.8639,-1,-1,-1
673,241,253.20,139.59,42.36,182.67,0.7724,-1,-1,-1
673,243,105.54,29.53,150.24,447.55,0.8710,-1,-1,-1
673,244,294.78,133.24,63.98,198.93,0.8404,-1,-1,-1
673,249,105.53,29.52,150.26,447.54,0.8710,-1,-1,-1
673,256,6.65,58.89,112.07,352.67,0.8679,-1,-1,-1
673,257,404.31,112.74,88.53,274.62,0.8543,-1,-1,-1
674,201,462.06,-1.96,176.09,478.55,0.8838,-1,-1,-1
674,241,249.36,134.91,44.73,182.81,0.7834,-1,-1,-1
674,243,91.32,24.88,156.29,452.02,0.7765,-1,-1,-1
674,244,291.99,127.77,60.52,197.40,0.8566,-1,-1,-1
674,249,91.31,24.87,156.31,452.01,0.7765,-1,-1,-1
674,256,-3.09,39.88,116.39,373.98,0.8913,-1,-1,-1
674,257,400.59,104.35,83.71,271.78,0.8356,-1,-1,-1
675,201,475.97,3.24,157.79,476.20,0.9052,-1,-1,-1
675,241,235.71,140.20,54.49,181.67,0.6282,-1,-1,-1
675,243,94.77,25.51,142.61,453.31,0.8820,-1,-1,-1
675,244,287.51,135.37,57.32,189.28,0.8597,-1,-1,-1
675,249,94.77,25.50,142.63,453.31,0.8820,-1,-1,-1
675,256,-4.41,30.35,100.37,393.29,0.8869,-1,-1,-1
675,257,393.85,110.04,80.18,266.10,0.8354,-1,-1,-1
676,201,475.39,4.98,159.14,475.08,0.8279,-1,-1,-1
676,241,237.01,142.67,48.49,185.83,0.8134,-1,-1,-1
676,243,96.15,26.19,139.51,446.76,0.8958,-1,-1,-1
676,244,283.25,139.57,56.52,187.90,0.8510,-1,-1,-1
676,249,96.14,26.18,139.52,446.76,0.8958,-1,-1,-1
676,256,-4.09,20.44,81.95,411.43,0.8588,-1,-1,-1
676,257,385.04,116.18,85.35,263.70,0.7587,-1,-1,-1
677,201,478.05,1.96,160.46,476.69,0.8987,-1,-1,-1
677,241,241.11,140.66,46.61,186.64,0.8188,-1,-1,-1
677,243,96.62,21.41,144.56,447.43,0.8886,-1,-1,-1
677,244,285.09,138.73,57.75,188.43,0.8241,-1,-1,-1
677,249,96.61,21.41,144.58,447.43,0.8886,-1,-1,-1
677,256,-2.83,19.57,62.42,417.59,0.7165,-1,-1,-1
677,257,387.85,115.61,86.08,267.58,0.7805,-1,-1,-1
678,201,474.02,-0.09,165.07,476.13,0.9060,-1,-1,-1
678,241,239.35,139.72,45.12,183.59,0.8256,-1,-1,-1
678,243,100.81,18.75,139.43,453.08,0.8651,-1,-1,-1
678,244,281.20,136.97,59.90,189.94,0.8527,-1,-1,-1
678,249,100.81,18.75,139.44,453.07,0.8651,-1,-1,-1
678,257,385.74,113.23,87.56,272.17,0.8410,-1,-1,-1
679,201,471.01,1.45,169.32,477.98,0.8952,-1,-1,-1
679,241,238.66,147.05,45.01,192.65,0.7142,-1,-1,-1
679,243,104.89,27.69,133.20,451.29,0.8280,-1,-1,-1
679,244,280.79,142.12,59.97,191.11,0.8565,-1,-1,-1
679,249,104.89,27.68,133.21,451.28,0.8280,-1,-1,-1
679,257,382.98,118.25,92.15,274.63,0.7720,-1,-1,-1
679,259,82.06,164.01,43.45,157.38,0.5563,-1,-1,-1
680,201,469.07,2.55,170.25,478.20,0.9085,-1,-1,-1
680,241,237.18,152.47,46.17,197.26,0.7467,-1,-1,-1
680,243,105.05,36.81,132.09,428.32,0.8177,-1,-1,-1
680,244,279.89,145.24,59.53,191.87,0.8632,-1,-1,-1
680,249,105.05,36.81,132.10,428.32,0.8177,-1,-1,-1
680,257,380.20,121.41,93.62,277.46,0.7584,-1,-1,-1
680,259,75.70,159.23,49.92,167.80,0.5967,-1,-1,-1
681,201,468.53,0.66,170.06,478.98,0.9140,-1,-1,-1
681,241,235.04,150.11,45.09,184.77,0.7857,-1,-1,-1
681,243,103.65,39.68,132.26,424.93,0.7966,-1,-1,-1
681,244,276.32,142.87,60.56,188.41,0.8541,-1,-1,-1
681,249,103.65,39.67,132.27,424.93,0.7966,-1,-1,-1
681,257,376.18,118.17,92.50,280.01,0.8328,-1,-1,-1
681,259,63.47,138.08,56.65,190.15,0.7463,-1,-1,-1
682,201,473.45,0.26,164.85,479.50,0.9115,-1,-1,-1
682,241,231.30,146.85,45.77,182.70,0.7967,-1,-1,-1
682,243,100.39,34.93,136.44,438.62,0.8531,-1,-1,-1
682,244,275.49,140.28,58.99,188.37,0.8667,-1,-1,-1
682,249,100.39,34.92,136.45,438.61,0.8531,-1,-1,-1
682,257,372.51,114.77,90.78,276.38,0.8198,-1,-1,-1
682,259,50.18,126.61,67.16,210.71,0.7842,-1,-1,-1
683,201,480.42,1.05,158.68,478.16,0.9110,-1,-1,-1
683,241,234.21,146.61,42.05,182.04,0.7650,-1,-1,-1
683,243,98.66,35.83,140.83,441.74,0.8583,-1,-1,-1
683,244,275.66,140.87,58.08,186.16,0.8635,-1,-1,-1
683,249,98.66,35.83,140.84,441.74,0.8583,-1,-1,-1
683,257,356.59,114.25,99.07,274.95,0.6908,-1,-1,-1
683,259,44.64,122.36,68.84,225.88,0.7948,-1,-1,-1
684,201,488.68,-0.82,151.47,479.50,0.9155,-1,-1,-1
684,241,229.43,143.10,45.38,184.20,0.6547,-1,-1,-1
684,243,95.68,27.66,142.34,438.92,0.8657,-1,-1,-1
684,244,272.52,137.41,60.34,188.24,0.8640,-1,-1,-1
684,249,95.68,27.66,142.35,438.92,0.8657,-1,-1,-1
684,257,353.10,108.67,99.43,280.61,0.7305,-1,-1,-1
684,259,34.25,111.20,77.88,241.74,0.7714,-1,-1,-1
685,201,494.92,-0.15,146.11,479.55,0.9132,-1,-1,-1
685,241,217.21,142.01,58.25,197.26,0.7062,-1,-1,-1
685,243,86.83,25.15,152.37,442.25,0.8815,-1,-1,-1
685,244,273.06,136.58,61.15,189.32,0.8616,-1,-1,-1
685,249,86.83,25.15,152.37,442.25,0.8815,-1,-1,-1
685,257,350.41,109.92,102.71,281.36,0.7595,-1,-1,-1
685,259,19.44,105.13,89.82,253.55,0.5748,-1,-1,-1
686,201,496.28,-0.92,145.00,479.60,0.8968,-1,-1,-1
686,241,217.32,142.06,56.77,195.93,0.4229,-1,-1,-1
686,243,78.31,25.25,159.67,450.51,0.8909,-1,-1,-1
686,244,270.91,135.24,60.61,189.56,0.8212,-1,-1,-1
686,249,78.31,25.25,159.67,450.51,0.8909,-1,-1,-1
686,257,353.81,109.63,97.59,284.19,0.7943,-1,-1,-1
686,259,11.21,93.59,90.93,267.34,0.7964,-1,-1,-1
687,201,497.20,-0.56,143.88,480.18,0.9104,-1,-1,-1
687,241,226.99,143.03,47.14,160.72,0.5414,-1,-1,-1
687,243,76.61,29.65,160.92,449.72,0.8834,-1,-1,-1
687,244,271.07,135.46,59.69,186.09,0.8404,-1,-1,-1
687,249,76.60,29.65,160.92,449.72,0.8834,-1,-1,-1
687,257,357.70,108.36,92.71,288.70,0.8427,-1,-1,-1
687,259,-0.08,83.34,93.31,281.52,0.8851,-1,-1,-1
688,201,493.41,-0.98,147.21,480.56,0.9203,-1,-1,-1
688,241,227.05,139.60,40.91,145.01,0.5504,-1,-1,-1
688,243,65.21,31.13,167.06,449.43,0.8681,-1,-1,-1
688,244,266.53,131.54,59.77,185.59,0.7832,-1,-1,-1
688,249,65.21,31.13,167.06,449.43,0.8681,-1,-1,-1
688,257,356.25,103.99,94.19,289.47,0.8473,-1,-1,-1
688,259,-5.92,73.36,87.93,292.75,0.8248,-1,-1,-1
689,201,482.76,0.10,158.24,480.53,0.8965,-1,-1,-1
689,241,224.20,141.54,42.84,166.27,0.7151,-1,-1,-1
689,243,78.63,33.79,150.83,448.49,0.8262,-1,-1,-1
689,244,264.52,132.71,59.91,185.64,0.8241,-1,-1,-1
689,249,78.62,33.79,150.83,448.49,0.8262,-1,-1,-1
689,257,356.97,105.01,91.13,285.19,0.8437,-1,-1,-1
689,259,-5.93,68.28,78.29,298.90,0.7674,-1,-1,-1
689,263,306.32,151.76,43.91,138.41,0.6047,-1,-1,-1
690,201,456.03,0.13,184.55,480.15,0.8623,-1,-1,-1
690,241,220.50,141.14,45.07,174.83,0.6364,-1,-1,-1
690,243,80.64,33.18,147.22,448.28,0.8663,-1,-1,-1
690,244,262.57,133.50,58.16,185.88,0.8410,-1,-1,-1
690,249,80.64,33.18,147.23,448.28,0.8663,-1,-1,-1
690,257,357.04,103.42,86.88,280.67,0.8486,-1,-1,-1
690,259,-4.45,72.91,69.61,300.97,0.6837,-1,-1,-1
690,263,307.18,151.93,47.41,139.45,0.7234,-1,-1,-1
691,201,450.61,0.83,188.06,477.72,0.8517,-1,-1,-1
691,241,218.26,143.74,45.47,150.28,0.3703,-1,-1,-1
691,243,97.02,32.49,132.87,442.92,0.8914,-1,-1,-1
691,244,260.56,136.70,58.78,185.92,0.8256,-1,-1,-1
691,249,97.02,32.49,132.87,442.92,0.8914,-1,-1,-1
691,257,353.09,102.85,87.08,282.20,0.8244,-1,-1,-1
691,259,-3.06,81.95,58.91,301.41,0.4146,-1,-1,-1
691,263,308.15,153.32,47.54,139.59,0.8004,-1,-1,-1
692,201,477.90,3.34,159.14,472.18,0.8479,-1,-1,-1
692,241,223.97,147.07,38.46,129.28,0.4845,-1,-1,-1
692,243,107.23,32.81,125.96,434.30,0.8958,-1,-1,-1
692,244,259.78,140.81,58.79,183.44,0.8394,-1,-1,-1
692,249,107.23,32.81,125.96,434.30,0.8958,-1,-1,-1
692,257,351.90,104.18,86.51,283.79,0.8502,-1,-1,-1
692,259,-0.91,85.63,45.11,238.19,0.5479,-1,-1,-1
692,263,310.06,152.78,49.24,142.00,0.7730,-1,-1,-1
692,264,52.93,135.75,60.48,181.41,0.7586,-1,-1,-1
693,201,493.06,2.94,143.47,469.01,0.8814,-1,-1,-1
693,241,229.09,143.09,35.92,119.21,0.3494,-1,-1,-1
693,243,115.69,28.20,125.52,437.53,0.8834,-1,-1,-1
693,244,262.12,134.45,59.36,182.89,0.8407,-1,-1,-1
693,249,115.69,28.20,125.53,437.53,0.8834,-1,-1,-1
693,257,351.39,101.73,93.16,284.47,0.7831,-1,-1,-1
693,259,1.69,102.23,40.85,210.47,0.3536,-1,-1,-1
693,263,315.35,146.48,49.11,144.38,0.6527,-1,-1,-1
693,264,45.72,130.06,67.63,188.89,0.7319,-1,-1,-1
694,201,445.00,-1.11,193.29,472.46,0.8623,-1,-1,-1
694,241,226.84,138.05,37.24,130.63,0.3521,-1,-1,-1
694,243,119.13,25.80,120.52,442.58,0.8489,-1,-1,-1
694,244,260.92,129.67,61.39,180.89,0.8173,-1,-1,-1
694,249,119.13,25.80,120.52,442.58,0.8489,-1,-1,-1
694,257,349.16,96.37,93.91,288.45,0.7774,-1,-1,-1
694,259,-0.57,105.99,34.68,248.38,0.1126,-1,-1,-1
694,263,317.20,137.83,47.12,130.66,0.4944,-1,-1,-1
694,264,25.07,124.78,79.18,195.71,0.7819,-1,-1,-1
695,201,434.09,-0.35,205.48,476.24,0.8935,-1,-1,-1
695,243,122.73,26.91,128.95,449.20,0.8025,-1,-1,-1
695,244,260.31,127.74,60.65,178.53,0.8311,-1,-1,-1
695,249,122.73,26.91,128.95,449.20,0.8025,-1,-1,-1
695,257,340.78,94.38,97.71,291.52,0.7088,-1,-1,-1
695,263,317.95,133.86,49.88,116.31,0.4509,-1,-1,-1
695,264,11.41,120.94,82.07,208.23,0.8250,-1,-1,-1
695,267,94.52,141.49,40.71,149.16,0.7334,-1,-1,-1
696,201,440.77,3.50,199.45,476.55,0.8511,-1,-1,-1
696,243,121.25,38.61,138.22,442.51,0.7958,-1,-1,-1
696,244,261.02,133.57,62.35,178.86,0.7891,-1,-1,-1
696,249,121.25,38.61,138.22,442.51,0.7958,-1,-1,-1
696,257,341.39,99.20,94.67,289.57,0.7924,-1,-1,-1
696,263,324.41,134.25,46.23,111.01,0.1345,-1,-1,-1
696,264,5.28,119.53,81.20,221.36,0.8270,-1,-1,-1
696,267,94.15,145.32,42.62,152.97,0.7723,-1,-1,-1
697,201,462.31,2.39,178.08,477.53,0.9058,-1,-1,-1
697,243,125.47,39.79,138.78,440.74,0.8707,-1,-1,-1
697,244,264.58,133.16,60.87,181.10,0.8406,-1,-1,-1
697,249,125.47,39.79,138.78,440.74,0.8707,-1,-1,-1
697,257,343.88,97.63,89.91,283.64,0.8335,-1,-1,-1
697,264,2.10,115.37,77.58,228.33,0.8294,-1,-1,-1
697,267,93.58,142.68,42.76,157.68,0.7263,-1,-1,-1
698,201,461.64,0.78,177.35,477.73,0.9108,-1,-1,-1
698,243,136.82,35.09,130.16,435.15,0.8733,-1,-1,-1
698,244,264.91,133.34,59.13,179.80,0.8059,-1,-1,-1
698,249,136.82,35.09,130.16,435.15,0.8733,-1,-1,-1
698,257,333.32,93.09,95.69,283.86,0.8187,-1,-1,-1
698,264,-2.65,106.87,77.28,237.48,0.8074,-1,-1,-1
698,267,87.16,138.53,44.29,160.44,0.5224,-1,-1,-1
699,201,459.36,3.43,179.24,478.25,0.9091,-1,-1,-1
699,243,144.31,39.15,125.13,418.73,0.8985,-1,-1,-1
699,244,267.49,140.35,54.95,179.15,0.8272,-1,-1,-1
699,249,144.31,39.15,125.13,418.73,0.8985,-1,-1,-1
699,257,333.75,98.25,92.44,285.70,0.8345,-1,-1,-1
699,264,-2.85,107.88,74.12,243.88,0.8453,-1,-1,-1
699,267,84.05,143.44,41.62,152.42,0.5290,-1,-1,-1
699,268,104.02,172.77,51.15,181.06,0.7133,-1,-1,-1
700,201,457.58,5.37,181.76,478.44,0.9097,-1,-1,-1
700,243,137.67,46.02,137.03,411.89,0.8784,-1,-1,-1
700,244,272.92,147.84,50.33,175.59,0.8006,-1,-1,-1
700,249,137.67,46.02,137.03,411.89,0.8784,-1,-1,-1
700,257,333.79,106.43,90.61,289.53,0.8484,-1,-1,-1
700,264,-2.40,110.29,66.94,258.55,0.7408,-1,-1,-1
700,267,82.02,149.33,41.74,130.23,0.1590,-1,-1,-1
700,268,93.80,175.25,57.45,193.75,0.6921,-1,-1,-1
701,201,457.53,-0.55,179.70,479.43,0.9211,-1,-1,-1
701,243,131.89,34.95,144.60,418.94,0.8668,-1,-1,-1
701,244,271.72,137.75,46.64,162.88,0.7944,-1,-1,-1
701,249,131.88,34.95,144.60,418.94,0.8668,-1,-1,-1
701,257,327.63,99.76,89.62,292.77,0.8336,-1,-1,-1
701,264,-4.10,122.39,48.52,231.99,0.3789,-1,-1,-1
701,268,77.86,158.58,61.65,209.41,0.6796,-1,-1,-1
701,269,30.38,151.69,41.05,146.72,0.6822,-1,-1,-1
702,201,450.57,-0.39,187.35,478.54,0.9250,-1,-1,-1
702,243,126.54,37.85,150.99,423.31,0.8602,-1,-1,-1
702,244,268.15,137.14,46.82,156.96,0.7785,-1,-1,-1
702,249,126.54,37.85,150.99,423.31,0.8602,-1,-1,-1
702,257,312.42,99.49,104.69,295.25,0.7966,-1,-1,-1
702,268,62.95,156.04,64.33,219.97,0.7356,-1,-1,-1
702,269,15.39,147.31,51.49,157.16,0.7361,-1,-1,-1
702,270,113.00,125.55,48.98,211.78,0.5789,-1,-1,-1
702,267,61.60,130.21,34.42,86.40,0.3805,-1,-1,-1
703,201,442.74,2.19,196.50,476.38,0.9266,-1,-1,-1
703,243,122.43,46.31,157.21,426.59,0.8437,-1,-1,-1
703,244,268.06,140.01,46.08,147.27,0.7071,-1,-1,-1
703,249,122.43,46.31,157.21,426.59,0.8437,-1,-1,-1
703,257,313.91,102.06,97.23,294.09,0.8208,-1,-1,-1
703,268,47.91,156.34,73.68,234.74,0.8088,-1,-1,-1
703,269,5.59,148.56,57.70,157.98,0.7033,-1,-1,-1
703,270,110.61,125.28,47.54,220.94,0.5766,-1,-1,-1
703,267,55.53,129.89,35.04,70.97,0.2817,-1,-1,-1
704,201,435.98,0.61,205.39,477.72,0.9201,-1,-1,-1
704,243,119.71,50.90,159.14,425.74,0.8545,-1,-1,-1
704,244,265.40,142.30,46.29,150.24,0.6489,-1,-1,-1
704,249,119.71,50.90,159.14,425.74,0.8545,-1,-1,-1
704,257,313.48,101.26,90.67,289.76,0.8292,-1,-1,-1
704,268,29.71,154.58,80.69,251.44,0.7251,-1,-1,-1
704,269,-1.84,150.89,57.78,161.95,0.7208,-1,-1,-1
704,270,97.37,122.26,57.55,227.37,0.7108,-1,-1,-1
704,267,42.27,126.21,35.30,54.08,0.2445,-1,-1,-1
704,272,383.29,115.83,63.32,207.79,0.7892,-1,-1,-1
705,201,427.92,-1.28,212.81,479.35,0.9228,-1,-1,-1
705,243,125.02,47.81,149.28,428.24,0.8726,-1,-1,-1
705,244,261.60,140.46,46.63,157.22,0.6724,-1,-1,-1
705,249,125.02,47.81,149.28,428.24,0.8726,-1,-1,-1
705,257,310.49,96.50,88.94,284.21,0.8502,-1,-1,-1
705,268,6.93,147.73,91.35,270.86,0.8042,-1,-1,-1
705,269,-3.82,165.84,47.71,146.95,0.3344,-1,-1,-1
705,270,84.17,114.94,64.98,236.95,0.7979,-1,-1,-1
705,267,29.22,118.68,37.26,47.71,0.1138,-1,-1,-1
705,272,381.73,110.36,63.06,216.34,0.6807,-1,-1,-1
706,201,417.83,-0.05,221.42,479.61,0.9200,-1,-1,-1
706,243,135.32,42.47,134.56,427.85,0.8629,-1,-1,-1
706,244,258.55,139.89,44.60,134.09,0.7361,-1,-1,-1
706,249,135.32,42.47,134.56,427.85,0.8629,-1,-1,-1
706,257,302.43,95.15,88.51,287.73,0.8324,-1,-1,-1
706,268,-3.06,141.38,85.29,287.96,0.8798,-1,-1,-1
706,270,66.12,107.15,77.51,250.23,0.8448,-1,-1,-1
706,272,379.22,103.41,57.74,230.03,0.5083,-1,-1,-1
707,201,401.75,2.48,235.88,478.30,0.8951,-1,-1,-1
707,243,136.26,41.99,130.26,414.59,0.8941,-1,-1,-1
707,244,255.65,142.41,43.18,117.20,0.6436,-1,-1,-1
707,249,136.26,41.99,130.26,414.59,0.8941,-1,-1,-1
707,257,297.71,98.47,86.76,289.71,0.8565,-1,-1,-1
707,268,-5.46,137.68,71.28,302.93,0.8315,-1,-1,-1
707,270,44.35,103.77,92.16,265.27,0.7726,-1,-1,-1
707,272,374.54,103.18,61.06,237.96,0.6344,-1,-1,-1
708,201,367.59,3.77,267.18,475.86,0.8693,-1,-1,-1
708,243,132.60,39.23,128.45,412.36,0.8754,-1,-1,-1
708,244,251.46,142.77,43.30,113.41,0.6235,-1,-1,-1
708,249,132.60,39.23,128.45,412.36,0.8754,-1,-1,-1
708,257,288.67,101.42,88.76,291.23,0.8378,-1,-1,-1
708,268,-5.47,131.18,52.49,315.26,0.7599,-1,-1,-1
708,270,18.96,99.98,106.23,274.82,0.7046,-1,-1,-1
709,201,366.03,5.69,259.61,470.74,0.8649,-1,-1,-1
709,243,130.10,40.30,129.87,409.31,0.8689,-1,-1,-1
709,244,247.92,142.28,44.54,117.80,0.7152,-1,-1,-1
709,249,130.10,40.30,129.87,409.31,0.8689,-1,-1,-1
709,257,282.16,103.60,89.46,289.90,0.8033,-1,-1,-1
709,268,-2.28,113.28,40.71,336.72,0.1429,-1,-1,-1
709,270,5.26,96.00,109.00,323.12,0.7109,-1,-1,-1
710,201,336.81,6.45,272.92,465.06,0.8939,-1,-1,-1
710,243,126.55,44.47,132.61,413.42,0.8648,-1,-1,-1
710,244,244.37,142.78,45.69,114.60,0.7431,-1,-1,-1
710,249,126.55,44.47,132.61,413.42,0.8648,-1,-1,-1
710,257,273.38,103.06,95.39,289.47,0.7581,-1,-1,-1
710,270,-1.08,90.62,110.00,352.91,0.6758,-1,-1,-1
711,201,313.21,1.95,285.58,471.13,0.8860,-1,-1,-1
711,243,120.92,41.53,134.81,407.94,0.8207,-1,-1,-1
711,244,242.59,139.54,42.87,114.60,0.6849,-1,-1,-1
711,249,120.92,41.53,134.81,407.94,0.8207,-1,-1,-1
711,257,269.73,95.77,95.97,296.32,0.7810,-1,-1,-1
711,270,-7.59,72.22,107.80,338.02,0.8855,-1,-1,-1
712,201,299.19,-1.36,292.41,478.66,0.8948,-1,-1,-1
712,243,118.12,39.17,133.26,426.65,0.8869,-1,-1,-1
712,244,241.54,140.08,41.21,113.55,0.6085,-1,-1,-1
712,249,118.12,39.17,133.26,426.65,0.8869,-1,-1,-1
712,257,266.58,89.25,95.41,297.37,0.8236,-1,-1,-1
712,270,-10.32,50.60,86.20,363.71,0.7077,-1,-1,-1
713,201,320.79,-3.68,277.37,484.10,0.9166,-1,-1,-1
713,243,115.43,34.03,135.35,435.95,0.9004,-1,-1,-1
713,244,243.37,139.22,37.71,111.17,0.6945,-1,-1,-1
713,249,115.43,34.03,135.35,435.95,0.9004,-1,-1,-1
713,257,265.92,85.08,93.90,298.84,0.8166,-1,-1,-1
713,270,-9.09,32.49,69.76,411.79,0.7371,-1,-1,-1
714,201,328.57,-3.70,299.36,486.56,0.9015,-1,-1,-1
714,243,111.43,32.35,142.09,432.76,0.8968,-1,-1,-1
714,244,247.89,140.50,36.79,105.60,0.7459,-1,-1,-1
714,249,111.43,32.35,142.09,432.76,0.8968,-1,-1,-1
714,257,268.26,86.03,95.57,301.66,0.8158,-1,-1,-1
715,201,330.19,-1.81,309.36,481.24,0.9130,-1,-1,-1
715,243,109.22,30.80,148.56,414.56,0.9022,-1,-1,-1
715,244,252.07,139.20,36.61,104.95,0.6351,-1,-1,-1
715,249,109.22,30.80,148.56,414.56,0.9022,-1,-1,-1
715,257,272.79,87.75,94.76,301.61,0.8309,-1,-1,-1
715,274,28.72,87.78,73.25,233.30,0.7634,-1,-1,-1
715,276,2.32,83.28,69.63,252.90,0.7394,-1,-1,-1
716,201,336.33,1.45,305.73,478.04,0.8857,-1,-1,-1
716,243,107.88,34.09,154.69,407.03,0.8984,-1,-1,-1
716,244,257.93,142.34,35.79,102.53,0.6748,-1,-1,-1
716,249,107.88,34.09,154.69,407.03,0.8984,-1,-1,-1
716,257,276.59,91.94,95.34,306.95,0.8401,-1,-1,-1
716,274,28.54,87.01,78.72,249.46,0.8297,-1,-1,-1
716,276,2.31,70.75,70.44,268.43,0.3829,-1,-1,-1
717,201,347.18,2.54,292.31,476.96,0.8714,-1,-1,-1
717,243,105.72,39.93,158.47,400.06,0.8878,-1,-1,-1
717,244,262.09,143.31,37.67,100.65,0.7287,-1,-1,-1
717,249,105.72,39.93,158.47,400.06,0.8878,-1,-1,-1
717,257,280.14,94.70,96.52,304.97,0.8474,-1,-1,-1
717,274,14.76,82.27,94.04,262.76,0.8884,-1,-1,-1
717,276,8.36,76.02,92.79,266.50,0.8884,-1,-1,-1
718,201,365.15,2.99,274.40,476.28,0.8972,-1,-1,-1
718,243,103.91,48.29,163.80,406.25,0.8917,-1,-1,-1
718,244,267.30,148.31,37.63,103.98,0.7652,-1,-1,-1
718,249,103.91,48.29,163.80,406.25,0.8917,-1,-1,-1
718,257,287.98,97.34,95.72,306.52,0.8125,-1,-1,-1
718,274,6.28,79.47,101.73,286.44,0.8838,-1,-1,-1
718,276,6.75,77.98,102.00,286.18,0.8838,-1,-1,-1
719,201,377.41,1.43,263.86,476.92,0.9051,-1,-1,-1
719,243,102.60,54.09,162.82,410.06,0.8880,-1,-1,-1
719,244,272.41,150.36,36.74,106.47,0.7071,-1,-1,-1
719,249,102.60,54.09,162.82,410.06,0.8880,-1,-1,-1
719,257,294.56,96.82,92.66,306.70,0.5796,-1,-1,-1
719,274,-1.07,76.68,112.09,298.34,0.9004,-1,-1,-1
719,276,1.52,76.91,113.01,296.53,0.9004,-1,-1,-1
720,201,386.05,-0.48,256.83,478.56,0.9164,-1,-1,-1
720,243,103.53,54.20,162.76,408.50,0.8886,-1,-1,-1
720,244,277.15,149.33,36.35,113.36,0.6706,-1,-1,-1
720,249,103.53,54.20,162.76,408.50,0.8886,-1,-1,-1
720,257,300.54,95.26,91.00,302.12,0.8466,-1,-1,-1
720,274,-2.32,72.14,115.80,312.87,0.8962,-1,-1,-1
720,276,0.79,72.97,116.98,310.79,0.8962,-1,-1,-1
720,277,255.58,158.51,24.00,97.43,0.4298,-1,-1,-1
721,201,394.46,-3.42,250.88,482.79,0.9261,-1,-1,-1
721,243,108.95,49.12,152.90,399.09,0.8912,-1,-1,-1
721,244,282.69,145.81,37.19,109.14,0.6122,-1,-1,-1
721,249,108.95,49.12,152.90,399.09,0.8912,-1,-1,-1
721,257,305.53,92.09,91.80,301.50,0.8501,-1,-1,-1
721,274,-6.11,57.43,116.23,338.32,0.9202,-1,-1,-1
721,276,-3.12,58.47,117.43,336.32,0.9202,-1,-1,-1
721,277,246.46,150.10,38.39,117.90,0.5532,-1,-1,-1
722,201,399.61,-0.79,243.83,479.90,0.9253,-1,-1,-1
722,243,118.27,51.52,142.05,384.40,0.9016,-1,-1,-1
722,244,288.14,147.85,34.64,102.54,0.5995,-1,-1,-1
722,249,118.27,51.52,142.05,384.40,0.9016,-1,-1,-1
722,257,308.07,94.53,93.41,301.96,0.8776,-1,-1,-1
722,274,-5.42,51.15,114.19,352.20,0.9217,-1,-1,-1
722,276,-2.77,52.19,115.29,350.36,0.9217,-1,-1,-1
722,277,244.06,153.72,45.79,129.15,0.5227,-1,-1,-1
723,201,399.65,0.60,243.63,480.03,0.9147,-1,-1,-1
723,243,132.56,53.07,130.57,384.62,0.8952,-1,-1,-1
723,244,295.14,152.31,32.97,99.90,0.6303,-1,-1,-1
723,249,132.56,53.07,130.57,384.62,0.8952,-1,-1,-1
723,257,315.66,98.63,91.73,304.80,0.6778,-1,-1,-1
723,274,-3.59,45.31,113.13,366.19,0.9252,-1,-1,-1
723,276,-1.28,46.30,114.10,364.54,0.9252,-1,-1,-1
723,277,251.53,157.04,45.72,141.66,0.6098,-1,-1,-1
724,201,395.40,1.20,245.37,479.25,0.9033,-1,-1,-1
724,243,142.01,54.62,121.48,386.64,0.8978,-1,-1,-1
724,244,298.90,154.17,31.61,100.44,0.6612,-1,-1,-1
724,249,142.01,54.62,121.48,386.64,0.8978,-1,-1,-1
724,257,317.67,101.30,91.69,304.59,0.8461,-1,-1,-1
724,274,-3.08,37.25,110.55,378.70,0.9165,-1,-1,-1
724,276,-1.12,38.26,111.37,377.27,0.9165,-1,-1,-1
724,277,248.43,159.71,51.57,152.93,0.5815,-1,-1,-1
725,201,395.43,0.84,243.33,478.33,0.8764,-1,-1,-1
725,243,148.23,55.63,115.49,390.59,0.8947,-1,-1,-1
725,244,300.86,152.54,31.00,101.28,0.4268,-1,-1,-1
725,249,148.23,55.63,115.49,390.59,0.8947,-1,-1,-1
725,257,315.62,99.98,95.18,304.48,0.8198,-1,-1,-1
725,274,-3.17,23.44,103.29,395.36,0.9011,-1,-1,-1
725,276,-1.49,24.37,104.02,394.12,0.9011,-1,-1,-1
725,277,254.27,157.14,48.50,157.38,0.6965,-1,-1,-1
725,278,93.34,188.45,21.27,68.96,0.5546,-1,-1,-1
725,279,139.92,197.77,15.06,46.36,0.5805,-1,-1,-1
725,280,124.24,201.12,13.42,43.73,0.5112,-1,-1,-1
726,201,407.18,3.10,229.00,474.62,0.9232,-1,-1,-1
726,243,156.73,62.29,107.51,390.98,0.8776,-1,-1,-1
726,244,304.43,154.38,31.08,99.08,0.5472,-1,-1,-1
726,249,156.73,62.29,107.51,390.98,0.8776,-1,-1,-1
726,257,318.16,101.08,91.28,301.30,0.8232,-1,-1,-1
726,274,-0.44,12.49,93.61,413.10,0.8918,-1,-1,-1
726,276,0.92,13.36,94.21,412.06,0.8918,-1,-1,-1
726,277,260.43,157.40,45.58,155.84,0.7930,-1,-1,-1
726,278,92.53,189.76,26.25,68.62,0.7156,-1,-1,-1
726,279,145.59,198.34,13.40,47.76,0.4136,-1,-1,-1
726,280,127.87,200.03,13.65,46.69,0.1301,-1,-1,-1
727,201,404.87,0.74,231.98,473.18,0.9251,-1,-1,-1
727,243,160.63,61.81,105.93,389.79,0.8886,-1,-1,-1
727,244,306.43,150.36,29.46,96.37,0.4999,-1,-1,-1
727,249,160.63,61.81,105.93,389.79,0.8886,-1,-1,-1
727,257,317.98,95.36,90.86,297.57,0.8264,-1,-1,-1
727,274,-1.15,4.05,84.59,423.86,0.8778,-1,-1,-1
727,276,0.04,4.68,85.13,422.89,0.8778,-1,-1,-1
727,277,263.51,153.61,44.50,154.72,0.8132,-1,-1,-1
727,278,92.80,187.09,25.63,70.27,0.6394,-1,-1,-1
727,279,147.04,195.91,12.28,47.83,0.5009,-1,-1,-1
727,280,131.21,197.67,14.40,46.54,0.4039,-1,-1,-1
728,201,393.77,-0.59,243.35,473.57,0.9283,-1,-1,-1
728,243,159.28,61.00,106.71,388.73,0.8867,-1,-1,-1
728,244,304.29,148.22,29.96,89.97,0.5175,-1,-1,-1
728,249,159.28,61.00,106.71,388.73,0.8867,-1,-1,-1
728,257,314.16,92.44,97.09,292.13,0.8062,-1,-1,-1
728,274,-4.11,24.95,68.95,408.63,0.7280,-1,-1,-1
728,276,-3.10,25.32,69.44,407.71,0.7280,-1,-1,-1
728,277,262.44,152.30,44.68,154.51,0.8363,-1,-1,-1
728,278,89.20,187.72,23.98,70.21,0.5425,-1,-1,-1
728,279,142.57,195.66,14.01,48.51,0.5440,-1,-1,-1
728,280,125.37,197.07,16.36,46.99,0.4843,-1,-1,-1
729,201,384.81,-1.32,255.02,473.71,0.9302,-1,-1,-1
729,243,158.42,58.58,108.25,380.07,0.8967,-1,-1,-1
729,244,304.33,148.18,28.01,84.72,0.5704,-1,-1,-1
729,249,158.42,58.58,108.25,380.07,0.8967,-1,-1,-1
729,257,312.96,89.92,96.26,295.47,0.8494,-1,-1,-1
729,274,-4.36,39.93,52.56,400.62,0.2826,-1,-1,-1
729,277,262.32,152.39,45.46,153.40,0.8542,-1,-1,-1
729,278,82.64,187.18,25.40,71.18,0.5962,-1,-1,-1
729,279,139.55,196.17,14.88,47.34,0.5573,-1,-1,-1
729,280,120.76,196.11,18.75,47.98,0.4412,-1,-1,-1
730,201,377.36,2.22,261.86,473.89,0.9263,-1,-1,-1
730,243,159.86,64.40,107.38,368.85,0.9013,-1,-1,-1
730,244,305.12,156.06,28.23,83.74,0.4539,-1,-1,-1
730,249,159.86,64.40,107.38,368.85,0.9013,-1,-1,-1
730,257,313.74,98.92,94.43,298.37,0.8134,-1,-1,-1
730,277,264.02,160.58,45.13,151.62,0.8182,-1,-1,-1
730,278,83.81,193.56,23.04,71.54,0.5884,-1,-1,-1
730,279,139.97,204.39,14.02,46.53,0.1432,-1,-1,-1
730,280,120.74,199.67,17.49,50.88,0.3287,-1,-1,-1
731,201,373.98,2.67,266.59,475.77,0.9268,-1,-1,-1
731,243,160.82,68.77,108.68,368.44,0.9013,-1,-1,-1
731,244,307.04,161.26,31.08,82.89,0.4402,-1,-1,-1
731,249,160.82,68.77,108.68,368.44,0.9013,-1,-1,-1
731,257,315.18,102.56,94.80,307.51,0.8346,-1,-1,-1
731,277,267.16,165.73,42.99,148.94,0.7877,-1,-1,-1
731,278,82.28,195.75,25.08,74.85,0.6459,-1,-1,-1
731,280,122.31,205.37,16.21,49.46,0.5075,-1,-1,-1
732,201,373.66,2.27,265.46,477.48,0.9189,-1,-1,-1
732,243,155.73,72.74,112.86,372.63,0.9002,-1,-1,-1
732,244,307.38,163.78,31.90,84.37,0.4093,-1,-1,-1
732,249,155.73,72.74,112.86,372.63,0.9002,-1,-1,-1
732,257,315.39,108.62,93.69,309.03,0.8605,-1,-1,-1
732,277,268.24,166.81,40.91,146.32,0.7782,-1,-1,-1
732,278,76.99,194.87,26.92,77.14,0.6470,-1,-1,-1
732,280,120.01,205.64,16.92,50.08,0.5413,-1,-1,-1
733,201,379.77,2.52,257.45,479.52,0.9095,-1,-1,-1
733,243,149.40,80.46,112.62,376.52,0.8711,-1,-1,-1
733,244,310.34,165.34,29.45,88.06,0.3410,-1,-1,-1
733,249,149.40,80.46,112.62,376.52,0.8711,-1,-1,-1
733,257,316.02,111.89,89.99,308.49,0.8630,-1,-1,-1
733,277,266.46,166.95,40.32,144.59,0.7992,-1,-1,-1
733,278,67.42,193.85,30.38,80.21,0.6059,-1,-1,-1
733,280,113.84,203.78,21.41,53.20,0.3600,-1,-1,-1
734,201,387.56,2.75,249.34,479.63,0.9101,-1,-1,-1
734,243,142.66,88.42,112.96,377.14,0.8832,-1,-1,-1
734,244,314.36,168.25,30.89,91.83,0.1990,-1,-1,-1
734,249,142.66,88.42,112.96,377.14,0.8832,-1,-1,-1
734,257,316.84,116.63,88.10,304.15,0.8352,-1,-1,-1
734,277,266.39,170.06,40.42,138.47,0.7529,-1,-1,-1
734,278,62.45,198.05,31.88,79.79,0.6115,-1,-1,-1
734,280,112.03,209.97,21.65,50.60,0.2716,-1,-1,-1
735,201,394.16,-1.83,244.58,480.89,0.9140,-1,-1,-1
735,243,133.52,83.60,117.88,376.02,0.8492,-1,-1,-1
735,244,315.65,161.93,26.62,77.80,0.1687,-1,-1,-1
735,249,133.52,83.60,117.88,376.02,0.8492,-1,-1,-1
735,257,317.03,109.00,88.82,296.77,0.8269,-1,-1,-1
735,277,265.72,164.51,41.51,140.96,0.7550,-1,-1,-1
735,278,58.46,192.66,31.25,81.61,0.6094,-1,-1,-1
735,280,111.73,203.78,18.84,52.43,0.2216,-1,-1,-1
735,282,241.39,161.45,32.18,122.30,0.5758,-1,-1,-1
736,201,398.26,-3.10,241.29,480.28,0.8931,-1,-1,-1
736,243,143.83,78.15,110.48,367.33,0.8249,-1,-1,-1
736,244,317.00,160.26,23.87,69.57,0.1401,-1,-1,-1
736,249,143.83,78.15,110.48,367.33,0.8249,-1,-1,-1
736,257,316.14,103.68,89.99,296.23,0.8301,-1,-1,-1
736,277,264.48,162.93,41.82,141.94,0.7888,-1,-1,-1
736,278,55.06,189.45,31.08,82.93,0.5817,-1,-1,-1
736,282,239.44,157.27,31.46,113.39,0.4717,-1,-1,-1
737,201,400.76,-1.56,238.19,478.58,0.9134,-1,-1,-1
737,243,145.92,74.84,109.42,353.78,0.8490,-1,-1,-1
737,249,145.92,74.84,109.42,353.78,0.8490,-1,-1,-1
737,257,315.19,104.80,89.47,297.95,0.8279,-1,-1,-1
737,277,261.41,164.58,42.71,143.30,0.7946,-1,-1,-1
737,278,47.46,188.14,31.19,84.54,0.6170,-1,-1,-1
737,282,237.25,156.68,33.37,135.41,0.3417,-1,-1,-1
737,283,110.77,138.28,52.84,182.93,0.8012,-1,-1,-1
738,201,401.26,-0.61,238.03,477.78,0.9189,-1,-1,-1
738,243,145.05,73.44,109.27,351.77,0.8390,-1,-1,-1
738,249,145.05,73.44,109.27,351.77,0.8390,-1,-1,-1
738,257,314.04,107.05,91.17,299.07,0.8234,-1,-1,-1
738,277,259.14,164.15,44.46,144.68,0.7887,-1,-1,-1
738,278,42.62,185.60,32.00,86.25,0.7076,-1,-1,-1
738,282,236.51,155.15,34.12,144.77,0.4674,-1,-1,-1
738,283,105.89,134.58,53.79,189.91,0.7934,-1,-1,-1
739,201,399.76,-0.35,241.02,479.37,0.9141,-1,-1,-1
739,243,143.14,75.00,102.81,355.32,0.8661,-1,-1,-1
739,249,143.14,75.00,102.81,355.32,0.8661,-1,-1,-1
739,257,311.21,110.17,92.42,302.34,0.8409,-1,-1,-1
739,277,255.44,163.91,47.84,145.02,0.7621,-1,-1,-1
739,278,35.59,185.06,31.71,88.17,0.6077,-1,-1,-1
739,282,235.54,156.32,32.37,124.36,0.5476,-1,-1,-1
739,283,94.39,132.33,60.12,196.35,0.8093,-1,-1,-1
740,201,397.85,-0.81,245.42,480.73,0.9144,-1,-1,-1
740,243,142.50,80.36,104.22,358.40,0.8775,-1,-1,-1
740,249,142.50,80.36,104.22,358.40,0.8775,-1,-1,-1
740,257,311.30,111.04,92.53,303.48,0.8469,-1,-1,-1
740,277,255.15,162.62,52.90,145.68,0.7522,-1,-1,-1
740,278,29.51,183.65,33.83,90.38,0.7123,-1,-1,-1
740,282,236.68,157.00,31.39,132.71,0.4091,-1,-1,-1
740,283,84.11,130.47,66.45,209.76,0.8337,-1,-1,-1
741,201,392.00,-1.19,249.21,480.02,0.8986,-1,-1,-1
741,243,142.83,81.97,102.13,357.93,0.8789,-1,-1,-1
741,249,142.83,81.97,102.13,357.93,0.8789,-1,-1,-1
741,257,307.66,106.66,93.55,304.39,0.8238,-1,-1,-1
741,277,254.43,159.52,53.12,145.51,0.7427,-1,-1,-1
741,278,24.78,178.77,34.04,91.77,0.6871,-1,-1,-1
741,282,236.25,153.51,30.78,137.47,0.5041,-1,-1,-1
741,283,75.95,122.93,74.45,217.51,0.8391,-1,-1,-1
742,201,395.69,1.07,242.26,479.66,0.9148,-1,-1,-1
742,243,142.92,86.67,100.36,349.36,0.8837,-1,-1,-1
742,249,142.92,86.67,100.36,349.36,0.8837,-1,-1,-1
742,257,307.34,105.99,89.56,296.90,0.8308,-1,-1,-1
742,277,257.55,160.56,48.93,144.22,0.7660,-1,-1,-1
742,278,22.49,177.56,31.35,93.02,0.6921,-1,-1,-1
742,282,235.52,152.65,31.75,138.31,0.5307,-1,-1,-1
742,283,71.40,116.38,76.51,227.02,0.8039,-1,-1,-1
743,201,396.25,2.91,238.43,476.17,0.9028,-1,-1,-1
743,243,140.00,87.20,103.53,345.07,0.8710,-1,-1,-1
743,249,140.00,87.20,103.53,345.07,0.8710,-1,-1,-1
743,257,309.04,106.04,83.47,286.67,0.8061,-1,-1,-1
743,277,258.32,161.40,48.01,142.30,0.7626,-1,-1,-1
743,278,16.13,176.30,32.58,92.45,0.6172,-1,-1,-1
743,282,235.94,152.95,31.22,137.77,0.5907,-1,-1,-1
743,283,54.11,108.60,90.62,235.95,0.6873,-1,-1,-1
743,286,0.14,186.06,15.51,70.07,0.4809,-1,-1,-1
744,201,390.57,4.00,235.34,471.09,0.8927,-1,-1,-1
744,243,149.72,86.06,97.31,331.41,0.8639,-1,-1,-1
744,249,149.72,86.06,97.31,331.41,0.8639,-1,-1,-1
744,257,307.05,105.88,84.72,286.00,0.8315,-1,-1,-1
744,277,258.71,162.42,50.85,140.01,0.7107,-1,-1,-1
744,278,13.79,174.64,34.25,94.85,0.6039,-1,-1,-1
744,282,238.26,151.36,31.13,140.15,0.5762,-1,-1,-1
744,283,47.78,101.67,93.22,246.92,0.8556,-1,-1,-1
745,201,395.41,0.98,233.51,472.82,0.9241,-1,-1,-1
745,243,153.57,82.13,96.64,324.37,0.8715,-1,-1,-1
745,249,153.57,82.13,96.64,324.37,0.8715,-1,-1,-1
745,257,307.04,101.33,91.86,293.69,0.8308,-1,-1,-1
745,277,262.51,160.01,49.39,138.04,0.6853,-1,-1,-1
745,278,9.05,173.30,33.13,94.75,0.3392,-1,-1,-1
745,282,240.64,149.53,31.68,140.79,0.6153,-1,-1,-1
745,283,25.38,96.56,109.36,260.88,0.8609,-1,-1,-1
745,287,122.90,134.11,45.87,174.80,0.7047,-1,-1,-1
746,201,391.14,-0.62,249.15,474.22,0.9070,-1,-1,-1
746,243,157.22,85.44,101.87,325.20,0.8748,-1,-1,-1
746,249,157.22,85.44,101.87,325.20,0.8748,-1,-1,-1
746,257,307.48,137.29,97.22,264.41,0.7880,-1,-1,-1
746,277,267.17,160.29,52.48,138.15,0.5444,-1,-1,-1
746,282,245.79,154.55,32.33,134.32,0.5156,-1,-1,-1
746,283,6.07,95.96,120.44,281.12,0.8704,-1,-1,-1
746,287,115.31,133.09,60.14,183.03,0.8577,-1,-1,-1
747,201,389.63,-0.70,250.73,475.19,0.8958,-1,-1,-1
747,243,161.37,84.56,100.27,327.98,0.8695,-1,-1,-1
747,249,161.37,84.56,100.27,327.98,0.8695,-1,-1,-1
747,257,309.46,117.26,95.89,288.42,0.8522,-1,-1,-1
747,277,266.81,158.38,54.09,139.00,0.6905,-1,-1,-1
747,282,249.68,153.72,29.57,129.09,0.3073,-1,-1,-1
747,283,-1.88,88.47,118.98,296.45,0.8907,-1,-1,-1
747,287,112.06,127.70,64.26,190.17,0.8143,-1,-1,-1
748,201,390.88,-0.59,250.83,477.92,0.9182,-1,-1,-1
748,243,163.63,87.29,101.93,333.12,0.8671,-1,-1,-1
748,249,163.63,87.29,101.93,333.12,0.8671,-1,-1,-1
748,257,313.62,111.37,92.86,297.61,0.8376,-1,-1,-1
748,277,269.57,159.86,53.58,140.44,0.6604,-1,-1,-1
748,282,251.46,154.09,31.40,112.11,0.4520,-1,-1,-1
748,283,-5.54,78.80,105.60,313.95,0.8873,-1,-1,-1
748,287,111.20,124.09,63.59,198.29,0.8248,-1,-1,-1
749,201,394.55,1.83,247.00,479.83,0.9216,-1,-1,-1
749,243,165.77,93.21,102.98,336.62,0.8559,-1,-1,-1
749,249,165.77,93.21,102.98,336.62,0.8559,-1,-1,-1
749,257,318.53,111.66,93.06,299.68,0.7947,-1,-1,-1
749,277,273.71,166.31,53.25,139.22,0.6499,-1,-1,-1
749,282,253.10,156.83,36.61,131.63,0.5089,-1,-1,-1
749,283,-4.14,68.96,92.12,330.39,0.8910,-1,-1,-1
749,287,109.01,121.82,65.41,208.19,0.8597,-1,-1,-1
750,201,405.31,0.39,237.19,480.50,0.9138,-1,-1,-1
750,243,172.25,91.53,102.47,331.91,0.8716,-1,-1,-1
750,249,172.25,91.53,102.47,331.91,0.8716,-1,-1,-1
750,257,326.57,106.95,89.18,293.25,0.8413,-1,-1,-1
750,277,281.90,164.36,53.19,139.84,0.7167,-1,-1,-1
750,282,259.19,153.44,38.25,137.78,0.6300,-1,-1,-1
750,283,-1.71,50.88,81.87,360.68,0.8683,-1,-1,-1
750,287,108.50,113.33,66.90,216.69,0.8609,-1,-1,-1
751,201,414.65,-0.43,226.17,481.06,0.9109,-1,-1,-1
751,243,179.83,87.02,88.30,327.42,0.8299,-1,-1,-1
751,249,179.83,87.02,88.30,327.42,0.8299,-1,-1,-1
751,257,334.93,98.87,86.23,292.04,0.8020,-1,-1,-1
751,277,290.14,159.62,50.88,135.90,0.7352,-1,-1,-1
751,282,264.50,146.86,40.61,142.19,0.7272,-1,-1,-1
751,283,-0.48,33.35,72.99,371.30,0.7760,-1,-1,-1
751,287,104.81,104.11,76.31,222.63,0.8683,-1,-1,-1
752,201,421.15,0.82,220.58,482.14,0.9181,-1,-1,-1
752,243,186.36,85.53,95.59,312.54,0.8927,-1,-1,-1
752,249,186.36,85.53,95.59,312.54,0.8927,-1,-1,-1
752,257,339.11,100.34,88.03,295.56,0.8463,-1,-1,-1
752,277,296.80,160.44,51.43,130.20,0.6204,-1,-1,-1
752,282,271.12,146.85,40.45,138.16,0.6895,-1,-1,-1
752,283,-0.35,11.10,76.45,393.21,0.7358,-1,-1,-1
752,287,99.19,98.46,83.51,234.11,0.8732,-1,-1,-1
753,201,416.37,0.08,225.24,480.25,0.9175,-1,-1,-1
753,243,188.50,83.23,98.31,309.25,0.8964,-1,-1,-1
753,249,188.50,83.23,98.31,309.25,0.8964,-1,-1,-1
753,257,341.11,100.97,91.86,297.15,0.8253,-1,-1,-1
753,277,303.12,158.70,49.59,126.68,0.4401,-1,-1,-1
753,282,275.21,148.42,40.12,131.95,0.7602,-1,-1,-1
753,283,-1.83,46.70,77.60,356.23,0.4421,-1,-1,-1
753,287,93.18,93.19,89.65,245.51,0.8760,-1,-1,-1
754,201,416.39,-0.59,229.09,481.92,0.9170,-1,-1,-1
754,243,195.03,83.40,100.11,313.47,0.8752,-1,-1,-1
754,249,195.03,83.40,100.11,313.47,0.8752,-1,-1,-1
754,257,347.10,103.69,94.60,301.13,0.7776,-1,-1,-1
754,277,317.81,159.59,43.15,112.46,0.4926,-1,-1,-1
754,282,283.30,148.70,40.77,136.75,0.7254,-1,-1,-1
754,287,81.42,89.15,101.97,263.74,0.8934,-1,-1,-1
755,201,424.10,-0.05,220.33,479.41,0.9132,-1,-1,-1
755,243,200.54,85.32,97.19,313.04,0.8680,-1,-1,-1
755,249,200.54,85.32,97.19,313.04,0.8680,-1,-1,-1
755,257,348.55,102.64,95.70,299.69,0.8358,-1,-1,-1
755,277,325.87,160.41,37.72,107.73,0.4144,-1,-1,-1
755,282,286.10,150.77,41.61,134.12,0.7343,-1,-1,-1
755,287,72.35,84.82,109.49,273.89,0.9013,-1,-1,-1
755,289,31.45,167.43,40.31,88.80,0.5863,-1,-1,-1
756,201,454.87,-1.24,191.43,481.98,0.9046,-1,-1,-1
756,243,209.35,87.11,93.45,317.35,0.8665,-1,-1,-1
756,249,209.35,87.11,93.45,317.35,0.8665,-1,-1,-1
756,257,350.69,98.24,98.82,307.19,0.7098,-1,-1,-1
756,277,331.30,160.40,37.90,110.73,0.3900,-1,-1,-1
756,282,292.81,150.33,38.60,134.84,0.7325,-1,-1,-1
756,287,65.49,77.96,114.13,294.43,0.9019,-1,-1,-1
756,289,38.29,170.07,33.60,87.91,0.5810,-1,-1,-1
756,286,0.20,155.09,28.47,124.25,0.7074,-1,-1,-1
757,201,481.94,-1.99,168.30,484.68,0.8990,-1,-1,-1
757,243,207.36,90.22,101.58,318.81,0.8620,-1,-1,-1
757,249,207.36,90.22,101.58,318.81,0.8620,-1,-1,-1
757,257,353.49,95.53,101.06,307.65,0.8005,-1,-1,-1
757,277,332.69,159.94,39.55,113.55,0.3950,-1,-1,-1
757,282,297.12,150.53,39.22,134.16,0.7432,-1,-1,-1
757,287,52.54,70.51,121.31,315.71,0.8918,-1,-1,-1
758,201,480.16,2.76,161.86,485.02,0.2339,-1,-1,-1
758,243,215.62,85.30,90.72,321.15,0.8683,-1,-1,-1
758,249,215.62,85.30,90.72,321.15,0.8683,-1,-1,-1
758,257,352.15,93.55,96.81,305.43,0.7836,-1,-1,-1
758,277,325.82,159.51,44.58,114.45,0.3655,-1,-1,-1
758,282,300.53,147.26,32.36,133.57,0.5493,-1,-1,-1
758,287,43.63,50.51,117.30,338.00,0.8994,-1,-1,-1
759,201,480.94,7.06,155.43,475.78,0.4444,-1,-1,-1
759,243,207.94,88.86,99.18,304.42,0.8737,-1,-1,-1
759,249,207.94,88.86,99.18,304.42,0.8737,-1,-1,-1
759,257,351.85,96.13,94.51,299.79,0.7820,-1,-1,-1
759,277,331.00,159.96,38.03,93.80,0.1113,-1,-1,-1
759,282,302.89,149.89,32.67,132.88,0.5954,-1,-1,-1
759,287,26.07,40.65,126.63,351.99,0.9100,-1,-1,-1
759,293,191.86,162.80,31.88,116.80,0.4161,-1,-1,-1
760,201,490.39,5.78,142.50,470.50,0.5803,-1,-1,-1
760,243,202.89,85.09,104.71,296.46,0.8690,-1,-1,-1
760,249,202.89,85.09,104.71,296.46,0.8690,-1,-1,-1
760,257,348.55,93.02,96.20,299.50,0.8157,-1,-1,-1
760,277,326.35,158.42,41.30,107.55,0.1253,-1,-1,-1
760,282,304.03,145.95,31.43,130.54,0.5633,-1,-1,-1
760,287,7.79,27.43,133.56,366.54,0.9174,-1,-1,-1
760,293,183.98,162.09,41.19,118.30,0.5224,-1,-1,-1
761,201,500.38,5.66,130.70,466.35,0.8353,-1,-1,-1
761,243,205.87,84.29,104.08,294.08,0.8702,-1,-1,-1
761,249,205.87,84.29,104.08,294.08,0.8702,-1,-1,-1
761,257,348.42,96.13,94.69,298.99,0.8525,-1,-1,-1
761,282,306.96,151.64,30.88,122.12,0.5042,-1,-1,-1
761,287,3.26,14.02,120.45,382.99,0.9314,-1,-1,-1
761,293,180.94,161.03,40.35,120.57,0.5932,-1,-1,-1
761,294,130.80,179.64,24.55,67.78,0.6497,-1,-1,-1
762,201,494.45,1.94,140.85,468.95,0.8897,-1,-1,-1
762,243,190.18,81.22,125.25,297.90,0.8691,-1,-1,-1
762,249,190.18,81.22,125.25,297.90,0.8691,-1,-1,-1
762,257,350.97,93.69,95.68,301.80,0.8558,-1,-1,-1
762,282,309.78,146.95,28.60,122.86,0.6123,-1,-1,-1
762,287,-0.84,3.06,111.02,397.45,0.9147,-1,-1,-1
762,293,177.28,156.27,41.21,121.46,0.6102,-1,-1,-1
762,294,129.96,175.93,25.62,69.04,0.6015,-1,-1,-1
762,295,108.31,175.25,20.22,72.55,0.4099,-1,-1,-1
763,201,472.28,-1.32,163.71,470.43,0.8769,-1,-1,-1
763,243,188.01,75.40,128.04,301.14,0.8897,-1,-1,-1
763,249,188.01,75.40,128.04,301.14,0.8897,-1,-1,-1
763,257,351.10,84.15,95.53,301.07,0.8545,-1,-1,-1
763,282,307.97,136.27,29.66,119.79,0.5861,-1,-1,-1
763,287,-3.38,12.17,93.75,388.36,0.8858,-1,-1,-1
763,293,168.85,144.25,39.77,125.11,0.6870,-1,-1,-1
763,294,125.45,166.21,25.45,71.32,0.6715,-1,-1,-1
763,295,104.78,166.20,19.25,74.61,0.1405,-1,-1,-1
763,296,81.55,160.59,39.98,83.28,0.7076,-1,-1,-1
763,289,53.12,150.40,34.47,94.72,0.5823,-1,-1,-1
764,201,461.19,0.99,178.77,455.44,0.7884,-1,-1,-1
764,243,198.21,83.28,121.18,304.51,0.8786,-1,-1,-1
764,249,198.21,83.28,121.18,304.51,0.8786,-1,-1,-1
764,257,354.66,89.34,94.60,297.18,0.8285,-1,-1,-1
764,282,308.35,140.18,32.21,120.72,0.6086,-1,-1,-1
764,287,-5.42,22.14,76.30,393.48,0.7995,-1,-1,-1
764,293,161.51,149.72,41.06,125.75,0.7258,-1,-1,-1
764,294,123.29,171.45,25.60,71.85,0.6330,-1,-1,-1
764,296,82.49,164.63,39.32,85.96,0.6895,-1,-1,-1
764,289,52.90,158.42,39.80,93.28,0.4989,-1,-1,-1
765,201,457.52,3.13,183.96,465.86,0.8616,-1,-1,-1
765,243,210.63,89.70,113.83,300.39,0.8756,-1,-1,-1
765,249,210.63,89.70,113.83,300.39,0.8756,-1,-1,-1
765,257,358.31,93.23,96.60,291.68,0.8495,-1,-1,-1
765,282,310.69,145.33,34.65,118.93,0.6781,-1,-1,-1
765,293,151.21,155.81,49.37,125.65,0.7887,-1,-1,-1
765,294,125.51,176.86,24.67,72.63,0.6320,-1,-1,-1
765,296,92.46,169.82,32.84,85.63,0.6545,-1,-1,-1
765,289,60.59,163.62,41.70,94.87,0.6541,-1,-1,-1
765,297,198.93,156.29,32.48,114.74,0.6044,-1,-1,-1
766,201,456.03,2.29,184.33,472.63,0.8785,-1,-1,-1
766,243,219.44,88.33,103.44,301.69,0.8897,-1,-1,-1
766,249,219.44,88.33,103.44,301.69,0.8897,-1,-1,-1
766,257,359.21,92.53,95.21,291.68,0.7676,-1,-1,-1
766,282,310.40,147.09,31.98,119.65,0.6250,-1,-1,-1
766,293,141.38,155.47,53.69,127.73,0.8329,-1,-1,-1
766,294,122.76,175.71,23.87,74.14,0.6199,-1,-1,-1
766,296,94.79,167.33,28.99,89.00,0.6897,-1,-1,-1
766,289,62.10,164.80,40.63,94.55,0.6267,-1,-1,-1
766,297,198.00,156.41,33.87,118.51,0.6893,-1,-1,-1
767,201,457.02,1.72,181.17,477.04,0.9012,-1,-1,-1
767,243,225.65,81.77,92.45,295.01,0.8882,-1,-1,-1
767,249,225.65,81.77,92.45,295.01,0.8882,-1,-1,-1
767,257,356.00,91.03,95.65,296.24,0.7946,-1,-1,-1
767,282,310.33,146.50,32.65,119.44,0.4052,-1,-1,-1
767,293,129.11,153.07,57.23,128.26,0.8246,-1,-1,-1
767,296,92.34,163.09,25.74,90.81,0.4919,-1,-1,-1
767,289,58.70,159.91,37.27,96.64,0.6079,-1,-1,-1
767,297,189.60,151.66,39.44,124.36,0.8009,-1,-1,-1
768,201,456.76,2.97,181.14,478.29,0.8853,-1,-1,-1
768,243,226.15,82.63,89.79,291.31,0.8781,-1,-1,-1
768,249,226.15,82.63,89.79,291.31,0.8781,-1,-1,-1
768,257,352.64,94.22,96.51,301.35,0.7889,-1,-1,-1
768,282,310.39,161.03,31.76,108.08,0.1458,-1,-1,-1
768,293,120.34,156.46,58.16,127.79,0.8013,-1,-1,-1
768,296,91.11,164.48,32.09,92.36,0.4582,-1,-1,-1
768,289,53.72,161.33,36.41,98.32,0.6304,-1,-1,-1
768,297,184.96,154.45,41.80,127.17,0.8359,-1,-1,-1
769,201,462.60,3.31,176.21,480.02,0.8713,-1,-1,-1
769,243,227.41,83.41,87.62,294.21,0.8834,-1,-1,-1
769,249,227.41,83.41,87.62,294.21,0.8834,-1,-1,-1
769,257,352.85,97.35,94.02,305.03,0.7860,-1,-1,-1
769,293,115.14,154.76,50.56,130.82,0.7337,-1,-1,-1
769,296,89.18,165.20,30.28,93.34,0.4928,-1,-1,-1
769,289,54.34,160.26,32.57,100.43,0.6622,-1,-1,-1
769,297,182.85,154.41,44.42,130.76,0.8511,-1,-1,-1
769,295,82.85,166.64,27.38,92.84,0.3525,-1,-1,-1
770,201,472.80,0.03,169.05,479.30,0.8335,-1,-1,-1
770,243,227.14,83.08,91.59,296.33,0.8878,-1,-1,-1
770,249,227.14,83.08,91.59,296.33,0.8878,-1,-1,-1
770,257,351.98,93.75,96.24,306.14,0.7881,-1,-1,-1
770,293,110.51,152.73,45.67,130.90,0.5490,-1,-1,-1
770,296,88.53,163.81,27.19,94.29,0.4093,-1,-1,-1
770,289,54.16,159.78,34.94,101.10,0.6276,-1,-1,-1
770,297,180.46,152.33,47.74,133.26,0.8408,-1,-1,-1
770,295,80.31,161.49,29.18,97.80,0.2017,-1,-1,-1
771,201,493.10,-1.45,149.99,477.90,0.8518,-1,-1,-1
771,243,221.32,86.98,94.26,300.56,0.8731,-1,-1,-1
771,249,221.32,86.98,94.26,300.56,0.8731,-1,-1,-1
771,257,347.94,92.22,94.03,305.35,0.8294,-1,-1,-1
771,293,99.03,152.62,41.34,134.28,0.5528,-1,-1,-1
771,296,80.68,162.33,31.09,98.13,0.4974,-1,-1,-1
771,289,47.37,160.12,36.88,103.55,0.6868,-1,-1,-1
771,297,168.71,150.31,51.94,139.68,0.8298,-1,-1,-1
771,294,81.51,161.81,31.90,97.00,0.4974,-1,-1,-1
772,201,494.82,-2.90,147.54,477.34,0.8111,-1,-1,-1
772,243,213.77,87.65,99.41,299.08,0.8952,-1,-1,-1
772,249,213.77,87.65,99.41,299.08,0.8952,-1,-1,-1
772,257,344.47,90.64,92.28,298.65,0.8171,-1,-1,-1
772,293,84.13,150.83,47.73,134.87,0.7168,-1,-1,-1
772,296,78.27,156.19,26.20,101.79,0.1816,-1,-1,-1
772,289,44.83,156.63,38.08,104.76,0.6339,-1,-1,-1
772,297,162.58,145.29,53.82,142.44,0.8314,-1,-1,-1
773,201,495.68,-3.20,146.83,478.32,0.7822,-1,-1,-1
773,243,212.09,87.61,99.35,296.93,0.8925,-1,-1,-1
773,249,212.09,87.61,99.35,296.93,0.8925,-1,-1,-1
773,257,339.76,86.73,95.64,295.33,0.8604,-1,-1,-1
773,293,71.76,149.85,48.33,134.96,0.7890,-1,-1,-1
773,289,41.66,154.56,38.81,104.70,0.6626,-1,-1,-1
773,297,150.74,140.18,60.53,147.73,0.8454,-1,-1,-1
774,201,496.58,1.89,145.36,474.64,0.8451,-1,-1,-1
774,243,217.21,87.80,96.09,290.06,0.8911,-1,-1,-1
774,249,217.21,87.80,96.09,290.06,0.8911,-1,-1,-1
774,257,336.99,87.13,97.01,295.14,0.8504,-1,-1,-1
774,293,65.02,150.05,49.63,135.47,0.6661,-1,-1,-1
774,289,43.92,157.08,38.91,97.60,0.4199,-1,-1,-1
774,297,151.24,137.29,56.55,153.76,0.8336,-1,-1,-1
775,201,526.04,1.30,113.88,459.62,0.3756,-1,-1,-1
775,243,216.37,88.03,98.10,280.33,0.8734,-1,-1,-1
775,249,216.37,88.03,98.10,280.33,0.8734,-1,-1,-1
775,257,336.99,88.28,95.12,297.91,0.7957,-1,-1,-1
775,293,64.10,152.41,55.82,134.91,0.4656,-1,-1,-1
775,289,44.43,155.80,39.35,106.05,0.4440,-1,-1,-1
775,297,150.77,137.62,54.37,158.62,0.8539,-1,-1,-1
775,296,66.86,153.05,40.35,129.10,0.4781,-1,-1,-1
776,201,504.17,2.66,133.86,469.77,0.8021,-1,-1,-1
776,243,213.48,89.60,101.48,277.91,0.8759,-1,-1,-1
776,249,213.48,89.60,101.48,277.91,0.8759,-1,-1,-1
776,257,336.94,93.55,92.89,299.46,0.8507,-1,-1,-1
776,293,48.89,153.16,53.86,135.30,0.6142,-1,-1,-1
776,289,44.97,154.24,47.78,125.24,0.6142,-1,-1,-1
776,297,145.67,139.46,54.91,161.27,0.8230,-1,-1,-1
776,299,422.41,22.56,157.76,421.76,0.7639,-1,-1,-1
776,300,89.20,170.08,35.33,94.02,0.6757,-1,-1,-1
777,201,496.94,2.80,138.77,472.74,0.7787,-1,-1,-1
777,243,210.12,91.84,105.01,277.08,0.8754,-1,-1,-1
777,249,210.12,91.84,105.01,277.08,0.8754,-1,-1,-1
777,257,335.87,95.82,90.89,299.29,0.8432,-1,-1,-1
777,293,39.87,151.69,52.73,137.28,0.5961,-1,-1,-1
777,289,42.31,152.09,50.55,134.07,0.5961,-1,-1,-1
777,297,142.20,138.57,54.69,165.47,0.8225,-1,-1,-1
777,299,405.61,30.87,165.76,409.59,0.7582,-1,-1,-1
777,300,92.46,170.28,31.94,93.96,0.6623,-1,-1,-1
778,201,507.79,3.81,125.71,469.08,0.7306,-1,-1,-1
778,243,209.96,97.65,109.42,276.67,0.8375,-1,-1,-1
778,249,209.96,97.65,109.42,276.67,0.8375,-1,-1,-1
778,257,339.57,97.75,87.04,296.59,0.8534,-1,-1,-1
778,293,31.21,153.02,57.88,137.48,0.7983,-1,-1,-1
778,297,136.43,136.71,59.89,171.32,0.8301,-1,-1,-1
778,299,404.90,29.31,157.45,417.75,0.8357,-1,-1,-1
778,300,93.75,166.33,37.92,99.56,0.6739,-1,-1,-1
779,201,506.56,7.79,127.21,465.68,0.7734,-1,-1,-1
779,243,227.18,105.88,98.55,273.56,0.8142,-1,-1,-1
779,249,227.18,105.88,98.55,273.56,0.8142,-1,-1,-1
779,257,346.19,99.83,86.38,273.34,0.6228,-1,-1,-1
779,293,28.00,157.26,58.29,136.44,0.8344,-1,-1,-1
779,297,139.08,135.64,59.36,177.25,0.8356,-1,-1,-1
779,299,411.54,28.43,148.00,440.14,0.8538,-1,-1,-1
779,300,104.92,168.03,32.67,101.42,0.7602,-1,-1,-1
779,301,209.51,141.38,46.63,177.38,0.7213,-1,-1,-1
779,289,71.62,160.84,32.99,113.61,0.6230,-1,-1,-1
780,201,496.07,5.06,137.98,468.34,0.8530,-1,-1,-1
780,243,234.13,108.22,94.39,269.57,0.8387,-1,-1,-1
780,249,234.13,108.22,94.39,269.57,0.8387,-1,-1,-1
780,257,348.78,97.65,85.40,278.00,0.5688,-1,-1,-1
780,293,22.69,157.41,60.81,137.12,0.7970,-1,-1,-1
780,297,134.72,132.29,64.67,181.87,0.8558,-1,-1,-1
780,299,415.77,23.20,127.07,447.89,0.7414,-1,-1,-1
780,300,108.88,166.84,31.67,104.20,0.7846,-1,-1,-1
780,301,211.92,137.55,46.76,184.15,0.7475,-1,-1,-1
780,289,75.03,161.31,29.91,110.95,0.6269,-1,-1,-1
781,201,472.79,4.12,158.71,465.78,0.8815,-1,-1,-1
781,243,237.70,105.30,92.69,263.46,0.8506,-1,-1,-1
781,249,237.70,105.30,92.69,263.46,0.8506,-1,-1,-1
781,257,350.54,96.29,79.77,217.93,0.3999,-1,-1,-1
781,293,20.66,154.57,60.00,138.28,0.7575,-1,-1,-1
781,297,130.26,127.36,67.84,190.39,0.8483,-1,-1,-1
781,299,393.91,18.35,131.51,450.14,0.7426,-1,-1,-1
781,300,111.68,164.54,26.55,103.64,0.6567,-1,-1,-1
781,301,211.11,130.89,47.60,195.04,0.7598,-1,-1,-1
781,289,73.95,160.16,38.35,110.43,0.6690,-1,-1,-1
782,201,457.00,3.59,177.11,471.14,0.8590,-1,-1,-1
782,243,242.51,104.30,89.10,262.02,0.8662,-1,-1,-1
782,249,242.51,104.30,89.10,262.02,0.8662,-1,-1,-1
782,293,14.21,152.72,58.44,142.14,0.8251,-1,-1,-1
782,297,119.34,125.88,76.13,197.68,0.8544,-1,-1,-1
782,299,391.29,22.82,115.28,443.76,0.6725,-1,-1,-1
782,300,111.22,166.56,23.76,102.86,0.3540,-1,-1,-1
782,301,203.34,126.38,55.98,205.13,0.8035,-1,-1,-1
782,289,73.79,160.32,42.89,111.84,0.7204,-1,-1,-1
783,201,451.28,1.44,187.25,473.26,0.7669,-1,-1,-1
783,243,249.07,104.57,84.38,256.65,0.8780,-1,-1,-1
783,249,249.07,104.57,84.38,256.65,0.8780,-1,-1,-1
783,293,9.37,152.98,55.14,144.17,0.7800,-1,-1,-1
783,297,112.35,125.74,82.16,206.28,0.8766,-1,-1,-1
783,299,389.14,25.49,113.94,444.99,0.6799,-1,-1,-1
783,301,199.98,122.57,60.66,212.15,0.8241,-1,-1,-1
783,289,75.66,162.33,45.20,112.46,0.7132,-1,-1,-1
783,257,347.53,132.10,80.09,279.00,0.4370,-1,-1,-1
784,201,453.05,1.73,186.19,475.69,0.8213,-1,-1,-1
784,243,255.32,107.58,79.21,255.55,0.8734,-1,-1,-1
784,249,255.32,107.58,79.21,255.55,0.8734,-1,-1,-1
784,293,6.44,154.00,51.25,147.23,0.7225,-1,-1,-1
784,297,107.48,124.55,80.88,216.23,0.8514,-1,-1,-1
784,299,364.53,29.88,125.87,429.90,0.7996,-1,-1,-1
784,301,195.22,120.78,66.17,219.94,0.8474,-1,-1,-1
784,289,77.36,161.02,41.51,116.92,0.6716,-1,-1,-1
785,201,460.00,1.45,179.12,455.93,0.6834,-1,-1,-1
785,243,256.15,109.23,73.14,257.57,0.8594,-1,-1,-1
785,249,256.15,109.23,73.14,257.57,0.8594,-1,-1,-1
785,293,-1.35,155.04,42.90,147.49,0.6694,-1,-1,-1
785,297,93.74,118.32,84.84,228.95,0.8836,-1,-1,-1
785,299,355.07,31.20,131.16,443.76,0.8155,-1,-1,-1
785,301,183.75,115.98,74.87,231.01,0.8657,-1,-1,-1
785,289,77.34,155.44,32.52,116.26,0.1650,-1,-1,-1
786,201,475.21,1.16,163.18,453.81,0.6983,-1,-1,-1
786,243,253.53,115.02,71.65,253.55,0.8585,-1,-1,-1
786,249,253.53,115.02,71.65,253.55,0.8585,-1,-1,-1
786,293,-3.65,152.86,28.16,148.80,0.5806,-1,-1,-1
786,297,72.05,110.31,93.55,239.75,0.8669,-1,-1,-1
786,299,348.61,33.11,130.33,434.04,0.5779,-1,-1,-1
786,301,167.53,112.78,80.97,243.05,0.8595,-1,-1,-1
787,201,490.42,0.45,149.73,472.57,0.6920,-1,-1,-1
787,243,254.82,119.00,69.60,250.65,0.8670,-1,-1,-1
787,249,254.82,119.00,69.60,250.65,0.8670,-1,-1,-1
787,297,57.59,105.27,99.18,248.89,0.8493,-1,-1,-1
787,299,342.64,33.10,150.93,428.88,0.7760,-1,-1,-1
787,301,155.77,110.94,88.61,251.94,0.8752,-1,-1,-1
787,303,9.91,169.05,30.91,104.56,0.3968,-1,-1,-1
788,201,500.55,-0.65,140.27,480.13,0.7230,-1,-1,-1
788,243,253.48,119.18,70.82,251.14,0.8296,-1,-1,-1
788,249,253.48,119.18,70.82,251.14,0.8296,-1,-1,-1
788,297,40.67,99.22,105.98,265.20,0.8611,-1,-1,-1
788,299,335.08,32.42,176.95,435.01,0.8444,-1,-1,-1
788,301,141.64,105.55,95.37,270.79,0.8488,-1,-1,-1
788,303,0.51,167.84,36.36,107.86,0.4604,-1,-1,-1
788,305,469.73,17.71,90.62,431.64,0.3487,-1,-1,-1
789,201,501.46,-0.83,140.55,482.16,0.8182,-1,-1,-1
789,243,249.44,118.68,72.25,244.84,0.8372,-1,-1,-1
789,249,249.44,118.68,72.25,244.84,0.8372,-1,-1,-1
789,297,17.75,97.29,115.66,278.99,0.8860,-1,-1,-1
789,299,324.27,40.02,144.16,438.38,0.6937,-1,-1,-1
789,301,127.73,100.95,95.45,288.86,0.8426,-1,-1,-1
789,303,-3.98,163.58,27.06,116.20,0.1931,-1,-1,-1
789,305,442.42,26.59,102.43,432.10,0.7556,-1,-1,-1
790,201,498.92,-0.75,144.70,455.60,0.7144,-1,-1,-1
790,243,242.11,121.96,78.33,237.78,0.8173,-1,-1,-1
790,249,242.11,121.96,78.33,237.78,0.8173,-1,-1,-1
790,297,-0.11,97.92,117.70,297.47,0.8844,-1,-1,-1
790,299,315.23,45.63,166.20,438.35,0.8287,-1,-1,-1
790,301,116.39,96.56,92.79,306.61,0.8757,-1,-1,-1
790,305,432.21,36.34,106.15,428.68,0.7757,-1,-1,-1
791,201,493.89,-0.86,148.84,473.20,0.8337,-1,-1,-1
791,243,234.79,123.65,82.47,231.57,0.8097,-1,-1,-1
791,249,234.79,123.65,82.47,231.57,0.8097,-1,-1,-1
791,297,-6.48,91.62,116.35,320.43,0.8881,-1,-1,-1
791,299,309.03,52.47,156.51,431.06,0.8423,-1,-1,-1
791,301,103.91,87.70,93.77,321.04,0.8661,-1,-1,-1
791,305,428.22,43.25,105.81,428.21,0.7950,-1,-1,-1
792,201,494.38,1.83,148.42,477.00,0.7421,-1,-1,-1
792,243,228.47,128.79,84.40,238.08,0.7870,-1,-1,-1
792,249,228.47,128.79,84.40,238.08,0.7870,-1,-1,-1
792,297,-8.67,83.40,100.71,340.75,0.8759,-1,-1,-1
792,299,305.43,59.20,155.44,424.43,0.7619,-1,-1,-1
792,301,81.87,81.05,103.86,340.05,0.8885,-1,-1,-1
792,305,418.99,50.18,113.33,425.19,0.8233,-1,-1,-1
792,309,193.00,194.38,29.02,88.98,0.6554,-1,-1,-1
793,201,504.52,-2.03,140.85,483.23,0.8545,-1,-1,-1
793,243,220.37,128.07,89.97,243.14,0.7209,-1,-1,-1
793,249,220.37,128.07,89.97,243.14,0.7209,-1,-1,-1
793,297,-9.54,65.82,84.69,362.21,0.8356,-1,-1,-1
793,299,300.18,57.22,179.22,407.66,0.6981,-1,-1,-1
793,301,33.76,67.91,137.84,371.72,0.8861,-1,-1,-1
793,305,414.78,44.81,120.31,406.70,0.8426,-1,-1,-1
793,309,185.94,192.31,29.58,88.49,0.4388,-1,-1,-1
794,201,516.84,-3.04,126.22,484.18,0.8624,-1,-1,-1
794,243,218.57,122.55,86.01,239.25,0.7994,-1,-1,-1
794,249,218.57,122.55,86.01,239.25,0.7994,-1,-1,-1
794,297,-6.48,62.33,63.73,363.78,0.7249,-1,-1,-1
794,299,295.59,50.23,148.67,395.19,0.6651,-1,-1,-1
794,301,5.60,48.44,150.04,396.64,0.8853,-1,-1,-1
794,305,406.46,33.28,130.24,409.21,0.8679,-1,-1,-1
794,309,180.35,180.32,31.19,91.50,0.5679,-1,-1,-1
794,310,146.22,170.76,29.44,95.87,0.4544,-1,-1,-1
795,201,519.90,2.39,120.88,483.75,0.7903,-1,-1,-1
795,243,217.70,125.79,79.53,222.21,0.7973,-1,-1,-1
795,249,217.70,125.79,79.53,222.21,0.7973,-1,-1,-1
795,299,292.74,57.60,136.00,394.46,0.8345,-1,-1,-1
795,301,-6.28,32.04,134.81,439.76,0.8590,-1,-1,-1
795,305,401.47,34.88,130.52,406.83,0.8396,-1,-1,-1
795,309,171.72,180.80,41.70,94.16,0.6751,-1,-1,-1
795,310,129.74,171.91,32.13,99.26,0.7748,-1,-1,-1
796,201,525.62,4.82,113.43,477.44,0.7078,-1,-1,-1
796,243,218.97,130.21,78.44,218.73,0.8279,-1,-1,-1
796,249,218.97,130.21,78.44,218.73,0.8279,-1,-1,-1
796,299,291.78,67.03,160.55,388.21,0.6589,-1,-1,-1
796,301,-4.99,21.59,118.40,449.54,0.6842,-1,-1,-1
796,305,404.63,41.43,125.38,402.98,0.8704,-1,-1,-1
796,309,172.53,184.49,42.25,95.04,0.3711,-1,-1,-1
796,310,123.65,176.34,37.26,99.32,0.7288,-1,-1,-1
797,201,537.32,1.58,98.90,473.16,0.7933,-1,-1,-1
797,243,224.35,122.04,69.61,220.13,0.8223,-1,-1,-1
797,249,224.35,122.04,69.61,220.13,0.8223,-1,-1,-1
797,299,285.27,64.41,137.46,391.67,0.6521,-1,-1,-1
797,301,-4.08,0.58,92.46,450.43,0.4557,-1,-1,-1
797,305,400.25,37.60,124.51,403.75,0.8409,-1,-1,-1
797,309,169.53,179.93,31.42,96.13,0.6544,-1,-1,-1
797,310,112.86,170.39,43.73,100.25,0.7061,-1,-1,-1
798,201,518.51,5.77,117.26,465.55,0.8714,-1,-1,-1
798,243,229.25,121.89,64.97,221.16,0.8258,-1,-1,-1
798,249,229.25,121.89,64.97,221.16,0.8258,-1,-1,-1
798,299,281.34,67.20,134.21,390.63,0.5834,-1,-1,-1
798,301,-0.13,4.17,65.78,358.06,0.5529,-1,-1,-1
798,305,401.37,39.43,121.21,404.90,0.8138,-1,-1,-1
798,309,167.56,180.51,30.90,96.55,0.5259,-1,-1,-1
798,310,111.52,171.29,45.56,101.73,0.7269,-1,-1,-1
798,311,71.21,160.33,32.64,120.25,0.7028,-1,-1,-1
799,201,489.48,3.00,146.72,464.33,0.8824,-1,-1,-1
799,243,230.00,122.54,63.42,220.78,0.7990,-1,-1,-1
799,249,230.00,122.54,63.42,220.78,0.7990,-1,-1,-1
799,299,279.60,66.38,135.86,390.86,0.5653,-1,-1,-1
799,301,-1.01,30.83,59.97,410.05,0.1740,-1,-1,-1
799,305,384.64,39.58,135.88,375.70,0.7046,-1,-1,-1
799,309,165.31,179.55,35.23,98.58,0.5618,-1,-1,-1
799,310,107.96,170.39,48.08,104.52,0.7088,-1,-1,-1
799,311,69.21,159.49,34.56,122.26,0.7396,-1,-1,-1
799,296,31.03,153.13,44.70,137.43,0.4339,-1,-1,-1
800,201,462.16,0.36,173.31,463.95,0.8551,-1,-1,-1
800,243,227.32,121.87,61.52,217.37,0.8194,-1,-1,-1
800,249,227.32,121.87,61.52,217.37,0.8194,-1,-1,-1
800,299,273.04,58.50,166.94,367.34,0.8002,-1,-1,-1
800,305,391.30,32.81,121.48,376.05,0.8385,-1,-1,-1
800,309,159.09,174.00,41.35,101.20,0.7338,-1,-1,-1
800,310,99.81,164.42,49.63,107.34,0.7176,-1,-1,-1
800,311,63.27,155.22,36.05,123.32,0.7689,-1,-1,-1
800,314,207.85,181.56,25.46,80.01,0.6075,-1,-1,-1
800,296,28.18,148.18,44.20,103.41,0.4871,-1,-1,-1
801,201,448.98,2.51,189.86,468.42,0.5281,-1,-1,-1
801,243,227.94,128.84,58.31,220.63,0.8157,-1,-1,-1
801,249,227.94,128.84,58.31,220.63,0.8157,-1,-1,-1
801,299,272.34,58.95,183.75,375.72,0.7666,-1,-1,-1
801,305,395.87,34.08,112.96,394.12,0.7888,-1,-1,-1
801,309,156.51,178.06,40.47,102.55,0.6909,-1,-1,-1
801,310,95.45,167.43,38.58,110.09,0.6878,-1,-1,-1
801,311,59.15,159.36,35.55,124.85,0.7564,-1,-1,-1
801,314,202.92,187.17,29.92,79.20,0.3896,-1,-1,-1
801,296,23.86,150.90,41.30,131.32,0.3703,-1,-1,-1
802,201,450.05,2.65,192.22,468.22,0.6798,-1,-1,-1
802,243,230.35,131.70,57.20,215.32,0.7730,-1,-1,-1
802,249,230.35,131.70,57.20,215.32,0.7730,-1,-1,-1
802,299,273.03,58.35,152.59,374.70,0.6433,-1,-1,-1
802,305,398.31,32.48,109.82,397.92,0.7722,-1,-1,-1
802,309,156.57,177.73,44.77,106.14,0.6891,-1,-1,-1
802,310,90.87,166.01,33.88,114.53,0.6542,-1,-1,-1
802,311,58.10,160.03,35.83,125.81,0.7427,-1,-1,-1
802,314,201.66,187.63,31.50,82.24,0.6408,-1,-1,-1
802,315,22.46,154.55,31.51,92.15,0.5382,-1,-1,-1
803,201,456.68,3.90,185.82,473.77,0.6630,-1,-1,-1
803,243,233.26,132.92,52.30,198.63,0.8261,-1,-1,-1
803,249,233.26,132.92,52.30,198.63,0.8261,-1,-1,-1
803,299,275.41,59.81,132.00,380.33,0.5338,-1,-1,-1
803,305,399.57,34.26,107.71,400.40,0.7495,-1,-1,-1
803,309,157.17,179.37,41.39,108.47,0.6215,-1,-1,-1
803,310,89.18,166.67,30.21,113.41,0.5836,-1,-1,-1
803,311,57.52,160.11,37.47,128.39,0.7008,-1,-1,-1
803,314,200.82,189.44,31.71,83.34,0.7220,-1,-1,-1
803,315,21.10,151.36,40.49,97.44,0.2963,-1,-1,-1
804,201,474.08,3.69,171.96,479.84,0.7691,-1,-1,-1
804,243,236.84,134.41,56.09,201.77,0.7565,-1,-1,-1
804,249,236.84,134.41,56.09,201.77,0.7565,-1,-1,-1
804,299,282.62,62.61,176.13,388.16,0.8300,-1,-1,-1
804,305,411.13,34.11,121.67,410.33,0.7165,-1,-1,-1
804,309,161.44,182.07,37.32,110.82,0.5422,-1,-1,-1
804,310,91.15,167.66,28.80,117.12,0.4926,-1,-1,-1
804,311,60.78,161.57,38.03,130.49,0.7036,-1,-1,-1
804,314,205.22,190.72,29.68,85.45,0.5799,-1,-1,-1
804,315,24.33,149.12,43.04,116.78,0.4968,-1,-1,-1
805,201,492.02,0.43,155.14,455.30,0.6383,-1,-1,-1
805,243,240.79,130.16,60.14,205.10,0.7941,-1,-1,-1
805,249,240.79,130.16,60.14,205.10,0.7941,-1,-1,-1
805,299,290.82,58.67,194.75,402.36,0.7458,-1,-1,-1
805,305,421.77,31.56,116.43,423.45,0.8363,-1,-1,-1
805,309,163.93,177.60,35.04,113.70,0.5983,-1,-1,-1
805,310,73.51,160.57,47.09,126.29,0.4996,-1,-1,-1
805,311,64.77,157.01,35.32,131.90,0.3875,-1,-1,-1
805,314,208.53,185.84,30.78,87.75,0.7204,-1,-1,-1
805,315,27.31,142.59,41.69,132.49,0.4513,-1,-1,-1
806,201,512.75,0.75,135.25,332.57,0.5465,-1,-1,-1
806,243,243.56,130.87,68.10,206.90,0.8300,-1,-1,-1
806,249,243.56,130.87,68.10,206.90,0.8300,-1,-1,-1
806,299,298.33,61.27,211.30,410.42,0.7816,-1,-1,-1
806,305,430.25,34.27,122.62,431.02,0.8649,-1,-1,-1
806,309,167.85,177.32,37.18,116.16,0.4664,-1,-1,-1
806,310,69.92,159.93,53.10,131.22,0.7621,-1,-1,-1
806,311,68.99,158.53,48.74,132.31,0.7621,-1,-1,-1
806,314,213.96,186.30,29.96,89.63,0.7030,-1,-1,-1
806,315,27.61,144.23,49.36,150.03,0.6764,-1,-1,-1
807,201,536.58,22.46,112.20,279.61,0.5792,-1,-1,-1
807,243,246.42,131.43,75.68,203.58,0.8392,-1,-1,-1
807,249,246.42,131.43,75.68,203.58,0.8392,-1,-1,-1
807,299,307.81,58.74,220.97,414.33,0.6314,-1,-1,-1
807,305,440.86,36.01,128.33,431.53,0.7887,-1,-1,-1
807,309,171.91,175.94,42.63,119.47,0.7469,-1,-1,-1
807,310,70.49,158.04,55.11,134.16,0.7757,-1,-1,-1
807,311,72.40,157.55,52.47,133.75,0.7757,-1,-1,-1
807,314,217.96,186.92,29.98,90.16,0.6867,-1,-1,-1
807,315,29.97,143.70,51.37,156.58,0.6950,-1,-1,-1
808,201,562.84,73.67,82.88,210.79,0.8135,-1,-1,-1
808,243,253.12,130.98,76.54,196.46,0.8165,-1,-1,-1
808,249,253.12,130.98,76.54,196.46,0.8165,-1,-1,-1
808,299,319.63,53.75,220.79,413.11,0.8345,-1,-1,-1
808,305,450.35,33.92,131.94,428.12,0.8551,-1,-1,-1
808,309,176.50,172.06,47.04,121.25,0.7062,-1,-1,-1
808,310,73.92,154.82,53.25,134.72,0.7695,-1,-1,-1
808,311,76.86,154.70,51.54,133.76,0.7695,-1,-1,-1
808,314,222.01,184.22,28.69,91.53,0.7183,-1,-1,-1
808,315,38.50,140.54,46.37,159.90,0.6280,-1,-1,-1
809,243,264.18,135.93,78.10,196.88,0.8218,-1,-1,-1
809,249,264.18,135.93,78.10,196.88,0.8218,-1,-1,-1
809,299,333.95,51.57,227.32,400.56,0.5774,-1,-1,-1
809,305,466.22,32.22,142.66,423.35,0.8561,-1,-1,-1
809,309,185.78,173.56,50.48,123.95,0.8301,-1,-1,-1
809,310,85.56,158.41,45.75,133.39,0.7443,-1,-1,-1
809,311,88.79,158.26,44.37,132.32,0.7443,-1,-1,-1
809,314,232.71,186.59,29.38,91.77,0.7442,-1,-1,-1
809,315,53.53,144.43,41.66,156.72,0.6197,-1,-1,-1
810,243,275.33,138.62,73.82,199.64,0.8347,-1,-1,-1
810,249,275.33,138.62,73.82,199.64,0.8347,-1,-1,-1
810,299,341.63,50.59,186.58,396.23,0.6038,-1,-1,-1
810,305,472.34,31.18,150.14,415.85,0.8274,-1,-1,-1
810,309,190.97,174.68,52.24,126.31,0.7030,-1,-1,-1
810,310,93.90,158.93,40.51,136.09,0.7163,-1,-1,-1
810,311,96.62,158.80,39.46,135.14,0.7163,-1,-1,-1
810,314,238.57,188.25,29.13,92.00,0.7074,-1,-1,-1
810,315,63.52,145.89,40.30,159.19,0.7106,-1,-1,-1
811,243,284.51,133.46,69.58,209.77,0.8327,-1,-1,-1
811,249,284.51,133.46,69.58,209.77,0.8327,-1,-1,-1
811,299,354.89,43.67,180.77,403.74,0.3739,-1,-1,-1
811,305,484.60,23.73,149.31,424.34,0.8636,-1,-1,-1
811,309,190.81,170.86,53.81,129.53,0.7867,-1,-1,-1
811,310,74.50,152.13,59.35,147.57,0.3446,-1,-1,-1
811,311,99.36,153.16,38.92,138.72,0.5747,-1,-1,-1
811,314,241.78,183.86,30.04,93.54,0.7311,-1,-1,-1
811,315,66.43,145.05,42.12,156.70,0.4997,-1,-1,-1
811,318,268.96,192.11,20.90,84.64,0.7298,-1,-1,-1
812,243,292.44,131.69,65.75,209.43,0.8550,-1,-1,-1
812,249,292.44,131.69,65.75,209.43,0.8550,-1,-1,-1
812,299,368.15,43.09,151.02,414.72,0.5674,-1,-1,-1
812,305,491.13,24.96,148.62,431.70,0.8059,-1,-1,-1
812,309,191.40,171.10,54.86,132.83,0.8084,-1,-1,-1
812,310,68.67,147.47,49.72,155.42,0.6795,-1,-1,-1
812,311,101.60,150.82,39.14,142.53,0.7204,-1,-1,-1
812,314,243.16,181.93,31.79,96.89,0.6973,-1,-1,-1
812,315,68.93,145.13,41.10,159.34,0.6795,-1,-1,-1
812,318,270.94,192.22,23.48,86.61,0.6399,-1,-1,-1
813,243,297.82,131.60,62.04,210.25,0.8461,-1,-1,-1
813,249,297.82,131.60,62.04,210.25,0.8461,-1,-1,-1
813,299,375.58,41.40,140.87,426.43,0.8385,-1,-1,-1
813,305,502.23,28.73,139.87,438.84,0.8331,-1,-1,-1
813,309,188.77,169.68,57.48,136.55,0.8112,-1,-1,-1
813,310,55.00,145.68,53.51,156.39,0.6669,-1,-1,-1
813,311,101.65,151.92,41.05,143.66,0.6552,-1,-1,-1
813,314,241.76,180.75,34.49,100.72,0.6363,-1,-1,-1
813,315,57.98,145.28,50.10,158.14,0.6669,-1,-1,-1
813,318,266.71,195.08,28.75,86.56,0.6112,-1,-1,-1
814,243,301.93,130.12,62.72,210.24,0.8486,-1,-1,-1
814,249,301.93,130.12,62.72,210.24,0.8486,-1,-1,-1
814,299,369.78,35.87,152.00,439.52,0.5977,-1,-1,-1
814,305,509.32,29.21,133.85,441.57,0.8383,-1,-1,-1
814,309,186.96,164.19,59.84,141.42,0.8208,-1,-1,-1
814,310,47.81,140.30,57.89,160.65,0.7062,-1,-1,-1
814,311,102.90,149.35,39.52,145.37,0.7003,-1,-1,-1
814,314,239.16,177.40,38.07,103.79,0.7299,-1,-1,-1
814,315,52.12,140.34,56.15,161.70,0.7062,-1,-1,-1
814,318,268.18,194.70,28.63,86.08,0.6238,-1,-1,-1
815,243,305.94,133.96,62.55,210.68,0.8165,-1,-1,-1
815,249,305.94,133.96,62.55,210.68,0.8165,-1,-1,-1
815,299,373.74,32.00,157.71,446.57,0.4856,-1,-1,-1
815,305,515.47,31.18,127.27,442.04,0.8574,-1,-1,-1
815,309,184.64,163.35,61.91,145.37,0.7415,-1,-1,-1
815,310,45.83,142.27,57.90,162.33,0.6794,-1,-1,-1
815,311,101.80,149.37,41.16,148.75,0.6529,-1,-1,-1
815,314,239.82,179.12,37.00,105.34,0.6979,-1,-1,-1
815,315,50.30,142.48,57.00,163.03,0.6794,-1,-1,-1
815,318,269.57,195.33,27.91,88.26,0.6751,-1,-1,-1
816,243,310.54,134.98,58.85,210.19,0.7723,-1,-1,-1
816,249,310.54,134.98,58.85,210.19,0.7723,-1,-1,-1
816,299,380.56,26.03,140.29,452.38,0.6105,-1,-1,-1
816,305,519.31,27.33,123.19,431.35,0.8741,-1,-1,-1
816,309,178.44,159.59,65.05,149.43,0.7006,-1,-1,-1
816,310,51.75,139.36,51.44,162.06,0.5149,-1,-1,-1
816,311,100.12,148.49,41.73,148.38,0.6948,-1,-1,-1
816,314,237.70,175.46,36.69,108.96,0.7413,-1,-1,-1
816,315,55.82,139.56,50.96,162.54,0.5149,-1,-1,-1
816,318,269.16,192.19,27.02,90.27,0.6536,-1,-1,-1
817,243,312.85,134.30,59.91,210.34,0.8088,-1,-1,-1
817,249,312.85,134.30,59.91,210.34,0.8088,-1,-1,-1
817,299,382.40,10.92,157.86,457.01,0.7703,-1,-1,-1
817,305,522.24,22.79,119.90,432.70,0.8914,-1,-1,-1
817,309,170.69,156.70,68.89,153.93,0.7469,-1,-1,-1
817,310,54.00,136.19,49.01,167.74,0.4928,-1,-1,-1
817,311,97.76,147.11,40.49,148.91,0.7003,-1,-1,-1
817,314,235.49,173.06,36.43,110.40,0.6601,-1,-1,-1
817,315,57.31,136.35,48.74,168.13,0.4928,-1,-1,-1
817,318,268.15,191.49,25.15,88.61,0.6615,-1,-1,-1
817,289,30.09,145.33,37.61,155.09,0.4423,-1,-1,-1
818,243,317.31,132.79,61.23,210.48,0.8177,-1,-1,-1
818,249,317.31,132.79,61.23,210.48,0.8177,-1,-1,-1
818,299,387.06,7.65,152.32,459.46,0.7861,-1,-1,-1
818,305,527.84,14.10,115.15,439.82,0.8185,-1,-1,-1
818,309,170.70,156.46,68.19,160.17,0.7518,-1,-1,-1
818,310,53.37,134.41,49.89,172.35,0.3471,-1,-1,-1
818,311,96.14,146.17,40.07,151.06,0.7058,-1,-1,-1
818,314,232.10,169.81,38.35,114.59,0.7655,-1,-1,-1
818,315,56.29,134.42,49.70,172.70,0.3471,-1,-1,-1
818,318,266.91,188.46,26.74,93.89,0.6999,-1,-1,-1
818,321,288.76,178.17,28.86,91.66,0.7278,-1,-1,-1
818,289,18.60,138.29,49.59,165.70,0.6359,-1,-1,-1
819,243,319.02,131.36,61.56,207.13,0.8327,-1,-1,-1
819,249,319.02,131.36,61.56,207.13,0.8327,-1,-1,-1
819,299,401.58,6.95,142.03,461.57,0.8688,-1,-1,-1
819,305,536.01,10.80,105.58,448.53,0.8776,-1,-1,-1
819,309,167.36,157.43,69.85,164.23,0.7696,-1,-1,-1
819,310,51.58,133.72,48.47,176.45,0.2663,-1,-1,-1
819,311,93.71,146.24,40.23,153.42,0.7341,-1,-1,-1
819,314,228.59,168.51,39.66,118.13,0.7896,-1,-1,-1
819,315,54.37,133.66,46.93,136.03,0.3453,-1,-1,-1
819,318,265.32,188.76,27.98,97.12,0.6747,-1,-1,-1
819,321,288.97,179.08,29.24,92.37,0.6379,-1,-1,-1
819,289,6.72,138.65,56.96,168.33,0.7192,-1,-1,-1
820,243,314.40,132.09,65.21,208.10,0.8128,-1,-1,-1
820,249,314.40,132.09,65.21,208.10,0.8128,-1,-1,-1
820,299,409.05,7.59,155.17,471.13,0.8326,-1,-1,-1
820,305,546.01,11.07,94.78,464.32,0.8741,-1,-1,-1
820,309,152.91,156.18,76.91,173.10,0.7142,-1,-1,-1
820,310,41.33,133.95,49.13,182.82,0.2016,-1,-1,-1
820,311,83.28,147.16,42.68,158.72,0.7490,-1,-1,-1
820,314,220.97,170.63,41.66,122.87,0.7659,-1,-1,-1
820,315,44.36,134.62,44.00,123.53,0.4475,-1,-1,-1
820,318,259.70,190.76,28.91,101.10,0.7275,-1,-1,-1
820,321,283.25,182.70,30.19,92.58,0.6394,-1,-1,-1
820,289,-1.95,143.10,53.41,168.47,0.7159,-1,-1,-1
821,243,310.06,129.07,66.75,205.85,0.8151,-1,-1,-1
821,249,310.06,129.07,66.75,205.85,0.8151,-1,-1,-1
821,299,410.56,4.19,151.32,475.69,0.8161,-1,-1,-1
821,305,552.65,10.40,85.77,468.47,0.8854,-1,-1,-1
821,309,145.33,148.47,75.84,179.32,0.7663,-1,-1,-1
821,310,34.04,127.71,49.39,186.83,0.7396,-1,-1,-1
821,311,76.35,142.12,44.20,158.93,0.7889,-1,-1,-1
821,314,214.70,165.88,41.70,125.88,0.7414,-1,-1,-1
821,315,36.03,128.27,47.83,168.26,0.7396,-1,-1,-1
821,318,253.76,187.03,28.43,103.43,0.6725,-1,-1,-1
821,321,278.29,177.80,30.63,95.21,0.6405,-1,-1,-1
821,289,-2.42,136.56,42.58,171.53,0.7424,-1,-1,-1
822,243,306.27,130.10,75.66,207.14,0.8356,-1,-1,-1
822,249,306.27,130.10,75.66,207.14,0.8356,-1,-1,-1
822,299,416.33,3.46,152.74,479.63,0.8657,-1,-1,-1
822,305,564.11,11.06,75.42,472.05,0.8535,-1,-1,-1
822,309,133.96,144.30,77.77,187.97,0.8066,-1,-1,-1
822,310,21.90,122.39,46.48,145.53,0.4546,-1,-1,-1
822,311,65.33,140.47,45.79,163.07,0.7520,-1,-1,-1
822,314,206.70,165.64,42.84,129.49,0.7998,-1,-1,-1
822,315,23.64,122.72,48.84,186.15,0.3688,-1,-1,-1
822,318,247.08,188.25,29.12,105.75,0.7227,-1,-1,-1
822,321,271.06,177.35,32.81,97.40,0.6780,-1,-1,-1
823,243,306.90,136.94,80.90,207.52,0.8052,-1,-1,-1
823,249,306.90,136.94,80.90,207.52,0.8052,-1,-1,-1
823,299,429.78,3.29,151.30,477.50,0.8634,-1,-1,-1
823,305,575.29,14.09,66.36,470.78,0.7656,-1,-1,-1
823,309,127.65,145.20,81.35,194.13,0.8536,-1,-1,-1
823,310,17.62,127.44,48.08,128.69,0.4765,-1,-1,-1
823,311,62.72,142.97,46.60,166.97,0.8119,-1,-1,-1
823,314,204.63,168.57,44.99,134.04,0.7768,-1,-1,-1
823,315,19.01,127.18,49.01,149.57,0.4765,-1,-1,-1
823,318,247.26,187.20,30.98,113.44,0.7212,-1,-1,-1
823,321,271.64,177.17,34.17,103.58,0.6376,-1,-1,-1
823,322,378.78,118.72,69.61,168.46,0.4696,-1,-1,-1
824,243,307.59,136.47,79.05,207.46,0.7841,-1,-1,-1
824,249,307.59,136.47,79.05,207.46,0.7841,-1,-1,-1
824,299,441.52,-0.49,159.92,480.80,0.8450,-1,-1,-1
824,305,573.50,7.44,67.18,463.66,0.7304,-1,-1,-1
824,309,116.04,139.26,84.82,202.87,0.8518,-1,-1,-1
824,310,8.70,125.15,49.32,130.44,0.1093,-1,-1,-1
824,311,56.09,141.25,46.81,168.54,0.7654,-1,-1,-1
824,314,197.18,164.23,45.62,138.94,0.7686,-1,-1,-1
824,315,9.75,125.13,53.37,183.30,0.5985,-1,-1,-1
824,318,242.08,180.90,33.00,117.50,0.7711,-1,-1,-1
824,321,265.54,174.37,35.31,103.88,0.7262,-1,-1,-1
824,322,379.20,114.39,79.89,264.24,0.6829,-1,-1,-1
825,243,309.63,136.17,78.17,207.18,0.7868,-1,-1,-1
825,249,309.63,136.17,78.17,207.18,0.7868,-1,-1,-1
825,299,452.99,-1.95,176.39,483.08,0.8730,-1,-1,-1
825,305,584.04,3.39,57.02,452.53,0.3482,-1,-1,-1
825,309,97.62,136.06,97.85,213.96,0.8595,-1,-1,-1
825,310,-0.02,121.00,48.09,126.26,0.3731,-1,-1,-1
825,311,48.90,138.39,48.32,172.65,0.7612,-1,-1,-1
825,314,189.22,159.77,47.95,144.27,0.7697,-1,-1,-1
825,315,1.01,121.11,49.83,150.16,0.3731,-1,-1,-1
825,318,237.00,180.34,36.94,120.99,0.7782,-1,-1,-1
825,321,262.29,173.20,35.42,106.02,0.6912,-1,-1,-1
825,322,380.09,112.36,87.13,263.60,0.6582,-1,-1,-1
826,243,310.84,130.89,75.73,205.73,0.8166,-1,-1,-1
826,249,310.84,130.89,75.73,205.73,0.8166,-1,-1,-1
826,299,463.75,-3.14,177.57,482.16,0.9123,-1,-1,-1
826,309,84.64,129.87,107.49,225.31,0.8859,-1,-1,-1
826,310,-3.51,113.77,47.42,128.19,0.3706,-1,-1,-1
826,311,42.15,132.17,50.21,177.32,0.7049,-1,-1,-1
826,314,181.09,152.52,50.41,148.72,0.8043,-1,-1,-1
826,315,-2.61,113.25,50.24,191.40,0.4642,-1,-1,-1
826,318,231.64,174.88,38.71,125.97,0.7521,-1,-1,-1
826,321,260.16,170.18,34.31,105.49,0.6679,-1,-1,-1
826,322,380.73,106.49,89.89,273.96,0.5910,-1,-1,-1
826,323,294.92,169.80,25.97,100.65,0.4898,-1,-1,-1
827,243,309.34,132.31,70.60,204.80,0.8229,-1,-1,-1
827,249,309.34,132.31,70.60,204.80,0.8229,-1,-1,-1
827,299,472.45,0.20,169.99,482.94,0.8848,-1,-1,-1
827,309,67.53,125.34,104.52,240.48,0.8609,-1,-1,-1
827,310,-5.22,111.73,33.33,127.64,0.2480,-1,-1,-1
827,311,29.92,130.37,48.29,182.25,0.6745,-1,-1,-1
827,314,161.13,155.08,59.66,154.67,0.8150,-1,-1,-1
827,315,-4.53,111.35,39.57,208.21,0.1893,-1,-1,-1
827,318,219.95,178.77,40.36,131.19,0.7613,-1,-1,-1
827,321,251.70,173.75,34.10,108.33,0.6817,-1,-1,-1
827,322,375.01,111.37,93.10,281.41,0.8236,-1,-1,-1
827,323,287.70,174.85,29.09,100.60,0.5394,-1,-1,-1
828,243,311.57,132.15,67.65,203.84,0.8255,-1,-1,-1
828,249,311.57,132.15,67.65,203.84,0.8255,-1,-1,-1
828,299,485.47,1.26,157.52,479.48,0.9011,-1,-1,-1
828,309,60.96,118.09,101.83,250.63,0.8611,-1,-1,-1
828,310,-1.51,109.10,29.41,129.96,0.1774,-1,-1,-1
828,311,25.77,129.61,55.70,184.25,0.6804,-1,-1,-1
828,314,152.73,153.62,64.84,158.28,0.7980,-1,-1,-1
828,315,-1.47,108.88,33.90,215.57,0.4902,-1,-1,-1
828,318,216.97,177.89,40.06,134.99,0.7917,-1,-1,-1
828,321,248.92,173.27,35.57,109.94,0.7179,-1,-1,-1
828,322,373.47,113.31,96.18,282.87,0.7755,-1,-1,-1
828,323,286.82,176.01,29.55,100.19,0.6317,-1,-1,-1
829,243,316.46,130.66,65.10,205.68,0.8097,-1,-1,-1
829,249,316.46,130.66,65.10,205.68,0.8097,-1,-1,-1
829,299,504.84,-0.65,141.37,480.61,0.8759,-1,-1,-1
829,309,54.22,111.12,101.81,263.25,0.8514,-1,-1,-1
829,311,21.01,127.37,54.82,187.75,0.7467,-1,-1,-1
829,314,149.59,149.73,63.46,167.33,0.8736,-1,-1,-1
829,315,-1.73,109.52,34.47,216.34,0.2234,-1,-1,-1
829,318,213.04,175.39,43.16,139.51,0.7384,-1,-1,-1
829,321,245.79,169.23,39.76,115.01,0.6903,-1,-1,-1
829,322,376.39,112.49,103.98,286.12,0.7912,-1,-1,-1
829,323,287.79,172.95,33.16,101.59,0.6963,-1,-1,-1
830,243,320.33,138.19,63.06,203.40,0.8561,-1,-1,-1
830,249,320.33,138.19,63.06,203.40,0.8561,-1,-1,-1
830,299,520.35,1.37,123.63,480.01,0.8586,-1,-1,-1
830,309,29.67,109.63,117.60,276.69,0.8581,-1,-1,-1
830,311,19.13,130.50,46.43,191.18,0.2871,-1,-1,-1
830,314,147.91,151.88,61.79,173.51,0.8621,-1,-1,-1
830,315,-0.36,115.58,27.27,220.31,0.1410,-1,-1,-1
830,318,209.82,177.14,44.54,145.11,0.7117,-1,-1,-1
830,321,245.94,175.11,39.14,114.10,0.6785,-1,-1,-1
830,322,379.52,118.67,104.42,282.95,0.8317,-1,-1,-1
830,323,290.72,176.15,33.70,102.15,0.7839,-1,-1,-1
831,243,320.31,138.68,59.93,204.67,0.8277,-1,-1,-1
831,249,320.31,138.68,59.93,204.67,0.8277,-1,-1,-1
831,299,530.96,0.15,110.16,478.35,0.8642,-1,-1,-1
831,309,11.14,103.77,123.82,290.77,0.8527,-1,-1,-1
831,311,9.77,140.23,40.37,182.12,0.2904,-1,-1,-1
831,314,139.57,145.45,62.23,181.52,0.8517,-1,-1,-1
831,318,203.82,171.53,45.05,152.01,0.7437,-1,-1,-1
831,321,241.83,171.11,36.97,118.13,0.7144,-1,-1,-1
831,322,377.41,116.34,104.41,284.25,0.8370,-1,-1,-1
831,323,286.73,174.16,35.89,102.01,0.7749,-1,-1,-1
832,243,313.26,133.31,61.81,205.02,0.8395,-1,-1,-1
832,249,313.26,133.31,61.81,205.02,0.8395,-1,-1,-1
832,299,549.39,-2.23,90.29,478.64,0.8524,-1,-1,-1
832,309,-3.94,87.44,118.48,319.31,0.8791,-1,-1,-1
832,314,121.57,132.94,67.46,191.00,0.8307,-1,-1,-1
832,318,189.44,161.52,46.35,162.35,0.7894,-1,-1,-1
832,321,229.95,162.18,41.97,123.65,0.7619,-1,-1,-1
832,322,371.67,108.36,99.61,282.79,0.8540,-1,-1,-1
832,323,278.87,166.21,37.80,103.81,0.7869,-1,-1,-1
833,243,312.74,133.31,62.28,204.91,0.8310,-1,-1,-1
833,249,312.74,133.31,62.28,204.91,0.8310,-1,-1,-1
833,299,561.52,0.14,78.71,476.57,0.8372,-1,-1,-1
833,309,-5.28,81.35,108.56,325.93,0.8577,-1,-1,-1
833,314,111.05,129.44,71.68,200.91,0.8619,-1,-1,-1
833,318,180.80,160.73,50.46,166.77,0.8043,-1,-1,-1
833,321,226.43,161.40,41.75,126.86,0.8047,-1,-1,-1
833,322,369.68,107.10,96.78,277.82,0.8535,-1,-1,-1
833,323,274.75,165.83,39.34,104.50,0.7796,-1,-1,-1
834,243,313.38,130.02,65.28,201.71,0.8309,-1,-1,-1
834,249,313.38,130.02,65.28,201.71,0.8309,-1,-1,-1
834,299,578.21,12.04,63.15,466.31,0.4659,-1,-1,-1
834,309,-5.92,76.65,93.41,327.93,0.8878,-1,-1,-1
834,314,100.26,125.80,77.44,208.81,0.8691,-1,-1,-1
834,318,173.74,158.98,53.20,175.32,0.8355,-1,-1,-1
834,321,223.70,158.16,43.49,132.41,0.7557,-1,-1,-1
834,322,371.61,104.27,93.98,277.06,0.8748,-1,-1,-1
834,323,272.34,166.27,39.67,104.27,0.8086,-1,-1,-1
835,243,313.60,127.30,67.04,200.80,0.7938,-1,-1,-1
835,249,313.60,127.30,67.04,200.80,0.7938,-1,-1,-1
835,299,595.07,33.11,45.56,443.94,0.3293,-1,-1,-1
835,309,-4.27,96.41,73.18,256.13,0.4445,-1,-1,-1
835,314,89.64,121.50,81.87,225.04,0.8828,-1,-1,-1
835,318,165.61,155.98,59.47,185.32,0.8136,-1,-1,-1
835,321,220.57,157.39,46.37,136.32,0.7634,-1,-1,-1
835,322,372.49,103.97,93.28,278.95,0.8716,-1,-1,-1
835,323,272.87,166.89,39.82,102.26,0.7934,-1,-1,-1
836,243,318.76,125.42,68.43,196.77,0.8521,-1,-1,-1
836,249,318.76,125.42,68.43,196.77,0.8521,-1,-1,-1
836,309,-1.85,103.05,56.21,228.25,0.7720,-1,-1,-1
836,314,80.88,116.03,87.99,239.22,0.8688,-1,-1,-1
836,318,164.55,151.35,58.85,194.97,0.8416,-1,-1,-1
836,321,221.28,154.40,49.91,140.37,0.8356,-1,-1,-1
836,322,375.65,104.80,93.91,280.69,0.8711,-1,-1,-1
836,323,273.29,167.28,41.32,100.13,0.7786,-1,-1,-1
837,243,326.34,127.92,69.30,190.31,0.8317,-1,-1,-1
837,249,326.34,127.92,69.30,190.31,0.8317,-1,-1,-1
837,309,-0.87,107.76,40.24,220.77,0.6788,-1,-1,-1
837,314,73.42,111.96,92.77,252.36,0.8547,-1,-1,-1
837,318,162.22,146.66,58.81,206.81,0.8648,-1,-1,-1
837,321,223.36,152.00,51.93,147.11,0.8130,-1,-1,-1
837,322,380.76,108.86,94.70,281.82,0.8626,-1,-1,-1
837,323,274.93,168.38,43.55,100.86,0.8119,-1,-1,-1
