1,1,371.74,408.30,79.69,239.71,0.7909,-1,-1,-1
1,2,104.37,546.39,73.25,245.35,0.7260,-1,-1,-1
1,3,1095.29,980.85,73.73,99.15,0.6920,-1,-1,-1
1,4,1732.44,452.89,73.78,221.06,0.6220,-1,-1,-1
1,5,1355.87,569.75,82.08,221.03,0.5500,-1,-1,-1
1,6,0.22,880.53,41.50,199.47,0.5315,-1,-1,-1
1,7,1103.64,210.05,56.21,179.71,0.5269,-1,-1,-1
1,8,546.15,146.37,57.89,183.43,0.5198,-1,-1,-1
1,9,225.79,399.57,64.29,198.91,0.5118,-1,-1,-1
1,10,789.24,145.32,64.25,178.73,0.4614,-1,-1,-1
1,11,1047.12,133.11,62.93,182.85,0.4447,-1,-1,-1
1,12,273.15,379.05,52.48,212.40,0.3728,-1,-1,-1
1,13,504.23,134.74,51.32,176.84,0.3702,-1,-1,-1
2,1,372.18,408.13,80.16,239.81,0.7973,-1,-1,-1
2,2,104.30,546.51,72.99,245.60,0.7255,-1,-1,-1
2,3,1100.27,981.14,71.70,98.84,0.6895,-1,-1,-1
2,4,1730.74,454.78,75.06,216.11,0.6073,-1,-1,-1
2,5,1355.90,570.07,81.74,217.82,0.5680,-1,-1,-1
2,6,0.21,878.28,40.06,201.22,0.3839,-1,-1,-1
2,7,1098.84,211.59,58.05,178.49,0.4729,-1,-1,-1
2,8,545.67,146.77,57.58,183.99,0.5070,-1,-1,-1
2,9,225.23,398.29,65.14,199.29,0.4910,-1,-1,-1
2,10,789.59,145.30,64.41,178.88,0.4606,-1,-1,-1
2,11,1046.23,132.97,63.83,182.09,0.4650,-1,-1,-1
2,12,268.50,379.24,54.77,210.70,0.4318,-1,-1,-1
2,13,503.59,134.37,51.11,176.80,0.3706,-1,-1,-1
3,1,373.24,407.86,79.10,241.07,0.7819,-1,-1,-1
3,2,104.56,546.18,73.34,246.61,0.7315,-1,-1,-1
3,3,1104.59,980.94,71.74,99.06,0.6963,-1,-1,-1
3,4,1730.90,453.32,74.19,219.11,0.6000,-1,-1,-1
3,5,1356.34,570.04,81.26,216.83,0.5666,-1,-1,-1
3,6,0.22,877.57,39.70,201.54,0.3544,-1,-1,-1
3,7,1093.40,213.37,61.17,177.42,0.5645,-1,-1,-1
3,8,544.99,147.39,58.10,183.68,0.4875,-1,-1,-1
3,9,223.48,396.91,67.24,201.66,0.4723,-1,-1,-1
3,10,788.96,145.19,64.86,178.63,0.4541,-1,-1,-1
3,11,1045.48,132.81,64.38,179.92,0.4988,-1,-1,-1
3,12,261.46,368.54,63.58,223.68,0.3911,-1,-1,-1
3,13,503.93,133.86,50.01,170.56,0.3938,-1,-1,-1
4,1,372.85,407.38,79.78,241.15,0.7959,-1,-1,-1
4,2,104.25,545.84,73.24,247.16,0.7230,-1,-1,-1
4,3,1108.05,979.25,72.11,100.75,0.6950,-1,-1,-1
4,4,1729.71,452.69,74.00,217.33,0.6199,-1,-1,-1
4,5,1356.22,570.19,82.46,217.03,0.5754,-1,-1,-1
4,6,0.29,876.36,42.70,203.02,0.5373,-1,-1,-1
4,7,1087.97,211.66,63.68,179.61,0.5528,-1,-1,-1
4,8,546.02,145.76,56.44,183.72,0.4674,-1,-1,-1
4,9,221.81,396.73,69.41,202.41,0.4799,-1,-1,-1
4,10,789.36,144.76,64.27,178.23,0.4697,-1,-1,-1
4,11,1045.31,133.46,63.44,179.54,0.4595,-1,-1,-1
4,12,263.25,379.34,59.94,214.38,0.4012,-1,-1,-1
4,13,501.20,135.19,52.52,172.87,0.4398,-1,-1,-1
5,1,374.28,406.87,79.04,241.28,0.7978,-1,-1,-1
5,2,104.14,545.85,72.66,247.13,0.7243,-1,-1,-1
5,3,1112.22,976.62,72.21,103.39,0.6964,-1,-1,-1
5,4,1728.74,452.23,74.07,218.24,0.6542,-1,-1,-1
5,5,1355.91,570.14,82.43,214.46,0.6076,-1,-1,-1
5,6,0.29,874.51,44.78,204.62,0.5592,-1,-1,-1
5,7,1075.69,210.76,75.19,178.90,0.5394,-1,-1,-1
5,8,545.89,145.15,56.28,185.98,0.5050,-1,-1,-1
5,9,220.88,396.76,71.72,200.97,0.3747,-1,-1,-1
5,10,789.10,145.58,64.86,176.97,0.4967,-1,-1,-1
5,11,1044.27,134.04,64.89,165.63,0.3774,-1,-1,-1
5,12,266.11,380.33,53.73,210.14,0.3873,-1,-1,-1
5,13,501.16,135.46,51.41,168.88,0.4855,-1,-1,-1
6,1,374.95,406.09,79.21,240.36,0.7852,-1,-1,-1
6,2,104.31,545.99,72.60,246.86,0.7309,-1,-1,-1
6,3,1114.66,975.71,72.71,104.28,0.6912,-1,-1,-1
6,4,1727.15,454.14,74.80,216.39,0.6514,-1,-1,-1
6,5,1356.62,570.14,81.68,213.41,0.6186,-1,-1,-1
6,6,0.36,872.25,46.05,207.03,0.6048,-1,-1,-1
6,7,1065.29,209.43,85.64,179.52,0.5797,-1,-1,-1
6,8,545.43,147.13,55.55,186.27,0.5159,-1,-1,-1
6,9,219.24,393.52,74.72,203.28,0.3017,-1,-1,-1
6,10,788.15,145.36,65.08,177.73,0.5056,-1,-1,-1
6,11,1043.67,134.98,64.63,155.93,0.3077,-1,-1,-1
6,12,267.29,380.07,49.54,208.74,0.3933,-1,-1,-1
6,13,501.89,136.60,49.86,167.22,0.5138,-1,-1,-1
7,1,375.71,404.93,80.09,240.10,0.7800,-1,-1,-1
7,2,104.22,545.93,72.60,246.19,0.7311,-1,-1,-1
7,3,1116.90,974.10,71.48,105.85,0.7056,-1,-1,-1
7,4,1726.42,454.31,74.65,213.41,0.6315,-1,-1,-1
7,5,1356.44,570.27,82.02,212.73,0.6334,-1,-1,-1
7,6,0.40,870.89,47.11,208.44,0.5963,-1,-1,-1
7,7,1055.91,208.29,95.97,180.83,0.5515,-1,-1,-1
7,8,544.58,148.26,54.43,186.92,0.5409,-1,-1,-1
7,9,217.91,395.86,68.80,200.40,0.2902,-1,-1,-1
7,10,788.30,145.40,65.48,177.80,0.5154,-1,-1,-1
7,11,1042.90,136.45,64.25,154.85,0.2917,-1,-1,-1
7,12,266.50,380.43,48.70,200.42,0.3576,-1,-1,-1
7,13,501.79,138.65,49.05,165.57,0.4799,-1,-1,-1
8,1,376.58,402.88,80.08,239.20,0.7696,-1,-1,-1
8,2,104.66,546.21,72.82,246.53,0.7358,-1,-1,-1
8,3,1119.30,973.31,70.58,106.71,0.7071,-1,-1,-1
8,4,1724.51,454.68,75.51,209.75,0.6454,-1,-1,-1
8,5,1356.54,570.06,81.67,213.91,0.6125,-1,-1,-1
8,6,0.33,871.19,47.03,207.74,0.5826,-1,-1,-1
8,7,1051.59,210.61,101.19,178.35,0.5409,-1,-1,-1
8,8,544.54,147.32,53.26,188.46,0.5501,-1,-1,-1
8,9,215.30,389.44,66.42,204.29,0.1965,-1,-1,-1
8,10,787.98,145.93,65.63,177.00,0.5034,-1,-1,-1
8,11,1040.68,137.20,65.09,159.83,0.1705,-1,-1,-1
8,12,264.95,381.29,48.94,191.01,0.3175,-1,-1,-1
8,13,499.94,141.03,51.63,171.50,0.4575,-1,-1,-1
9,1,377.00,401.82,81.02,237.70,0.7678,-1,-1,-1
9,2,104.69,546.08,73.41,246.78,0.7443,-1,-1,-1
9,3,1123.82,973.26,68.38,106.76,0.6692,-1,-1,-1
9,4,1723.67,454.52,75.47,209.86,0.6349,-1,-1,-1
9,5,1356.69,570.37,81.31,213.96,0.6143,-1,-1,-1
9,6,0.30,869.75,46.98,209.24,0.5596,-1,-1,-1
9,7,1047.81,210.67,106.03,176.10,0.5086,-1,-1,-1
9,8,544.68,147.71,52.01,189.48,0.4971,-1,-1,-1
9,9,225.74,368.90,67.45,223.16,0.1007,-1,-1,-1
9,10,787.92,145.82,65.51,175.97,0.4782,-1,-1,-1
9,11,1038.94,137.19,70.57,163.86,0.2150,-1,-1,-1
9,12,265.05,380.87,46.99,181.79,0.2723,-1,-1,-1
9,13,500.31,141.90,50.32,173.11,0.4449,-1,-1,-1
10,1,377.44,400.48,81.28,236.45,0.7579,-1,-1,-1
10,2,104.81,545.90,73.82,246.72,0.7400,-1,-1,-1
10,3,1127.58,973.03,67.28,107.00,0.6880,-1,-1,-1
10,4,1723.80,454.73,74.75,209.63,0.6104,-1,-1,-1
10,5,1356.36,569.73,82.05,215.44,0.6147,-1,-1,-1
10,6,0.27,865.73,47.23,212.90,0.5661,-1,-1,-1
10,7,1044.46,211.37,109.14,173.64,0.4661,-1,-1,-1
10,8,543.80,148.50,51.80,191.47,0.4782,-1,-1,-1
10,9,217.65,359.18,71.41,229.00,0.1076,-1,-1,-1
10,10,788.03,145.84,65.28,176.77,0.4860,-1,-1,-1
10,11,1039.60,138.04,68.95,162.30,0.2764,-1,-1,-1
10,12,265.00,383.49,45.80,173.35,0.3154,-1,-1,-1
10,13,498.85,142.41,51.53,174.36,0.4337,-1,-1,-1
11,1,378.43,398.37,80.94,234.49,0.7550,-1,-1,-1
11,2,104.61,546.00,74.01,246.78,0.7417,-1,-1,-1
11,3,1130.42,973.39,67.39,106.61,0.6688,-1,-1,-1
11,4,1723.52,458.13,74.92,206.49,0.6067,-1,-1,-1
11,5,1356.32,569.72,82.27,215.76,0.6406,-1,-1,-1
11,6,0.21,862.64,46.70,215.69,0.5584,-1,-1,-1
11,7,1042.46,210.18,106.94,174.04,0.4522,-1,-1,-1
11,8,542.55,148.65,52.08,192.78,0.4813,-1,-1,-1
11,9,213.77,378.96,69.09,202.56,0.1385,-1,-1,-1
11,10,787.99,145.71,65.45,177.11,0.4864,-1,-1,-1
11,11,1037.31,138.51,72.55,168.23,0.2852,-1,-1,-1
11,12,262.19,384.76,47.99,186.57,0.3796,-1,-1,-1
11,13,498.47,142.84,51.26,175.42,0.4252,-1,-1,-1
11,14,1801.91,217.11,62.91,179.35,0.3489,-1,-1,-1
12,1,378.44,396.72,81.46,233.89,0.7530,-1,-1,-1
12,2,104.35,545.92,74.76,247.05,0.7371,-1,-1,-1
12,3,1133.72,973.18,67.15,106.80,0.6720,-1,-1,-1
12,4,1723.34,459.39,75.05,205.37,0.6362,-1,-1,-1
12,5,1356.80,569.62,81.00,215.40,0.6329,-1,-1,-1
12,6,0.35,857.00,47.05,220.53,0.5764,-1,-1,-1
12,7,1042.79,208.19,101.10,175.80,0.3598,-1,-1,-1
12,8,541.97,149.06,52.61,192.24,0.5006,-1,-1,-1
12,9,211.75,379.94,69.05,201.37,0.2667,-1,-1,-1
12,10,788.05,145.75,65.34,177.53,0.4828,-1,-1,-1
12,11,1035.76,139.49,70.33,171.85,0.1823,-1,-1,-1
12,12,260.76,386.17,48.28,186.23,0.2878,-1,-1,-1
12,13,497.41,143.92,52.35,174.75,0.4129,-1,-1,-1
12,14,1802.18,219.21,63.92,176.00,0.3371,-1,-1,-1
13,1,378.67,395.34,81.81,232.41,0.7610,-1,-1,-1
13,2,104.37,545.86,75.47,247.65,0.7420,-1,-1,-1
13,3,1136.20,972.79,66.42,107.14,0.6339,-1,-1,-1
13,4,1723.82,458.51,74.19,206.49,0.6621,-1,-1,-1
13,5,1356.71,569.95,81.07,213.94,0.6359,-1,-1,-1
13,6,0.38,852.05,46.57,225.13,0.5896,-1,-1,-1
13,7,1042.73,202.74,89.65,182.17,0.2678,-1,-1,-1
13,8,540.32,149.51,54.54,192.24,0.5203,-1,-1,-1
13,9,211.19,388.82,65.52,187.05,0.3489,-1,-1,-1
13,10,788.23,146.20,65.26,177.42,0.5103,-1,-1,-1
13,11,1034.18,140.60,69.08,174.93,0.2423,-1,-1,-1
13,12,260.96,383.85,47.17,185.95,0.2271,-1,-1,-1
13,13,496.81,144.85,52.74,174.96,0.3769,-1,-1,-1
13,14,1802.08,221.36,67.24,177.20,0.3713,-1,-1,-1
14,1,379.22,394.56,81.44,231.36,0.7606,-1,-1,-1
14,2,104.16,545.85,75.87,248.27,0.7475,-1,-1,-1
14,3,1139.19,972.55,64.76,107.42,0.6305,-1,-1,-1
14,4,1723.07,459.44,75.64,206.34,0.6575,-1,-1,-1
14,5,1357.13,569.92,80.62,214.23,0.6135,-1,-1,-1
14,6,0.28,849.27,46.90,228.18,0.6077,-1,-1,-1
14,7,1041.70,211.00,80.58,171.98,0.1829,-1,-1,-1
14,8,538.85,150.61,55.34,191.86,0.5044,-1,-1,-1
14,9,209.73,394.32,64.52,180.44,0.3795,-1,-1,-1
14,10,788.51,146.16,64.51,177.47,0.5246,-1,-1,-1
14,11,1032.74,141.67,66.75,176.47,0.2074,-1,-1,-1
14,12,260.06,384.04,46.61,185.48,0.2425,-1,-1,-1
14,13,495.01,144.44,54.00,176.07,0.4112,-1,-1,-1
14,14,1802.73,222.54,67.25,177.02,0.3743,-1,-1,-1
14,15,880.80,130.00,86.86,178.07,0.4139,-1,-1,-1
15,1,379.81,393.44,81.34,231.34,0.7611,-1,-1,-1
15,2,104.28,545.85,75.81,248.17,0.7549,-1,-1,-1
15,3,1141.05,972.89,64.27,106.71,0.5995,-1,-1,-1
15,4,1723.73,456.49,74.75,209.67,0.6507,-1,-1,-1
15,5,1356.91,570.39,80.48,213.17,0.6056,-1,-1,-1
15,6,0.19,848.31,47.34,229.87,0.5862,-1,-1,-1
15,7,1044.57,205.91,69.47,175.14,0.2946,-1,-1,-1
15,8,537.53,151.64,55.56,191.77,0.5038,-1,-1,-1
15,9,208.69,391.67,63.27,182.38,0.3146,-1,-1,-1
15,10,788.10,146.72,65.14,176.12,0.5364,-1,-1,-1
15,11,1031.99,142.84,64.87,176.04,0.2592,-1,-1,-1
15,12,259.60,383.33,45.78,185.15,0.2243,-1,-1,-1
15,13,494.20,143.91,54.02,177.38,0.3866,-1,-1,-1
15,14,1803.84,223.52,67.47,183.07,0.3943,-1,-1,-1
15,15,879.98,130.44,86.54,177.73,0.3794,-1,-1,-1
16,1,380.26,392.82,80.96,231.89,0.7659,-1,-1,-1
16,2,104.43,546.18,75.52,247.35,0.7503,-1,-1,-1
16,3,1144.71,972.78,63.10,106.37,0.5672,-1,-1,-1
16,4,1724.53,455.59,73.55,210.13,0.6556,-1,-1,-1
16,5,1356.82,570.28,80.28,213.48,0.6194,-1,-1,-1
16,6,0.20,848.30,48.38,230.16,0.5054,-1,-1,-1
16,7,1042.71,201.01,60.99,180.28,0.2300,-1,-1,-1
16,8,535.01,153.33,56.75,189.47,0.5244,-1,-1,-1
16,9,207.91,385.43,60.13,189.47,0.3669,-1,-1,-1
16,10,788.66,146.97,64.52,175.63,0.5039,-1,-1,-1
16,11,1032.35,144.18,63.14,174.48,0.2971,-1,-1,-1
16,12,252.64,385.38,52.14,184.01,0.3551,-1,-1,-1
16,13,493.43,143.60,54.49,178.30,0.3327,-1,-1,-1
16,14,1804.48,224.45,68.99,187.49,0.3867,-1,-1,-1
16,15,879.94,131.58,86.16,178.83,0.3332,-1,-1,-1
17,1,380.67,391.70,81.29,233.65,0.7511,-1,-1,-1
17,2,104.16,546.72,76.44,246.35,0.7453,-1,-1,-1
17,3,1148.47,972.90,60.57,106.80,0.5345,-1,-1,-1
17,4,1723.39,457.63,75.41,209.13,0.6399,-1,-1,-1
17,5,1356.68,570.07,81.27,214.49,0.6041,-1,-1,-1
17,6,0.23,847.75,50.19,231.74,0.5549,-1,-1,-1
17,7,1039.28,196.20,58.63,184.93,0.1947,-1,-1,-1
17,8,533.43,155.59,57.93,188.09,0.6085,-1,-1,-1
17,9,207.16,381.57,58.88,194.44,0.3340,-1,-1,-1
17,10,788.67,147.14,64.43,174.85,0.4923,-1,-1,-1
17,11,1034.53,144.93,59.34,176.39,0.2802,-1,-1,-1
17,12,248.66,383.04,55.71,187.27,0.3619,-1,-1,-1
17,13,493.13,144.74,54.36,177.61,0.3616,-1,-1,-1
17,14,1805.91,225.68,67.78,190.79,0.3620,-1,-1,-1
17,15,880.55,132.27,85.07,177.74,0.3201,-1,-1,-1
18,1,380.80,390.11,81.72,236.13,0.7520,-1,-1,-1
18,2,104.19,546.63,76.48,246.00,0.7479,-1,-1,-1
18,3,1151.85,973.06,58.16,106.85,0.5305,-1,-1,-1
18,4,1723.27,457.96,75.92,208.59,0.6457,-1,-1,-1
18,5,1356.70,569.96,80.95,214.46,0.6182,-1,-1,-1
18,6,0.25,847.17,51.71,232.63,0.5066,-1,-1,-1
18,7,1037.03,190.61,55.65,190.46,0.2261,-1,-1,-1
18,8,531.88,156.16,57.85,187.11,0.6042,-1,-1,-1
18,9,207.14,382.14,56.67,193.30,0.3618,-1,-1,-1
18,10,789.03,147.27,64.10,174.45,0.5330,-1,-1,-1
18,11,1032.42,144.60,59.77,181.23,0.3230,-1,-1,-1
18,12,246.78,383.57,56.61,187.12,0.4081,-1,-1,-1
18,13,492.94,143.94,53.97,178.74,0.3680,-1,-1,-1
18,14,1806.42,226.52,68.88,191.88,0.3825,-1,-1,-1
18,15,880.49,132.80,84.67,178.07,0.3421,-1,-1,-1
19,1,380.98,388.56,82.42,237.88,0.7551,-1,-1,-1
19,2,104.36,546.48,76.26,246.10,0.7459,-1,-1,-1
19,3,1154.31,972.71,57.47,107.21,0.5198,-1,-1,-1
19,4,1723.48,456.01,75.31,210.37,0.6467,-1,-1,-1
19,5,1356.93,569.95,80.40,214.78,0.6405,-1,-1,-1
19,6,0.27,845.50,52.44,234.25,0.5326,-1,-1,-1
19,7,1033.54,189.96,56.00,192.14,0.1272,-1,-1,-1
19,8,530.38,158.56,58.06,184.27,0.5466,-1,-1,-1
19,9,206.41,381.66,56.42,194.92,0.4001,-1,-1,-1
19,10,789.12,146.97,63.82,174.41,0.4808,-1,-1,-1
19,11,1030.91,144.28,60.41,184.36,0.4152,-1,-1,-1
19,12,245.89,381.15,56.14,189.84,0.4172,-1,-1,-1
19,13,493.10,144.99,53.48,177.77,0.2955,-1,-1,-1
19,14,1808.25,227.28,69.26,191.54,0.3604,-1,-1,-1
19,15,881.54,133.98,82.07,175.54,0.2548,-1,-1,-1
20,1,380.89,387.20,82.76,239.53,0.7480,-1,-1,-1
20,2,104.32,546.58,76.07,245.97,0.7456,-1,-1,-1
20,3,1157.22,972.77,55.91,107.21,0.5105,-1,-1,-1
20,4,1723.50,457.91,75.67,208.11,0.6295,-1,-1,-1
20,5,1357.03,570.42,80.15,214.24,0.6494,-1,-1,-1
20,6,0.26,845.22,52.70,234.75,0.4771,-1,-1,-1
20,7,1028.34,159.64,60.62,220.14,0.4028,-1,-1,-1
20,8,530.07,158.92,56.29,183.98,0.5439,-1,-1,-1
20,9,204.95,386.64,57.25,188.62,0.4155,-1,-1,-1
20,10,789.14,147.61,64.02,174.00,0.4956,-1,-1,-1
20,11,1031.24,145.47,59.06,164.30,0.1053,-1,-1,-1
20,12,244.78,377.28,55.12,192.19,0.3149,-1,-1,-1
20,13,492.53,147.02,52.92,175.58,0.2661,-1,-1,-1
20,14,1809.56,227.69,69.95,190.67,0.3427,-1,-1,-1
20,15,882.69,135.28,78.63,176.23,0.1723,-1,-1,-1
21,1,380.72,386.25,83.22,240.16,0.7588,-1,-1,-1
21,2,104.29,546.52,76.01,246.26,0.7433,-1,-1,-1
21,3,1158.38,973.20,56.46,106.79,0.5021,-1,-1,-1
21,4,1723.42,458.08,75.79,208.20,0.6341,-1,-1,-1
21,5,1357.51,570.40,79.49,215.54,0.6137,-1,-1,-1
21,6,0.32,840.61,53.54,237.93,0.5228,-1,-1,-1
21,7,1023.88,149.43,64.07,229.58,0.2643,-1,-1,-1
21,8,530.15,159.15,54.92,183.71,0.5888,-1,-1,-1
21,9,203.69,379.77,57.45,194.57,0.4005,-1,-1,-1
21,10,788.79,147.68,64.53,174.19,0.4867,-1,-1,-1
21,11,1030.24,145.38,59.56,171.97,0.2857,-1,-1,-1
21,12,244.53,376.15,52.91,190.29,0.3460,-1,-1,-1
21,13,491.15,148.26,53.58,175.01,0.2709,-1,-1,-1
21,14,1812.12,225.60,73.57,191.28,0.2926,-1,-1,-1
21,15,883.10,137.87,80.22,172.14,0.1781,-1,-1,-1
22,1,380.87,386.08,83.18,239.77,0.7578,-1,-1,-1
22,2,104.16,546.93,76.19,245.70,0.7385,-1,-1,-1
22,3,1157.95,974.22,57.82,105.79,0.5591,-1,-1,-1
22,4,1723.79,458.38,75.00,207.56,0.6682,-1,-1,-1
22,5,1357.46,570.22,79.49,215.14,0.6385,-1,-1,-1
22,6,0.31,841.19,53.71,238.45,0.5434,-1,-1,-1
22,7,1008.43,144.60,80.04,234.65,0.3479,-1,-1,-1
22,8,528.96,157.09,54.55,186.19,0.5037,-1,-1,-1
22,9,203.43,373.76,60.13,199.78,0.3304,-1,-1,-1
22,10,789.07,147.85,64.44,174.84,0.4618,-1,-1,-1
22,11,1028.01,145.95,61.47,173.88,0.2412,-1,-1,-1
22,12,244.35,375.94,48.71,191.05,0.2692,-1,-1,-1
22,13,489.34,147.30,54.97,176.59,0.2732,-1,-1,-1
22,14,1815.53,225.10,73.61,189.99,0.2841,-1,-1,-1
22,15,882.94,140.20,74.80,171.66,0.1561,-1,-1,-1
23,1,381.57,385.36,82.26,238.93,0.7569,-1,-1,-1
23,2,104.24,546.68,76.06,245.61,0.7394,-1,-1,-1
23,3,1159.05,973.94,59.89,106.06,0.5504,-1,-1,-1
23,4,1724.21,457.77,74.38,207.62,0.6392,-1,-1,-1
23,5,1357.04,570.02,80.26,215.17,0.6141,-1,-1,-1
23,6,0.32,841.80,53.68,237.31,0.5669,-1,-1,-1
23,7,1016.53,143.75,71.42,201.40,0.3871,-1,-1,-1
23,8,527.91,157.60,52.76,186.71,0.4697,-1,-1,-1
23,9,203.87,371.52,57.73,197.97,0.2670,-1,-1,-1
23,10,790.00,148.43,62.31,174.34,0.4303,-1,-1,-1
23,11,1025.75,146.30,63.49,177.94,0.3871,-1,-1,-1
23,12,243.44,375.47,47.22,190.85,0.1933,-1,-1,-1
23,13,490.56,149.28,53.11,176.07,0.2548,-1,-1,-1
23,14,1817.52,227.60,71.55,190.17,0.2933,-1,-1,-1
23,15,883.26,141.57,56.70,172.30,0.1639,-1,-1,-1
24,1,381.68,384.88,81.83,238.07,0.7574,-1,-1,-1
24,2,104.28,546.60,76.24,245.65,0.7382,-1,-1,-1
24,3,1159.92,974.60,60.82,105.40,0.5497,-1,-1,-1
24,4,1724.02,456.08,74.32,209.97,0.6434,-1,-1,-1
24,5,1356.76,569.80,80.70,216.91,0.5891,-1,-1,-1
24,6,0.30,839.92,54.42,236.92,0.5361,-1,-1,-1
24,8,525.40,157.47,54.31,187.44,0.4250,-1,-1,-1
24,9,202.62,359.38,63.53,211.41,0.3055,-1,-1,-1
24,10,789.67,148.41,63.77,173.80,0.4291,-1,-1,-1
24,11,1023.49,147.20,65.36,178.62,0.3215,-1,-1,-1
24,12,242.30,372.95,46.01,194.97,0.1052,-1,-1,-1
24,13,491.68,150.58,51.97,177.96,0.1666,-1,-1,-1
24,14,1820.38,229.81,69.60,190.01,0.3512,-1,-1,-1
24,15,882.43,142.46,51.30,174.27,0.1682,-1,-1,-1
25,1,381.75,384.11,81.04,237.28,0.7571,-1,-1,-1
25,2,104.02,546.82,76.59,245.88,0.7384,-1,-1,-1
25,3,1160.57,974.76,61.60,105.26,0.5631,-1,-1,-1
25,4,1722.87,457.47,75.52,209.21,0.6544,-1,-1,-1
25,5,1357.01,570.18,79.64,214.12,0.6125,-1,-1,-1
25,6,0.32,836.39,54.99,238.58,0.5031,-1,-1,-1
25,8,524.61,158.82,54.35,185.43,0.4365,-1,-1,-1
25,9,201.68,352.25,66.96,218.06,0.2652,-1,-1,-1
25,10,789.40,147.81,64.46,174.76,0.4319,-1,-1,-1
25,11,1020.10,148.01,67.51,185.12,0.2729,-1,-1,-1
25,13,491.82,152.18,52.27,178.58,0.1427,-1,-1,-1
25,14,1822.26,232.47,68.85,192.65,0.3875,-1,-1,-1
25,15,879.67,141.29,50.37,176.29,0.1778,-1,-1,-1
26,1,382.23,383.15,80.14,237.21,0.7684,-1,-1,-1
26,2,103.59,546.55,77.21,246.90,0.7375,-1,-1,-1
26,3,1161.70,975.06,61.81,104.98,0.5967,-1,-1,-1
26,4,1722.99,454.70,74.51,212.63,0.6365,-1,-1,-1
26,5,1356.84,570.51,80.24,213.42,0.6084,-1,-1,-1
26,6,0.34,834.19,55.76,234.28,0.5684,-1,-1,-1
26,8,524.89,160.59,53.24,183.93,0.4214,-1,-1,-1
26,9,200.56,349.89,68.41,221.06,0.2891,-1,-1,-1
26,10,788.87,148.02,65.68,175.11,0.4471,-1,-1,-1
26,11,1012.52,148.21,74.48,208.25,0.2416,-1,-1,-1
26,14,1825.45,235.53,67.17,192.84,0.3700,-1,-1,-1
26,15,880.04,142.45,47.59,175.05,0.2534,-1,-1,-1
27,1,381.90,381.51,80.68,237.36,0.7790,-1,-1,-1
27,2,103.43,546.21,77.03,247.14,0.7377,-1,-1,-1
27,3,1163.13,975.05,62.32,104.94,0.6073,-1,-1,-1
27,4,1722.75,457.69,74.65,208.90,0.6521,-1,-1,-1
27,5,1356.63,570.17,80.33,214.30,0.5868,-1,-1,-1
27,6,0.34,830.73,56.63,235.01,0.6075,-1,-1,-1
27,8,525.43,160.93,52.32,184.83,0.3655,-1,-1,-1
27,9,199.22,347.71,71.47,223.15,0.3685,-1,-1,-1
27,10,789.36,147.96,65.20,174.87,0.4484,-1,-1,-1
27,11,990.17,184.82,93.99,186.09,0.4321,-1,-1,-1
27,14,1827.70,237.71,65.96,192.08,0.3461,-1,-1,-1
27,15,878.17,142.35,49.74,175.69,0.2288,-1,-1,-1
28,1,381.89,379.67,81.77,237.86,0.7725,-1,-1,-1
28,2,103.10,546.61,77.19,246.38,0.7386,-1,-1,-1
28,3,1164.61,975.62,62.93,104.39,0.6165,-1,-1,-1
28,4,1723.01,456.22,74.03,210.67,0.6400,-1,-1,-1
28,5,1356.71,569.65,80.66,215.68,0.5881,-1,-1,-1
28,6,0.13,828.00,58.31,233.60,0.6340,-1,-1,-1
28,8,524.24,161.05,53.42,186.70,0.2950,-1,-1,-1
28,9,197.98,349.22,72.05,223.67,0.3995,-1,-1,-1
28,10,790.26,148.49,61.83,173.92,0.4501,-1,-1,-1
28,11,982.25,196.99,93.92,180.79,0.2163,-1,-1,-1
28,14,1829.03,238.91,66.33,193.27,0.2817,-1,-1,-1
28,15,876.90,142.36,50.34,176.34,0.2117,-1,-1,-1
29,1,382.55,378.06,81.87,238.02,0.7810,-1,-1,-1
29,2,102.85,546.48,77.52,246.48,0.7455,-1,-1,-1
29,3,1165.58,975.85,64.54,104.18,0.6355,-1,-1,-1
29,4,1723.05,457.07,74.17,209.25,0.6502,-1,-1,-1
29,5,1356.65,569.78,81.13,215.40,0.6246,-1,-1,-1
29,6,0.17,826.21,59.43,230.10,0.6978,-1,-1,-1
29,8,521.99,161.72,55.09,188.46,0.2798,-1,-1,-1
29,9,197.19,351.84,71.39,220.20,0.3247,-1,-1,-1
29,10,790.84,148.65,60.14,174.15,0.4573,-1,-1,-1
29,11,980.44,199.56,84.16,180.81,0.1502,-1,-1,-1
29,14,1829.95,241.00,66.89,194.01,0.2548,-1,-1,-1
29,15,876.30,142.49,50.93,177.15,0.2450,-1,-1,-1
30,1,382.94,376.53,83.14,237.20,0.7847,-1,-1,-1
30,2,102.97,547.02,77.51,245.69,0.7384,-1,-1,-1
30,3,1167.18,976.71,65.03,103.29,0.6211,-1,-1,-1
30,4,1723.04,457.39,74.80,208.71,0.6633,-1,-1,-1
30,5,1356.78,569.86,80.28,215.65,0.6171,-1,-1,-1
30,6,0.07,823.38,60.14,228.88,0.6767,-1,-1,-1
30,8,522.54,163.24,54.05,187.75,0.3043,-1,-1,-1
30,9,196.22,354.45,70.04,216.02,0.3162,-1,-1,-1
30,10,790.77,148.48,59.58,174.25,0.4582,-1,-1,-1
30,11,980.77,199.88,78.52,180.16,0.1298,-1,-1,-1
30,14,1831.97,241.64,69.82,194.18,0.2140,-1,-1,-1
30,15,875.01,142.33,51.17,177.90,0.2602,-1,-1,-1
31,1,383.59,374.90,85.85,234.36,0.7516,-1,-1,-1
31,2,103.04,546.88,77.08,246.15,0.7404,-1,-1,-1
31,3,1168.45,977.18,65.77,102.78,0.6157,-1,-1,-1
31,4,1723.15,455.82,73.86,211.12,0.6545,-1,-1,-1
31,5,1356.69,569.74,80.32,214.43,0.5914,-1,-1,-1
31,6,0.25,818.51,60.07,235.49,0.6491,-1,-1,-1
31,8,518.13,163.78,56.96,188.98,0.2603,-1,-1,-1
31,9,194.96,356.05,69.28,212.05,0.3465,-1,-1,-1
31,10,790.61,148.23,59.86,175.12,0.4282,-1,-1,-1
31,11,980.19,199.45,68.45,178.15,0.1777,-1,-1,-1
31,14,1833.66,242.95,70.59,194.43,0.2147,-1,-1,-1
31,15,874.20,143.26,50.99,177.51,0.2451,-1,-1,-1
32,1,383.76,373.33,89.55,232.85,0.7457,-1,-1,-1
32,2,103.03,546.76,76.65,246.38,0.7472,-1,-1,-1
32,3,1169.43,977.95,66.49,102.03,0.6746,-1,-1,-1
32,4,1722.80,456.85,74.80,209.80,0.6534,-1,-1,-1
32,5,1356.54,569.75,80.14,214.34,0.6039,-1,-1,-1
32,6,0.34,815.51,60.16,241.15,0.6162,-1,-1,-1
32,8,514.79,164.65,58.76,190.63,0.2663,-1,-1,-1
32,9,193.22,350.81,70.06,214.36,0.3971,-1,-1,-1
32,10,791.34,148.66,59.13,174.90,0.4570,-1,-1,-1
32,11,977.89,197.81,64.09,179.45,0.1606,-1,-1,-1
32,14,1835.08,247.35,73.93,192.07,0.2273,-1,-1,-1
32,15,872.51,143.54,51.34,177.88,0.2424,-1,-1,-1
33,1,384.16,371.11,92.06,232.69,0.7501,-1,-1,-1
33,2,102.81,546.62,77.59,246.53,0.7486,-1,-1,-1
33,3,1170.88,978.86,66.90,101.13,0.6781,-1,-1,-1
33,4,1722.51,457.23,74.99,210.16,0.6571,-1,-1,-1
33,5,1356.27,569.48,80.90,216.61,0.6021,-1,-1,-1
33,6,0.33,813.21,60.81,246.61,0.6217,-1,-1,-1
33,8,500.14,161.38,75.36,194.63,0.3918,-1,-1,-1
33,9,190.82,348.75,70.58,216.61,0.4230,-1,-1,-1
33,10,791.06,148.92,59.31,174.34,0.4375,-1,-1,-1
33,11,973.31,196.74,59.80,180.03,0.1194,-1,-1,-1
33,14,1835.57,249.83,72.66,191.65,0.3130,-1,-1,-1
33,15,871.11,142.66,53.00,177.99,0.2422,-1,-1,-1
33,13,492.72,159.50,82.76,195.69,0.3918,-1,-1,-1
34,1,384.80,370.23,92.57,231.80,0.7515,-1,-1,-1
34,2,102.74,546.78,77.72,246.55,0.7391,-1,-1,-1
34,3,1173.39,980.59,66.73,99.42,0.6763,-1,-1,-1
34,4,1722.65,457.97,74.42,208.64,0.6499,-1,-1,-1
34,5,1356.68,569.35,80.93,216.67,0.5996,-1,-1,-1
34,6,0.42,811.32,61.28,248.87,0.6135,-1,-1,-1
34,8,494.82,161.00,80.09,195.16,0.3893,-1,-1,-1
34,9,189.02,351.39,69.88,211.65,0.4157,-1,-1,-1
34,10,790.73,148.74,59.12,174.96,0.4324,-1,-1,-1
34,11,967.62,199.63,59.92,176.80,0.1621,-1,-1,-1
34,14,1836.31,250.92,70.03,190.68,0.3188,-1,-1,-1
34,15,870.01,142.78,53.39,178.74,0.2092,-1,-1,-1
34,18,1021.17,155.38,62.60,187.01,0.4152,-1,-1,-1
34,13,492.91,160.59,83.25,195.67,0.3893,-1,-1,-1
35,1,384.90,369.31,93.27,232.44,0.7410,-1,-1,-1
35,2,102.53,546.86,78.32,246.92,0.7346,-1,-1,-1
35,3,1176.83,982.07,65.12,97.94,0.6624,-1,-1,-1
35,4,1722.52,457.68,74.09,208.60,0.6606,-1,-1,-1
35,5,1356.12,569.38,81.52,216.00,0.6011,-1,-1,-1
35,6,0.43,810.32,62.84,252.36,0.5751,-1,-1,-1
35,8,493.27,160.94,80.83,195.11,0.3989,-1,-1,-1
35,9,187.13,346.13,66.74,212.55,0.4548,-1,-1,-1
35,10,791.01,148.63,58.96,175.09,0.4427,-1,-1,-1
35,11,961.68,201.35,60.61,174.57,0.3348,-1,-1,-1
35,14,1837.51,251.66,69.01,188.69,0.3249,-1,-1,-1
35,15,868.78,142.92,54.13,178.78,0.2910,-1,-1,-1
35,18,1021.92,156.01,60.99,184.89,0.4622,-1,-1,-1
35,13,493.65,161.06,82.02,195.44,0.3989,-1,-1,-1
36,1,385.21,368.68,92.74,232.81,0.7009,-1,-1,-1
36,2,102.69,547.02,77.72,246.56,0.7385,-1,-1,-1
36,3,1179.43,983.81,64.63,96.21,0.6412,-1,-1,-1
36,4,1722.76,458.47,74.11,207.96,0.6161,-1,-1,-1
36,5,1355.97,569.41,82.04,216.55,0.5767,-1,-1,-1
36,6,0.47,809.53,63.30,250.43,0.5426,-1,-1,-1
36,8,493.25,160.91,79.23,194.46,0.4165,-1,-1,-1
36,9,187.79,359.43,63.09,199.09,0.3995,-1,-1,-1
36,10,791.01,149.01,58.89,174.31,0.4402,-1,-1,-1
36,11,955.42,201.79,62.99,174.14,0.3265,-1,-1,-1
36,14,1839.58,250.68,67.61,188.94,0.3537,-1,-1,-1
36,15,867.79,143.63,55.38,179.74,0.2680,-1,-1,-1
36,18,1021.97,156.71,61.42,182.14,0.5125,-1,-1,-1
36,13,494.45,161.21,79.61,194.70,0.4165,-1,-1,-1
36,19,384.60,995.36,90.24,84.62,0.4535,-1,-1,-1
37,1,385.94,367.64,90.49,233.55,0.6902,-1,-1,-1
37,2,102.90,547.11,77.00,245.91,0.7344,-1,-1,-1
37,3,1182.11,984.48,64.76,95.49,0.6850,-1,-1,-1
37,4,1722.95,457.79,73.98,208.95,0.6401,-1,-1,-1
37,5,1356.13,569.15,82.11,218.37,0.5677,-1,-1,-1
37,6,0.52,808.45,64.96,249.52,0.6285,-1,-1,-1
37,8,493.46,161.86,77.63,193.48,0.4226,-1,-1,-1
37,9,187.07,361.15,62.40,195.89,0.4086,-1,-1,-1
37,10,790.58,148.81,59.48,174.74,0.4360,-1,-1,-1
37,11,947.86,201.84,67.00,173.53,0.4378,-1,-1,-1
37,14,1840.36,252.30,64.74,185.67,0.3773,-1,-1,-1
37,15,867.70,144.21,55.85,180.65,0.2156,-1,-1,-1
37,18,1021.94,157.87,61.55,182.93,0.5344,-1,-1,-1
37,13,494.85,162.20,77.71,193.68,0.4226,-1,-1,-1
37,19,384.32,994.19,91.80,85.73,0.5152,-1,-1,-1
38,1,387.08,366.57,87.13,234.73,0.6937,-1,-1,-1
38,2,102.81,546.97,76.62,245.56,0.7328,-1,-1,-1
38,3,1184.16,984.57,66.24,95.43,0.6922,-1,-1,-1
38,4,1722.75,458.26,74.36,207.84,0.6428,-1,-1,-1
38,5,1355.96,569.32,81.91,215.37,0.6049,-1,-1,-1
38,6,0.55,808.03,65.97,247.14,0.6404,-1,-1,-1
38,8,493.17,162.52,76.98,193.05,0.4184,-1,-1,-1
38,9,185.91,363.78,61.66,192.31,0.4321,-1,-1,-1
38,10,790.95,149.03,59.04,175.06,0.4243,-1,-1,-1
38,11,938.32,202.65,72.84,172.86,0.3836,-1,-1,-1
38,14,1840.97,252.81,63.44,185.36,0.3217,-1,-1,-1
38,15,867.65,145.98,55.51,178.26,0.1947,-1,-1,-1
38,18,1023.30,158.61,60.61,183.68,0.5451,-1,-1,-1
38,13,494.53,162.84,76.96,193.22,0.4184,-1,-1,-1
38,19,384.40,993.01,93.23,86.98,0.5469,-1,-1,-1
39,1,387.51,365.38,85.35,236.33,0.6891,-1,-1,-1
39,2,102.46,547.17,77.25,245.06,0.7308,-1,-1,-1
39,3,1186.64,984.11,67.94,95.92,0.6789,-1,-1,-1
39,4,1722.60,457.29,73.78,209.23,0.6227,-1,-1,-1
39,5,1356.69,568.36,81.37,216.97,0.5814,-1,-1,-1
39,6,0.51,807.10,66.20,245.56,0.6523,-1,-1,-1
39,8,493.32,163.18,75.91,192.06,0.4237,-1,-1,-1
39,9,183.72,362.62,62.78,193.83,0.4939,-1,-1,-1
39,10,790.92,148.90,58.88,175.12,0.4153,-1,-1,-1
39,11,927.10,202.17,82.04,172.60,0.5013,-1,-1,-1
39,14,1841.02,253.24,63.86,184.80,0.3539,-1,-1,-1
39,15,867.40,147.48,56.00,176.56,0.1942,-1,-1,-1
39,18,1022.55,158.99,61.58,182.93,0.5211,-1,-1,-1
39,13,494.60,163.48,75.87,192.21,0.4237,-1,-1,-1
39,19,384.49,991.74,93.20,88.28,0.5276,-1,-1,-1
40,1,387.93,365.98,86.11,235.51,0.6972,-1,-1,-1
40,2,102.25,546.94,77.41,244.91,0.7335,-1,-1,-1
40,3,1190.02,983.97,68.95,96.03,0.6545,-1,-1,-1
40,4,1722.67,456.59,73.56,210.48,0.6273,-1,-1,-1
40,5,1357.29,569.22,80.45,213.76,0.6151,-1,-1,-1
40,6,0.59,806.00,66.08,243.30,0.6072,-1,-1,-1
40,8,493.30,166.10,74.32,191.77,0.4405,-1,-1,-1
40,9,181.54,363.17,62.65,192.53,0.4306,-1,-1,-1
40,10,791.10,148.90,58.29,175.85,0.4046,-1,-1,-1
40,11,917.27,199.26,91.69,175.11,0.5105,-1,-1,-1
40,14,1839.36,253.32,66.49,186.52,0.3340,-1,-1,-1
40,15,867.30,149.97,55.33,174.70,0.2468,-1,-1,-1
40,18,1022.07,159.21,62.21,182.40,0.5093,-1,-1,-1
40,13,494.46,166.37,74.26,191.90,0.4405,-1,-1,-1
40,19,384.93,990.04,93.12,89.89,0.5279,-1,-1,-1
41,1,389.16,365.75,85.52,235.44,0.6909,-1,-1,-1
41,2,102.28,546.74,77.61,245.44,0.7313,-1,-1,-1
41,3,1192.85,984.80,68.16,95.20,0.6802,-1,-1,-1
41,4,1722.54,456.08,73.73,210.93,0.6395,-1,-1,-1
41,5,1356.99,568.82,80.82,215.12,0.6073,-1,-1,-1
41,6,0.53,805.03,66.59,243.18,0.6001,-1,-1,-1
41,8,494.40,166.03,75.21,191.18,0.3632,-1,-1,-1
41,9,179.78,361.60,62.35,194.09,0.3636,-1,-1,-1
41,10,791.35,149.11,57.51,175.29,0.4079,-1,-1,-1
41,11,911.45,202.34,97.68,171.56,0.5440,-1,-1,-1
41,14,1838.52,254.24,67.01,191.04,0.2881,-1,-1,-1
41,15,866.95,151.18,55.36,175.79,0.2469,-1,-1,-1
41,18,1021.65,159.31,62.55,181.14,0.4771,-1,-1,-1
41,13,495.42,166.27,75.15,191.30,0.3632,-1,-1,-1
41,19,385.17,989.14,93.47,90.83,0.4924,-1,-1,-1
42,1,390.19,364.65,85.08,235.49,0.7104,-1,-1,-1
42,2,102.25,546.71,78.16,245.62,0.7402,-1,-1,-1
42,3,1195.46,984.93,68.89,95.04,0.6923,-1,-1,-1
42,4,1722.11,455.25,73.93,211.37,0.6461,-1,-1,-1
42,5,1356.96,569.18,80.46,214.52,0.6145,-1,-1,-1
42,6,0.39,802.89,66.89,243.11,0.6312,-1,-1,-1
42,8,494.54,167.03,75.50,191.83,0.3718,-1,-1,-1
42,9,179.36,367.81,60.19,189.02,0.3295,-1,-1,-1
42,10,791.21,148.89,57.37,176.69,0.4202,-1,-1,-1
42,11,907.16,201.22,101.93,172.78,0.5451,-1,-1,-1
42,14,1838.28,256.53,67.51,189.60,0.2992,-1,-1,-1
42,15,866.51,150.93,54.46,180.03,0.2550,-1,-1,-1
42,18,1021.28,159.57,62.74,181.66,0.4734,-1,-1,-1
42,13,495.46,167.24,75.45,191.93,0.3718,-1,-1,-1
42,19,384.57,987.84,94.41,92.15,0.5331,-1,-1,-1
43,1,391.10,364.70,85.04,233.94,0.7374,-1,-1,-1
43,2,101.94,546.83,78.38,245.80,0.7338,-1,-1,-1
43,3,1198.22,985.17,70.25,94.81,0.6623,-1,-1,-1
43,4,1722.23,454.78,73.69,212.01,0.6162,-1,-1,-1
43,5,1356.83,569.14,80.50,214.47,0.6090,-1,-1,-1
43,6,0.28,799.10,67.12,235.66,0.6608,-1,-1,-1
43,8,493.65,167.85,76.78,194.06,0.3847,-1,-1,-1
43,9,177.08,370.35,59.53,186.13,0.2795,-1,-1,-1
43,10,790.68,149.24,58.33,176.26,0.4042,-1,-1,-1
43,11,903.06,197.97,104.94,175.60,0.4978,-1,-1,-1
43,14,1836.85,255.07,70.81,191.46,0.2835,-1,-1,-1
43,15,866.41,152.14,53.28,174.67,0.2134,-1,-1,-1
43,18,1021.36,159.87,62.40,182.80,0.4672,-1,-1,-1
43,13,494.47,168.04,76.73,194.15,0.3847,-1,-1,-1
43,19,383.66,987.48,95.20,92.55,0.5402,-1,-1,-1
44,1,391.59,364.59,85.63,232.22,0.7343,-1,-1,-1
44,2,101.93,547.26,78.10,245.48,0.7334,-1,-1,-1
44,3,1199.58,985.50,71.38,94.54,0.6688,-1,-1,-1
44,4,1721.41,456.66,74.73,210.07,0.6474,-1,-1,-1
44,5,1356.83,568.99,80.95,216.07,0.6236,-1,-1,-1
44,6,0.23,795.69,67.49,231.08,0.6726,-1,-1,-1
44,8,493.56,169.03,76.77,195.35,0.3771,-1,-1,-1
44,9,175.31,366.92,58.60,189.12,0.3525,-1,-1,-1
44,10,790.83,149.25,58.13,176.19,0.4005,-1,-1,-1
44,11,900.59,194.97,103.49,178.77,0.3167,-1,-1,-1
44,14,1839.47,255.41,76.02,194.13,0.3252,-1,-1,-1
44,15,865.80,152.63,54.72,178.12,0.2698,-1,-1,-1
44,18,1021.44,160.29,61.74,183.94,0.4379,-1,-1,-1
44,13,494.30,169.19,76.73,195.42,0.3771,-1,-1,-1
44,19,382.91,985.80,96.02,94.35,0.5968,-1,-1,-1
45,1,392.81,362.51,85.24,232.20,0.7371,-1,-1,-1
45,2,101.76,546.98,77.73,245.70,0.7425,-1,-1,-1
45,3,1200.77,985.82,72.35,94.22,0.6709,-1,-1,-1
45,4,1721.53,458.12,74.48,208.39,0.6321,-1,-1,-1
45,5,1356.52,568.89,81.00,216.24,0.6345,-1,-1,-1
45,6,0.26,793.00,67.65,229.37,0.6685,-1,-1,-1
45,8,490.47,171.89,56.82,187.09,0.1722,-1,-1,-1
45,9,173.69,360.90,56.56,193.89,0.3643,-1,-1,-1
45,10,790.60,149.26,58.55,175.82,0.4243,-1,-1,-1
45,11,898.94,188.54,100.56,185.74,0.2922,-1,-1,-1
45,14,1841.37,256.59,74.52,196.61,0.3492,-1,-1,-1
45,15,866.18,154.85,54.20,180.50,0.2492,-1,-1,-1
45,18,1020.10,161.53,64.29,182.69,0.3991,-1,-1,-1
45,13,495.17,172.11,75.17,194.34,0.3115,-1,-1,-1
45,19,381.68,984.86,95.98,95.26,0.5952,-1,-1,-1
46,1,394.65,360.95,83.46,231.89,0.7422,-1,-1,-1
46,2,101.71,546.55,77.83,246.08,0.7447,-1,-1,-1
46,3,1201.40,986.20,72.17,93.79,0.6854,-1,-1,-1
46,4,1721.00,458.90,74.86,207.05,0.6155,-1,-1,-1
46,5,1356.29,569.21,81.97,216.75,0.6039,-1,-1,-1
46,6,0.41,790.59,68.21,229.24,0.6718,-1,-1,-1
46,8,489.77,174.70,43.88,183.25,0.1634,-1,-1,-1
46,9,172.25,355.21,55.25,198.94,0.3621,-1,-1,-1
46,10,790.68,149.31,58.29,175.27,0.3893,-1,-1,-1
46,11,898.85,181.75,92.71,192.12,0.2937,-1,-1,-1
46,14,1842.82,257.15,74.71,200.23,0.3300,-1,-1,-1
46,15,866.44,154.62,53.63,182.64,0.1883,-1,-1,-1
46,18,1019.42,161.99,65.25,182.28,0.4088,-1,-1,-1
46,13,493.07,173.81,77.48,193.96,0.3314,-1,-1,-1
46,19,380.30,979.95,96.93,100.08,0.6033,-1,-1,-1
47,1,395.46,358.98,83.39,231.99,0.7461,-1,-1,-1
47,2,101.48,546.51,78.00,246.19,0.7292,-1,-1,-1
47,3,1202.13,986.36,72.98,93.66,0.6670,-1,-1,-1
47,4,1721.17,458.92,74.86,207.73,0.6306,-1,-1,-1
47,5,1356.51,569.44,81.64,216.05,0.5933,-1,-1,-1
47,6,0.59,789.14,68.92,231.05,0.6183,-1,-1,-1
47,8,488.82,177.56,41.30,180.45,0.1476,-1,-1,-1
47,9,169.94,347.20,57.71,206.78,0.3911,-1,-1,-1
47,10,790.15,149.44,59.63,174.92,0.4296,-1,-1,-1
47,11,900.38,174.83,81.90,198.87,0.3144,-1,-1,-1
47,14,1844.21,258.74,74.21,202.02,0.3460,-1,-1,-1
47,15,864.63,154.88,54.11,181.82,0.2643,-1,-1,-1
47,18,1018.98,162.76,64.44,183.32,0.3951,-1,-1,-1
47,13,491.89,176.93,78.61,191.15,0.2612,-1,-1,-1
47,19,379.78,974.32,97.70,105.81,0.5909,-1,-1,-1
48,1,396.33,357.30,83.46,230.35,0.7647,-1,-1,-1
48,2,101.58,546.25,77.91,246.74,0.7353,-1,-1,-1
48,3,1203.45,985.20,75.64,94.77,0.6326,-1,-1,-1
48,4,1721.37,459.47,74.49,206.46,0.6357,-1,-1,-1
48,5,1356.49,569.16,82.56,216.73,0.6132,-1,-1,-1
48,6,0.86,788.30,70.11,233.30,0.5857,-1,-1,-1
48,8,488.11,178.69,44.98,180.00,0.1465,-1,-1,-1
48,9,168.78,345.02,57.26,210.21,0.3360,-1,-1,-1
48,10,790.43,149.51,59.77,175.48,0.4552,-1,-1,-1
48,11,900.00,174.40,73.32,197.62,0.2555,-1,-1,-1
48,14,1846.93,262.15,69.43,200.96,0.3696,-1,-1,-1
48,15,863.72,154.24,55.08,180.55,0.2691,-1,-1,-1
48,18,1018.69,163.21,63.65,182.96,0.3309,-1,-1,-1
48,13,490.92,178.56,79.33,190.18,0.2609,-1,-1,-1
48,19,378.84,967.48,99.12,112.60,0.6089,-1,-1,-1
49,1,396.58,356.34,84.08,227.62,0.7608,-1,-1,-1
49,2,101.55,546.10,77.88,246.91,0.7393,-1,-1,-1
49,3,1204.03,984.07,77.24,95.93,0.6518,-1,-1,-1
49,4,1721.00,459.03,74.69,207.07,0.6575,-1,-1,-1
49,5,1356.49,569.41,82.59,217.70,0.6018,-1,-1,-1
49,6,0.82,785.44,71.97,242.66,0.6188,-1,-1,-1
49,8,490.28,179.38,66.00,186.40,0.3703,-1,-1,-1
49,9,167.33,350.70,57.69,204.83,0.3555,-1,-1,-1
49,10,790.42,149.29,60.21,175.93,0.4317,-1,-1,-1
49,11,899.38,176.83,62.71,194.76,0.2450,-1,-1,-1
49,14,1849.08,264.14,66.09,201.02,0.3337,-1,-1,-1
49,15,862.99,153.65,54.98,176.51,0.3164,-1,-1,-1
49,18,1017.10,164.49,64.82,182.89,0.3711,-1,-1,-1
49,13,491.37,179.38,77.72,190.09,0.3703,-1,-1,-1
49,19,378.39,964.18,99.74,115.83,0.5888,-1,-1,-1
50,1,396.34,355.03,85.18,226.31,0.7546,-1,-1,-1
50,2,101.56,546.04,77.88,246.67,0.7482,-1,-1,-1
50,3,1204.29,983.18,78.34,96.82,0.6281,-1,-1,-1
50,4,1721.04,459.15,74.43,206.74,0.6391,-1,-1,-1
50,5,1356.93,569.74,81.83,216.15,0.6122,-1,-1,-1
50,6,0.96,784.52,73.59,247.19,0.6055,-1,-1,-1
50,8,491.05,179.39,73.55,190.17,0.3775,-1,-1,-1
50,9,164.18,342.10,58.55,164.86,0.1017,-1,-1,-1
50,10,790.40,149.03,59.90,176.84,0.4070,-1,-1,-1
50,14,1851.88,265.99,65.89,200.42,0.3915,-1,-1,-1
50,15,863.14,154.31,52.57,168.85,0.2734,-1,-1,-1
50,18,1017.02,164.94,62.61,178.00,0.3841,-1,-1,-1
50,13,491.69,179.43,77.52,191.46,0.3775,-1,-1,-1
50,19,379.85,961.48,98.55,117.70,0.5867,-1,-1,-1
51,1,396.27,354.35,86.16,223.91,0.7538,-1,-1,-1
51,2,101.74,545.82,77.73,247.16,0.7505,-1,-1,-1
51,3,1204.89,982.08,79.03,97.93,0.6111,-1,-1,-1
51,4,1720.68,459.89,74.59,205.53,0.6227,-1,-1,-1
51,5,1357.05,569.41,81.51,215.16,0.6198,-1,-1,-1
51,6,1.19,783.27,74.02,247.47,0.6422,-1,-1,-1
51,8,492.29,180.35,76.32,191.22,0.3679,-1,-1,-1
51,9,163.87,352.81,61.40,184.32,0.1140,-1,-1,-1
51,10,790.42,148.84,59.85,177.54,0.4134,-1,-1,-1
51,14,1853.96,267.21,63.47,197.22,0.3626,-1,-1,-1
51,15,862.61,154.54,50.74,169.98,0.2816,-1,-1,-1
51,18,1016.70,166.53,61.97,175.07,0.4440,-1,-1,-1
51,13,492.72,180.40,76.75,191.57,0.3679,-1,-1,-1
51,19,380.53,957.55,98.40,122.19,0.5503,-1,-1,-1
52,1,396.91,353.15,86.51,223.80,0.7677,-1,-1,-1
52,2,102.05,545.52,77.14,247.08,0.7519,-1,-1,-1
52,3,1204.70,981.77,79.43,98.22,0.6304,-1,-1,-1
52,4,1721.59,457.19,73.70,209.02,0.6266,-1,-1,-1
52,5,1356.93,569.22,81.39,215.36,0.6233,-1,-1,-1
52,6,1.94,782.06,74.69,245.82,0.6113,-1,-1,-1
52,8,490.42,180.38,80.37,191.29,0.3819,-1,-1,-1
52,10,789.92,149.06,60.46,178.04,0.3952,-1,-1,-1
52,14,1857.11,264.81,61.74,199.53,0.2984,-1,-1,-1
52,15,860.59,154.68,49.20,175.74,0.1890,-1,-1,-1
52,18,1016.11,167.85,62.94,178.44,0.4711,-1,-1,-1
52,13,490.53,180.43,79.65,191.29,0.3819,-1,-1,-1
52,19,381.43,953.29,98.73,126.58,0.5450,-1,-1,-1
53,1,398.18,351.55,85.65,225.12,0.7697,-1,-1,-1
53,2,102.39,545.19,76.11,247.41,0.7453,-1,-1,-1
53,3,1204.57,980.45,79.55,99.50,0.6525,-1,-1,-1
53,4,1721.98,456.35,73.46,209.23,0.6261,-1,-1,-1
53,5,1357.10,569.44,81.55,214.07,0.6401,-1,-1,-1
53,6,3.04,780.80,73.51,243.23,0.6510,-1,-1,-1
53,8,489.17,180.61,83.15,191.00,0.4034,-1,-1,-1
53,10,789.43,148.57,61.16,177.92,0.4121,-1,-1,-1
53,14,1859.60,265.05,59.97,198.61,0.3205,-1,-1,-1
53,15,858.83,154.14,47.21,177.50,0.1251,-1,-1,-1
53,18,1015.81,168.81,62.83,180.80,0.4505,-1,-1,-1
53,13,489.20,180.66,82.01,190.88,0.4034,-1,-1,-1
53,19,381.78,950.11,100.56,129.51,0.6933,-1,-1,-1
54,1,398.58,350.64,85.62,225.99,0.7711,-1,-1,-1
54,2,102.45,544.81,75.77,247.97,0.7479,-1,-1,-1
54,3,1203.81,979.88,80.42,100.08,0.6571,-1,-1,-1
54,4,1722.01,456.07,73.44,209.77,0.6240,-1,-1,-1
54,5,1356.99,569.19,81.95,214.04,0.6411,-1,-1,-1
54,6,5.41,778.51,71.50,239.06,0.6455,-1,-1,-1
54,8,488.43,180.54,85.01,190.86,0.3868,-1,-1,-1
54,10,789.53,148.71,61.46,177.19,0.3981,-1,-1,-1
54,14,1861.63,263.23,58.19,203.19,0.3113,-1,-1,-1
54,18,1014.40,170.74,62.41,181.42,0.4274,-1,-1,-1
54,13,488.44,180.58,83.77,190.71,0.3868,-1,-1,-1
54,19,382.53,948.24,102.62,130.35,0.7180,-1,-1,-1
55,1,399.47,349.55,85.03,227.64,0.7785,-1,-1,-1
55,2,102.54,544.91,75.70,248.44,0.7363,-1,-1,-1
55,3,1203.69,979.14,80.84,100.81,0.6651,-1,-1,-1
55,4,1722.12,456.59,73.89,210.50,0.6376,-1,-1,-1
55,5,1357.39,569.02,81.29,215.04,0.6082,-1,-1,-1
55,6,7.52,774.95,70.25,237.96,0.6805,-1,-1,-1
55,8,488.35,180.26,85.50,191.39,0.4235,-1,-1,-1
55,10,789.88,148.90,61.16,176.91,0.4251,-1,-1,-1
55,14,1864.06,262.46,55.84,206.81,0.3406,-1,-1,-1
55,18,1012.83,172.96,62.72,181.52,0.4561,-1,-1,-1
55,13,488.37,180.30,84.26,191.24,0.4235,-1,-1,-1
55,19,382.92,946.50,105.38,132.12,0.6929,-1,-1,-1
56,1,400.07,349.05,84.50,229.04,0.7878,-1,-1,-1
56,2,102.54,544.52,75.83,249.09,0.7376,-1,-1,-1
56,3,1203.41,977.78,81.16,102.20,0.6744,-1,-1,-1
56,4,1721.99,456.04,73.61,210.64,0.6445,-1,-1,-1
56,5,1357.17,569.13,80.91,215.95,0.6102,-1,-1,-1
56,6,8.13,772.34,70.27,235.92,0.6943,-1,-1,-1
56,8,488.39,180.30,84.13,191.50,0.4782,-1,-1,-1
56,10,789.96,148.77,61.45,177.64,0.4100,-1,-1,-1
56,14,1866.15,262.09,53.75,207.16,0.2820,-1,-1,-1
56,18,1013.47,174.79,60.94,180.48,0.4680,-1,-1,-1
56,13,488.41,180.33,82.93,191.36,0.4782,-1,-1,-1
56,19,383.65,945.73,106.12,133.52,0.6985,-1,-1,-1
57,1,400.23,348.04,83.98,230.26,0.7938,-1,-1,-1
57,2,102.41,544.69,75.94,249.44,0.7329,-1,-1,-1
57,3,1202.76,976.53,81.77,103.45,0.6850,-1,-1,-1
57,4,1721.88,457.85,73.40,208.19,0.6509,-1,-1,-1
57,5,1357.01,569.18,81.28,214.10,0.6174,-1,-1,-1
57,6,6.66,770.81,71.42,232.13,0.7197,-1,-1,-1
57,8,488.00,180.92,83.18,191.07,0.4590,-1,-1,-1
57,10,789.85,148.65,61.98,178.56,0.4009,-1,-1,-1
57,14,1867.60,256.40,52.21,213.25,0.1866,-1,-1,-1
57,18,1011.88,176.30,60.94,179.88,0.4636,-1,-1,-1
57,13,488.02,180.95,82.09,190.95,0.4590,-1,-1,-1
57,19,385.05,944.98,106.01,134.26,0.7176,-1,-1,-1
58,1,400.15,347.09,84.31,231.15,0.7873,-1,-1,-1
58,2,102.67,544.99,75.53,249.27,0.7288,-1,-1,-1
58,3,1201.93,976.18,82.90,103.82,0.6688,-1,-1,-1
58,4,1722.06,456.32,73.03,209.37,0.6400,-1,-1,-1
58,5,1357.08,569.36,81.19,214.68,0.6247,-1,-1,-1
58,6,7.13,767.75,73.28,229.80,0.7118,-1,-1,-1
58,8,488.18,181.45,81.91,191.16,0.4484,-1,-1,-1
58,10,790.15,148.90,61.70,178.55,0.3946,-1,-1,-1
58,14,1869.73,253.69,49.89,217.00,0.1282,-1,-1,-1
58,18,1011.22,178.83,60.10,179.20,0.4566,-1,-1,-1
58,13,488.20,181.48,80.92,191.04,0.4484,-1,-1,-1
58,19,386.71,944.02,104.96,135.60,0.6723,-1,-1,-1
59,1,401.11,345.74,83.76,232.64,0.7851,-1,-1,-1
59,2,102.74,545.05,75.32,249.47,0.7327,-1,-1,-1
59,3,1200.38,975.68,84.65,104.30,0.6719,-1,-1,-1
59,4,1722.67,456.02,72.96,210.46,0.6377,-1,-1,-1
59,5,1357.04,568.92,81.31,213.53,0.6413,-1,-1,-1
59,6,6.84,765.43,75.09,226.14,0.7217,-1,-1,-1
59,8,488.22,181.96,82.36,191.51,0.4378,-1,-1,-1
59,10,789.74,148.87,61.13,178.55,0.3894,-1,-1,-1
59,14,1869.05,250.82,50.09,217.94,0.1021,-1,-1,-1
59,18,1010.16,180.31,60.42,178.47,0.3744,-1,-1,-1
59,13,488.24,181.98,81.49,191.41,0.4378,-1,-1,-1
59,19,387.89,942.95,103.93,136.64,0.7142,-1,-1,-1
60,1,401.89,345.64,82.66,231.99,0.7925,-1,-1,-1
60,2,102.32,545.20,75.65,250.27,0.7259,-1,-1,-1
60,3,1199.55,974.90,85.30,105.13,0.6700,-1,-1,-1
60,4,1722.27,457.91,73.30,208.30,0.6275,-1,-1,-1
60,5,1356.86,568.94,81.34,214.80,0.6262,-1,-1,-1
60,6,8.53,761.34,72.16,225.20,0.7345,-1,-1,-1
60,8,488.50,183.07,81.53,191.27,0.4531,-1,-1,-1
60,10,789.55,148.60,61.62,183.11,0.4231,-1,-1,-1
60,14,1870.19,252.93,49.19,219.72,0.1368,-1,-1,-1
60,18,1007.58,181.42,62.24,178.04,0.3406,-1,-1,-1
60,13,488.52,183.09,80.74,191.18,0.4531,-1,-1,-1
60,19,387.90,940.60,105.10,138.70,0.7101,-1,-1,-1
61,1,401.91,344.44,82.45,231.37,0.7977,-1,-1,-1
61,2,102.75,545.98,74.57,248.54,0.7279,-1,-1,-1
61,3,1197.51,972.79,86.20,107.22,0.6306,-1,-1,-1
61,4,1722.58,457.75,72.46,207.81,0.6112,-1,-1,-1
61,5,1357.16,569.18,81.00,214.26,0.6299,-1,-1,-1
61,6,9.57,758.35,70.09,225.26,0.7307,-1,-1,-1
61,8,491.75,188.08,75.77,188.01,0.4803,-1,-1,-1
61,10,788.94,148.44,62.66,186.64,0.3661,-1,-1,-1
61,14,1871.28,251.97,48.10,221.65,0.1004,-1,-1,-1
61,18,1007.02,182.16,61.91,176.92,0.3029,-1,-1,-1
61,13,491.80,188.10,75.02,187.93,0.4803,-1,-1,-1
61,19,387.38,938.78,107.04,140.64,0.6141,-1,-1,-1
62,1,402.20,343.17,81.88,231.12,0.7907,-1,-1,-1
62,2,102.91,546.56,74.27,247.84,0.7287,-1,-1,-1
62,3,1196.37,972.36,86.64,107.70,0.6220,-1,-1,-1
62,4,1722.57,456.88,73.00,208.86,0.6000,-1,-1,-1
62,5,1357.53,569.24,80.63,214.59,0.6174,-1,-1,-1
62,6,10.69,756.22,69.26,225.38,0.7302,-1,-1,-1
62,8,492.51,189.79,74.13,188.78,0.4967,-1,-1,-1
62,10,789.81,148.25,61.51,186.86,0.3199,-1,-1,-1
62,18,1007.59,183.93,61.01,175.33,0.3032,-1,-1,-1
62,13,492.55,189.81,73.52,188.71,0.4967,-1,-1,-1
62,19,386.28,936.69,108.21,142.21,0.5694,-1,-1,-1
63,1,402.24,341.39,82.04,231.87,0.7965,-1,-1,-1
63,2,103.11,546.70,73.93,247.53,0.7298,-1,-1,-1
63,3,1194.85,971.84,87.47,108.18,0.6573,-1,-1,-1
63,4,1721.89,458.08,73.82,207.83,0.5906,-1,-1,-1
63,5,1357.15,569.02,80.94,213.82,0.6020,-1,-1,-1
63,6,10.66,754.85,70.67,228.07,0.7189,-1,-1,-1
63,8,491.60,189.01,74.77,193.94,0.5326,-1,-1,-1
63,10,790.01,148.17,60.51,186.83,0.2991,-1,-1,-1
63,18,1006.02,185.13,61.34,172.48,0.2522,-1,-1,-1
63,13,491.62,189.03,74.26,193.88,0.5326,-1,-1,-1
63,19,386.04,934.62,107.62,144.29,0.6604,-1,-1,-1
64,1,402.41,339.06,82.22,232.12,0.7907,-1,-1,-1
64,2,102.67,546.54,74.44,248.32,0.7195,-1,-1,-1
64,3,1193.45,972.64,87.32,107.33,0.6856,-1,-1,-1
64,4,1721.88,456.86,73.84,209.10,0.6059,-1,-1,-1
64,5,1356.40,569.25,81.44,215.32,0.5977,-1,-1,-1
64,6,11.07,753.33,70.83,229.05,0.7204,-1,-1,-1
64,8,492.77,191.19,73.34,194.12,0.4907,-1,-1,-1
64,10,790.49,148.34,59.25,184.71,0.2948,-1,-1,-1
64,18,1004.30,186.44,61.94,171.20,0.3625,-1,-1,-1
64,13,492.79,191.20,72.88,194.07,0.4907,-1,-1,-1
64,19,385.39,931.20,108.77,148.01,0.6716,-1,-1,-1
65,1,402.24,337.24,82.54,232.22,0.7933,-1,-1,-1
65,2,102.71,547.08,74.49,247.31,0.7280,-1,-1,-1
65,3,1192.52,973.02,86.08,107.00,0.6846,-1,-1,-1
65,4,1720.96,458.81,74.84,207.31,0.6133,-1,-1,-1
65,5,1356.15,569.23,82.46,214.54,0.6283,-1,-1,-1
65,6,10.92,752.30,71.02,231.71,0.7136,-1,-1,-1
65,8,493.63,191.99,72.57,194.80,0.5081,-1,-1,-1
65,10,791.96,148.72,56.50,175.89,0.2352,-1,-1,-1
65,18,1003.45,187.33,62.35,171.36,0.3134,-1,-1,-1
65,13,493.66,192.00,72.18,194.75,0.5081,-1,-1,-1
65,19,385.31,925.27,108.43,154.40,0.5634,-1,-1,-1
66,1,402.36,335.21,82.95,232.09,0.7929,-1,-1,-1
66,2,102.77,546.55,75.23,247.75,0.7208,-1,-1,-1
66,3,1190.68,971.94,85.44,108.03,0.7063,-1,-1,-1
66,4,1720.11,459.16,75.57,207.63,0.6260,-1,-1,-1
66,5,1355.88,568.70,83.15,215.83,0.6046,-1,-1,-1
66,6,10.83,750.90,71.27,233.48,0.7134,-1,-1,-1
66,8,495.49,191.38,70.13,195.87,0.5281,-1,-1,-1
66,10,790.46,149.57,60.46,157.23,0.1656,-1,-1,-1
66,18,1003.60,187.96,61.01,173.78,0.3622,-1,-1,-1
66,13,495.52,191.39,69.78,195.82,0.5281,-1,-1,-1
66,19,386.47,919.00,106.01,160.84,0.5605,-1,-1,-1
67,1,402.30,333.90,84.06,230.02,0.7944,-1,-1,-1
67,2,102.78,546.70,75.60,247.57,0.7250,-1,-1,-1
67,3,1189.06,971.67,86.23,108.31,0.6942,-1,-1,-1
67,4,1720.40,459.10,75.15,207.00,0.5965,-1,-1,-1
67,5,1356.55,569.00,82.09,214.67,0.5982,-1,-1,-1
67,6,10.38,749.00,71.62,236.14,0.7028,-1,-1,-1
67,8,495.51,191.27,69.98,198.79,0.5657,-1,-1,-1
67,10,790.96,149.86,58.23,147.07,0.1327,-1,-1,-1
67,18,1002.60,187.98,60.01,174.84,0.4069,-1,-1,-1
67,13,495.52,191.28,69.68,198.75,0.5657,-1,-1,-1
67,19,385.92,914.37,105.84,164.48,0.6553,-1,-1,-1
68,1,402.86,333.22,84.16,227.78,0.7902,-1,-1,-1
68,2,102.68,546.63,75.83,247.75,0.7294,-1,-1,-1
68,3,1186.21,970.23,86.32,109.75,0.6957,-1,-1,-1
68,4,1721.12,459.38,74.50,206.95,0.6081,-1,-1,-1
68,5,1356.52,568.34,82.26,215.77,0.5953,-1,-1,-1
68,6,10.28,746.73,71.93,239.72,0.7077,-1,-1,-1
68,8,495.49,192.36,69.29,197.85,0.5750,-1,-1,-1
68,10,790.72,150.20,58.69,133.52,0.1433,-1,-1,-1
68,18,1001.28,188.32,60.89,176.17,0.4874,-1,-1,-1
68,13,495.51,192.37,69.04,197.82,0.5750,-1,-1,-1
68,19,385.26,911.72,106.34,166.49,0.7051,-1,-1,-1
69,1,402.76,332.20,85.10,226.28,0.7834,-1,-1,-1
69,2,102.73,546.66,75.44,248.09,0.7309,-1,-1,-1
69,3,1184.25,969.67,86.27,110.30,0.6797,-1,-1,-1
69,4,1722.06,457.72,74.64,210.86,0.5947,-1,-1,-1
69,5,1356.67,568.54,82.00,216.85,0.5962,-1,-1,-1
69,6,10.40,744.82,72.02,241.43,0.7102,-1,-1,-1
69,8,493.47,193.38,72.99,196.37,0.5869,-1,-1,-1
69,10,789.69,149.83,59.35,130.15,0.1359,-1,-1,-1
69,18,1000.58,188.25,61.68,176.91,0.5338,-1,-1,-1
69,13,493.48,193.39,72.77,196.34,0.5869,-1,-1,-1
69,19,384.78,909.92,106.83,168.63,0.6853,-1,-1,-1
70,1,402.81,331.29,85.79,224.56,0.7903,-1,-1,-1
70,2,103.04,546.41,74.94,248.33,0.7319,-1,-1,-1
70,3,1182.64,969.15,86.02,110.82,0.6649,-1,-1,-1
70,4,1722.68,456.10,74.43,212.04,0.6157,-1,-1,-1
70,5,1356.39,568.41,82.81,217.49,0.6087,-1,-1,-1
70,6,10.83,743.15,71.88,239.06,0.7152,-1,-1,-1
70,8,491.52,195.07,76.40,194.47,0.5919,-1,-1,-1
70,18,1000.17,188.11,61.50,177.74,0.5581,-1,-1,-1
70,13,491.52,195.08,76.21,194.45,0.5919,-1,-1,-1
70,19,384.30,907.21,107.21,171.99,0.6793,-1,-1,-1
71,1,403.09,329.96,85.64,223.81,0.7909,-1,-1,-1
71,2,102.51,545.49,75.68,249.82,0.7292,-1,-1,-1
71,3,1181.36,968.33,86.10,111.65,0.6676,-1,-1,-1
71,4,1722.50,456.42,74.69,211.42,0.6225,-1,-1,-1
71,5,1356.81,568.67,82.36,218.40,0.5627,-1,-1,-1
71,6,11.40,741.45,72.14,233.61,0.7212,-1,-1,-1
71,8,491.98,194.03,77.44,195.60,0.6135,-1,-1,-1
71,18,998.84,188.33,60.60,178.09,0.5614,-1,-1,-1
71,13,491.99,194.04,77.26,195.58,0.6135,-1,-1,-1
71,19,381.76,904.85,109.89,174.84,0.7093,-1,-1,-1
71,11,786.59,150.90,76.60,219.27,0.3588,-1,-1,-1
72,1,403.36,328.51,85.68,224.90,0.7885,-1,-1,-1
72,2,102.26,544.83,75.93,250.50,0.7259,-1,-1,-1
72,3,1180.15,966.45,85.61,113.56,0.5933,-1,-1,-1
72,4,1722.47,456.86,74.53,210.72,0.6192,-1,-1,-1
72,5,1357.09,569.02,82.26,218.29,0.6062,-1,-1,-1
72,6,11.03,738.32,73.16,230.03,0.7274,-1,-1,-1
72,8,488.91,193.82,82.06,196.18,0.5970,-1,-1,-1
72,18,998.17,188.66,59.03,178.74,0.5725,-1,-1,-1
72,13,488.91,193.82,81.91,196.16,0.5970,-1,-1,-1
72,19,380.41,903.18,110.93,176.75,0.7213,-1,-1,-1
72,11,780.55,147.87,82.27,222.14,0.3792,-1,-1,-1
72,15,843.79,169.42,52.88,176.20,0.3494,-1,-1,-1
73,1,404.20,327.63,85.18,226.34,0.7872,-1,-1,-1
73,2,102.00,545.04,76.20,250.23,0.7321,-1,-1,-1
73,3,1179.17,965.31,86.06,114.68,0.6094,-1,-1,-1
73,4,1722.72,456.28,74.57,212.54,0.6133,-1,-1,-1
73,5,1356.95,569.34,82.81,216.72,0.6160,-1,-1,-1
73,6,10.86,734.95,73.96,229.32,0.7478,-1,-1,-1
73,8,486.30,193.51,86.19,196.70,0.5927,-1,-1,-1
73,18,997.02,189.49,57.79,178.91,0.5500,-1,-1,-1
73,13,486.30,193.51,86.04,196.68,0.5927,-1,-1,-1
73,19,379.04,902.04,112.11,177.95,0.7151,-1,-1,-1
73,11,775.78,148.22,86.52,220.90,0.3039,-1,-1,-1
73,15,844.51,170.41,52.16,177.49,0.3473,-1,-1,-1
74,1,405.03,327.34,84.46,226.26,0.7842,-1,-1,-1
74,2,102.20,545.40,75.64,249.21,0.7220,-1,-1,-1
74,3,1178.09,964.89,86.99,115.11,0.6237,-1,-1,-1
74,4,1722.20,458.93,74.34,208.64,0.5958,-1,-1,-1
74,5,1356.63,569.55,82.89,215.52,0.6195,-1,-1,-1
74,6,10.88,732.38,74.61,226.50,0.7514,-1,-1,-1
74,8,485.08,194.74,88.31,195.47,0.5599,-1,-1,-1
74,18,997.46,190.09,55.54,180.56,0.5586,-1,-1,-1
74,13,485.09,194.74,88.18,195.46,0.5599,-1,-1,-1
74,19,378.72,900.32,112.16,179.71,0.6885,-1,-1,-1
74,11,771.68,147.56,91.00,222.30,0.2793,-1,-1,-1
74,15,844.48,171.28,53.08,179.09,0.3055,-1,-1,-1
75,1,405.21,326.72,84.38,226.67,0.7785,-1,-1,-1
75,2,101.92,545.18,75.51,249.47,0.7284,-1,-1,-1
75,3,1176.95,964.45,88.11,115.57,0.6363,-1,-1,-1
75,4,1722.19,457.67,74.40,211.07,0.6187,-1,-1,-1
75,5,1356.76,569.93,82.58,212.95,0.6548,-1,-1,-1
75,6,10.71,730.88,74.76,226.99,0.7486,-1,-1,-1
75,8,483.44,196.23,89.53,194.20,0.5708,-1,-1,-1
75,18,995.22,189.57,56.90,183.08,0.6141,-1,-1,-1
75,13,483.44,196.23,89.41,194.18,0.5708,-1,-1,-1
75,19,379.03,898.16,111.49,181.89,0.6778,-1,-1,-1
75,11,768.04,148.22,93.76,220.97,0.1341,-1,-1,-1
75,15,843.25,171.99,54.47,183.78,0.3013,-1,-1,-1
76,1,406.36,326.28,83.45,227.27,0.7724,-1,-1,-1
76,2,102.00,544.41,75.04,250.21,0.7220,-1,-1,-1
76,3,1176.45,963.86,88.58,116.12,0.6886,-1,-1,-1
76,4,1721.48,459.07,74.54,207.90,0.6303,-1,-1,-1
76,5,1356.34,570.39,83.01,212.54,0.6477,-1,-1,-1
76,6,10.85,729.11,74.45,229.54,0.7470,-1,-1,-1
76,8,485.17,199.23,88.05,192.00,0.5540,-1,-1,-1
76,18,994.17,189.40,57.26,182.49,0.5748,-1,-1,-1
76,13,485.18,199.24,87.94,191.99,0.5540,-1,-1,-1
76,19,380.21,895.29,109.48,184.69,0.6904,-1,-1,-1
76,11,764.30,148.68,95.35,221.16,0.1270,-1,-1,-1
76,15,842.15,172.65,54.71,184.88,0.2411,-1,-1,-1
77,1,406.97,325.20,83.39,228.78,0.7668,-1,-1,-1
77,2,102.12,544.22,74.22,250.34,0.7224,-1,-1,-1
77,3,1176.24,963.65,88.46,116.31,0.6972,-1,-1,-1
77,4,1721.23,458.92,74.64,206.70,0.6226,-1,-1,-1
77,5,1355.95,570.00,84.28,214.17,0.6321,-1,-1,-1
77,6,11.01,727.63,74.29,230.59,0.7515,-1,-1,-1
77,8,491.03,201.26,81.52,189.49,0.5687,-1,-1,-1
77,18,993.33,190.07,57.87,181.22,0.5922,-1,-1,-1
77,13,491.04,201.26,81.42,189.48,0.5687,-1,-1,-1
77,19,381.79,893.02,107.28,186.93,0.7466,-1,-1,-1
77,11,760.92,178.56,75.13,189.97,0.1012,-1,-1,-1
77,15,842.11,173.69,54.87,184.30,0.2409,-1,-1,-1
78,1,407.00,324.62,83.44,229.27,0.7694,-1,-1,-1
78,2,101.89,544.21,73.86,250.08,0.7233,-1,-1,-1
78,3,1175.99,963.07,88.49,116.92,0.7207,-1,-1,-1
78,4,1720.96,459.61,75.13,205.89,0.6372,-1,-1,-1
78,5,1355.56,571.07,85.02,214.34,0.6380,-1,-1,-1
78,6,10.88,726.52,75.46,232.87,0.7458,-1,-1,-1
78,8,490.81,204.35,79.49,187.11,0.6007,-1,-1,-1
78,18,993.70,189.37,56.84,181.31,0.5644,-1,-1,-1
78,13,490.82,204.35,79.40,187.10,0.6007,-1,-1,-1
78,19,382.52,890.74,105.69,189.28,0.7540,-1,-1,-1
78,15,842.00,173.97,54.67,185.74,0.1413,-1,-1,-1
79,1,407.89,324.28,82.61,230.11,0.7798,-1,-1,-1
79,2,102.03,544.92,73.49,248.89,0.7258,-1,-1,-1
79,3,1175.87,962.91,88.28,117.05,0.7240,-1,-1,-1
79,4,1720.87,458.92,74.91,206.44,0.6468,-1,-1,-1
79,5,1355.29,572.09,85.25,213.69,0.6071,-1,-1,-1
79,6,11.60,725.97,75.79,232.96,0.7472,-1,-1,-1
79,8,489.99,203.40,80.62,190.75,0.5841,-1,-1,-1
79,18,992.43,190.30,57.71,179.37,0.5754,-1,-1,-1
79,13,490.00,203.40,80.55,190.74,0.5841,-1,-1,-1
79,19,384.81,887.49,102.95,192.49,0.7680,-1,-1,-1
79,15,843.89,176.58,51.95,183.10,0.2234,-1,-1,-1
80,1,409.26,324.02,81.33,229.68,0.7780,-1,-1,-1
80,2,102.20,545.32,73.07,248.42,0.7273,-1,-1,-1
80,3,1175.24,962.35,88.38,117.60,0.7371,-1,-1,-1
80,4,1720.98,459.67,75.04,206.08,0.6344,-1,-1,-1
80,5,1355.99,572.20,85.70,215.93,0.5754,-1,-1,-1
80,6,12.36,724.95,76.59,233.73,0.7277,-1,-1,-1
80,8,491.07,203.71,79.94,193.28,0.5726,-1,-1,-1
80,18,991.10,190.48,58.21,182.80,0.6078,-1,-1,-1
80,13,491.07,203.71,79.88,193.27,0.5726,-1,-1,-1
80,19,386.43,882.94,101.01,197.00,0.7885,-1,-1,-1
80,15,844.47,177.57,50.36,183.29,0.2172,-1,-1,-1
81,1,410.00,323.65,80.59,228.15,0.7615,-1,-1,-1
81,2,102.54,545.03,72.35,248.48,0.7278,-1,-1,-1
81,3,1175.97,961.91,87.10,118.12,0.7442,-1,-1,-1
81,4,1721.35,459.43,74.90,206.29,0.6201,-1,-1,-1
81,5,1355.71,571.97,85.99,217.19,0.5507,-1,-1,-1
81,6,12.96,724.42,75.86,233.74,0.7207,-1,-1,-1
81,8,491.82,204.38,79.09,195.67,0.5467,-1,-1,-1
81,18,989.98,191.19,58.29,182.88,0.6100,-1,-1,-1
81,13,491.82,204.38,79.03,195.66,0.5467,-1,-1,-1
81,19,387.58,879.42,99.92,200.62,0.7855,-1,-1,-1
81,15,842.63,179.24,51.76,182.65,0.1893,-1,-1,-1
82,1,411.89,323.38,79.86,226.94,0.7528,-1,-1,-1
82,2,102.44,545.65,72.19,247.26,0.7279,-1,-1,-1
82,3,1175.91,961.39,86.01,118.62,0.7317,-1,-1,-1
82,4,1721.41,459.43,74.63,206.52,0.6201,-1,-1,-1
82,5,1355.78,572.02,85.92,217.53,0.5451,-1,-1,-1
82,6,13.50,722.14,76.89,235.72,0.7266,-1,-1,-1
82,8,493.85,206.66,77.34,195.12,0.5545,-1,-1,-1
82,18,988.81,191.18,57.81,183.24,0.6095,-1,-1,-1
82,13,493.85,206.66,77.29,195.11,0.5545,-1,-1,-1
82,19,387.24,875.83,100.97,204.19,0.7833,-1,-1,-1
82,15,841.73,179.77,52.13,182.74,0.2114,-1,-1,-1
83,1,412.22,322.06,80.83,226.36,0.7641,-1,-1,-1
83,2,102.09,545.71,72.26,247.34,0.7278,-1,-1,-1
83,3,1175.46,961.50,85.06,118.46,0.7057,-1,-1,-1
83,4,1721.89,459.66,73.94,205.30,0.6159,-1,-1,-1
83,5,1356.05,571.53,85.85,218.64,0.5500,-1,-1,-1
83,6,14.71,720.39,76.15,237.26,0.7177,-1,-1,-1
83,8,494.33,207.30,78.19,195.04,0.5793,-1,-1,-1
83,18,987.36,191.56,57.68,182.76,0.5994,-1,-1,-1
83,13,494.33,207.30,78.15,195.04,0.5793,-1,-1,-1
83,19,387.99,873.17,101.20,206.76,0.7796,-1,-1,-1
83,15,841.46,180.59,54.04,182.15,0.2132,-1,-1,-1
84,1,413.42,320.41,80.13,226.02,0.7627,-1,-1,-1
84,2,102.19,545.85,72.33,247.36,0.7183,-1,-1,-1
84,3,1174.85,961.33,84.62,118.62,0.7224,-1,-1,-1
84,4,1721.70,459.57,74.32,205.68,0.5940,-1,-1,-1
84,5,1356.24,571.93,85.53,217.25,0.5437,-1,-1,-1
84,6,14.67,718.64,75.72,239.13,0.7199,-1,-1,-1
84,8,495.63,208.33,77.47,196.22,0.5983,-1,-1,-1
84,18,986.11,191.87,57.50,182.46,0.6085,-1,-1,-1
84,13,495.63,208.33,77.43,196.21,0.5983,-1,-1,-1
84,19,388.34,870.81,101.94,209.13,0.7700,-1,-1,-1
84,15,840.11,180.86,54.93,182.83,0.2314,-1,-1,-1
84,10,793.94,148.88,55.44,170.36,0.3684,-1,-1,-1
85,1,413.73,318.81,81.23,224.87,0.7575,-1,-1,-1
85,2,101.95,545.25,72.80,248.64,0.7187,-1,-1,-1
85,3,1174.53,961.31,84.06,118.65,0.7154,-1,-1,-1
85,4,1721.26,460.27,74.88,205.66,0.5994,-1,-1,-1
85,5,1356.54,572.61,85.98,220.55,0.4904,-1,-1,-1
85,6,15.92,717.55,76.35,240.12,0.7212,-1,-1,-1
85,8,496.11,209.31,77.41,195.41,0.5914,-1,-1,-1
85,18,983.73,191.01,58.90,184.38,0.5486,-1,-1,-1
85,13,496.11,209.31,77.37,195.41,0.5914,-1,-1,-1
85,19,388.81,868.83,102.38,211.14,0.7789,-1,-1,-1
85,15,838.74,181.21,55.73,184.18,0.2692,-1,-1,-1
85,10,793.59,149.02,55.02,171.70,0.3151,-1,-1,-1
86,1,414.49,317.57,81.41,222.37,0.7630,-1,-1,-1
86,2,102.01,545.86,73.15,247.70,0.7209,-1,-1,-1
86,3,1173.04,961.07,84.92,118.91,0.7081,-1,-1,-1
86,4,1721.75,458.30,75.03,208.56,0.6081,-1,-1,-1
86,5,1357.16,573.60,85.30,215.86,0.5336,-1,-1,-1
86,6,17.17,716.05,75.99,236.83,0.7461,-1,-1,-1
86,8,496.31,209.39,78.08,197.22,0.6102,-1,-1,-1
86,18,981.24,191.36,60.13,184.93,0.4825,-1,-1,-1
86,13,496.31,209.39,78.05,197.21,0.6102,-1,-1,-1
86,19,389.42,866.41,102.60,213.60,0.7884,-1,-1,-1
86,15,836.98,180.95,57.53,185.79,0.2954,-1,-1,-1
86,10,793.20,149.13,55.82,173.40,0.3062,-1,-1,-1
87,1,414.41,316.65,83.20,220.80,0.7753,-1,-1,-1
87,2,102.03,545.72,73.43,247.32,0.7339,-1,-1,-1
87,3,1173.06,960.66,83.81,119.31,0.7056,-1,-1,-1
87,4,1721.37,459.68,74.66,207.17,0.6337,-1,-1,-1
87,5,1357.11,573.73,84.50,215.37,0.5166,-1,-1,-1
87,6,18.69,713.96,74.73,228.92,0.7605,-1,-1,-1
87,8,496.11,210.04,79.64,196.28,0.6204,-1,-1,-1
87,18,979.15,191.80,61.61,182.23,0.4578,-1,-1,-1
87,13,496.11,210.04,79.62,196.27,0.6204,-1,-1,-1
87,19,389.82,864.37,103.41,215.60,0.7884,-1,-1,-1
87,15,835.55,180.20,60.19,188.20,0.3396,-1,-1,-1
87,10,792.42,148.98,56.75,174.49,0.3228,-1,-1,-1
87,11,746.56,187.03,52.61,178.37,0.4062,-1,-1,-1
88,1,414.20,315.48,84.47,220.10,0.7855,-1,-1,-1
88,2,102.03,546.10,73.52,246.57,0.7177,-1,-1,-1
88,3,1171.41,960.24,84.02,119.71,0.7422,-1,-1,-1
88,4,1720.90,460.04,74.82,206.56,0.6468,-1,-1,-1
88,5,1357.25,573.12,84.26,215.86,0.5495,-1,-1,-1
88,6,18.68,710.80,74.95,226.76,0.7287,-1,-1,-1
88,8,496.98,209.83,80.86,197.49,0.6166,-1,-1,-1
88,18,976.98,191.31,63.01,185.46,0.4209,-1,-1,-1
88,13,496.98,209.83,80.84,197.49,0.6166,-1,-1,-1
88,19,390.24,862.06,104.87,217.89,0.8054,-1,-1,-1
88,15,834.92,179.87,61.71,188.89,0.2770,-1,-1,-1
88,10,792.09,149.85,56.70,172.44,0.3240,-1,-1,-1
88,11,742.92,187.32,54.95,177.15,0.3602,-1,-1,-1
89,1,414.24,314.00,84.70,219.91,0.7766,-1,-1,-1
89,2,101.97,546.27,73.54,245.81,0.7233,-1,-1,-1
89,3,1171.09,959.80,82.18,120.11,0.7522,-1,-1,-1
89,4,1720.33,459.33,74.92,207.19,0.6361,-1,-1,-1
89,5,1357.19,573.62,84.44,217.38,0.5392,-1,-1,-1
89,6,18.32,706.54,76.27,227.22,0.7358,-1,-1,-1
89,8,497.45,208.87,82.48,199.01,0.6147,-1,-1,-1
89,18,975.56,192.91,63.80,185.18,0.4931,-1,-1,-1
89,13,497.45,208.87,82.46,199.01,0.6147,-1,-1,-1
89,19,391.30,860.92,104.18,219.04,0.8131,-1,-1,-1
89,15,834.17,174.70,58.23,190.33,0.2415,-1,-1,-1
89,10,791.42,150.02,55.98,173.58,0.2970,-1,-1,-1
89,11,738.24,188.58,58.64,176.20,0.2844,-1,-1,-1
90,1,414.84,312.60,84.47,220.13,0.7463,-1,-1,-1
90,2,101.74,546.59,73.73,245.32,0.7134,-1,-1,-1
90,3,1170.55,958.84,81.21,121.15,0.7640,-1,-1,-1
90,4,1720.37,459.40,74.59,206.85,0.6227,-1,-1,-1
90,5,1356.96,573.31,83.43,216.75,0.5371,-1,-1,-1
90,6,19.84,704.12,74.98,227.52,0.7339,-1,-1,-1
90,8,498.64,207.99,83.74,199.08,0.5991,-1,-1,-1
90,18,974.18,194.73,64.71,184.89,0.4124,-1,-1,-1
90,13,498.64,207.99,83.72,199.08,0.5991,-1,-1,-1
90,19,392.29,859.65,103.25,220.37,0.8173,-1,-1,-1
90,15,833.06,174.09,55.91,189.64,0.2754,-1,-1,-1
90,10,791.05,150.25,56.11,175.49,0.2614,-1,-1,-1
90,11,731.85,189.89,65.85,174.42,0.2119,-1,-1,-1
91,1,416.00,311.19,82.98,222.01,0.7442,-1,-1,-1
91,2,102.00,546.88,73.65,244.81,0.7042,-1,-1,-1
91,3,1169.52,957.64,80.81,122.35,0.7737,-1,-1,-1
91,4,1720.20,460.01,74.62,206.66,0.6289,-1,-1,-1
91,5,1356.84,572.41,83.69,219.07,0.5257,-1,-1,-1
91,6,21.01,701.19,74.21,226.93,0.7229,-1,-1,-1
91,8,500.98,208.51,80.62,199.27,0.5637,-1,-1,-1
91,18,973.63,193.94,63.74,184.26,0.3692,-1,-1,-1
91,13,500.98,208.51,80.60,199.27,0.5637,-1,-1,-1
91,19,392.24,857.65,103.94,222.37,0.8023,-1,-1,-1
91,15,832.39,173.84,56.74,190.21,0.2232,-1,-1,-1
91,10,791.31,149.70,55.65,186.11,0.2685,-1,-1,-1
91,11,732.76,191.12,62.10,173.50,0.1596,-1,-1,-1
92,1,416.67,310.66,82.68,223.24,0.7394,-1,-1,-1
92,2,102.14,546.80,73.47,244.90,0.7011,-1,-1,-1
92,3,1169.02,956.99,79.46,123.01,0.7608,-1,-1,-1
92,4,1720.57,460.02,74.53,206.78,0.6310,-1,-1,-1
92,5,1357.15,572.37,83.13,216.97,0.5328,-1,-1,-1
92,6,22.16,697.44,72.79,228.62,0.7176,-1,-1,-1
92,8,500.65,211.28,79.96,196.62,0.5911,-1,-1,-1
92,18,972.37,195.38,63.38,183.38,0.3984,-1,-1,-1
92,13,500.65,211.28,79.94,196.62,0.5911,-1,-1,-1
92,19,392.75,854.61,103.02,225.41,0.7953,-1,-1,-1
92,15,831.02,175.82,57.54,188.85,0.1696,-1,-1,-1
92,10,791.89,148.10,54.52,193.33,0.2663,-1,-1,-1
92,11,730.87,191.63,58.58,173.75,0.1617,-1,-1,-1
93,1,417.17,309.72,82.51,224.41,0.7306,-1,-1,-1
93,2,102.19,547.00,73.08,244.73,0.6920,-1,-1,-1
93,3,1168.20,956.63,78.54,123.38,0.7792,-1,-1,-1
93,4,1720.65,460.03,74.66,206.50,0.6208,-1,-1,-1
93,5,1357.00,572.06,82.84,216.64,0.5182,-1,-1,-1
93,6,23.33,697.25,71.62,226.32,0.7093,-1,-1,-1
93,8,501.48,210.00,79.26,198.06,0.5532,-1,-1,-1
93,18,972.33,195.46,62.51,185.61,0.3527,-1,-1,-1
93,13,501.48,210.00,79.25,198.05,0.5532,-1,-1,-1
93,19,393.62,851.37,102.82,228.65,0.8024,-1,-1,-1
93,15,828.91,178.64,57.31,188.33,0.1152,-1,-1,-1
93,10,792.13,147.79,53.75,194.21,0.2299,-1,-1,-1
93,11,730.29,191.82,54.34,173.51,0.1723,-1,-1,-1
94,1,417.24,309.10,82.48,224.83,0.7310,-1,-1,-1
94,2,102.11,547.25,73.47,244.57,0.6883,-1,-1,-1
94,3,1167.40,955.74,77.18,124.30,0.7913,-1,-1,-1
94,4,1721.29,460.12,74.49,206.88,0.6233,-1,-1,-1
94,5,1356.94,572.30,83.30,217.09,0.4741,-1,-1,-1
94,6,23.69,696.75,70.99,225.06,0.7143,-1,-1,-1
94,8,501.51,210.93,78.17,198.87,0.5256,-1,-1,-1
94,18,971.65,196.78,62.20,186.04,0.3334,-1,-1,-1
94,13,501.52,210.93,78.16,198.87,0.5256,-1,-1,-1
94,19,394.22,849.08,102.73,231.03,0.7916,-1,-1,-1
94,15,827.03,182.55,57.10,185.94,0.1390,-1,-1,-1
94,10,791.48,148.30,54.28,192.74,0.2225,-1,-1,-1
94,11,728.42,193.00,48.71,170.97,0.1492,-1,-1,-1
95,1,416.85,308.01,82.75,226.25,0.7427,-1,-1,-1
95,2,101.98,547.21,73.67,244.33,0.6853,-1,-1,-1
95,3,1165.90,954.15,77.31,125.85,0.7874,-1,-1,-1
95,4,1721.59,460.06,73.69,206.92,0.6117,-1,-1,-1
95,5,1356.85,573.28,83.34,216.49,0.4456,-1,-1,-1
95,6,25.12,695.85,69.51,225.73,0.7151,-1,-1,-1
95,8,503.05,212.71,76.74,199.23,0.4969,-1,-1,-1
95,18,970.83,197.33,61.86,187.85,0.3203,-1,-1,-1
95,13,503.05,212.71,76.73,199.23,0.4969,-1,-1,-1
95,19,395.08,844.67,101.55,235.37,0.7974,-1,-1,-1
95,15,825.22,183.44,59.28,183.60,0.1668,-1,-1,-1
95,10,790.05,149.41,56.71,200.11,0.1732,-1,-1,-1
96,1,417.57,307.22,83.60,226.87,0.7600,-1,-1,-1
96,2,101.83,547.06,73.63,243.97,0.6778,-1,-1,-1
96,3,1164.94,953.28,76.18,126.72,0.7955,-1,-1,-1
96,4,1721.57,459.35,73.66,207.03,0.6219,-1,-1,-1
96,5,1356.85,573.37,84.23,219.89,0.4978,-1,-1,-1
96,6,26.04,694.06,68.57,228.13,0.7193,-1,-1,-1
96,8,506.45,212.28,77.91,202.78,0.5504,-1,-1,-1
96,18,968.87,199.11,61.39,189.60,0.4080,-1,-1,-1
96,13,506.45,212.28,77.91,202.78,0.5504,-1,-1,-1
96,19,395.37,841.63,100.83,238.41,0.8076,-1,-1,-1
96,15,823.09,185.13,58.33,184.05,0.2341,-1,-1,-1
96,10,790.25,150.32,57.07,207.36,0.1545,-1,-1,-1
97,1,417.64,306.64,83.41,227.32,0.7582,-1,-1,-1
97,2,101.88,547.09,73.52,244.58,0.6833,-1,-1,-1
97,3,1163.58,951.88,75.14,128.14,0.7830,-1,-1,-1
97,4,1721.75,459.40,73.94,207.56,0.6386,-1,-1,-1
97,5,1356.64,572.75,83.95,221.07,0.5215,-1,-1,-1
97,6,25.84,692.96,68.80,228.54,0.7185,-1,-1,-1
97,8,509.08,213.30,75.82,204.11,0.5288,-1,-1,-1
97,18,966.81,199.50,61.25,190.69,0.3787,-1,-1,-1
97,13,509.08,213.30,75.81,204.11,0.5288,-1,-1,-1
97,19,395.60,840.55,99.00,239.52,0.8020,-1,-1,-1
97,15,820.64,184.99,59.98,186.36,0.1790,-1,-1,-1
97,10,789.78,145.97,58.89,207.50,0.1315,-1,-1,-1
98,1,418.20,305.31,82.93,228.70,0.7627,-1,-1,-1
98,2,101.74,546.90,73.51,244.66,0.6731,-1,-1,-1
98,3,1161.53,949.88,75.68,130.13,0.7766,-1,-1,-1
98,4,1721.92,456.83,73.92,210.41,0.6372,-1,-1,-1
98,5,1357.00,573.06,82.46,219.13,0.5183,-1,-1,-1
98,6,26.02,692.30,68.81,229.04,0.7197,-1,-1,-1
98,8,510.80,214.19,73.93,204.65,0.5613,-1,-1,-1
98,18,964.82,199.85,61.87,190.56,0.4792,-1,-1,-1
98,13,510.80,214.19,73.92,204.65,0.5613,-1,-1,-1
98,19,395.40,838.73,97.61,241.31,0.8025,-1,-1,-1
98,15,819.37,187.34,58.97,185.98,0.1746,-1,-1,-1
99,1,418.61,304.86,83.21,228.86,0.7623,-1,-1,-1
99,2,101.68,546.60,73.54,245.01,0.6740,-1,-1,-1
99,3,1159.89,947.25,76.26,132.76,0.7661,-1,-1,-1
99,4,1722.12,458.49,73.66,208.98,0.6248,-1,-1,-1
99,5,1357.06,573.46,82.03,215.02,0.5439,-1,-1,-1
99,6,26.59,691.64,68.90,228.99,0.7220,-1,-1,-1
99,8,512.52,214.62,71.62,204.73,0.5247,-1,-1,-1
99,18,962.95,200.44,61.71,190.12,0.4278,-1,-1,-1
99,13,512.52,214.62,71.62,204.73,0.5247,-1,-1,-1
99,19,395.07,834.76,97.08,245.27,0.8040,-1,-1,-1
99,15,817.97,191.02,57.63,184.33,0.1003,-1,-1,-1
100,1,419.53,303.47,83.07,229.32,0.7518,-1,-1,-1
100,2,101.85,545.61,73.17,247.43,0.6635,-1,-1,-1
100,3,1158.86,946.17,75.13,133.86,0.7549,-1,-1,-1
100,4,1721.97,459.16,73.70,208.29,0.6092,-1,-1,-1
100,5,1356.93,574.00,82.15,214.48,0.5219,-1,-1,-1
100,6,26.82,690.10,69.77,229.66,0.7321,-1,-1,-1
100,8,512.08,214.24,70.68,206.50,0.4418,-1,-1,-1
100,18,961.50,201.43,60.89,188.94,0.4511,-1,-1,-1
100,13,512.08,214.24,70.67,206.50,0.4418,-1,-1,-1
100,19,394.18,831.98,96.96,248.05,0.7951,-1,-1,-1
101,1,419.92,302.34,83.38,229.57,0.7660,-1,-1,-1
101,2,102.01,545.21,73.16,248.28,0.6691,-1,-1,-1
101,3,1157.34,945.38,74.68,134.16,0.7602,-1,-1,-1
101,4,1721.80,459.54,74.02,208.03,0.6193,-1,-1,-1
101,5,1356.87,574.38,82.31,214.50,0.5131,-1,-1,-1
101,6,28.00,688.03,69.65,227.32,0.7360,-1,-1,-1
101,8,512.22,216.24,71.22,207.39,0.5113,-1,-1,-1
101,18,960.20,202.06,60.40,185.28,0.4394,-1,-1,-1
101,13,512.22,216.24,71.21,207.39,0.5113,-1,-1,-1
101,19,392.57,830.05,97.50,249.97,0.7904,-1,-1,-1
101,21,1167.55,162.91,85.00,160.60,0.3462,-1,-1,-1
102,1,420.62,300.37,82.80,229.81,0.7644,-1,-1,-1
102,2,102.27,544.76,73.23,248.66,0.6745,-1,-1,-1
102,3,1156.16,944.14,73.37,134.80,0.7409,-1,-1,-1
102,4,1721.93,459.95,73.57,207.37,0.6224,-1,-1,-1
102,5,1356.88,574.37,82.47,216.41,0.5021,-1,-1,-1
102,6,28.34,685.48,69.92,224.79,0.7533,-1,-1,-1
102,8,512.53,217.23,71.74,207.60,0.5148,-1,-1,-1
102,18,957.78,203.22,60.60,183.98,0.4930,-1,-1,-1
102,13,512.53,217.23,71.74,207.60,0.5148,-1,-1,-1
102,19,390.99,827.23,98.60,252.75,0.7981,-1,-1,-1
102,21,1167.89,157.48,79.30,166.49,0.2630,-1,-1,-1
103,1,420.61,299.18,82.70,228.54,0.7478,-1,-1,-1
103,2,102.34,544.73,73.12,249.16,0.6718,-1,-1,-1
103,3,1154.69,941.74,72.36,136.98,0.7410,-1,-1,-1
103,4,1721.35,459.93,74.19,206.80,0.6110,-1,-1,-1
103,5,1357.21,574.03,82.79,217.78,0.4881,-1,-1,-1
103,6,30.23,684.20,69.23,220.93,0.7641,-1,-1,-1
103,8,511.87,217.01,73.38,209.64,0.5130,-1,-1,-1
103,18,954.88,201.55,60.95,184.74,0.4965,-1,-1,-1
103,13,511.87,217.01,73.37,209.64,0.5130,-1,-1,-1
103,19,389.17,825.40,100.21,254.64,0.7944,-1,-1,-1
103,21,1168.26,154.86,73.47,168.50,0.2512,-1,-1,-1
104,1,421.11,298.90,81.75,225.66,0.7410,-1,-1,-1
104,2,102.62,544.13,72.99,249.98,0.6567,-1,-1,-1
104,3,1152.48,941.28,71.21,137.41,0.7273,-1,-1,-1
104,4,1721.55,459.41,73.43,206.80,0.6162,-1,-1,-1
104,5,1357.27,574.27,83.04,218.71,0.4486,-1,-1,-1
104,6,32.10,682.16,68.43,220.02,0.7643,-1,-1,-1
104,8,512.59,216.85,75.62,209.98,0.5278,-1,-1,-1
104,18,952.86,201.65,60.90,184.83,0.4648,-1,-1,-1
104,13,512.59,216.85,75.61,209.98,0.5278,-1,-1,-1
104,19,387.53,822.77,101.50,257.22,0.8052,-1,-1,-1
104,21,1167.80,153.69,67.98,167.88,0.2354,-1,-1,-1
105,1,420.91,298.14,82.22,220.98,0.7366,-1,-1,-1
105,2,102.78,544.28,73.13,249.84,0.6829,-1,-1,-1
105,3,1151.05,940.47,69.82,137.77,0.7222,-1,-1,-1
105,4,1721.28,458.96,74.27,206.94,0.6148,-1,-1,-1
105,5,1357.13,574.25,84.73,224.00,0.4627,-1,-1,-1
105,6,34.65,680.91,67.98,221.26,0.7763,-1,-1,-1
105,8,514.14,220.25,74.19,206.38,0.5061,-1,-1,-1
105,18,950.84,201.24,60.67,186.55,0.4982,-1,-1,-1
105,13,514.14,220.25,74.19,206.38,0.5061,-1,-1,-1
105,19,386.83,821.02,101.99,258.96,0.8103,-1,-1,-1
105,21,1165.97,153.39,67.04,168.57,0.2125,-1,-1,-1
106,1,421.39,297.03,81.77,217.04,0.7385,-1,-1,-1
106,2,102.99,545.37,73.16,248.92,0.6617,-1,-1,-1
106,3,1149.85,939.70,68.87,138.82,0.7098,-1,-1,-1
106,4,1721.33,459.54,74.00,206.77,0.6220,-1,-1,-1
106,5,1357.18,574.40,83.08,220.57,0.4964,-1,-1,-1
106,6,35.83,679.68,69.96,222.16,0.7827,-1,-1,-1
106,8,514.29,220.15,73.73,205.91,0.4992,-1,-1,-1
106,18,949.11,201.44,60.00,186.36,0.5160,-1,-1,-1
106,13,514.29,220.15,73.72,205.91,0.4992,-1,-1,-1
106,19,385.78,819.05,102.41,260.95,0.8043,-1,-1,-1
106,21,1165.54,152.51,63.95,169.34,0.2378,-1,-1,-1
107,1,421.15,295.75,81.70,215.78,0.7489,-1,-1,-1
107,2,103.18,545.93,73.23,249.01,0.6631,-1,-1,-1
107,3,1147.83,938.35,69.86,140.29,0.7247,-1,-1,-1
107,4,1721.03,459.57,74.29,206.77,0.6308,-1,-1,-1
107,5,1356.94,574.36,84.39,222.77,0.4665,-1,-1,-1
107,6,36.34,678.79,74.46,222.23,0.7871,-1,-1,-1
107,8,514.41,222.98,72.71,202.96,0.5120,-1,-1,-1
107,18,948.74,203.74,58.88,186.52,0.5247,-1,-1,-1
107,13,514.41,222.98,72.71,202.96,0.5120,-1,-1,-1
107,19,385.49,817.57,101.55,262.39,0.8076,-1,-1,-1
107,21,1164.90,152.95,59.81,167.51,0.2947,-1,-1,-1
108,1,421.05,294.38,81.87,216.03,0.7383,-1,-1,-1
108,2,103.15,545.87,73.68,250.18,0.6416,-1,-1,-1
108,3,1145.88,937.73,70.49,140.58,0.7298,-1,-1,-1
108,4,1720.88,459.18,74.33,207.02,0.6401,-1,-1,-1
108,5,1356.88,574.92,85.09,221.98,0.4991,-1,-1,-1
108,6,37.18,676.96,78.98,224.09,0.8082,-1,-1,-1
108,8,515.41,223.84,69.21,202.32,0.4524,-1,-1,-1
108,18,946.44,205.11,59.92,188.63,0.5481,-1,-1,-1
108,13,515.41,223.84,69.21,202.32,0.4524,-1,-1,-1
108,19,385.57,815.95,100.81,263.96,0.8065,-1,-1,-1
108,21,1163.10,152.68,56.74,169.10,0.3970,-1,-1,-1
109,1,420.06,293.78,83.23,216.04,0.7413,-1,-1,-1
109,2,103.11,545.61,73.50,251.33,0.6548,-1,-1,-1
109,3,1143.88,936.95,70.91,141.93,0.7533,-1,-1,-1
109,4,1721.54,458.82,73.31,206.51,0.6151,-1,-1,-1
109,5,1356.65,575.45,83.62,218.13,0.5245,-1,-1,-1
109,6,38.21,675.99,79.06,225.07,0.8145,-1,-1,-1
109,8,515.88,225.17,67.72,201.14,0.4467,-1,-1,-1
109,18,945.32,204.97,59.37,188.40,0.6071,-1,-1,-1
109,13,515.88,225.17,67.72,201.14,0.4467,-1,-1,-1
109,19,385.55,811.92,100.05,268.03,0.8131,-1,-1,-1
109,21,1161.33,152.73,55.81,168.12,0.3705,-1,-1,-1
110,1,419.63,291.79,84.26,217.83,0.7467,-1,-1,-1
110,2,103.08,545.07,73.58,253.85,0.6552,-1,-1,-1
110,3,1141.17,936.55,72.00,142.87,0.7566,-1,-1,-1
110,4,1721.47,459.24,73.56,207.47,0.6224,-1,-1,-1
110,5,1356.68,576.05,84.14,218.09,0.5024,-1,-1,-1
110,6,39.09,673.78,85.82,225.97,0.7994,-1,-1,-1
110,8,514.83,227.14,65.13,198.87,0.4354,-1,-1,-1
110,18,944.49,205.84,58.02,187.24,0.6181,-1,-1,-1
110,13,514.83,227.14,65.13,198.87,0.4354,-1,-1,-1
110,19,385.99,806.82,98.75,273.12,0.8169,-1,-1,-1
110,21,1158.78,150.45,56.76,172.35,0.3678,-1,-1,-1
111,1,419.88,289.40,84.76,220.83,0.7341,-1,-1,-1
111,2,102.85,544.79,73.46,255.06,0.6583,-1,-1,-1
111,3,1138.70,935.86,72.77,143.92,0.7606,-1,-1,-1
111,4,1721.79,457.11,73.49,209.67,0.5936,-1,-1,-1
111,5,1356.78,575.95,82.46,214.46,0.5081,-1,-1,-1
111,6,40.92,671.68,89.42,226.16,0.7702,-1,-1,-1
111,8,516.02,227.77,70.68,199.07,0.5173,-1,-1,-1
111,18,942.76,206.81,58.78,187.11,0.6484,-1,-1,-1
111,13,516.02,227.77,70.68,199.07,0.5173,-1,-1,-1
111,19,387.15,802.29,97.67,277.66,0.8207,-1,-1,-1
111,21,1155.17,149.63,55.71,171.14,0.3393,-1,-1,-1
112,1,419.49,288.01,84.97,222.31,0.7348,-1,-1,-1
112,2,103.11,544.81,72.91,255.14,0.6414,-1,-1,-1
112,3,1137.80,934.82,72.48,145.15,0.7561,-1,-1,-1
112,4,1721.96,456.61,73.67,210.45,0.6127,-1,-1,-1
112,5,1357.19,575.38,81.53,212.45,0.5605,-1,-1,-1
112,6,43.24,670.36,90.27,226.04,0.7174,-1,-1,-1
112,8,517.24,230.51,72.73,198.21,0.5553,-1,-1,-1
112,18,940.91,208.95,59.20,185.75,0.6367,-1,-1,-1
112,13,517.24,230.51,72.73,198.21,0.5553,-1,-1,-1
112,19,388.19,799.79,96.47,277.50,0.8148,-1,-1,-1
112,21,1151.97,149.38,57.65,169.72,0.4271,-1,-1,-1
113,1,420.00,287.05,85.14,223.56,0.7437,-1,-1,-1
113,2,103.56,545.37,72.25,252.98,0.6696,-1,-1,-1
113,3,1135.40,934.27,73.38,145.77,0.7561,-1,-1,-1
113,4,1721.83,459.04,73.76,207.13,0.6321,-1,-1,-1
113,5,1356.86,575.43,82.93,215.24,0.5355,-1,-1,-1
113,6,45.51,669.87,83.99,225.36,0.6615,-1,-1,-1
113,8,518.01,232.92,73.22,198.12,0.5480,-1,-1,-1
113,18,940.04,210.01,58.34,185.38,0.6518,-1,-1,-1
113,13,518.01,232.92,73.22,198.12,0.5480,-1,-1,-1
113,19,388.37,797.46,95.94,274.42,0.8059,-1,-1,-1
113,21,1147.60,149.91,61.11,167.92,0.4302,-1,-1,-1
114,1,419.80,286.04,86.60,223.38,0.7351,-1,-1,-1
114,2,103.68,545.40,72.10,251.90,0.6596,-1,-1,-1
114,3,1133.31,933.41,73.32,146.60,0.7547,-1,-1,-1
114,4,1721.79,457.18,73.71,209.59,0.6197,-1,-1,-1
114,5,1356.92,575.35,82.29,215.18,0.5363,-1,-1,-1
114,6,47.91,668.09,82.97,225.94,0.6566,-1,-1,-1
114,8,519.31,234.90,74.01,200.17,0.5681,-1,-1,-1
114,18,937.56,209.90,58.49,185.54,0.6028,-1,-1,-1
114,13,519.31,234.90,74.01,200.17,0.5681,-1,-1,-1
114,19,388.90,794.27,95.72,272.52,0.8079,-1,-1,-1
114,21,1137.17,149.61,70.38,167.63,0.3072,-1,-1,-1
115,1,420.10,286.20,86.92,222.77,0.7587,-1,-1,-1
115,2,103.94,545.35,71.55,252.83,0.6313,-1,-1,-1
115,3,1129.84,933.46,74.96,146.55,0.7633,-1,-1,-1
115,4,1721.63,456.88,74.24,210.47,0.6517,-1,-1,-1
115,5,1356.99,575.06,82.66,214.30,0.5490,-1,-1,-1
115,6,52.19,666.08,82.19,226.93,0.6841,-1,-1,-1
115,8,521.09,236.40,74.73,201.02,0.6077,-1,-1,-1
115,18,936.88,210.57,57.49,184.32,0.6124,-1,-1,-1
115,13,521.09,236.40,74.73,201.02,0.6077,-1,-1,-1
115,19,389.21,790.92,97.18,271.09,0.8049,-1,-1,-1
115,21,1125.69,148.62,79.58,169.34,0.2876,-1,-1,-1
116,1,419.71,285.49,87.21,223.42,0.7554,-1,-1,-1
116,2,103.63,546.09,70.99,249.10,0.5932,-1,-1,-1
116,3,1127.06,933.79,75.17,146.18,0.7660,-1,-1,-1
116,4,1721.65,459.37,73.94,207.77,0.6297,-1,-1,-1
116,5,1356.62,574.99,83.51,216.86,0.5442,-1,-1,-1
116,6,57.68,664.71,78.32,222.87,0.6925,-1,-1,-1
116,8,520.69,236.12,74.69,202.45,0.5904,-1,-1,-1
116,18,935.12,211.14,58.13,182.91,0.5616,-1,-1,-1
116,13,520.69,236.12,74.69,202.45,0.5904,-1,-1,-1
116,19,390.25,788.21,98.16,272.47,0.8108,-1,-1,-1
116,21,1118.65,149.22,83.94,169.38,0.3418,-1,-1,-1
116,23,475.20,153.61,60.43,177.53,0.3677,-1,-1,-1
117,1,419.79,285.01,87.08,223.80,0.7546,-1,-1,-1
117,2,103.42,545.97,70.80,246.16,0.5549,-1,-1,-1
117,3,1124.53,933.90,75.77,145.67,0.7593,-1,-1,-1
117,4,1721.40,459.57,74.14,207.01,0.6431,-1,-1,-1
117,5,1356.21,575.67,84.46,220.07,0.5567,-1,-1,-1
117,6,65.24,664.31,75.05,218.34,0.7182,-1,-1,-1
117,8,520.67,236.50,74.38,203.28,0.5523,-1,-1,-1
117,18,934.15,211.14,56.82,181.18,0.5329,-1,-1,-1
117,13,520.67,236.50,74.38,203.28,0.5523,-1,-1,-1
117,19,390.29,786.54,99.40,272.65,0.8087,-1,-1,-1
117,21,1110.81,147.29,88.79,172.40,0.3494,-1,-1,-1
117,23,475.77,155.69,59.96,176.73,0.2546,-1,-1,-1
118,1,420.50,284.65,86.10,223.83,0.7446,-1,-1,-1
118,2,100.35,545.36,73.76,246.43,0.5335,-1,-1,-1
118,3,1121.50,933.88,77.22,145.82,0.7776,-1,-1,-1
118,4,1721.46,459.80,73.96,206.61,0.6523,-1,-1,-1
118,5,1356.45,575.97,83.92,216.02,0.5140,-1,-1,-1
118,6,70.87,665.49,71.99,213.28,0.6107,-1,-1,-1
118,8,520.38,235.97,74.53,206.18,0.5837,-1,-1,-1
118,18,930.87,211.43,58.43,182.77,0.5609,-1,-1,-1
118,13,520.38,235.97,74.53,206.18,0.5837,-1,-1,-1
118,19,390.29,784.82,100.87,275.30,0.7998,-1,-1,-1
118,21,1107.22,146.72,89.75,173.21,0.3865,-1,-1,-1
118,23,477.11,161.87,57.93,168.20,0.1742,-1,-1,-1
119,1,420.63,284.39,85.63,223.79,0.7466,-1,-1,-1
119,2,99.36,546.09,74.91,252.79,0.5138,-1,-1,-1
119,3,1118.30,933.98,78.06,145.97,0.7949,-1,-1,-1
119,4,1720.93,459.68,74.78,206.77,0.6540,-1,-1,-1
119,5,1356.73,575.85,83.53,217.21,0.4828,-1,-1,-1
119,6,76.06,667.89,71.95,209.59,0.5400,-1,-1,-1
119,8,520.34,237.17,73.26,207.07,0.6031,-1,-1,-1
119,18,930.29,210.97,56.79,184.98,0.5357,-1,-1,-1
119,13,520.34,237.17,73.26,207.07,0.6031,-1,-1,-1
119,19,391.76,783.55,100.62,275.23,0.8012,-1,-1,-1
119,21,1103.93,145.86,91.43,174.75,0.4330,-1,-1,-1
119,23,478.32,161.78,56.28,169.34,0.3114,-1,-1,-1
120,1,420.90,283.82,85.16,224.35,0.7468,-1,-1,-1
120,2,99.11,545.62,75.12,255.87,0.5082,-1,-1,-1
120,3,1114.77,933.52,78.71,146.47,0.7978,-1,-1,-1
120,4,1720.87,459.85,75.03,206.86,0.6276,-1,-1,-1
120,5,1356.51,576.99,83.26,213.52,0.4812,-1,-1,-1
120,6,81.03,666.53,69.75,207.77,0.5924,-1,-1,-1
120,8,520.97,239.87,71.83,203.97,0.5786,-1,-1,-1
120,18,929.09,211.20,56.73,186.11,0.5363,-1,-1,-1
120,13,520.97,239.87,71.83,203.97,0.5786,-1,-1,-1
120,19,392.46,782.27,100.65,275.35,0.8033,-1,-1,-1
120,21,1101.66,145.85,92.69,174.61,0.4382,-1,-1,-1
120,23,478.21,162.67,55.54,163.13,0.2519,-1,-1,-1
121,1,421.11,282.23,84.36,225.02,0.7512,-1,-1,-1
121,2,99.78,544.93,74.60,248.95,0.4923,-1,-1,-1
121,3,1110.98,932.86,79.73,147.16,0.7761,-1,-1,-1
121,4,1721.49,457.08,74.30,209.92,0.6353,-1,-1,-1
121,5,1356.50,576.32,82.87,213.00,0.5522,-1,-1,-1
121,6,82.05,664.45,71.67,210.11,0.6927,-1,-1,-1
121,8,521.81,242.33,68.85,200.84,0.5770,-1,-1,-1
121,18,927.06,211.40,57.30,186.72,0.4909,-1,-1,-1
121,13,521.81,242.33,68.85,200.84,0.5770,-1,-1,-1
121,19,392.82,780.20,100.99,276.63,0.8022,-1,-1,-1
121,21,1102.00,145.63,88.88,174.03,0.4002,-1,-1,-1
121,23,479.03,165.59,54.42,162.35,0.3195,-1,-1,-1
122,1,421.32,281.19,84.14,223.95,0.7521,-1,-1,-1
122,2,101.46,545.97,72.05,221.55,0.4591,-1,-1,-1
122,3,1107.05,932.37,80.46,147.64,0.7837,-1,-1,-1
122,4,1720.68,458.82,75.22,208.00,0.6479,-1,-1,-1
122,5,1356.62,576.18,83.75,215.56,0.4780,-1,-1,-1
122,6,84.29,661.76,74.83,212.54,0.6641,-1,-1,-1
122,8,521.41,242.71,67.06,199.93,0.5996,-1,-1,-1
122,18,925.95,211.40,56.25,187.04,0.4256,-1,-1,-1
122,13,521.41,242.71,67.06,199.93,0.5996,-1,-1,-1
122,19,392.66,779.21,101.74,277.10,0.7995,-1,-1,-1
122,21,1103.13,145.20,85.08,173.35,0.3583,-1,-1,-1
122,23,478.44,166.00,54.75,160.76,0.2968,-1,-1,-1
122,24,625.73,750.97,57.31,168.85,0.3503,-1,-1,-1
123,1,422.05,280.21,83.21,221.71,0.7330,-1,-1,-1
123,2,102.31,546.10,70.90,210.56,0.4804,-1,-1,-1
123,3,1104.52,931.60,79.96,148.08,0.7825,-1,-1,-1
123,4,1720.82,458.91,75.47,207.91,0.6469,-1,-1,-1
123,5,1356.55,576.41,83.93,213.46,0.5540,-1,-1,-1
123,6,85.39,659.38,76.25,213.98,0.6610,-1,-1,-1
123,8,521.69,244.37,66.37,197.49,0.5734,-1,-1,-1
123,18,925.28,210.27,56.01,188.49,0.4608,-1,-1,-1
123,13,521.69,244.37,66.37,197.49,0.5734,-1,-1,-1
123,19,392.46,777.91,102.07,277.25,0.7933,-1,-1,-1
123,21,1104.77,144.68,79.00,173.06,0.3435,-1,-1,-1
123,23,477.72,164.72,55.37,163.23,0.2990,-1,-1,-1
123,24,625.53,751.99,57.08,167.72,0.3276,-1,-1,-1
124,1,422.31,279.08,82.66,218.72,0.7284,-1,-1,-1
124,2,102.18,545.31,71.01,212.26,0.3543,-1,-1,-1
124,3,1101.31,930.24,79.84,149.22,0.7832,-1,-1,-1
124,4,1720.73,459.38,75.42,207.12,0.6137,-1,-1,-1
124,5,1356.72,576.36,83.67,214.22,0.5143,-1,-1,-1
124,6,90.85,657.12,72.70,216.14,0.5096,-1,-1,-1
124,8,522.49,244.97,68.14,197.52,0.5242,-1,-1,-1
124,18,923.06,210.13,56.66,188.64,0.4639,-1,-1,-1
124,13,522.49,244.97,68.14,197.52,0.5242,-1,-1,-1
124,19,393.16,777.34,102.62,275.11,0.7934,-1,-1,-1
124,21,1104.27,143.50,74.48,172.41,0.3047,-1,-1,-1
124,23,477.72,165.72,55.17,163.99,0.2217,-1,-1,-1
124,24,625.51,752.65,57.42,167.05,0.2634,-1,-1,-1
125,1,422.76,278.28,81.92,214.95,0.7079,-1,-1,-1
125,2,102.38,545.21,70.67,209.88,0.3387,-1,-1,-1
125,3,1097.70,929.69,80.20,150.00,0.7885,-1,-1,-1
125,4,1720.83,458.45,74.97,208.28,0.6329,-1,-1,-1
125,5,1356.97,575.99,83.24,214.70,0.4869,-1,-1,-1
125,6,96.28,654.01,67.37,219.35,0.4099,-1,-1,-1
125,8,522.85,247.10,67.45,192.67,0.5251,-1,-1,-1
125,18,921.20,210.45,56.26,188.81,0.4718,-1,-1,-1
125,13,522.85,247.10,67.45,192.67,0.5251,-1,-1,-1
125,19,393.36,775.14,102.18,276.10,0.7895,-1,-1,-1
125,21,1104.67,141.94,70.50,173.35,0.3247,-1,-1,-1
125,23,477.32,167.02,55.76,138.37,0.1263,-1,-1,-1
125,24,625.68,752.59,57.31,167.50,0.2412,-1,-1,-1
126,1,422.09,277.38,82.19,213.81,0.7058,-1,-1,-1
126,2,102.43,544.32,70.58,227.37,0.2324,-1,-1,-1
126,3,1094.13,929.13,80.83,150.50,0.8040,-1,-1,-1
126,4,1720.55,458.51,74.99,208.71,0.6346,-1,-1,-1
126,5,1357.40,575.99,82.44,213.15,0.5259,-1,-1,-1
126,6,99.51,653.51,65.49,218.95,0.2811,-1,-1,-1
126,8,523.16,248.55,67.58,192.00,0.5492,-1,-1,-1
126,18,919.81,210.92,54.36,189.14,0.4829,-1,-1,-1
126,13,523.16,248.55,67.58,192.00,0.5492,-1,-1,-1
126,19,393.44,771.11,100.07,278.34,0.8007,-1,-1,-1
126,21,1104.20,140.93,64.84,172.70,0.3627,-1,-1,-1
126,23,476.91,167.28,54.36,163.89,0.1497,-1,-1,-1
126,24,626.00,751.85,56.99,167.44,0.2782,-1,-1,-1
127,1,422.59,276.87,81.01,213.34,0.6877,-1,-1,-1
127,2,102.72,543.94,70.46,180.85,0.2618,-1,-1,-1
127,3,1090.80,928.96,82.10,150.97,0.8076,-1,-1,-1
127,4,1720.85,458.92,74.87,207.89,0.6575,-1,-1,-1
127,5,1357.54,576.52,82.56,213.42,0.5202,-1,-1,-1
127,6,106.48,652.92,66.65,220.35,0.1959,-1,-1,-1
127,8,523.82,251.36,67.14,189.36,0.5626,-1,-1,-1
127,18,918.51,210.97,53.69,189.22,0.4226,-1,-1,-1
127,13,523.82,251.36,67.14,189.36,0.5626,-1,-1,-1
127,19,394.06,766.72,97.50,277.39,0.7937,-1,-1,-1
127,21,1104.48,140.78,58.97,172.82,0.3619,-1,-1,-1
127,23,476.71,167.50,55.91,166.67,0.1542,-1,-1,-1
127,24,625.26,752.00,58.01,167.08,0.2337,-1,-1,-1
128,1,422.57,276.33,80.26,212.95,0.6688,-1,-1,-1
128,2,102.68,543.68,70.50,160.75,0.3952,-1,-1,-1
128,3,1087.77,928.21,81.74,151.52,0.7922,-1,-1,-1
128,4,1720.87,459.13,75.22,207.29,0.6282,-1,-1,-1
128,5,1357.31,576.67,82.85,214.38,0.5055,-1,-1,-1
128,6,109.44,658.99,67.23,215.09,0.2230,-1,-1,-1
128,8,524.61,253.96,65.94,188.44,0.5367,-1,-1,-1
128,18,915.24,212.01,54.64,189.61,0.4353,-1,-1,-1
128,13,524.61,253.96,65.94,188.44,0.5367,-1,-1,-1
128,19,393.76,762.06,97.65,276.75,0.7918,-1,-1,-1
128,21,1101.28,140.53,58.60,172.51,0.3974,-1,-1,-1
128,23,475.66,169.95,57.09,167.83,0.1562,-1,-1,-1
128,24,625.21,751.40,57.20,166.93,0.2329,-1,-1,-1
129,1,420.26,275.63,80.71,215.24,0.6899,-1,-1,-1
129,2,102.80,544.11,70.10,152.47,0.3474,-1,-1,-1
129,3,1085.50,927.66,81.32,151.87,0.7887,-1,-1,-1
129,4,1720.82,458.59,75.05,206.71,0.6354,-1,-1,-1
129,5,1362.46,576.07,79.66,219.05,0.4777,-1,-1,-1
129,6,110.65,663.57,70.30,208.93,0.1158,-1,-1,-1
129,8,525.35,255.28,64.56,190.74,0.5923,-1,-1,-1
129,18,912.24,212.92,55.83,188.11,0.4731,-1,-1,-1
129,13,525.35,255.28,64.56,190.74,0.5923,-1,-1,-1
129,19,395.19,757.35,95.72,272.92,0.7937,-1,-1,-1
129,21,1097.72,138.82,59.02,171.96,0.2980,-1,-1,-1
129,23,475.05,170.19,58.21,170.05,0.1579,-1,-1,-1
129,24,625.43,752.07,56.65,166.89,0.2956,-1,-1,-1
130,1,419.28,274.19,80.94,217.37,0.7042,-1,-1,-1
130,2,102.83,544.07,71.03,215.86,0.5555,-1,-1,-1
130,3,1082.21,926.96,81.90,152.30,0.7803,-1,-1,-1
130,4,1721.21,458.44,74.66,207.46,0.6125,-1,-1,-1
130,5,1360.21,575.70,81.90,218.27,0.4890,-1,-1,-1
130,8,526.86,257.34,62.22,192.22,0.5550,-1,-1,-1
130,18,906.36,214.06,60.70,187.07,0.4832,-1,-1,-1
130,13,526.86,257.34,62.21,192.22,0.5550,-1,-1,-1
130,19,396.57,754.37,93.90,267.37,0.7504,-1,-1,-1
130,21,1094.74,138.22,59.15,173.82,0.2545,-1,-1,-1
130,23,474.39,173.10,58.64,171.34,0.1224,-1,-1,-1
130,24,625.05,752.07,57.02,166.11,0.3088,-1,-1,-1
131,1,419.95,273.03,80.06,218.50,0.6626,-1,-1,-1
131,2,103.00,543.65,71.40,234.45,0.6451,-1,-1,-1
131,3,1080.34,926.72,81.05,151.73,0.7587,-1,-1,-1
131,4,1721.28,458.87,74.36,207.15,0.6176,-1,-1,-1
131,5,1360.61,576.44,81.47,215.66,0.5041,-1,-1,-1
131,8,527.91,257.82,61.11,197.54,0.5050,-1,-1,-1
131,18,902.00,214.28,63.29,186.62,0.4995,-1,-1,-1
131,13,527.91,257.82,61.11,197.54,0.5050,-1,-1,-1
131,19,396.36,752.11,93.23,264.41,0.7422,-1,-1,-1
131,21,1091.18,137.90,59.33,174.10,0.2677,-1,-1,-1
131,24,625.24,753.61,56.84,164.41,0.2823,-1,-1,-1
132,1,419.46,272.76,80.63,219.09,0.6495,-1,-1,-1
132,2,102.77,544.14,72.81,243.78,0.5842,-1,-1,-1
132,3,1079.06,927.11,80.93,151.18,0.7711,-1,-1,-1
132,4,1721.31,459.16,74.28,207.04,0.6174,-1,-1,-1
132,5,1359.86,576.27,81.52,215.33,0.5141,-1,-1,-1
132,8,529.30,254.68,61.83,203.06,0.5009,-1,-1,-1
132,18,899.91,213.52,66.05,187.43,0.4835,-1,-1,-1
132,13,529.30,254.68,61.83,203.06,0.5009,-1,-1,-1
132,19,394.60,749.83,93.78,265.13,0.7529,-1,-1,-1
132,21,1089.68,138.99,58.03,171.04,0.3921,-1,-1,-1
132,24,624.58,752.90,58.29,166.04,0.2317,-1,-1,-1
133,1,418.82,271.96,81.11,219.60,0.6420,-1,-1,-1
133,2,102.49,544.51,74.00,247.12,0.5375,-1,-1,-1
133,3,1077.57,927.30,80.90,151.09,0.7793,-1,-1,-1
133,4,1721.00,458.86,74.53,206.75,0.6036,-1,-1,-1
133,5,1358.46,576.60,83.03,214.32,0.4921,-1,-1,-1
133,8,530.64,253.77,60.64,206.11,0.5161,-1,-1,-1
133,18,899.16,211.57,67.33,190.53,0.4768,-1,-1,-1
133,13,530.64,253.77,60.64,206.11,0.5161,-1,-1,-1
133,19,391.58,748.37,96.57,265.16,0.7542,-1,-1,-1
133,21,1084.12,139.52,58.82,170.01,0.3848,-1,-1,-1
133,24,624.17,752.75,58.69,167.33,0.2527,-1,-1,-1
134,1,418.30,272.36,81.25,218.92,0.6426,-1,-1,-1
134,2,102.35,545.00,75.48,240.74,0.5149,-1,-1,-1
134,3,1075.85,927.06,79.55,150.92,0.7850,-1,-1,-1
134,4,1721.08,459.39,74.22,206.87,0.5937,-1,-1,-1
134,5,1358.54,575.97,83.45,216.11,0.4819,-1,-1,-1
134,8,531.53,255.15,58.12,204.48,0.5157,-1,-1,-1
134,18,898.27,211.79,67.03,190.33,0.4615,-1,-1,-1
134,13,531.53,255.15,58.12,204.48,0.5157,-1,-1,-1
134,19,389.68,747.32,98.08,265.52,0.7698,-1,-1,-1
134,21,1076.48,139.33,65.02,171.17,0.4332,-1,-1,-1
134,24,624.26,753.06,58.61,167.37,0.2438,-1,-1,-1
135,1,416.51,271.34,82.81,219.22,0.6417,-1,-1,-1
135,2,101.70,543.48,77.17,243.15,0.6190,-1,-1,-1
135,3,1074.42,926.49,79.26,151.55,0.7817,-1,-1,-1
135,4,1720.50,458.72,74.87,207.48,0.5994,-1,-1,-1
135,5,1358.25,575.92,84.11,216.95,0.5092,-1,-1,-1
135,8,530.98,258.07,57.70,203.60,0.5556,-1,-1,-1
135,18,897.93,211.15,66.77,191.27,0.4350,-1,-1,-1
135,13,530.98,258.07,57.70,203.60,0.5556,-1,-1,-1
135,19,389.10,745.46,98.30,267.44,0.7788,-1,-1,-1
135,21,1063.05,139.95,76.44,172.12,0.4568,-1,-1,-1
135,24,624.68,753.33,58.01,166.61,0.2430,-1,-1,-1
135,26,575.79,246.85,54.19,184.73,0.4340,-1,-1,-1
136,1,416.90,270.76,81.93,218.75,0.6724,-1,-1,-1
136,2,101.69,543.83,76.02,241.80,0.6223,-1,-1,-1
136,3,1072.95,926.62,77.68,150.97,0.7888,-1,-1,-1
136,4,1720.94,458.76,74.56,207.97,0.6121,-1,-1,-1
136,5,1360.77,576.63,83.52,219.78,0.4843,-1,-1,-1
136,8,530.58,258.87,57.15,203.12,0.5589,-1,-1,-1
136,18,897.14,211.87,64.63,189.94,0.4134,-1,-1,-1
136,13,530.58,258.87,57.15,203.12,0.5589,-1,-1,-1
136,19,386.44,744.59,100.87,267.99,0.7918,-1,-1,-1
136,21,1050.58,140.34,86.39,171.14,0.5634,-1,-1,-1
136,24,624.32,753.63,58.36,167.37,0.1620,-1,-1,-1
136,26,576.09,249.34,53.27,185.43,0.5027,-1,-1,-1
137,1,416.14,269.24,82.27,219.08,0.6636,-1,-1,-1
137,2,101.42,544.68,72.93,239.70,0.5724,-1,-1,-1
137,3,1071.27,926.99,77.26,150.25,0.7951,-1,-1,-1
137,4,1721.10,457.78,74.76,208.71,0.6079,-1,-1,-1
137,5,1364.23,577.38,80.40,219.21,0.4571,-1,-1,-1
137,8,531.61,256.98,56.12,204.73,0.5878,-1,-1,-1
137,18,896.09,211.25,62.52,191.11,0.4159,-1,-1,-1
137,13,531.61,256.98,56.12,204.73,0.5878,-1,-1,-1
137,19,384.65,744.11,102.17,268.19,0.7897,-1,-1,-1
137,21,1044.09,139.26,90.64,171.42,0.5818,-1,-1,-1
137,24,624.61,754.30,58.57,166.41,0.1950,-1,-1,-1
137,26,574.99,250.62,54.67,185.51,0.4581,-1,-1,-1
137,6,132.88,638.91,74.55,210.16,0.4474,-1,-1,-1
138,1,416.00,267.90,82.03,219.38,0.6922,-1,-1,-1
138,2,101.63,545.15,69.10,238.78,0.5974,-1,-1,-1
138,3,1069.82,927.35,76.63,149.87,0.7898,-1,-1,-1
138,4,1721.09,457.71,74.88,209.04,0.6051,-1,-1,-1
138,5,1364.96,577.19,79.90,221.30,0.4475,-1,-1,-1
138,8,532.50,256.46,54.74,203.61,0.5918,-1,-1,-1
138,18,894.72,211.92,56.70,183.12,0.4602,-1,-1,-1
138,13,532.50,256.46,54.74,203.61,0.5918,-1,-1,-1
138,19,383.38,743.92,102.99,267.88,0.7893,-1,-1,-1
138,21,1039.48,140.05,93.84,170.39,0.6013,-1,-1,-1
138,24,624.38,753.57,58.56,168.27,0.1864,-1,-1,-1
138,26,574.61,251.17,55.41,184.84,0.4441,-1,-1,-1
138,6,134.97,637.75,80.00,209.29,0.4311,-1,-1,-1
139,1,415.69,266.30,81.52,220.47,0.6406,-1,-1,-1
139,2,101.66,545.32,67.60,239.48,0.6166,-1,-1,-1
139,3,1068.44,927.28,76.00,149.43,0.7876,-1,-1,-1
139,4,1720.81,457.69,75.20,209.17,0.6233,-1,-1,-1
139,5,1363.00,576.57,82.70,223.47,0.4683,-1,-1,-1
139,8,532.60,258.40,54.52,201.45,0.5747,-1,-1,-1
139,18,893.09,210.57,58.85,188.32,0.5239,-1,-1,-1
139,13,532.60,258.40,54.52,201.45,0.5747,-1,-1,-1
139,19,382.70,743.70,102.88,267.24,0.7959,-1,-1,-1
139,21,1038.45,140.36,93.63,170.76,0.5912,-1,-1,-1
139,24,623.93,752.94,59.34,168.32,0.2276,-1,-1,-1
139,26,574.25,251.17,56.10,184.07,0.4394,-1,-1,-1
139,6,139.01,635.97,85.89,208.32,0.4477,-1,-1,-1
140,1,416.81,266.87,80.04,218.11,0.6140,-1,-1,-1
140,2,101.98,545.32,66.05,240.35,0.6185,-1,-1,-1
140,3,1066.75,926.59,76.11,149.61,0.7917,-1,-1,-1
140,4,1720.80,458.12,75.20,208.87,0.6352,-1,-1,-1
140,5,1360.20,576.88,83.69,216.77,0.5493,-1,-1,-1
140,8,532.30,258.41,55.41,202.50,0.6024,-1,-1,-1
140,18,889.98,210.26,54.68,184.24,0.4706,-1,-1,-1
140,13,532.30,258.41,55.41,202.50,0.6024,-1,-1,-1
140,19,383.28,741.74,102.30,267.24,0.7963,-1,-1,-1
140,21,1037.64,140.61,92.97,171.03,0.5768,-1,-1,-1
140,24,624.34,752.20,58.81,167.94,0.2752,-1,-1,-1
140,26,576.95,251.95,54.66,181.14,0.4521,-1,-1,-1
140,6,143.17,633.80,88.62,207.02,0.4220,-1,-1,-1
141,1,416.66,265.40,79.81,217.25,0.6318,-1,-1,-1
141,2,102.38,545.72,65.93,241.34,0.6445,-1,-1,-1
141,3,1064.86,925.41,75.88,150.97,0.7871,-1,-1,-1
141,4,1720.98,458.22,75.07,208.27,0.6219,-1,-1,-1
141,5,1358.45,575.97,85.46,216.69,0.4985,-1,-1,-1
141,8,532.09,258.31,55.56,202.19,0.6032,-1,-1,-1
141,18,886.76,209.72,54.72,186.46,0.5441,-1,-1,-1
141,13,532.09,258.31,55.56,202.19,0.6032,-1,-1,-1
141,19,384.09,739.64,100.86,267.30,0.7963,-1,-1,-1
141,21,1038.97,140.39,89.08,170.46,0.5570,-1,-1,-1
141,24,624.62,752.22,58.04,167.95,0.2593,-1,-1,-1
141,26,579.08,250.21,52.50,183.22,0.4784,-1,-1,-1
141,6,145.52,629.95,89.16,207.63,0.5908,-1,-1,-1
142,1,416.84,264.35,78.87,216.75,0.6327,-1,-1,-1
142,2,103.18,545.93,66.13,242.43,0.6580,-1,-1,-1
142,3,1064.26,924.81,73.84,152.27,0.7774,-1,-1,-1
142,4,1721.29,458.86,74.98,207.36,0.6235,-1,-1,-1
142,5,1357.56,575.88,86.61,217.64,0.4819,-1,-1,-1
142,8,531.96,257.66,55.63,202.92,0.5994,-1,-1,-1
142,18,883.57,208.76,54.49,187.04,0.5159,-1,-1,-1
142,13,531.96,257.66,55.63,202.92,0.5994,-1,-1,-1
142,19,385.97,737.45,98.06,267.93,0.7917,-1,-1,-1
142,21,1038.19,140.49,87.90,169.44,0.5949,-1,-1,-1
142,24,624.19,752.10,58.64,168.39,0.3324,-1,-1,-1
142,26,580.62,250.15,52.31,182.59,0.4965,-1,-1,-1
142,6,148.77,628.57,86.08,205.67,0.5432,-1,-1,-1
143,1,415.57,260.41,78.73,220.17,0.6328,-1,-1,-1
143,2,103.62,545.60,66.60,242.28,0.6746,-1,-1,-1
143,3,1063.13,923.78,72.60,152.93,0.7622,-1,-1,-1
143,4,1721.31,459.05,74.91,207.08,0.6333,-1,-1,-1
143,5,1357.67,575.79,86.34,217.74,0.4816,-1,-1,-1
143,8,531.30,257.65,55.92,203.02,0.5946,-1,-1,-1
143,18,881.43,207.29,53.76,188.51,0.4785,-1,-1,-1
143,13,531.30,257.65,55.92,203.02,0.5946,-1,-1,-1
143,19,387.65,734.78,95.77,266.33,0.8025,-1,-1,-1
143,21,1039.40,138.59,84.37,171.01,0.5702,-1,-1,-1
143,24,624.61,752.41,58.79,168.45,0.2841,-1,-1,-1
143,26,581.38,248.27,53.14,185.73,0.4530,-1,-1,-1
143,6,150.10,628.50,86.49,207.37,0.6519,-1,-1,-1
144,1,414.89,259.31,79.56,218.34,0.6324,-1,-1,-1
144,2,103.57,545.67,67.48,242.06,0.6866,-1,-1,-1
144,3,1061.98,923.12,70.96,153.47,0.7572,-1,-1,-1
144,4,1721.52,459.56,74.67,207.01,0.6214,-1,-1,-1
144,5,1358.11,575.90,85.97,217.31,0.4981,-1,-1,-1
144,8,530.80,259.15,56.96,202.90,0.6042,-1,-1,-1
144,18,878.16,206.83,55.98,188.67,0.4732,-1,-1,-1
144,13,530.80,259.15,56.96,202.90,0.6042,-1,-1,-1
144,19,388.90,731.56,94.07,263.21,0.7948,-1,-1,-1
144,21,1039.69,137.13,80.81,171.63,0.4549,-1,-1,-1
144,24,624.60,753.22,58.89,168.61,0.2193,-1,-1,-1
144,26,582.09,251.24,54.91,183.92,0.4934,-1,-1,-1
144,6,153.29,629.31,83.59,207.21,0.6813,-1,-1,-1
145,1,415.89,259.26,78.27,213.16,0.6204,-1,-1,-1
145,2,103.79,545.75,68.48,243.11,0.7088,-1,-1,-1
145,3,1060.72,922.78,68.73,153.82,0.7582,-1,-1,-1
145,4,1721.58,459.40,74.34,206.71,0.6099,-1,-1,-1
145,5,1358.04,575.99,85.16,215.02,0.5396,-1,-1,-1
145,8,530.02,259.40,56.75,202.74,0.5953,-1,-1,-1
145,18,873.47,207.05,59.81,186.77,0.5442,-1,-1,-1
145,13,530.02,259.40,56.75,202.74,0.5953,-1,-1,-1
145,19,391.57,729.54,91.69,258.21,0.7985,-1,-1,-1
145,21,1039.87,136.49,73.22,171.79,0.4216,-1,-1,-1
145,24,624.42,754.09,58.54,167.75,0.2221,-1,-1,-1
145,26,583.07,252.20,55.03,183.95,0.5289,-1,-1,-1
145,6,157.21,627.48,79.09,210.55,0.7007,-1,-1,-1
146,1,414.99,254.56,77.21,216.99,0.6393,-1,-1,-1
146,2,103.76,545.90,69.20,243.22,0.7156,-1,-1,-1
146,3,1058.73,921.87,66.89,156.00,0.7412,-1,-1,-1
146,4,1721.80,459.52,74.22,207.29,0.6137,-1,-1,-1
146,5,1357.78,575.52,85.28,217.24,0.5126,-1,-1,-1
146,8,530.23,259.38,57.25,204.29,0.5935,-1,-1,-1
146,18,871.96,206.49,59.85,185.85,0.4901,-1,-1,-1
146,13,530.23,259.38,57.25,204.29,0.5935,-1,-1,-1
146,19,393.03,726.68,91.00,253.39,0.7770,-1,-1,-1
146,21,1040.05,136.26,66.57,171.32,0.4843,-1,-1,-1
146,24,623.99,754.17,59.03,168.11,0.2747,-1,-1,-1
146,26,584.58,253.66,53.84,186.09,0.5108,-1,-1,-1
146,6,159.34,624.80,77.24,213.25,0.7110,-1,-1,-1
147,1,414.47,253.12,77.39,218.55,0.6465,-1,-1,-1
147,2,103.91,546.16,69.49,242.22,0.7131,-1,-1,-1
147,3,1057.08,921.22,64.00,157.25,0.7264,-1,-1,-1
147,4,1721.62,459.07,74.68,207.32,0.6268,-1,-1,-1
147,5,1358.16,574.75,84.83,217.46,0.5407,-1,-1,-1
147,8,530.25,260.04,56.86,205.87,0.6095,-1,-1,-1
147,18,869.49,205.84,61.39,185.35,0.4783,-1,-1,-1
147,13,530.25,260.04,56.86,205.87,0.6095,-1,-1,-1
147,19,394.02,720.66,91.01,254.87,0.7796,-1,-1,-1
147,21,1039.64,135.42,62.20,171.21,0.4764,-1,-1,-1
147,24,624.27,753.55,58.81,167.51,0.2703,-1,-1,-1
147,26,584.97,254.67,54.20,187.83,0.5380,-1,-1,-1
147,6,161.15,621.02,75.95,215.46,0.6894,-1,-1,-1
148,1,414.01,252.43,77.90,219.05,0.6339,-1,-1,-1
148,2,103.80,545.74,70.19,242.36,0.7135,-1,-1,-1
148,3,1055.24,919.86,62.75,157.48,0.7273,-1,-1,-1
148,4,1721.53,458.59,74.82,208.33,0.6466,-1,-1,-1
148,5,1357.90,575.16,84.09,216.54,0.5588,-1,-1,-1
148,8,530.29,261.21,58.45,206.77,0.5946,-1,-1,-1
148,18,866.86,204.82,62.88,190.54,0.4446,-1,-1,-1
148,13,530.29,261.21,58.45,206.77,0.5946,-1,-1,-1
148,19,394.55,717.38,91.71,254.95,0.7777,-1,-1,-1
148,21,1038.28,134.87,57.45,171.29,0.4424,-1,-1,-1
148,24,624.44,753.32,58.01,166.82,0.2794,-1,-1,-1
148,26,585.68,255.45,54.23,188.71,0.4954,-1,-1,-1
148,6,163.88,617.42,75.56,215.55,0.7078,-1,-1,-1
149,1,415.41,255.27,77.22,215.08,0.6248,-1,-1,-1
149,2,103.88,545.75,70.30,242.04,0.7151,-1,-1,-1
149,3,1054.04,918.50,62.15,158.70,0.7264,-1,-1,-1
149,4,1721.24,458.84,74.52,207.73,0.6218,-1,-1,-1
149,5,1357.88,575.29,84.52,215.68,0.5452,-1,-1,-1
149,8,530.86,262.82,59.01,206.38,0.6301,-1,-1,-1
149,18,865.40,204.40,62.38,192.23,0.4432,-1,-1,-1
149,13,530.86,262.82,59.01,206.38,0.6301,-1,-1,-1
149,19,395.81,713.23,92.66,258.33,0.7879,-1,-1,-1
149,21,1036.88,135.29,54.24,169.61,0.3608,-1,-1,-1
149,24,624.31,752.09,58.73,167.02,0.3254,-1,-1,-1
149,26,586.37,256.16,54.65,189.76,0.4500,-1,-1,-1
149,6,167.84,614.88,73.35,215.08,0.6958,-1,-1,-1
150,1,416.08,256.03,76.94,213.75,0.6198,-1,-1,-1
150,2,103.64,545.67,70.64,243.00,0.7131,-1,-1,-1
150,3,1052.26,916.79,61.26,160.97,0.7368,-1,-1,-1
150,4,1721.23,458.62,74.59,208.09,0.6385,-1,-1,-1
150,5,1357.19,574.98,85.31,216.83,0.5402,-1,-1,-1
150,8,531.22,264.75,58.09,207.40,0.6155,-1,-1,-1
150,18,864.93,205.10,63.01,192.61,0.4056,-1,-1,-1
150,13,531.22,264.75,58.09,207.40,0.6155,-1,-1,-1
150,19,395.21,710.66,95.46,261.48,0.7855,-1,-1,-1
150,21,1033.93,134.48,55.10,171.55,0.4901,-1,-1,-1
150,24,625.19,751.80,57.41,166.93,0.3234,-1,-1,-1
150,26,586.99,256.89,55.16,190.57,0.4352,-1,-1,-1
150,6,174.26,613.47,67.69,214.11,0.6570,-1,-1,-1
151,1,416.72,255.61,75.77,214.18,0.6157,-1,-1,-1
151,2,103.37,546.38,71.19,243.55,0.7216,-1,-1,-1
151,3,1051.10,914.29,60.69,163.30,0.7371,-1,-1,-1
151,4,1721.82,458.45,73.51,207.68,0.6249,-1,-1,-1
151,5,1363.73,574.28,79.13,222.20,0.4863,-1,-1,-1
151,8,531.32,265.95,56.85,208.97,0.6117,-1,-1,-1
151,18,863.89,205.04,62.94,191.56,0.4592,-1,-1,-1
151,13,531.32,265.95,56.85,208.97,0.6117,-1,-1,-1
151,19,395.99,709.56,95.71,262.71,0.7809,-1,-1,-1
151,21,1030.67,132.76,55.91,173.08,0.4879,-1,-1,-1
151,24,625.29,751.33,57.21,167.08,0.3577,-1,-1,-1
151,26,587.84,259.27,55.14,190.81,0.4180,-1,-1,-1
151,6,179.92,611.58,68.12,214.92,0.6707,-1,-1,-1
152,1,417.19,255.06,75.42,214.91,0.6061,-1,-1,-1
152,2,102.86,546.86,72.11,243.27,0.7175,-1,-1,-1
152,3,1049.55,913.44,60.16,164.47,0.7421,-1,-1,-1
152,4,1721.87,458.16,73.61,208.30,0.6152,-1,-1,-1
152,5,1361.52,576.03,80.65,216.20,0.5299,-1,-1,-1
152,8,531.80,270.50,54.98,206.61,0.5926,-1,-1,-1
152,18,863.00,205.54,62.87,190.67,0.5191,-1,-1,-1
152,13,531.80,270.50,54.98,206.61,0.5926,-1,-1,-1
152,19,396.57,707.80,97.12,264.13,0.7669,-1,-1,-1
152,21,1025.99,130.74,58.21,172.64,0.4077,-1,-1,-1
152,24,624.89,751.62,56.76,166.55,0.4327,-1,-1,-1
152,26,588.56,260.63,55.44,191.21,0.4119,-1,-1,-1
152,6,182.93,610.10,67.33,216.08,0.6899,-1,-1,-1
153,1,417.37,254.26,74.62,215.42,0.5831,-1,-1,-1
153,2,103.36,547.68,71.61,244.89,0.7265,-1,-1,-1
153,3,1047.75,912.31,60.03,166.31,0.7304,-1,-1,-1
153,4,1721.67,457.65,73.80,208.85,0.6099,-1,-1,-1
153,5,1360.86,575.62,80.57,215.83,0.5163,-1,-1,-1
153,8,531.79,274.27,54.64,203.25,0.5870,-1,-1,-1
153,18,861.73,204.92,63.46,191.39,0.4964,-1,-1,-1
153,13,531.79,274.27,54.64,203.25,0.5870,-1,-1,-1
153,19,396.65,707.91,98.75,264.20,0.7589,-1,-1,-1
153,21,1023.04,131.47,59.19,171.34,0.4118,-1,-1,-1
153,24,625.59,751.32,55.24,166.75,0.4101,-1,-1,-1
153,26,590.94,266.09,53.80,185.22,0.3229,-1,-1,-1
153,6,185.32,609.86,68.48,215.67,0.7364,-1,-1,-1
154,1,415.82,253.24,75.20,216.41,0.6003,-1,-1,-1
154,2,103.74,547.40,71.40,245.97,0.7199,-1,-1,-1
154,3,1046.63,911.63,59.31,167.51,0.7146,-1,-1,-1
154,4,1721.65,459.19,73.66,207.07,0.5869,-1,-1,-1
154,5,1360.27,576.29,81.32,215.54,0.5207,-1,-1,-1
154,8,532.45,276.77,54.39,200.98,0.5632,-1,-1,-1
154,18,860.07,205.13,64.19,191.39,0.5085,-1,-1,-1
154,13,532.45,276.77,54.39,200.98,0.5632,-1,-1,-1
154,19,396.90,708.03,100.10,263.58,0.7634,-1,-1,-1
154,21,1017.78,131.48,61.55,171.72,0.3510,-1,-1,-1
154,24,625.10,751.74,56.94,167.24,0.3307,-1,-1,-1
154,26,592.41,269.92,54.87,183.70,0.2580,-1,-1,-1
154,6,188.07,610.05,68.51,214.42,0.7530,-1,-1,-1
155,1,415.83,251.89,74.54,217.92,0.6029,-1,-1,-1
155,2,103.15,546.27,71.57,247.47,0.6968,-1,-1,-1
155,3,1044.95,911.04,59.27,168.01,0.7279,-1,-1,-1
155,4,1722.35,459.17,72.98,206.84,0.5962,-1,-1,-1
155,5,1359.72,576.35,82.12,213.74,0.5691,-1,-1,-1
155,8,532.60,278.69,55.22,198.76,0.5144,-1,-1,-1
155,18,857.61,205.12,65.69,189.92,0.5120,-1,-1,-1
155,13,532.60,278.69,55.22,198.76,0.5144,-1,-1,-1
155,19,397.64,706.01,101.48,265.30,0.7629,-1,-1,-1
155,21,1004.91,132.30,71.33,172.50,0.3938,-1,-1,-1
155,24,625.60,751.52,55.95,166.72,0.3380,-1,-1,-1
155,26,593.59,271.28,54.59,183.81,0.2243,-1,-1,-1
155,6,192.31,610.12,67.31,213.60,0.7611,-1,-1,-1
156,1,416.44,251.42,74.56,215.61,0.6179,-1,-1,-1
156,2,102.70,545.72,71.98,247.64,0.6976,-1,-1,-1
156,3,1043.06,910.45,59.71,169.30,0.7072,-1,-1,-1
156,4,1722.38,459.54,73.05,206.04,0.5857,-1,-1,-1
156,5,1358.18,578.14,82.37,212.22,0.5199,-1,-1,-1
156,8,532.60,276.19,56.31,200.52,0.4659,-1,-1,-1
156,18,855.75,204.42,66.91,188.42,0.5456,-1,-1,-1
156,13,532.60,276.19,56.31,200.52,0.4659,-1,-1,-1
156,19,398.31,703.05,101.13,266.53,0.7607,-1,-1,-1
156,21,995.41,133.25,77.42,171.88,0.4380,-1,-1,-1
156,24,625.58,750.12,56.89,168.94,0.2774,-1,-1,-1
156,26,595.05,271.12,54.52,184.08,0.1832,-1,-1,-1
156,6,195.11,608.88,67.17,213.91,0.7525,-1,-1,-1
157,1,416.53,251.46,74.28,213.76,0.6182,-1,-1,-1
157,2,102.69,545.76,72.19,247.48,0.6958,-1,-1,-1
157,3,1041.70,909.93,59.49,169.71,0.7011,-1,-1,-1
157,4,1722.67,459.96,72.70,205.66,0.5926,-1,-1,-1
157,5,1357.26,578.65,82.97,210.90,0.5215,-1,-1,-1
157,8,532.55,275.10,56.88,199.52,0.4364,-1,-1,-1
157,18,855.22,203.41,66.98,185.78,0.5671,-1,-1,-1
157,13,532.55,275.10,56.88,199.52,0.4364,-1,-1,-1
157,19,399.29,703.70,100.56,264.97,0.7720,-1,-1,-1
157,21,988.82,133.61,81.27,171.64,0.4656,-1,-1,-1
157,24,625.18,748.40,56.94,170.46,0.3370,-1,-1,-1
157,26,595.58,269.19,55.34,187.14,0.1885,-1,-1,-1
157,6,197.70,608.10,66.54,214.46,0.7420,-1,-1,-1
158,1,416.86,249.75,75.50,214.94,0.6446,-1,-1,-1
158,2,102.53,546.17,72.25,246.83,0.6986,-1,-1,-1
158,3,1039.43,909.54,61.31,170.42,0.7158,-1,-1,-1
158,4,1722.30,459.98,73.31,206.27,0.6106,-1,-1,-1
158,5,1357.01,577.84,83.21,210.58,0.5366,-1,-1,-1
158,8,530.90,273.36,59.51,200.02,0.4534,-1,-1,-1
158,18,853.29,201.85,68.20,184.75,0.5558,-1,-1,-1
158,13,530.90,273.36,59.51,200.02,0.4534,-1,-1,-1
158,19,399.22,703.76,99.24,262.79,0.7844,-1,-1,-1
158,21,986.53,132.78,82.06,172.11,0.3917,-1,-1,-1
158,24,625.46,749.19,56.90,170.39,0.2823,-1,-1,-1
158,26,595.99,270.07,55.18,185.80,0.2017,-1,-1,-1
158,6,199.08,606.88,65.69,213.38,0.7153,-1,-1,-1
159,1,417.61,249.78,75.65,212.88,0.6106,-1,-1,-1
159,2,102.57,546.31,72.16,246.83,0.6950,-1,-1,-1
159,3,1037.66,908.76,61.47,170.80,0.6983,-1,-1,-1
159,4,1722.33,461.19,73.42,205.07,0.6000,-1,-1,-1
159,5,1356.60,578.37,84.22,211.84,0.5145,-1,-1,-1
159,8,528.36,278.52,62.58,195.74,0.4321,-1,-1,-1
159,18,851.29,200.64,69.55,187.87,0.5482,-1,-1,-1
159,13,528.36,278.52,62.58,195.74,0.4321,-1,-1,-1
159,19,401.56,702.94,93.91,260.96,0.7611,-1,-1,-1
159,21,983.84,133.07,82.92,171.55,0.4133,-1,-1,-1
159,24,626.07,749.86,55.03,167.65,0.2666,-1,-1,-1
159,26,596.68,271.39,58.38,183.67,0.2183,-1,-1,-1
159,6,200.44,604.80,65.53,212.93,0.6951,-1,-1,-1
160,1,418.32,248.17,74.80,213.81,0.6440,-1,-1,-1
160,2,102.48,546.78,71.96,246.59,0.6985,-1,-1,-1
160,3,1036.79,908.68,60.97,171.29,0.6799,-1,-1,-1
160,4,1721.72,461.38,73.62,204.80,0.5705,-1,-1,-1
160,5,1356.90,579.19,85.64,216.05,0.4776,-1,-1,-1
160,8,526.97,284.23,64.40,191.34,0.4709,-1,-1,-1
160,18,850.77,199.16,69.36,191.05,0.5134,-1,-1,-1
160,13,526.97,284.23,64.40,191.34,0.4709,-1,-1,-1
160,19,401.94,698.93,92.64,258.03,0.7656,-1,-1,-1
160,21,980.76,132.69,84.10,170.42,0.4722,-1,-1,-1
160,24,626.39,749.86,54.46,166.82,0.2948,-1,-1,-1
160,26,596.66,272.17,60.34,182.07,0.2070,-1,-1,-1
160,6,201.81,602.77,65.31,214.78,0.7002,-1,-1,-1
161,1,417.99,247.01,76.00,212.24,0.6232,-1,-1,-1
161,2,102.37,546.69,72.03,247.21,0.6866,-1,-1,-1
161,3,1034.14,908.12,62.28,171.92,0.6929,-1,-1,-1
161,4,1721.83,461.12,73.51,205.52,0.5775,-1,-1,-1
161,5,1357.05,579.74,85.18,216.32,0.5265,-1,-1,-1
161,8,526.03,286.90,67.37,190.62,0.4184,-1,-1,-1
161,18,849.98,197.00,69.76,191.21,0.4850,-1,-1,-1
161,13,526.03,286.90,67.37,190.62,0.4184,-1,-1,-1
161,19,402.50,693.60,91.40,254.25,0.7744,-1,-1,-1
161,21,980.24,132.51,83.28,170.41,0.4897,-1,-1,-1
161,24,626.87,747.97,54.72,169.64,0.2811,-1,-1,-1
161,26,599.09,274.32,58.33,179.63,0.2009,-1,-1,-1
161,6,206.17,599.62,61.90,213.76,0.6675,-1,-1,-1
162,1,418.59,246.19,75.97,210.71,0.6233,-1,-1,-1
162,2,102.09,546.43,71.86,247.82,0.6726,-1,-1,-1
162,3,1032.87,907.37,61.92,172.71,0.7115,-1,-1,-1
162,4,1721.91,461.62,73.40,205.53,0.5775,-1,-1,-1
162,5,1361.49,578.18,82.37,221.82,0.4897,-1,-1,-1
162,8,527.01,293.83,65.23,185.61,0.1536,-1,-1,-1
162,18,849.28,195.93,69.56,191.07,0.4876,-1,-1,-1
162,13,517.14,282.46,77.30,198.40,0.1844,-1,-1,-1
162,19,403.14,688.84,91.20,253.59,0.7652,-1,-1,-1
162,21,980.14,133.38,81.20,169.88,0.3936,-1,-1,-1
162,24,626.35,749.64,54.70,169.02,0.2603,-1,-1,-1
162,26,599.88,272.98,59.86,180.55,0.1795,-1,-1,-1
162,6,210.48,598.18,61.33,209.21,0.6741,-1,-1,-1
163,1,418.68,244.96,77.14,209.79,0.6178,-1,-1,-1
163,2,102.21,546.42,72.11,247.90,0.6631,-1,-1,-1
163,3,1031.36,906.47,62.33,173.61,0.6839,-1,-1,-1
163,4,1721.76,461.04,73.63,206.41,0.5791,-1,-1,-1
163,5,1358.56,579.33,86.64,224.28,0.5055,-1,-1,-1
163,8,522.11,291.80,69.50,191.55,0.3767,-1,-1,-1
163,18,849.50,194.61,69.02,188.89,0.4677,-1,-1,-1
163,13,518.26,287.52,74.33,196.29,0.3767,-1,-1,-1
163,19,403.51,684.64,90.55,254.82,0.7710,-1,-1,-1
163,21,980.83,131.03,77.74,172.56,0.3591,-1,-1,-1
163,24,625.09,749.88,57.08,170.26,0.1809,-1,-1,-1
163,26,599.05,273.02,62.76,180.53,0.3019,-1,-1,-1
163,6,212.97,595.87,61.84,207.97,0.6715,-1,-1,-1
164,1,418.24,244.26,78.19,208.58,0.6263,-1,-1,-1
164,2,102.07,546.52,71.93,247.30,0.6805,-1,-1,-1
164,3,1030.07,906.86,61.27,172.80,0.7307,-1,-1,-1
164,4,1721.64,460.76,73.86,206.65,0.5990,-1,-1,-1
164,5,1357.58,579.84,87.66,223.32,0.4790,-1,-1,-1
164,8,519.99,291.79,72.06,193.49,0.3107,-1,-1,-1
164,18,851.21,192.50,69.02,193.16,0.4605,-1,-1,-1
164,13,506.20,236.93,85.26,250.35,0.1209,-1,-1,-1
164,19,402.91,682.15,91.22,254.57,0.7738,-1,-1,-1
164,21,981.93,129.23,72.30,172.62,0.3058,-1,-1,-1
164,24,625.28,749.41,56.53,170.35,0.2119,-1,-1,-1
164,26,599.06,274.04,62.98,179.18,0.2900,-1,-1,-1
164,6,215.28,593.99,62.57,208.85,0.7065,-1,-1,-1
165,1,418.45,242.60,78.88,209.58,0.6170,-1,-1,-1
165,2,102.17,546.36,71.71,246.93,0.6766,-1,-1,-1
165,3,1028.55,907.37,61.02,172.15,0.7265,-1,-1,-1
165,4,1721.69,460.42,74.17,206.53,0.5945,-1,-1,-1
165,5,1357.61,580.71,86.70,219.95,0.5013,-1,-1,-1
165,8,524.73,299.30,67.11,186.90,0.1295,-1,-1,-1
165,18,852.51,191.49,68.66,194.26,0.4859,-1,-1,-1
165,13,505.24,220.38,88.60,268.55,0.1903,-1,-1,-1
165,19,401.46,680.15,93.01,255.89,0.7917,-1,-1,-1
165,21,982.42,127.46,67.26,171.46,0.2755,-1,-1,-1
165,24,625.29,747.48,55.98,171.00,0.2773,-1,-1,-1
165,26,599.01,274.85,63.18,178.88,0.2502,-1,-1,-1
165,6,214.55,592.11,64.38,209.29,0.7327,-1,-1,-1
166,1,418.80,241.57,77.15,210.16,0.5914,-1,-1,-1
166,2,102.04,546.21,71.55,246.91,0.6849,-1,-1,-1
166,3,1026.65,907.31,61.49,172.16,0.6855,-1,-1,-1
166,4,1722.00,460.67,73.53,206.95,0.6247,-1,-1,-1
166,5,1357.33,580.36,85.20,216.39,0.5031,-1,-1,-1
166,18,852.60,190.92,69.10,192.26,0.4911,-1,-1,-1
166,13,508.07,211.08,91.83,279.44,0.1659,-1,-1,-1
166,19,400.20,678.52,94.00,258.22,0.7914,-1,-1,-1
166,21,982.87,126.34,60.97,170.86,0.2759,-1,-1,-1
166,24,625.24,748.94,56.30,170.11,0.2779,-1,-1,-1
166,26,600.84,275.00,58.68,180.37,0.3005,-1,-1,-1
166,6,215.63,590.44,68.75,211.01,0.7025,-1,-1,-1
167,1,418.72,240.49,76.53,211.72,0.5753,-1,-1,-1
167,2,101.86,546.30,71.90,247.23,0.6872,-1,-1,-1
167,3,1024.01,906.68,63.47,172.94,0.6849,-1,-1,-1
167,4,1722.27,460.47,72.96,207.05,0.6082,-1,-1,-1
167,5,1356.87,579.75,85.02,217.54,0.4910,-1,-1,-1
167,18,852.89,190.59,69.43,189.45,0.4849,-1,-1,-1
167,13,510.02,209.43,86.10,281.86,0.1372,-1,-1,-1
167,19,400.03,675.65,93.60,260.23,0.7967,-1,-1,-1
167,21,982.18,124.77,55.81,170.60,0.2751,-1,-1,-1
167,24,625.05,751.11,57.94,168.77,0.1622,-1,-1,-1
167,26,602.15,276.42,57.55,179.40,0.3135,-1,-1,-1
167,6,215.83,589.31,72.91,213.37,0.7071,-1,-1,-1
168,1,418.02,239.49,76.87,213.01,0.5939,-1,-1,-1
168,2,101.81,546.53,72.17,247.04,0.6861,-1,-1,-1
168,3,1021.42,906.90,64.62,172.44,0.7042,-1,-1,-1
168,4,1721.87,459.25,73.45,208.76,0.6115,-1,-1,-1
168,5,1357.27,579.05,83.26,217.38,0.4972,-1,-1,-1
168,18,853.07,190.68,69.94,190.14,0.5117,-1,-1,-1
168,13,516.53,209.53,76.70,281.93,0.1600,-1,-1,-1
168,19,399.02,674.94,94.26,260.87,0.7840,-1,-1,-1
168,21,979.45,123.46,55.32,170.24,0.3000,-1,-1,-1
168,24,626.22,751.44,56.02,168.68,0.1535,-1,-1,-1
168,26,602.22,276.84,58.77,178.24,0.3066,-1,-1,-1
168,6,217.81,589.03,77.15,212.58,0.7157,-1,-1,-1
169,1,418.21,238.58,77.82,213.80,0.6112,-1,-1,-1
169,2,101.58,545.82,72.90,248.29,0.6516,-1,-1,-1
169,3,1020.18,907.81,64.91,171.27,0.7078,-1,-1,-1
169,4,1721.65,459.77,73.72,208.22,0.6104,-1,-1,-1
169,5,1357.19,578.90,84.81,217.87,0.4622,-1,-1,-1
169,18,852.69,190.45,70.83,189.17,0.5304,-1,-1,-1
169,13,516.88,210.72,73.20,282.66,0.1621,-1,-1,-1
169,19,399.12,674.02,94.52,260.86,0.7770,-1,-1,-1
169,21,976.26,121.37,56.33,169.93,0.1898,-1,-1,-1
169,24,626.51,751.18,54.73,167.91,0.2262,-1,-1,-1
169,26,602.25,277.34,60.04,177.36,0.3113,-1,-1,-1
169,6,220.40,588.54,77.90,213.23,0.6902,-1,-1,-1
170,1,418.04,237.78,78.33,214.98,0.6154,-1,-1,-1
170,2,101.45,546.33,73.51,247.09,0.6539,-1,-1,-1
170,3,1018.57,908.37,63.48,171.17,0.7220,-1,-1,-1
170,4,1721.20,460.42,74.23,207.66,0.6201,-1,-1,-1
170,5,1364.73,577.82,78.09,220.40,0.4458,-1,-1,-1
170,18,854.94,189.74,68.85,188.50,0.5096,-1,-1,-1
170,13,518.96,213.85,70.04,280.95,0.2086,-1,-1,-1
170,19,399.79,673.06,93.30,260.92,0.7748,-1,-1,-1
170,21,972.23,120.63,58.27,172.20,0.1795,-1,-1,-1
170,24,626.49,751.72,54.29,166.53,0.1949,-1,-1,-1
170,26,601.99,277.25,61.14,177.82,0.2392,-1,-1,-1
170,6,221.40,588.26,76.37,213.68,0.6627,-1,-1,-1
170,8,523.94,292.01,66.27,201.88,0.3580,-1,-1,-1
171,1,417.75,237.74,78.63,215.15,0.6221,-1,-1,-1
171,2,101.28,546.42,74.50,247.35,0.6602,-1,-1,-1
171,3,1017.58,908.92,62.06,170.94,0.7228,-1,-1,-1
171,4,1721.47,459.98,74.15,208.12,0.6031,-1,-1,-1
171,5,1365.79,577.25,76.77,221.91,0.4551,-1,-1,-1
171,18,858.53,191.53,64.13,184.46,0.4111,-1,-1,-1
171,13,523.86,266.01,64.39,228.59,0.4481,-1,-1,-1
171,19,400.04,672.23,92.68,260.25,0.7746,-1,-1,-1
171,21,969.11,120.92,58.35,174.86,0.1475,-1,-1,-1
171,24,626.26,751.44,54.71,167.39,0.1661,-1,-1,-1
171,26,603.87,271.99,59.62,180.99,0.1711,-1,-1,-1
171,6,220.78,588.12,76.57,213.14,0.6914,-1,-1,-1
171,8,525.54,294.94,63.09,199.41,0.4481,-1,-1,-1
172,1,417.66,237.53,78.52,216.44,0.6276,-1,-1,-1
172,2,100.68,546.63,74.44,246.43,0.6623,-1,-1,-1
172,3,1015.95,909.66,61.58,169.95,0.7436,-1,-1,-1
172,4,1721.72,460.27,73.93,207.58,0.5985,-1,-1,-1
172,5,1360.31,578.14,81.39,217.62,0.4744,-1,-1,-1
172,18,859.80,190.36,65.05,185.10,0.5030,-1,-1,-1
172,13,525.56,284.08,62.08,210.40,0.4288,-1,-1,-1
172,19,400.43,670.58,91.95,259.92,0.7812,-1,-1,-1
172,21,966.24,120.79,58.28,173.09,0.2369,-1,-1,-1
172,26,604.52,280.46,58.56,173.72,0.2050,-1,-1,-1
172,6,219.94,586.93,77.49,213.65,0.6431,-1,-1,-1
172,8,525.96,292.54,61.81,202.07,0.4288,-1,-1,-1
173,1,417.77,237.07,78.34,216.61,0.6146,-1,-1,-1
173,2,100.87,546.28,74.14,246.92,0.6574,-1,-1,-1
173,3,1013.15,909.99,62.30,169.60,0.7341,-1,-1,-1
173,4,1721.27,460.73,74.33,206.71,0.5928,-1,-1,-1
173,5,1358.41,578.55,82.48,215.20,0.5034,-1,-1,-1
173,18,860.56,189.02,65.76,186.45,0.4489,-1,-1,-1
173,19,402.40,668.61,89.39,259.31,0.7742,-1,-1,-1
173,21,963.17,120.73,58.89,171.34,0.2053,-1,-1,-1
173,26,604.76,277.60,60.67,177.73,0.1782,-1,-1,-1
173,6,219.96,584.14,77.03,215.14,0.6587,-1,-1,-1
173,8,522.70,294.87,64.71,200.06,0.3301,-1,-1,-1
174,1,417.62,236.51,77.71,217.21,0.6205,-1,-1,-1
174,2,100.47,546.68,74.20,246.67,0.6518,-1,-1,-1
174,3,1010.43,911.24,63.12,168.60,0.7399,-1,-1,-1
174,4,1721.20,459.84,74.35,207.68,0.5966,-1,-1,-1
174,5,1357.62,578.95,82.71,212.40,0.4983,-1,-1,-1
174,18,861.48,186.75,65.37,186.55,0.4383,-1,-1,-1
174,19,404.88,666.64,86.67,259.67,0.7818,-1,-1,-1
174,21,957.85,121.48,62.01,172.75,0.2128,-1,-1,-1
174,26,605.35,276.47,60.32,179.40,0.2245,-1,-1,-1
174,6,222.24,583.02,76.00,214.04,0.6752,-1,-1,-1
174,8,522.57,294.16,66.03,201.09,0.4238,-1,-1,-1
174,28,752.88,261.55,55.88,192.36,0.3572,-1,-1,-1
175,1,417.11,235.71,77.32,216.78,0.6517,-1,-1,-1
175,2,100.15,546.63,74.04,246.38,0.6572,-1,-1,-1
175,3,1007.30,912.70,63.75,167.23,0.7263,-1,-1,-1
175,4,1721.57,459.87,73.78,207.89,0.5931,-1,-1,-1
175,5,1357.44,578.85,83.17,209.59,0.5184,-1,-1,-1
175,18,862.81,185.87,65.61,183.62,0.4610,-1,-1,-1
175,19,406.10,663.86,85.63,260.85,0.8043,-1,-1,-1
175,21,948.78,122.47,69.25,173.86,0.3177,-1,-1,-1
175,26,606.14,276.60,58.69,178.88,0.1995,-1,-1,-1
175,6,225.04,579.76,72.30,214.36,0.6874,-1,-1,-1
175,8,521.96,293.61,66.53,201.19,0.3845,-1,-1,-1
175,28,752.62,261.12,56.80,194.81,0.4064,-1,-1,-1
176,1,417.08,233.42,76.20,217.79,0.6333,-1,-1,-1
176,2,100.14,546.84,73.45,246.43,0.6576,-1,-1,-1
176,3,1005.82,913.16,62.87,166.85,0.7290,-1,-1,-1
176,4,1721.48,459.63,73.53,208.22,0.5885,-1,-1,-1
176,5,1357.36,578.90,82.68,207.59,0.5145,-1,-1,-1
176,18,863.16,184.39,66.08,185.03,0.5037,-1,-1,-1
176,19,407.05,659.60,83.98,259.62,0.7913,-1,-1,-1
176,21,941.46,122.75,74.65,174.82,0.3969,-1,-1,-1
176,26,607.99,273.17,54.11,182.88,0.1743,-1,-1,-1
176,6,227.06,577.23,69.39,213.56,0.6685,-1,-1,-1
176,8,524.18,297.56,64.29,199.32,0.2212,-1,-1,-1
176,28,753.00,261.80,56.10,196.25,0.4104,-1,-1,-1
177,1,416.89,232.77,75.33,217.93,0.6375,-1,-1,-1
177,2,100.13,546.90,73.23,246.09,0.6565,-1,-1,-1
177,3,1004.56,913.19,63.08,165.31,0.7308,-1,-1,-1
177,4,1721.24,459.68,73.93,208.13,0.5823,-1,-1,-1
177,5,1357.17,578.94,83.05,209.21,0.4843,-1,-1,-1
177,18,864.01,182.28,66.58,185.08,0.5223,-1,-1,-1
177,19,408.10,654.79,82.66,255.14,0.7858,-1,-1,-1
177,21,937.17,123.50,77.20,173.49,0.3620,-1,-1,-1
177,26,607.58,274.17,57.69,179.25,0.2049,-1,-1,-1
177,6,227.70,575.27,68.35,211.90,0.6766,-1,-1,-1
177,8,519.67,266.85,69.87,228.71,0.3778,-1,-1,-1
177,28,752.57,261.40,56.53,198.57,0.3569,-1,-1,-1
178,1,416.48,231.09,74.71,215.91,0.6172,-1,-1,-1
178,2,100.14,547.04,72.24,245.08,0.6539,-1,-1,-1
178,3,1003.73,913.33,62.45,164.71,0.7206,-1,-1,-1
178,4,1721.33,460.08,73.83,207.75,0.5631,-1,-1,-1
178,5,1356.87,578.04,83.31,211.41,0.4804,-1,-1,-1
178,18,864.85,180.96,66.79,184.76,0.4978,-1,-1,-1
178,19,407.27,650.85,83.90,251.82,0.7857,-1,-1,-1
178,21,934.98,126.08,76.28,170.08,0.2855,-1,-1,-1
178,26,607.56,273.75,57.82,184.84,0.2612,-1,-1,-1
178,6,228.20,573.45,67.62,208.19,0.6069,-1,-1,-1
178,8,521.47,281.37,66.99,213.84,0.4454,-1,-1,-1
178,28,752.10,266.19,57.03,196.14,0.4084,-1,-1,-1
178,29,0.07,615.71,91.12,228.58,0.3779,-1,-1,-1
179,1,415.86,228.59,73.70,215.93,0.5930,-1,-1,-1
179,2,100.70,546.22,71.05,246.41,0.6507,-1,-1,-1
179,3,1002.67,913.58,60.78,164.66,0.7161,-1,-1,-1
179,4,1721.38,460.46,73.45,207.25,0.5469,-1,-1,-1
179,5,1357.01,577.61,83.81,216.92,0.5050,-1,-1,-1
179,18,865.87,180.33,67.00,184.04,0.4839,-1,-1,-1
179,19,407.60,648.61,84.61,249.99,0.7860,-1,-1,-1
179,21,934.68,125.97,74.54,169.13,0.3145,-1,-1,-1
179,26,607.25,276.88,58.13,189.78,0.3478,-1,-1,-1
179,6,227.90,571.50,68.16,207.51,0.6183,-1,-1,-1
179,8,522.33,291.45,64.98,202.92,0.4350,-1,-1,-1
179,28,751.10,270.26,58.33,194.38,0.4042,-1,-1,-1
179,29,-0.00,617.91,95.72,229.75,0.5217,-1,-1,-1
180,1,414.81,227.56,74.38,213.29,0.6236,-1,-1,-1
180,2,100.82,546.08,70.21,246.30,0.6557,-1,-1,-1
180,3,1000.97,913.38,60.05,165.17,0.7209,-1,-1,-1
180,4,1721.76,460.18,73.25,207.95,0.5274,-1,-1,-1
180,5,1357.42,577.19,82.38,212.77,0.5125,-1,-1,-1
180,18,866.96,180.80,67.53,184.29,0.5042,-1,-1,-1
180,19,408.89,647.71,85.48,248.79,0.7905,-1,-1,-1
180,21,938.51,124.20,67.69,169.73,0.2858,-1,-1,-1
180,26,607.27,277.98,57.81,193.12,0.3532,-1,-1,-1
180,6,229.01,570.07,68.02,207.08,0.5864,-1,-1,-1
180,8,524.80,293.81,62.11,202.78,0.5224,-1,-1,-1
180,28,750.54,272.87,59.15,193.05,0.4176,-1,-1,-1
180,29,0.57,618.17,85.23,223.22,0.5042,-1,-1,-1
181,1,414.69,227.10,74.05,210.71,0.5963,-1,-1,-1
181,2,100.85,545.50,69.85,247.79,0.6546,-1,-1,-1
181,3,998.74,914.32,59.75,164.68,0.7208,-1,-1,-1
181,4,1721.76,459.21,73.75,209.37,0.5129,-1,-1,-1
181,5,1357.36,577.39,83.44,214.89,0.4994,-1,-1,-1
181,18,868.51,179.17,67.27,184.10,0.5017,-1,-1,-1
181,19,409.60,646.30,87.19,248.91,0.7886,-1,-1,-1
181,21,937.30,123.48,68.14,171.78,0.2349,-1,-1,-1
181,26,607.11,278.79,58.49,200.05,0.3080,-1,-1,-1
181,6,229.84,569.01,68.44,205.85,0.5737,-1,-1,-1
181,8,526.82,298.84,59.76,200.40,0.5467,-1,-1,-1
181,28,750.91,273.96,57.98,192.84,0.4249,-1,-1,-1
181,29,0.85,617.76,79.88,223.83,0.4732,-1,-1,-1
182,1,414.90,226.60,74.05,208.58,0.5808,-1,-1,-1
182,2,101.03,545.70,69.52,247.32,0.6712,-1,-1,-1
182,3,996.94,915.70,58.54,163.05,0.7356,-1,-1,-1
182,4,1722.16,459.20,73.01,209.23,0.5284,-1,-1,-1
182,5,1357.36,576.66,84.08,222.41,0.4785,-1,-1,-1
182,18,867.79,177.71,71.14,185.73,0.5388,-1,-1,-1
182,19,409.06,645.10,89.54,249.99,0.7844,-1,-1,-1
182,21,940.80,122.65,64.84,174.93,0.2432,-1,-1,-1
182,26,606.95,279.14,60.42,204.36,0.2998,-1,-1,-1
182,6,231.35,567.60,65.59,203.94,0.5869,-1,-1,-1
182,8,526.24,297.28,60.42,200.74,0.4856,-1,-1,-1
182,28,751.15,275.28,57.73,193.42,0.3596,-1,-1,-1
182,29,1.32,618.69,98.36,234.99,0.6071,-1,-1,-1
183,1,416.14,228.03,72.89,206.53,0.5793,-1,-1,-1
183,2,101.15,545.90,69.28,247.76,0.6819,-1,-1,-1
183,3,995.66,916.22,58.20,162.21,0.7283,-1,-1,-1
183,4,1722.37,459.35,72.69,208.77,0.5237,-1,-1,-1
183,5,1357.37,576.87,84.60,223.26,0.4897,-1,-1,-1
183,18,868.05,176.78,72.33,186.90,0.5564,-1,-1,-1
183,19,408.57,643.61,92.12,251.39,0.7979,-1,-1,-1
183,21,939.99,121.89,64.37,176.86,0.1790,-1,-1,-1
183,26,607.14,280.00,59.56,209.72,0.3247,-1,-1,-1
183,6,231.15,566.22,66.05,204.87,0.5514,-1,-1,-1
183,8,524.06,295.82,63.76,205.67,0.4062,-1,-1,-1
183,28,749.94,276.71,60.10,194.17,0.3655,-1,-1,-1
183,29,3.03,621.35,102.15,237.49,0.6555,-1,-1,-1
184,1,416.71,227.64,73.14,206.77,0.5791,-1,-1,-1
184,2,100.85,545.90,68.92,248.05,0.6704,-1,-1,-1
184,3,994.65,917.70,57.83,161.48,0.7233,-1,-1,-1
184,4,1721.64,459.24,73.07,208.97,0.5334,-1,-1,-1
184,5,1357.52,576.57,84.81,224.59,0.4653,-1,-1,-1
184,18,868.14,176.59,72.70,187.25,0.5430,-1,-1,-1
184,19,408.96,642.24,93.27,252.48,0.7735,-1,-1,-1
184,21,934.93,120.19,62.97,175.76,0.1695,-1,-1,-1
184,26,607.54,279.55,60.48,212.34,0.3337,-1,-1,-1
184,6,231.99,565.35,65.41,208.06,0.5351,-1,-1,-1
184,8,526.04,299.10,60.99,205.58,0.3553,-1,-1,-1
184,28,750.09,278.65,60.49,192.91,0.3489,-1,-1,-1
184,29,6.43,622.43,99.21,235.29,0.6215,-1,-1,-1
185,1,416.03,227.22,73.77,207.08,0.5878,-1,-1,-1
185,2,100.31,546.13,68.65,247.33,0.6464,-1,-1,-1
185,3,993.20,918.34,58.29,160.04,0.7175,-1,-1,-1
185,4,1721.67,459.37,72.86,208.59,0.5027,-1,-1,-1
185,5,1357.72,575.97,84.16,221.04,0.4800,-1,-1,-1
185,18,867.92,177.36,74.41,188.37,0.5879,-1,-1,-1
185,19,408.63,642.30,94.80,252.42,0.7859,-1,-1,-1
185,26,607.41,285.80,59.77,208.42,0.3305,-1,-1,-1
185,6,232.19,564.99,65.92,209.41,0.5680,-1,-1,-1
185,8,523.04,295.41,64.06,210.56,0.4305,-1,-1,-1
185,28,750.43,280.36,62.01,191.92,0.3298,-1,-1,-1
185,29,12.12,622.16,94.95,234.30,0.6221,-1,-1,-1
186,1,415.73,226.70,74.13,207.23,0.5963,-1,-1,-1
186,2,99.78,546.48,68.98,246.54,0.6452,-1,-1,-1
186,3,992.01,918.50,57.90,160.18,0.7341,-1,-1,-1
186,4,1721.83,459.15,72.65,208.74,0.5033,-1,-1,-1
186,5,1357.39,574.83,84.22,224.09,0.4939,-1,-1,-1
186,18,867.83,176.17,74.51,190.42,0.5612,-1,-1,-1
186,19,408.80,640.91,94.75,254.25,0.7943,-1,-1,-1
186,26,607.76,285.25,59.50,207.96,0.3588,-1,-1,-1
186,6,230.94,564.75,66.59,208.47,0.5833,-1,-1,-1
186,8,523.79,300.67,61.63,203.61,0.4266,-1,-1,-1
186,28,753.01,281.69,61.03,191.53,0.2401,-1,-1,-1
186,29,15.75,620.19,94.51,235.81,0.6575,-1,-1,-1
187,1,415.90,225.36,74.24,209.04,0.6014,-1,-1,-1
187,2,98.37,546.56,70.35,244.19,0.6377,-1,-1,-1
187,3,989.79,918.95,59.50,159.54,0.7347,-1,-1,-1
187,4,1721.83,459.53,72.53,208.17,0.4952,-1,-1,-1
187,5,1357.54,573.73,84.10,224.82,0.5044,-1,-1,-1
187,18,867.58,176.19,75.01,191.30,0.5617,-1,-1,-1
187,19,408.74,639.17,94.80,255.66,0.7812,-1,-1,-1
187,26,607.50,287.17,59.93,203.64,0.3475,-1,-1,-1
187,6,229.80,563.96,67.15,209.29,0.6350,-1,-1,-1
187,8,525.26,301.70,60.00,204.89,0.5400,-1,-1,-1
187,28,752.72,281.21,63.65,192.30,0.2527,-1,-1,-1
187,29,21.23,620.13,96.60,239.04,0.6872,-1,-1,-1
188,1,415.97,225.68,74.47,207.72,0.5946,-1,-1,-1
188,2,97.19,546.29,71.27,242.33,0.5923,-1,-1,-1
188,3,988.66,919.27,60.16,159.23,0.7218,-1,-1,-1
188,4,1721.46,460.07,73.15,207.50,0.5075,-1,-1,-1
188,5,1357.71,572.73,84.00,225.90,0.4594,-1,-1,-1
188,18,868.18,176.99,74.83,187.12,0.4322,-1,-1,-1
188,19,410.07,637.44,93.24,256.18,0.7685,-1,-1,-1
188,26,606.67,288.91,59.84,201.41,0.3350,-1,-1,-1
188,6,228.71,562.02,68.12,210.91,0.6183,-1,-1,-1
188,8,524.27,300.95,61.58,206.79,0.5397,-1,-1,-1
188,28,752.51,281.33,62.81,192.08,0.3160,-1,-1,-1
188,29,23.31,619.12,102.34,240.52,0.7143,-1,-1,-1
189,1,416.01,224.63,74.31,207.65,0.5819,-1,-1,-1
189,2,95.58,546.47,70.85,239.07,0.5354,-1,-1,-1
189,3,987.43,919.78,59.82,158.85,0.7122,-1,-1,-1
189,4,1721.02,460.55,73.55,207.37,0.4816,-1,-1,-1
189,5,1357.87,572.63,82.47,220.82,0.4582,-1,-1,-1
189,18,867.38,177.04,77.83,186.45,0.4621,-1,-1,-1
189,19,409.92,634.35,92.67,258.11,0.7985,-1,-1,-1
189,26,605.84,297.24,59.54,193.70,0.3508,-1,-1,-1
189,6,229.30,558.43,65.91,209.78,0.5553,-1,-1,-1
189,8,523.50,303.76,62.54,206.67,0.5648,-1,-1,-1
189,28,753.10,281.51,63.46,190.62,0.2513,-1,-1,-1
189,29,24.50,619.56,107.99,241.95,0.6902,-1,-1,-1
190,1,416.74,224.26,73.81,207.46,0.5687,-1,-1,-1
190,2,94.13,546.42,71.30,233.03,0.4935,-1,-1,-1
190,3,986.33,920.67,59.49,157.65,0.7264,-1,-1,-1
190,4,1721.31,459.30,73.42,208.59,0.4643,-1,-1,-1
190,5,1357.80,572.27,81.83,218.99,0.4494,-1,-1,-1
190,18,867.40,178.31,80.90,185.03,0.5122,-1,-1,-1
190,19,411.45,633.44,89.41,256.70,0.7853,-1,-1,-1
190,26,605.35,297.35,59.97,194.89,0.3469,-1,-1,-1
190,6,229.63,555.47,64.75,207.92,0.5731,-1,-1,-1
190,8,522.60,303.38,64.47,209.03,0.5938,-1,-1,-1
190,28,753.26,281.51,61.76,190.61,0.2649,-1,-1,-1
190,29,27.19,621.12,111.90,244.95,0.6737,-1,-1,-1
191,1,417.43,223.13,73.72,207.55,0.5656,-1,-1,-1
191,2,95.33,545.80,69.17,199.70,0.5734,-1,-1,-1
191,3,985.28,921.71,59.30,155.83,0.7426,-1,-1,-1
191,4,1720.59,459.56,74.25,208.45,0.4924,-1,-1,-1
191,5,1357.89,571.62,85.27,227.75,0.4815,-1,-1,-1
191,18,869.37,175.66,79.52,185.43,0.4829,-1,-1,-1
191,19,411.98,630.74,87.18,255.73,0.7833,-1,-1,-1
191,26,604.74,302.64,60.25,190.61,0.3196,-1,-1,-1
191,6,229.65,552.14,63.59,206.33,0.5918,-1,-1,-1
191,8,522.25,303.40,65.82,210.34,0.5484,-1,-1,-1
191,28,753.26,282.40,59.77,190.61,0.2409,-1,-1,-1
191,29,29.61,622.19,118.61,248.93,0.6087,-1,-1,-1
192,1,418.29,222.79,73.66,207.67,0.5437,-1,-1,-1
192,2,95.43,545.17,68.86,186.33,0.5979,-1,-1,-1
192,3,984.47,922.55,58.60,154.73,0.7447,-1,-1,-1
192,4,1720.49,459.83,74.35,207.83,0.5382,-1,-1,-1
192,5,1357.54,571.01,85.55,225.18,0.4981,-1,-1,-1
192,18,871.41,173.36,78.07,185.72,0.5071,-1,-1,-1
192,19,412.38,626.20,85.49,253.08,0.7717,-1,-1,-1
192,26,603.88,305.64,60.22,187.57,0.3872,-1,-1,-1
192,6,228.62,550.30,64.79,204.96,0.6324,-1,-1,-1
192,8,522.37,304.74,66.27,209.25,0.5989,-1,-1,-1
192,28,753.31,282.99,59.12,191.30,0.2878,-1,-1,-1
192,29,32.62,624.81,121.05,251.24,0.5943,-1,-1,-1
193,1,418.01,221.29,74.37,208.35,0.5236,-1,-1,-1
193,2,94.88,545.06,68.69,180.10,0.5867,-1,-1,-1
193,3,983.91,922.36,57.68,155.23,0.7164,-1,-1,-1
193,4,1720.62,459.54,74.06,207.61,0.5201,-1,-1,-1
193,5,1357.53,570.68,85.68,228.30,0.4933,-1,-1,-1
193,18,874.20,172.85,75.57,184.91,0.4296,-1,-1,-1
193,19,412.60,622.56,84.05,249.58,0.7896,-1,-1,-1
193,26,602.84,307.76,60.65,186.13,0.3524,-1,-1,-1
193,6,228.54,547.29,64.77,206.32,0.6395,-1,-1,-1
193,8,521.50,307.68,67.36,206.34,0.5524,-1,-1,-1
193,28,752.89,284.43,60.18,194.72,0.2213,-1,-1,-1
193,29,36.78,628.35,116.70,247.92,0.5098,-1,-1,-1
194,1,418.09,221.52,75.21,207.02,0.5100,-1,-1,-1
194,2,93.64,544.78,69.88,175.60,0.6222,-1,-1,-1
194,3,982.03,921.99,59.32,156.01,0.7386,-1,-1,-1
194,4,1720.71,459.84,73.98,207.57,0.5017,-1,-1,-1
194,5,1357.03,570.46,85.56,230.31,0.4713,-1,-1,-1
194,18,875.49,172.80,74.79,182.66,0.3923,-1,-1,-1
194,19,413.41,619.16,80.85,248.23,0.7743,-1,-1,-1
194,26,602.06,308.55,60.36,186.29,0.3650,-1,-1,-1
194,6,228.38,545.64,64.68,205.73,0.6429,-1,-1,-1
194,8,520.26,308.81,68.40,205.63,0.5770,-1,-1,-1
194,28,752.84,288.76,58.76,192.23,0.2538,-1,-1,-1
194,29,40.62,631.16,113.70,243.72,0.5885,-1,-1,-1
195,1,418.59,219.59,75.16,209.57,0.5585,-1,-1,-1
195,2,93.18,544.57,69.98,174.44,0.6015,-1,-1,-1
195,3,981.83,922.25,58.84,155.77,0.7299,-1,-1,-1
195,4,1720.95,459.53,73.80,208.12,0.5215,-1,-1,-1
195,5,1356.92,570.16,84.60,222.50,0.5590,-1,-1,-1
195,18,877.66,170.57,73.02,179.46,0.3666,-1,-1,-1
195,19,413.20,617.32,80.40,247.28,0.7846,-1,-1,-1
195,26,601.32,309.47,60.63,184.90,0.4301,-1,-1,-1
195,6,228.46,544.33,63.66,207.23,0.6471,-1,-1,-1
195,8,517.86,308.89,70.98,206.79,0.6708,-1,-1,-1
195,28,752.60,289.83,60.94,192.27,0.2799,-1,-1,-1
195,29,42.88,633.40,111.78,237.32,0.6656,-1,-1,-1
196,1,419.57,218.00,73.88,209.75,0.5386,-1,-1,-1
196,2,93.17,544.30,69.23,174.81,0.5414,-1,-1,-1
196,3,980.29,921.92,60.60,156.48,0.7311,-1,-1,-1
196,4,1720.80,458.71,73.44,209.49,0.5037,-1,-1,-1
196,5,1356.61,571.26,84.43,220.31,0.5213,-1,-1,-1
196,18,880.64,169.40,69.36,176.94,0.4262,-1,-1,-1
196,19,410.04,614.27,83.21,248.15,0.7515,-1,-1,-1
196,26,601.30,311.20,60.93,182.85,0.4007,-1,-1,-1
196,6,227.33,543.85,63.68,207.22,0.6475,-1,-1,-1
196,8,517.71,310.50,71.46,207.09,0.6012,-1,-1,-1
196,28,752.73,291.27,62.16,191.27,0.3690,-1,-1,-1
196,29,46.13,635.86,109.04,241.82,0.6668,-1,-1,-1
197,1,419.39,216.55,75.59,209.44,0.5739,-1,-1,-1
197,2,93.85,544.05,67.56,171.07,0.5280,-1,-1,-1
197,3,977.91,922.05,62.72,156.49,0.7374,-1,-1,-1
197,4,1721.25,458.79,73.37,209.51,0.5006,-1,-1,-1
197,5,1356.52,571.41,84.18,218.69,0.5401,-1,-1,-1
197,18,882.24,168.35,67.07,176.32,0.4546,-1,-1,-1
197,19,406.23,611.20,86.22,249.34,0.7413,-1,-1,-1
197,26,601.00,311.84,61.02,182.45,0.4319,-1,-1,-1
197,6,226.49,543.23,63.96,208.80,0.6860,-1,-1,-1
197,8,515.72,308.37,73.66,210.86,0.6745,-1,-1,-1
197,28,753.19,293.27,61.35,189.02,0.3260,-1,-1,-1
197,29,50.56,638.92,108.73,246.71,0.6736,-1,-1,-1
198,1,420.36,215.35,75.70,208.73,0.5656,-1,-1,-1
198,2,95.40,543.85,65.29,169.72,0.5198,-1,-1,-1
198,3,976.43,921.47,62.30,157.26,0.7018,-1,-1,-1
198,4,1721.06,458.96,73.48,208.85,0.4964,-1,-1,-1
198,5,1356.52,571.69,84.70,218.97,0.5586,-1,-1,-1
198,18,885.05,161.45,64.48,182.70,0.4296,-1,-1,-1
198,19,402.30,610.46,89.18,250.74,0.7492,-1,-1,-1
198,26,600.83,312.73,60.78,182.24,0.4362,-1,-1,-1
198,6,226.11,542.33,64.52,209.65,0.6939,-1,-1,-1
198,8,515.47,311.49,73.46,210.66,0.6261,-1,-1,-1
198,28,754.11,294.65,62.71,189.53,0.3059,-1,-1,-1
198,29,54.59,641.62,107.95,247.50,0.6953,-1,-1,-1
199,1,419.57,214.29,76.78,206.44,0.5663,-1,-1,-1
199,2,95.64,544.26,64.59,169.73,0.5182,-1,-1,-1
199,3,974.02,921.39,63.90,157.45,0.7289,-1,-1,-1
199,4,1720.88,458.79,73.26,209.08,0.5286,-1,-1,-1
199,5,1355.45,571.11,85.68,221.56,0.5205,-1,-1,-1
199,18,885.74,158.03,65.51,186.05,0.3958,-1,-1,-1
199,19,399.30,609.90,91.88,252.51,0.7422,-1,-1,-1
199,26,601.18,313.83,60.15,180.23,0.4473,-1,-1,-1
199,6,226.24,542.51,64.44,209.19,0.7028,-1,-1,-1
199,8,515.90,314.37,72.56,210.26,0.6018,-1,-1,-1
199,28,752.23,295.69,63.33,192.63,0.2806,-1,-1,-1
199,29,57.27,644.02,107.44,247.98,0.7226,-1,-1,-1
200,1,419.19,212.56,77.43,205.70,0.5739,-1,-1,-1
200,2,95.66,543.87,64.26,166.50,0.5372,-1,-1,-1
200,3,972.53,920.61,63.87,157.68,0.7147,-1,-1,-1
200,4,1720.96,458.72,72.83,208.79,0.5340,-1,-1,-1
200,5,1355.82,571.27,83.29,218.31,0.5400,-1,-1,-1
200,18,885.34,158.72,67.55,186.82,0.4004,-1,-1,-1
200,19,397.79,609.37,92.32,252.29,0.7471,-1,-1,-1
200,26,601.48,315.26,59.97,178.71,0.4225,-1,-1,-1
200,6,226.01,541.95,63.65,208.70,0.7167,-1,-1,-1
200,8,517.27,317.76,69.67,209.57,0.5842,-1,-1,-1
200,28,751.76,296.12,63.52,194.37,0.3102,-1,-1,-1
200,29,60.26,648.06,104.15,245.01,0.7122,-1,-1,-1
201,1,419.36,211.41,78.64,206.02,0.5669,-1,-1,-1
201,2,94.92,543.90,64.42,165.67,0.4987,-1,-1,-1
201,3,971.68,920.07,63.28,158.01,0.7218,-1,-1,-1
201,4,1720.95,458.31,72.69,209.05,0.5539,-1,-1,-1
201,5,1355.73,571.05,82.21,219.26,0.5451,-1,-1,-1
201,18,886.22,158.31,69.37,187.17,0.4226,-1,-1,-1
201,19,395.92,608.91,93.28,252.22,0.7428,-1,-1,-1
201,26,601.84,318.15,58.72,173.84,0.4311,-1,-1,-1
201,6,226.11,541.16,63.00,209.04,0.7041,-1,-1,-1
201,8,516.44,318.86,70.39,212.12,0.5941,-1,-1,-1
201,28,752.31,296.81,63.84,195.36,0.2938,-1,-1,-1
201,29,64.43,653.16,99.42,240.56,0.7342,-1,-1,-1
202,1,419.52,210.25,79.60,205.54,0.5610,-1,-1,-1
202,2,96.42,543.10,62.84,156.85,0.4446,-1,-1,-1
202,3,970.92,919.53,62.44,158.72,0.7279,-1,-1,-1
202,4,1721.34,458.34,72.63,209.50,0.5819,-1,-1,-1
202,5,1355.32,571.06,81.47,216.66,0.5172,-1,-1,-1
202,18,887.86,157.69,70.33,185.99,0.4323,-1,-1,-1
202,19,395.93,608.33,92.70,250.86,0.7354,-1,-1,-1
202,26,601.94,321.98,57.81,168.98,0.4481,-1,-1,-1
202,6,225.44,539.98,63.58,210.30,0.7057,-1,-1,-1
202,8,516.16,318.46,71.76,214.82,0.6122,-1,-1,-1
202,28,754.71,298.22,60.38,196.18,0.2839,-1,-1,-1
202,29,66.99,656.03,96.35,237.71,0.7427,-1,-1,-1
203,1,420.82,208.97,78.81,206.45,0.4910,-1,-1,-1
203,2,97.07,542.98,61.34,152.20,0.3301,-1,-1,-1
203,3,970.27,919.00,62.94,159.03,0.7357,-1,-1,-1
203,4,1721.02,458.30,72.98,209.60,0.5910,-1,-1,-1
203,5,1356.13,571.95,81.22,212.43,0.5458,-1,-1,-1
203,18,887.77,156.59,70.78,186.32,0.4726,-1,-1,-1
203,19,394.99,606.98,92.25,249.20,0.7339,-1,-1,-1
203,26,602.02,322.85,57.45,167.37,0.4457,-1,-1,-1
203,6,223.80,537.81,64.88,211.63,0.6996,-1,-1,-1
203,8,515.88,318.48,72.24,216.01,0.5676,-1,-1,-1
203,28,755.50,299.12,59.37,195.34,0.2681,-1,-1,-1
203,29,69.13,657.71,95.21,235.38,0.6964,-1,-1,-1
203,35,1154.29,138.47,56.26,183.63,0.3753,-1,-1,-1
204,1,422.88,208.48,77.54,206.69,0.4480,-1,-1,-1
204,2,97.34,543.21,60.57,149.18,0.3513,-1,-1,-1
204,3,968.45,916.85,63.12,161.06,0.7307,-1,-1,-1
204,4,1721.04,458.81,73.13,209.24,0.5781,-1,-1,-1
204,5,1356.59,571.62,82.35,213.48,0.5603,-1,-1,-1
204,18,887.68,156.56,71.55,186.20,0.5037,-1,-1,-1
204,19,396.16,603.31,90.18,249.93,0.7216,-1,-1,-1
204,26,602.46,324.63,57.00,166.82,0.3988,-1,-1,-1
204,6,223.08,535.58,64.71,211.29,0.6727,-1,-1,-1
204,8,513.50,318.32,73.87,218.03,0.5869,-1,-1,-1
204,28,756.08,299.39,58.73,196.08,0.2726,-1,-1,-1
204,29,70.56,658.82,95.23,233.49,0.6856,-1,-1,-1
204,35,1153.48,140.60,54.55,180.17,0.3813,-1,-1,-1
205,1,423.96,208.20,77.48,206.95,0.4663,-1,-1,-1
205,2,97.31,542.79,60.17,146.23,0.3398,-1,-1,-1
205,3,967.20,915.71,62.58,162.37,0.7310,-1,-1,-1
205,4,1720.46,458.73,73.85,209.80,0.5665,-1,-1,-1
205,5,1356.34,571.61,82.57,214.31,0.5317,-1,-1,-1
205,18,888.76,155.36,69.84,187.22,0.4669,-1,-1,-1
205,19,394.65,600.26,90.83,251.17,0.7193,-1,-1,-1
205,26,603.52,325.05,56.19,167.02,0.3882,-1,-1,-1
205,6,220.93,531.93,65.85,210.41,0.6652,-1,-1,-1
205,8,514.05,318.41,73.94,218.40,0.5049,-1,-1,-1
205,28,756.37,299.79,59.15,196.00,0.3386,-1,-1,-1
205,29,71.52,657.87,97.54,234.34,0.7375,-1,-1,-1
205,35,1151.90,139.52,54.97,180.99,0.3937,-1,-1,-1
206,1,423.43,205.90,78.73,208.01,0.5126,-1,-1,-1
206,2,97.34,542.87,60.89,145.54,0.3889,-1,-1,-1
206,3,965.51,914.97,62.90,162.95,0.7458,-1,-1,-1
206,4,1720.34,458.93,74.38,209.64,0.5679,-1,-1,-1
206,5,1355.69,571.40,82.24,215.19,0.5380,-1,-1,-1
206,18,890.35,155.62,68.81,185.09,0.5184,-1,-1,-1
206,19,395.28,597.93,89.13,251.96,0.7334,-1,-1,-1
206,26,604.00,325.27,55.88,166.65,0.4112,-1,-1,-1
206,6,221.00,529.31,64.33,205.00,0.6692,-1,-1,-1
206,8,513.06,319.54,74.85,218.15,0.5080,-1,-1,-1
206,28,757.95,299.72,58.32,195.93,0.3774,-1,-1,-1
206,29,75.04,657.47,97.88,234.46,0.7627,-1,-1,-1
206,35,1150.18,138.28,55.18,182.09,0.4033,-1,-1,-1
206,37,0.49,601.05,76.74,237.91,0.4629,-1,-1,-1
207,1,423.31,205.11,79.46,207.42,0.4888,-1,-1,-1
207,2,97.95,543.22,60.84,146.19,0.4421,-1,-1,-1
207,3,964.25,913.60,62.56,164.43,0.7476,-1,-1,-1
207,4,1720.59,458.90,73.92,209.01,0.5735,-1,-1,-1
207,5,1356.87,570.90,80.70,213.84,0.4978,-1,-1,-1
207,18,890.96,154.48,70.71,188.68,0.5108,-1,-1,-1
207,19,395.89,596.34,87.65,248.41,0.7456,-1,-1,-1
207,26,604.09,325.59,55.96,167.17,0.4119,-1,-1,-1
207,6,221.50,526.94,63.10,202.52,0.6494,-1,-1,-1
207,8,511.52,319.88,75.51,217.48,0.5340,-1,-1,-1
207,28,758.92,299.09,58.13,195.57,0.3295,-1,-1,-1
207,29,79.78,659.07,102.13,235.45,0.7234,-1,-1,-1
207,35,1147.60,137.58,55.34,183.13,0.3708,-1,-1,-1
207,37,0.45,607.70,81.70,231.65,0.2663,-1,-1,-1
208,1,424.19,205.71,78.47,207.68,0.4770,-1,-1,-1
208,2,98.24,543.54,61.15,146.63,0.3912,-1,-1,-1
208,3,961.99,912.78,63.42,165.58,0.7408,-1,-1,-1
208,4,1721.19,458.77,73.41,209.58,0.5807,-1,-1,-1
208,5,1357.30,570.52,80.14,213.98,0.5151,-1,-1,-1
208,18,892.60,152.97,69.16,190.75,0.4737,-1,-1,-1
208,19,397.47,593.72,85.42,245.52,0.7482,-1,-1,-1
208,26,603.40,324.98,56.66,167.00,0.4062,-1,-1,-1
208,6,220.41,524.96,64.07,202.39,0.6129,-1,-1,-1
208,8,509.22,322.76,76.09,213.94,0.5138,-1,-1,-1
208,28,758.67,298.95,58.76,195.82,0.3510,-1,-1,-1
208,29,84.08,660.45,106.61,239.38,0.7345,-1,-1,-1
208,35,1144.93,136.97,55.95,183.77,0.3935,-1,-1,-1
208,37,0.84,606.93,85.34,233.27,0.3637,-1,-1,-1
209,1,425.16,205.82,77.63,208.62,0.4398,-1,-1,-1
209,2,98.78,544.87,61.33,148.28,0.3752,-1,-1,-1
209,3,960.95,912.43,62.24,166.14,0.7305,-1,-1,-1
209,4,1721.50,457.88,73.05,210.30,0.5548,-1,-1,-1
209,5,1357.39,570.69,78.25,214.94,0.4956,-1,-1,-1
209,18,893.72,151.69,68.68,190.11,0.4535,-1,-1,-1
209,19,398.66,591.22,83.01,241.75,0.7519,-1,-1,-1
209,26,602.31,324.53,57.08,167.97,0.3730,-1,-1,-1
209,6,220.31,523.24,63.70,202.26,0.6256,-1,-1,-1
209,8,508.55,323.57,75.28,213.12,0.5572,-1,-1,-1
209,28,758.82,300.91,59.20,195.23,0.3531,-1,-1,-1
209,29,86.64,664.37,112.33,239.78,0.7617,-1,-1,-1
209,35,1142.44,137.52,56.75,182.45,0.3427,-1,-1,-1
209,37,0.95,606.78,85.29,235.26,0.5766,-1,-1,-1
210,1,425.46,205.33,76.81,209.71,0.4219,-1,-1,-1
210,2,99.66,543.71,61.03,150.29,0.3845,-1,-1,-1
210,3,958.45,912.05,63.02,166.95,0.7292,-1,-1,-1
210,4,1721.30,458.08,73.21,210.40,0.5698,-1,-1,-1
210,5,1357.14,570.85,78.29,214.99,0.5190,-1,-1,-1
210,18,894.40,150.95,67.83,189.75,0.4767,-1,-1,-1
210,19,400.06,589.80,81.10,238.65,0.7551,-1,-1,-1
210,26,602.09,323.69,57.38,175.26,0.3335,-1,-1,-1
210,6,219.30,522.12,64.79,203.15,0.6205,-1,-1,-1
210,8,508.23,323.98,74.18,213.29,0.5971,-1,-1,-1
210,28,759.64,303.70,60.45,195.89,0.3198,-1,-1,-1
210,29,86.63,666.72,118.05,240.35,0.7543,-1,-1,-1
210,35,1141.03,137.61,56.49,181.83,0.3409,-1,-1,-1
210,37,1.37,607.36,86.51,234.18,0.5913,-1,-1,-1
211,1,426.60,204.87,76.29,209.71,0.4367,-1,-1,-1
211,2,100.04,543.62,62.29,151.93,0.3776,-1,-1,-1
211,3,956.05,912.09,64.00,166.65,0.7376,-1,-1,-1
211,4,1720.99,458.81,73.47,208.63,0.5500,-1,-1,-1
211,5,1356.50,570.39,78.24,218.21,0.5124,-1,-1,-1
211,18,895.03,150.26,68.67,186.99,0.4973,-1,-1,-1
211,19,400.72,587.22,79.91,238.18,0.7515,-1,-1,-1
211,26,601.16,324.89,59.00,179.19,0.2912,-1,-1,-1
211,6,217.96,520.75,65.46,204.38,0.5994,-1,-1,-1
211,8,508.06,324.17,73.26,212.05,0.5998,-1,-1,-1
211,28,759.00,305.44,63.31,197.53,0.3100,-1,-1,-1
211,29,91.14,668.76,115.86,241.12,0.7521,-1,-1,-1
211,35,1138.88,137.59,56.63,182.41,0.3332,-1,-1,-1
211,37,0.90,611.20,88.80,230.12,0.5870,-1,-1,-1
212,1,426.27,203.59,77.01,210.06,0.4024,-1,-1,-1
212,2,101.03,543.88,62.91,156.02,0.4590,-1,-1,-1
212,3,954.15,911.14,64.58,168.48,0.7329,-1,-1,-1
212,4,1720.70,459.23,73.99,209.39,0.5753,-1,-1,-1
212,5,1356.42,570.82,78.12,219.24,0.5009,-1,-1,-1
212,18,897.46,148.12,68.03,184.54,0.4892,-1,-1,-1
212,19,400.18,585.28,80.89,238.59,0.7133,-1,-1,-1
212,26,600.24,326.85,60.87,178.67,0.2731,-1,-1,-1
212,6,216.76,519.56,65.92,205.46,0.6211,-1,-1,-1
212,8,507.45,325.45,72.68,210.88,0.5918,-1,-1,-1
212,28,757.76,305.36,65.75,196.50,0.2972,-1,-1,-1
212,29,96.65,670.26,111.37,243.64,0.7423,-1,-1,-1
212,35,1137.31,137.66,57.06,182.43,0.2957,-1,-1,-1
212,37,12.16,610.64,85.59,232.94,0.5596,-1,-1,-1
213,1,426.04,202.11,77.22,210.20,0.4076,-1,-1,-1
213,2,101.58,543.94,63.51,167.43,0.4890,-1,-1,-1
213,3,951.97,910.12,65.02,169.78,0.7463,-1,-1,-1
213,4,1720.61,459.09,74.46,209.76,0.5666,-1,-1,-1
213,5,1356.04,570.60,78.45,220.78,0.5398,-1,-1,-1
213,18,899.05,145.54,67.41,183.94,0.5013,-1,-1,-1
213,19,400.15,582.85,81.62,241.01,0.7104,-1,-1,-1
213,26,600.39,327.74,60.61,184.47,0.3035,-1,-1,-1
213,6,215.90,518.83,65.79,204.68,0.6150,-1,-1,-1
213,8,507.45,326.03,71.48,211.25,0.6299,-1,-1,-1
213,28,758.15,309.16,66.99,194.98,0.2898,-1,-1,-1
213,29,100.32,669.99,108.29,248.06,0.7477,-1,-1,-1
213,35,1133.51,137.15,59.61,182.49,0.2762,-1,-1,-1
213,37,21.97,610.51,79.74,233.79,0.5290,-1,-1,-1
214,1,425.88,201.33,76.35,210.40,0.3946,-1,-1,-1
214,2,101.63,545.92,65.33,171.93,0.4908,-1,-1,-1
214,3,951.10,908.96,64.45,171.05,0.7357,-1,-1,-1
214,4,1721.24,459.39,73.85,207.98,0.5645,-1,-1,-1
214,5,1355.49,571.07,78.51,218.74,0.5271,-1,-1,-1
214,18,900.78,142.56,66.50,185.20,0.4662,-1,-1,-1
214,19,399.37,580.26,84.20,243.50,0.6935,-1,-1,-1
214,26,600.62,330.49,59.67,191.87,0.3601,-1,-1,-1
214,6,215.73,518.42,65.91,203.60,0.5915,-1,-1,-1
214,8,508.21,325.22,71.59,211.27,0.7047,-1,-1,-1
214,28,755.53,310.27,71.82,194.16,0.2895,-1,-1,-1
214,29,105.30,667.75,104.16,252.69,0.7556,-1,-1,-1
214,35,1131.18,136.20,59.11,181.50,0.2832,-1,-1,-1
214,37,32.55,613.09,70.85,232.81,0.5563,-1,-1,-1
215,1,426.80,200.61,75.27,209.66,0.3774,-1,-1,-1
215,2,101.88,547.46,67.49,171.68,0.4498,-1,-1,-1
215,3,949.79,908.86,63.58,171.19,0.7452,-1,-1,-1
215,4,1721.39,459.60,73.73,207.68,0.5782,-1,-1,-1
215,5,1356.04,571.50,78.37,216.08,0.5403,-1,-1,-1
215,18,901.75,141.82,66.29,185.52,0.4448,-1,-1,-1
215,19,398.69,578.67,86.44,244.91,0.7152,-1,-1,-1
215,26,600.64,332.49,60.98,197.63,0.3784,-1,-1,-1
215,6,215.78,517.56,65.47,203.69,0.5843,-1,-1,-1
215,8,508.69,325.42,71.05,213.21,0.6742,-1,-1,-1
215,28,757.82,312.14,71.33,192.44,0.3765,-1,-1,-1
215,29,110.43,666.04,98.76,256.31,0.7662,-1,-1,-1
215,35,1129.62,135.18,58.25,182.58,0.2962,-1,-1,-1
215,37,40.71,612.98,70.82,234.77,0.5209,-1,-1,-1
216,1,426.96,201.07,74.32,205.38,0.3520,-1,-1,-1
216,2,102.28,547.81,69.42,172.91,0.4643,-1,-1,-1
216,3,949.35,908.88,62.69,171.15,0.7376,-1,-1,-1
216,4,1721.62,459.06,73.19,208.58,0.5417,-1,-1,-1
216,5,1355.88,571.18,79.31,217.47,0.5404,-1,-1,-1
216,18,901.96,140.79,66.23,186.22,0.5114,-1,-1,-1
216,19,399.18,577.96,87.28,245.91,0.7187,-1,-1,-1
216,26,599.82,333.27,62.74,199.97,0.3830,-1,-1,-1
216,6,215.02,516.68,65.29,201.97,0.5842,-1,-1,-1
216,8,508.35,326.89,70.64,215.58,0.6221,-1,-1,-1
216,28,756.59,313.56,73.05,192.17,0.3829,-1,-1,-1
216,29,114.73,664.13,94.06,259.08,0.7806,-1,-1,-1
216,35,1128.40,133.33,57.37,184.34,0.3453,-1,-1,-1
216,37,45.27,611.76,70.87,238.88,0.6183,-1,-1,-1
217,1,427.02,199.66,73.29,203.67,0.3484,-1,-1,-1
217,2,102.19,548.81,68.63,172.12,0.3979,-1,-1,-1
217,3,949.17,908.70,61.46,171.37,0.7374,-1,-1,-1
217,4,1721.28,459.05,73.47,208.86,0.5315,-1,-1,-1
217,5,1355.21,571.54,81.13,218.20,0.5258,-1,-1,-1
217,18,901.72,140.55,67.18,185.49,0.4604,-1,-1,-1
217,19,398.95,576.77,88.69,246.58,0.7099,-1,-1,-1
217,26,600.55,336.15,60.13,200.66,0.3870,-1,-1,-1
217,6,217.26,515.77,62.00,203.45,0.5800,-1,-1,-1
217,8,508.75,328.98,69.88,217.27,0.5991,-1,-1,-1
217,28,756.43,315.23,75.01,190.62,0.3677,-1,-1,-1
217,29,115.50,663.45,93.75,259.91,0.7908,-1,-1,-1
217,35,1127.87,131.22,55.75,187.00,0.2889,-1,-1,-1
217,37,49.51,613.41,72.96,239.48,0.6280,-1,-1,-1
218,1,426.75,198.72,74.23,201.75,0.3752,-1,-1,-1
218,2,102.66,548.59,68.63,148.77,0.3216,-1,-1,-1
218,3,946.94,908.29,63.09,171.78,0.7344,-1,-1,-1
218,4,1721.46,459.25,73.21,209.36,0.5225,-1,-1,-1
218,5,1354.99,571.39,81.04,218.68,0.4938,-1,-1,-1
218,18,901.89,140.75,67.07,183.90,0.3776,-1,-1,-1
218,19,398.47,576.18,89.86,246.48,0.7189,-1,-1,-1
218,26,599.34,339.22,60.11,199.26,0.4311,-1,-1,-1
218,6,218.69,514.22,58.96,205.33,0.5482,-1,-1,-1
218,8,509.64,330.14,68.24,219.50,0.6173,-1,-1,-1
218,28,759.57,315.26,71.57,192.01,0.3127,-1,-1,-1
218,29,118.61,664.07,92.53,258.97,0.7803,-1,-1,-1
218,35,1126.02,129.66,56.29,188.07,0.2834,-1,-1,-1
218,37,53.39,616.86,80.20,237.74,0.4969,-1,-1,-1
219,1,427.72,197.06,73.53,199.52,0.3551,-1,-1,-1
219,2,101.33,548.95,71.05,137.07,0.3710,-1,-1,-1
219,3,943.66,907.40,65.52,172.52,0.7538,-1,-1,-1
219,4,1721.31,458.96,73.18,209.84,0.5485,-1,-1,-1
219,5,1354.90,571.76,81.28,217.42,0.5037,-1,-1,-1
219,18,900.86,140.34,69.01,186.46,0.4737,-1,-1,-1
219,19,399.31,574.98,88.78,245.74,0.6946,-1,-1,-1
219,26,598.34,341.26,59.77,199.60,0.4980,-1,-1,-1
219,6,217.40,511.87,58.45,203.50,0.5354,-1,-1,-1
219,8,510.46,331.56,66.90,220.07,0.6280,-1,-1,-1
219,28,758.92,315.76,72.57,190.98,0.2996,-1,-1,-1
219,29,121.92,663.07,90.97,258.56,0.7718,-1,-1,-1
219,35,1124.97,128.33,56.25,189.33,0.3216,-1,-1,-1
219,37,56.87,623.39,82.08,228.40,0.5830,-1,-1,-1
220,1,428.18,196.55,72.41,198.59,0.3742,-1,-1,-1
220,2,96.82,549.69,76.00,134.54,0.3996,-1,-1,-1
220,3,941.40,905.97,67.35,174.05,0.7481,-1,-1,-1
220,4,1721.31,459.01,73.41,209.39,0.5642,-1,-1,-1
220,5,1354.60,571.10,82.65,218.29,0.5130,-1,-1,-1
220,18,899.52,140.82,71.56,187.43,0.5145,-1,-1,-1
220,19,398.52,572.48,88.67,246.88,0.7156,-1,-1,-1
220,26,598.16,342.27,58.76,200.48,0.5147,-1,-1,-1
220,6,215.15,508.30,58.66,202.28,0.5506,-1,-1,-1
220,8,510.50,333.96,65.65,218.43,0.6369,-1,-1,-1
220,28,758.71,317.33,74.82,189.57,0.3103,-1,-1,-1
220,29,123.58,665.29,94.34,253.09,0.7425,-1,-1,-1
220,35,1123.79,126.98,56.23,189.05,0.2868,-1,-1,-1
220,37,59.02,629.33,85.56,223.06,0.6052,-1,-1,-1
221,1,428.85,195.32,71.77,199.09,0.3794,-1,-1,-1
221,2,92.04,550.59,81.95,136.09,0.4767,-1,-1,-1
221,3,938.44,905.01,68.83,175.04,0.7478,-1,-1,-1
221,4,1721.03,458.62,73.49,209.33,0.5864,-1,-1,-1
221,5,1354.49,571.39,82.88,218.11,0.5156,-1,-1,-1
221,18,900.73,141.08,70.59,188.01,0.5417,-1,-1,-1
221,19,399.26,569.67,86.73,248.01,0.6923,-1,-1,-1
221,26,597.78,344.07,58.21,200.58,0.5801,-1,-1,-1
221,6,213.25,504.95,59.83,201.53,0.5997,-1,-1,-1
221,8,510.49,336.19,66.39,218.68,0.6034,-1,-1,-1
221,28,760.91,315.59,72.54,191.41,0.3331,-1,-1,-1
221,29,126.69,667.14,96.62,252.22,0.7301,-1,-1,-1
221,35,1122.33,126.50,56.68,187.07,0.3121,-1,-1,-1
221,37,62.45,633.88,87.59,219.96,0.6305,-1,-1,-1
222,1,429.27,194.03,71.45,199.73,0.3578,-1,-1,-1
222,2,92.86,551.08,81.64,150.01,0.3797,-1,-1,-1
222,3,935.98,904.94,71.28,175.20,0.7533,-1,-1,-1
222,4,1721.37,458.53,73.62,208.97,0.5638,-1,-1,-1
222,5,1354.53,571.57,83.77,219.54,0.4860,-1,-1,-1
222,18,901.49,140.65,69.13,187.25,0.4980,-1,-1,-1
222,19,399.20,566.10,85.31,249.94,0.7094,-1,-1,-1
222,26,596.73,345.53,58.79,200.00,0.5701,-1,-1,-1
222,6,209.64,503.50,63.71,200.87,0.5618,-1,-1,-1
222,8,511.17,336.89,65.44,218.97,0.5869,-1,-1,-1
222,28,768.12,316.34,65.65,191.68,0.2692,-1,-1,-1
222,29,129.86,668.87,104.47,251.83,0.7160,-1,-1,-1
222,35,1121.63,127.95,53.72,180.14,0.2885,-1,-1,-1
222,37,65.75,632.72,92.31,224.00,0.5137,-1,-1,-1
223,1,431.00,193.76,70.23,201.21,0.3377,-1,-1,-1
223,2,93.88,552.11,81.17,143.57,0.4595,-1,-1,-1
223,3,934.75,904.68,72.21,175.45,0.7456,-1,-1,-1
223,4,1722.02,457.96,72.60,209.23,0.5424,-1,-1,-1
223,5,1354.63,571.67,84.54,220.89,0.4526,-1,-1,-1
223,18,900.80,140.58,69.00,185.93,0.4489,-1,-1,-1
223,19,399.08,564.24,84.24,246.80,0.7257,-1,-1,-1
223,26,595.70,346.56,59.13,199.20,0.5594,-1,-1,-1
223,6,208.65,502.46,64.89,200.31,0.5643,-1,-1,-1
223,8,511.17,337.56,66.13,218.68,0.5835,-1,-1,-1
223,28,770.30,315.98,66.05,193.62,0.3005,-1,-1,-1
223,29,132.00,670.56,110.79,255.94,0.6903,-1,-1,-1
223,35,1119.58,128.20,53.94,178.91,0.3350,-1,-1,-1
223,37,68.94,634.20,90.92,224.80,0.5791,-1,-1,-1
224,1,432.33,193.37,69.91,202.00,0.3577,-1,-1,-1
224,2,95.35,552.59,79.99,142.85,0.3632,-1,-1,-1
224,3,934.47,904.34,71.76,175.71,0.7161,-1,-1,-1
224,4,1721.68,458.70,73.14,208.97,0.5487,-1,-1,-1
224,5,1354.67,571.62,87.42,226.57,0.4353,-1,-1,-1
224,18,902.08,138.14,70.32,186.33,0.4197,-1,-1,-1
224,19,398.73,561.01,82.79,241.66,0.7171,-1,-1,-1
224,26,594.88,346.99,59.52,198.67,0.5603,-1,-1,-1
224,6,211.13,500.84,60.60,201.39,0.5535,-1,-1,-1
224,8,511.51,338.24,67.24,218.37,0.5859,-1,-1,-1
224,28,771.77,316.44,66.04,193.38,0.2948,-1,-1,-1
224,29,134.23,674.43,116.51,258.67,0.7254,-1,-1,-1
224,35,1117.98,127.87,53.70,178.99,0.3189,-1,-1,-1
224,37,72.95,635.37,86.50,222.98,0.5422,-1,-1,-1
225,1,431.21,192.11,71.24,203.79,0.3693,-1,-1,-1
225,2,96.77,553.15,78.45,147.24,0.3705,-1,-1,-1
225,3,934.21,903.43,71.68,176.55,0.7277,-1,-1,-1
225,4,1721.28,458.74,73.82,209.43,0.5840,-1,-1,-1
225,5,1354.84,572.10,89.00,230.46,0.4103,-1,-1,-1
225,18,903.37,137.27,71.25,185.72,0.3902,-1,-1,-1
225,19,397.96,558.02,81.20,238.02,0.7170,-1,-1,-1
225,26,594.20,348.12,59.39,196.89,0.5705,-1,-1,-1
225,6,211.62,499.48,59.63,200.96,0.6084,-1,-1,-1
225,8,511.84,338.82,68.71,217.80,0.5865,-1,-1,-1
225,28,772.46,316.86,69.91,194.92,0.3959,-1,-1,-1
225,29,136.45,677.39,118.22,262.78,0.7732,-1,-1,-1
225,35,1115.56,127.31,54.81,179.11,0.3688,-1,-1,-1
225,37,78.99,638.37,80.37,225.62,0.5941,-1,-1,-1
226,1,431.49,190.53,71.64,204.95,0.3925,-1,-1,-1
226,2,98.35,554.08,78.56,151.80,0.4247,-1,-1,-1
226,3,932.53,902.27,73.33,177.66,0.7226,-1,-1,-1
226,4,1721.23,458.30,74.17,210.27,0.5769,-1,-1,-1
226,5,1354.85,573.40,90.77,227.00,0.4488,-1,-1,-1
226,18,905.90,135.64,67.95,184.92,0.3656,-1,-1,-1
226,19,394.27,555.46,84.16,237.94,0.7250,-1,-1,-1
226,26,592.66,348.03,60.32,196.61,0.5807,-1,-1,-1
226,6,207.74,498.99,64.62,201.49,0.6060,-1,-1,-1
226,8,510.09,339.56,71.74,217.30,0.6155,-1,-1,-1
226,28,775.56,316.54,68.39,197.07,0.3801,-1,-1,-1
226,29,138.93,680.02,117.68,264.68,0.7539,-1,-1,-1
226,35,1113.65,126.81,55.24,176.50,0.3614,-1,-1,-1
226,37,84.29,640.12,78.51,226.82,0.6079,-1,-1,-1
227,1,432.12,188.72,71.91,207.19,0.4145,-1,-1,-1
227,2,99.81,554.43,78.94,155.29,0.4687,-1,-1,-1
227,3,932.08,901.87,73.14,178.06,0.7081,-1,-1,-1
227,4,1721.41,458.28,73.70,210.04,0.5957,-1,-1,-1
227,5,1354.89,573.88,90.37,226.22,0.4627,-1,-1,-1
227,18,908.60,133.95,64.56,186.61,0.3490,-1,-1,-1
227,19,391.92,553.04,85.24,238.73,0.7344,-1,-1,-1
227,26,590.57,347.90,62.13,197.37,0.5905,-1,-1,-1
227,6,207.40,497.92,65.62,203.21,0.6048,-1,-1,-1
227,8,509.54,342.31,72.98,213.92,0.6181,-1,-1,-1
227,28,777.10,317.62,73.75,200.00,0.3027,-1,-1,-1
227,29,142.95,682.46,115.44,268.13,0.7643,-1,-1,-1
227,35,1112.26,125.64,55.30,177.76,0.3726,-1,-1,-1
227,37,91.35,639.46,76.36,227.96,0.5921,-1,-1,-1
228,1,432.89,188.19,71.86,207.60,0.4362,-1,-1,-1
228,2,100.93,554.97,79.18,148.88,0.4599,-1,-1,-1
228,3,932.09,901.10,72.83,178.86,0.6954,-1,-1,-1
228,4,1721.49,459.17,73.75,208.65,0.5956,-1,-1,-1
228,5,1354.60,575.24,94.23,229.27,0.4474,-1,-1,-1
228,18,909.95,132.85,65.51,182.34,0.3559,-1,-1,-1
228,19,388.06,551.77,88.36,239.41,0.7352,-1,-1,-1
228,26,589.17,348.99,62.98,196.06,0.5721,-1,-1,-1
228,6,207.63,496.87,66.12,203.70,0.6215,-1,-1,-1
228,8,509.45,342.04,72.02,213.85,0.6387,-1,-1,-1
228,28,777.94,318.69,74.38,203.55,0.3923,-1,-1,-1
228,29,147.51,686.50,108.09,266.95,0.7345,-1,-1,-1
228,35,1109.34,125.24,56.76,179.16,0.3302,-1,-1,-1
228,37,96.11,640.07,77.31,230.55,0.6010,-1,-1,-1
229,1,433.82,187.79,70.80,208.60,0.4224,-1,-1,-1
229,2,101.93,555.95,80.02,143.04,0.4673,-1,-1,-1
229,3,931.51,900.36,73.14,179.66,0.7155,-1,-1,-1
229,4,1720.96,459.30,74.18,208.88,0.6028,-1,-1,-1
229,5,1354.41,575.96,93.11,223.78,0.4909,-1,-1,-1
229,18,912.36,131.97,65.67,178.54,0.3882,-1,-1,-1
229,19,384.89,549.60,91.12,241.70,0.7255,-1,-1,-1
229,26,588.39,349.76,63.22,195.10,0.5615,-1,-1,-1
229,6,206.81,495.82,66.85,204.92,0.5912,-1,-1,-1
229,8,509.17,343.65,72.66,212.50,0.6495,-1,-1,-1
229,28,777.30,318.29,72.68,208.61,0.3436,-1,-1,-1
229,29,149.35,689.73,103.28,265.91,0.7290,-1,-1,-1
229,35,1105.09,124.90,59.79,180.00,0.3414,-1,-1,-1
229,37,102.53,642.74,75.80,226.42,0.5913,-1,-1,-1
230,1,435.02,187.41,70.16,206.74,0.4565,-1,-1,-1
230,2,102.23,556.53,82.06,133.28,0.4543,-1,-1,-1
230,3,931.77,899.73,72.69,180.33,0.7126,-1,-1,-1
230,4,1720.94,459.51,74.21,208.51,0.5841,-1,-1,-1
230,5,1354.35,575.42,95.70,227.61,0.4598,-1,-1,-1
230,18,915.33,130.57,65.46,175.27,0.3404,-1,-1,-1
230,19,382.55,546.71,93.29,245.80,0.7325,-1,-1,-1
230,26,587.47,351.17,64.03,194.01,0.5281,-1,-1,-1
230,6,205.63,494.62,67.98,204.78,0.5886,-1,-1,-1
230,8,509.43,344.44,72.62,213.22,0.6390,-1,-1,-1
230,28,779.15,318.97,73.17,211.21,0.3199,-1,-1,-1
230,29,148.81,693.05,105.95,264.77,0.7489,-1,-1,-1
230,35,1097.24,125.55,66.86,179.36,0.3479,-1,-1,-1
230,37,107.90,645.09,73.92,218.73,0.5594,-1,-1,-1
231,1,435.94,186.86,70.48,204.85,0.4376,-1,-1,-1
231,2,102.36,556.79,82.67,128.87,0.4820,-1,-1,-1
231,3,931.29,899.29,73.18,180.68,0.7279,-1,-1,-1
231,4,1721.20,458.80,74.10,209.51,0.6109,-1,-1,-1
231,5,1354.68,577.28,95.99,224.60,0.4701,-1,-1,-1
231,18,917.42,129.54,66.78,177.19,0.3072,-1,-1,-1
231,19,380.43,545.12,94.92,247.76,0.7377,-1,-1,-1
231,26,586.42,350.64,65.59,193.67,0.5485,-1,-1,-1
231,6,209.15,493.30,65.65,204.50,0.5610,-1,-1,-1
231,8,508.48,345.41,73.50,213.03,0.6584,-1,-1,-1
231,28,780.42,325.76,63.48,204.34,0.3281,-1,-1,-1
231,29,152.56,695.34,102.89,263.28,0.7687,-1,-1,-1
231,35,1093.86,125.93,69.04,178.69,0.3567,-1,-1,-1
231,37,112.92,644.62,71.58,170.50,0.4767,-1,-1,-1
232,1,437.24,186.46,70.09,205.34,0.4461,-1,-1,-1
232,2,102.98,557.18,82.15,128.72,0.4507,-1,-1,-1
232,3,931.31,899.25,73.35,180.74,0.7215,-1,-1,-1
232,4,1721.71,458.07,73.50,210.21,0.6170,-1,-1,-1
232,5,1355.63,578.31,96.63,228.18,0.4679,-1,-1,-1
232,18,918.88,127.19,67.89,179.67,0.3077,-1,-1,-1
232,19,377.33,544.56,97.21,248.31,0.7132,-1,-1,-1
232,26,586.98,351.95,64.70,191.42,0.5231,-1,-1,-1
232,6,214.18,492.23,61.70,203.51,0.5231,-1,-1,-1
232,8,508.32,345.95,72.15,215.08,0.6662,-1,-1,-1
232,28,780.23,324.26,66.88,206.49,0.2932,-1,-1,-1
232,29,160.39,697.68,96.41,260.51,0.7634,-1,-1,-1
232,35,1093.62,125.76,67.49,178.28,0.4092,-1,-1,-1
232,37,117.89,647.37,68.47,212.55,0.5335,-1,-1,-1
233,1,438.80,184.78,69.48,207.11,0.4114,-1,-1,-1
233,2,104.00,557.85,82.13,131.59,0.4187,-1,-1,-1
233,3,932.15,898.96,72.27,181.03,0.7089,-1,-1,-1
233,4,1721.71,458.35,73.60,209.53,0.5951,-1,-1,-1
233,5,1355.70,577.79,98.46,233.51,0.4534,-1,-1,-1
233,18,920.38,126.19,67.28,178.81,0.2876,-1,-1,-1
233,19,375.41,544.20,97.91,247.14,0.6917,-1,-1,-1
233,26,587.13,353.53,64.21,191.00,0.5164,-1,-1,-1
233,6,212.78,490.68,64.56,203.59,0.5892,-1,-1,-1
233,8,507.91,346.86,71.84,218.18,0.6781,-1,-1,-1
233,28,782.77,330.72,63.02,201.70,0.2977,-1,-1,-1
233,29,165.71,699.87,92.82,258.00,0.7783,-1,-1,-1
233,35,1093.32,125.86,66.01,176.54,0.4655,-1,-1,-1
233,37,119.28,648.49,67.26,221.75,0.5440,-1,-1,-1
233,41,1174.32,124.22,59.70,162.59,0.3516,-1,-1,-1
234,1,440.23,183.54,69.62,208.29,0.4265,-1,-1,-1
234,2,107.26,558.64,77.12,197.97,0.3856,-1,-1,-1
234,3,934.19,899.72,69.56,180.19,0.6985,-1,-1,-1
234,4,1722.09,458.29,73.46,209.68,0.6140,-1,-1,-1
234,5,1355.05,576.31,101.00,238.09,0.5107,-1,-1,-1
234,18,921.40,124.06,67.93,180.58,0.3618,-1,-1,-1
234,19,373.99,542.64,98.39,245.21,0.7133,-1,-1,-1
234,26,587.10,354.40,64.07,193.09,0.5440,-1,-1,-1
234,6,214.59,488.58,63.64,200.35,0.5975,-1,-1,-1
234,8,507.44,347.71,70.95,220.30,0.6880,-1,-1,-1
234,28,782.45,334.41,62.54,200.80,0.2864,-1,-1,-1
234,29,168.31,701.11,91.81,257.08,0.7941,-1,-1,-1
234,35,1092.38,126.59,65.74,176.68,0.4582,-1,-1,-1
234,37,118.27,650.29,69.47,223.82,0.4359,-1,-1,-1
234,41,1172.26,124.04,60.79,161.23,0.3480,-1,-1,-1
235,1,442.06,182.39,69.01,207.63,0.4530,-1,-1,-1
235,2,106.65,559.30,79.67,165.47,0.4372,-1,-1,-1
235,3,934.74,900.33,67.86,179.64,0.6793,-1,-1,-1
235,4,1722.27,458.72,72.97,209.32,0.5925,-1,-1,-1
235,5,1355.99,576.48,102.73,238.37,0.4402,-1,-1,-1
235,18,922.68,123.10,67.13,184.55,0.3726,-1,-1,-1
235,19,373.09,541.51,97.30,245.29,0.7200,-1,-1,-1
235,26,587.70,356.42,63.28,192.61,0.5304,-1,-1,-1
235,6,216.10,486.17,62.19,198.47,0.5967,-1,-1,-1
235,8,506.75,350.05,70.43,220.85,0.6852,-1,-1,-1
235,28,782.01,337.64,63.91,199.60,0.3723,-1,-1,-1
235,29,172.35,702.58,88.14,254.46,0.7767,-1,-1,-1
235,35,1091.95,126.61,64.51,176.24,0.4523,-1,-1,-1
235,37,119.80,652.87,69.03,221.69,0.5006,-1,-1,-1
235,41,1170.29,123.09,61.65,162.06,0.3524,-1,-1,-1
236,1,443.71,182.34,68.19,204.10,0.4484,-1,-1,-1
236,2,106.81,560.11,81.80,151.18,0.5192,-1,-1,-1
236,3,935.53,900.38,66.58,179.64,0.6705,-1,-1,-1
236,4,1722.34,459.13,72.53,209.06,0.6041,-1,-1,-1
236,5,1357.53,576.64,103.30,238.74,0.4502,-1,-1,-1
236,18,923.41,122.04,67.99,186.43,0.3631,-1,-1,-1
236,19,372.89,540.78,96.00,244.25,0.7202,-1,-1,-1
236,26,587.55,358.52,61.94,188.86,0.5084,-1,-1,-1
236,6,216.45,483.97,62.82,197.04,0.5818,-1,-1,-1
236,8,506.36,352.72,69.32,219.06,0.6844,-1,-1,-1
236,28,782.69,339.50,62.63,198.00,0.4095,-1,-1,-1
236,29,175.96,703.13,85.88,253.90,0.7783,-1,-1,-1
236,35,1091.13,126.01,65.07,176.37,0.4149,-1,-1,-1
236,37,122.71,656.58,69.12,220.28,0.5671,-1,-1,-1
236,41,1167.85,122.95,62.20,161.07,0.3315,-1,-1,-1
237,1,443.46,181.52,69.20,201.52,0.3803,-1,-1,-1
237,2,107.13,560.42,82.06,146.66,0.5160,-1,-1,-1
237,3,936.14,900.51,65.25,179.66,0.6756,-1,-1,-1
237,4,1721.98,458.52,72.90,209.56,0.5917,-1,-1,-1
237,5,1360.41,577.49,102.75,238.91,0.4263,-1,-1,-1
237,18,925.26,122.52,66.68,186.72,0.3100,-1,-1,-1
237,19,373.51,538.11,93.87,244.90,0.7035,-1,-1,-1
237,26,587.22,360.75,61.65,188.82,0.5128,-1,-1,-1
237,6,217.36,482.55,62.73,196.44,0.5577,-1,-1,-1
237,8,504.45,355.44,69.85,217.42,0.6776,-1,-1,-1
237,28,783.30,339.28,62.67,198.53,0.4106,-1,-1,-1
237,29,178.38,703.93,85.30,251.78,0.7906,-1,-1,-1
237,35,1090.36,124.83,64.09,177.48,0.3747,-1,-1,-1
237,37,126.42,655.54,68.87,222.02,0.6008,-1,-1,-1
237,41,1165.69,123.17,62.35,160.53,0.2172,-1,-1,-1
238,1,443.42,180.44,70.09,200.62,0.3879,-1,-1,-1
238,2,108.23,560.61,83.33,143.33,0.4424,-1,-1,-1
238,3,936.19,900.40,64.04,179.64,0.6801,-1,-1,-1
238,4,1721.59,459.51,73.01,208.34,0.6043,-1,-1,-1
238,5,1363.92,578.58,102.85,239.71,0.4166,-1,-1,-1
238,18,926.13,120.54,67.49,188.00,0.3607,-1,-1,-1
238,19,375.43,535.63,91.40,243.88,0.7075,-1,-1,-1
238,26,587.18,362.07,61.86,188.10,0.5444,-1,-1,-1
238,6,217.52,480.35,63.02,196.99,0.5441,-1,-1,-1
238,8,503.26,356.94,70.17,218.13,0.6982,-1,-1,-1
238,28,784.18,339.97,63.34,198.33,0.4495,-1,-1,-1
238,29,182.10,703.97,85.12,252.61,0.7751,-1,-1,-1
238,35,1090.00,124.41,60.12,180.26,0.4178,-1,-1,-1
238,37,134.12,658.29,65.43,217.02,0.4653,-1,-1,-1
238,41,1164.41,122.39,62.04,162.56,0.2763,-1,-1,-1
239,1,443.91,179.10,71.09,200.38,0.4008,-1,-1,-1
239,2,108.94,561.18,83.98,142.18,0.3779,-1,-1,-1
239,3,936.39,900.16,62.81,179.84,0.7089,-1,-1,-1
239,4,1721.90,458.86,72.94,209.15,0.6240,-1,-1,-1
239,5,1360.06,577.32,108.92,240.59,0.4685,-1,-1,-1
239,18,926.42,120.26,67.37,184.40,0.4367,-1,-1,-1
239,19,378.99,531.59,87.29,240.74,0.7622,-1,-1,-1
239,26,587.45,362.58,62.61,187.74,0.5599,-1,-1,-1
239,6,218.19,479.51,62.96,197.48,0.5839,-1,-1,-1
239,8,501.79,357.95,70.67,216.69,0.6809,-1,-1,-1
239,28,783.80,340.21,64.14,198.43,0.4084,-1,-1,-1
239,29,185.40,705.57,85.46,251.42,0.7562,-1,-1,-1
239,35,1089.33,122.87,58.32,181.94,0.4246,-1,-1,-1
239,37,138.35,657.78,65.94,218.58,0.5325,-1,-1,-1
239,41,1160.93,120.87,63.11,165.04,0.3050,-1,-1,-1
239,43,110.97,561.60,81.66,237.58,0.4800,-1,-1,-1
240,1,443.72,177.56,73.04,201.17,0.3619,-1,-1,-1
240,2,109.11,562.03,85.07,145.85,0.4946,-1,-1,-1
240,3,936.80,900.27,61.72,179.33,0.7054,-1,-1,-1
240,4,1721.37,459.11,74.00,208.97,0.5960,-1,-1,-1
240,5,1358.52,576.63,112.25,240.42,0.4574,-1,-1,-1
240,18,925.75,118.92,66.68,185.12,0.4095,-1,-1,-1
240,19,383.34,528.61,82.62,236.85,0.7467,-1,-1,-1
240,26,588.65,363.91,59.46,185.53,0.5469,-1,-1,-1
240,6,218.18,478.22,63.32,199.07,0.5943,-1,-1,-1
240,8,499.61,358.61,72.65,217.96,0.6509,-1,-1,-1
240,28,784.05,340.56,65.14,197.70,0.4282,-1,-1,-1
240,29,187.43,707.01,91.60,253.87,0.7576,-1,-1,-1
240,35,1088.18,122.25,57.45,180.92,0.3917,-1,-1,-1
240,37,142.65,655.82,68.14,221.04,0.5604,-1,-1,-1
240,41,1158.09,120.72,66.28,165.57,0.2527,-1,-1,-1
240,43,110.54,562.15,82.00,236.24,0.4080,-1,-1,-1
241,1,444.57,177.90,73.97,200.71,0.3664,-1,-1,-1
241,2,110.34,562.57,83.93,148.74,0.5324,-1,-1,-1
241,3,936.55,900.13,61.08,179.59,0.7162,-1,-1,-1
241,4,1721.71,458.81,73.15,208.89,0.6290,-1,-1,-1
241,5,1357.09,573.57,118.04,241.97,0.5078,-1,-1,-1
241,18,924.99,118.22,67.05,183.50,0.4465,-1,-1,-1
241,19,386.71,525.88,79.35,234.38,0.7304,-1,-1,-1
241,26,588.92,365.47,59.08,183.03,0.5622,-1,-1,-1
241,6,218.15,476.49,63.65,201.41,0.6210,-1,-1,-1
241,8,497.86,358.99,73.45,218.84,0.6603,-1,-1,-1
241,28,784.47,340.75,67.68,197.33,0.4428,-1,-1,-1
241,29,189.63,709.15,97.31,256.25,0.7769,-1,-1,-1
241,35,1086.34,121.50,57.46,178.65,0.4318,-1,-1,-1
241,37,148.59,653.16,67.23,168.03,0.4031,-1,-1,-1
241,41,1155.83,119.96,64.89,164.08,0.2881,-1,-1,-1
241,43,111.78,562.46,80.05,236.21,0.4210,-1,-1,-1
242,1,445.93,177.09,73.04,202.65,0.3642,-1,-1,-1
242,2,110.74,563.04,84.34,169.83,0.4398,-1,-1,-1
242,3,936.42,900.58,61.52,179.33,0.7259,-1,-1,-1
242,4,1721.68,459.26,72.77,208.50,0.6144,-1,-1,-1
242,5,1356.76,571.05,120.85,243.59,0.5357,-1,-1,-1
242,18,929.14,120.10,62.99,181.24,0.4581,-1,-1,-1
242,19,387.36,523.02,79.14,233.81,0.6991,-1,-1,-1
242,26,587.91,365.54,60.56,186.85,0.5493,-1,-1,-1
242,6,218.09,475.07,63.79,201.81,0.5969,-1,-1,-1
242,8,495.98,360.73,74.00,217.95,0.6504,-1,-1,-1
242,28,785.24,342.26,68.00,196.75,0.4306,-1,-1,-1
242,29,193.82,711.72,98.00,256.46,0.7483,-1,-1,-1
242,35,1084.10,119.28,58.76,178.92,0.4118,-1,-1,-1
242,37,153.23,650.80,68.02,168.45,0.4305,-1,-1,-1
242,41,1155.24,119.39,63.27,161.30,0.3191,-1,-1,-1
242,43,112.88,564.61,85.55,241.61,0.1122,-1,-1,-1
243,1,447.66,176.30,71.45,204.10,0.3479,-1,-1,-1
243,2,112.83,562.60,83.49,164.00,0.1597,-1,-1,-1
243,3,936.00,900.45,61.24,179.55,0.7104,-1,-1,-1
243,4,1721.40,458.97,73.42,207.77,0.6317,-1,-1,-1
243,5,1356.85,568.80,120.45,245.94,0.5380,-1,-1,-1
243,18,931.23,119.76,61.43,179.63,0.5040,-1,-1,-1
243,19,388.72,520.21,77.87,235.24,0.6883,-1,-1,-1
243,26,587.34,365.68,61.65,192.20,0.5771,-1,-1,-1
243,6,217.78,474.34,64.41,202.43,0.6049,-1,-1,-1
243,8,494.29,361.02,73.71,218.37,0.6476,-1,-1,-1
243,28,786.08,341.90,68.03,197.69,0.4228,-1,-1,-1
243,29,197.43,716.38,99.39,255.90,0.6950,-1,-1,-1
243,35,1082.32,118.26,59.29,179.49,0.4664,-1,-1,-1
243,37,156.27,651.05,71.87,163.41,0.4760,-1,-1,-1
243,41,1154.76,118.40,63.70,159.18,0.3099,-1,-1,-1
243,43,113.01,561.79,83.50,236.03,0.5381,-1,-1,-1
243,21,787.90,152.06,65.46,168.86,0.3728,-1,-1,-1
244,1,447.15,175.83,74.32,204.40,0.3518,-1,-1,-1
244,2,113.50,562.75,83.56,218.59,0.5662,-1,-1,-1
244,3,935.60,901.15,61.99,179.00,0.7835,-1,-1,-1
244,4,1721.18,458.88,73.42,207.76,0.6061,-1,-1,-1
244,5,1356.87,569.63,119.35,244.76,0.5077,-1,-1,-1
244,18,932.65,118.35,60.31,179.17,0.4405,-1,-1,-1
244,19,389.16,518.12,77.91,236.65,0.6919,-1,-1,-1
244,26,586.16,366.94,61.25,196.37,0.5805,-1,-1,-1
244,6,217.20,472.80,64.32,200.11,0.5755,-1,-1,-1
244,8,492.37,361.84,73.26,216.31,0.6436,-1,-1,-1
244,28,788.67,342.69,64.73,196.87,0.3871,-1,-1,-1
244,29,199.77,725.52,99.24,250.96,0.7041,-1,-1,-1
244,35,1080.61,117.92,59.97,179.72,0.4479,-1,-1,-1
244,37,159.10,653.20,79.95,158.53,0.5560,-1,-1,-1
244,41,1154.40,115.21,59.46,159.40,0.3156,-1,-1,-1
244,43,113.48,562.34,83.60,243.03,0.5662,-1,-1,-1
244,21,786.25,152.33,68.10,169.99,0.3411,-1,-1,-1
245,1,447.63,175.69,74.33,203.91,0.3196,-1,-1,-1
245,2,115.81,565.05,82.37,237.83,0.6233,-1,-1,-1
245,3,935.14,902.31,63.00,177.77,0.7905,-1,-1,-1
245,4,1720.88,458.97,73.58,207.95,0.5892,-1,-1,-1
245,5,1359.18,569.86,116.96,244.65,0.4324,-1,-1,-1
245,18,934.41,116.59,59.09,178.91,0.4541,-1,-1,-1
245,19,389.16,517.68,78.79,237.44,0.6787,-1,-1,-1
245,26,585.96,369.05,60.32,198.70,0.5897,-1,-1,-1
245,6,217.03,471.38,64.30,200.91,0.5674,-1,-1,-1
245,8,491.60,362.10,72.85,218.46,0.6682,-1,-1,-1
245,28,789.92,343.55,64.17,196.70,0.3798,-1,-1,-1
245,29,199.24,729.14,99.88,250.66,0.7023,-1,-1,-1
245,35,1079.98,117.40,58.92,179.38,0.4497,-1,-1,-1
245,37,163.63,654.93,79.46,152.27,0.5935,-1,-1,-1
245,41,1154.44,113.05,57.22,159.87,0.2880,-1,-1,-1
245,43,115.81,565.12,82.34,245.34,0.6233,-1,-1,-1
245,21,785.97,152.70,68.94,169.98,0.3184,-1,-1,-1
245,45,854.70,353.10,66.55,185.10,0.3902,-1,-1,-1
246,1,448.01,176.07,74.59,204.23,0.3246,-1,-1,-1
246,2,118.26,564.70,81.18,247.30,0.6373,-1,-1,-1
246,3,935.26,903.29,63.69,176.78,0.7800,-1,-1,-1
246,4,1720.89,458.53,73.93,209.39,0.6068,-1,-1,-1
246,5,1366.29,571.30,109.46,242.92,0.4674,-1,-1,-1
246,18,936.15,115.78,57.45,179.35,0.4114,-1,-1,-1
246,19,389.17,517.13,79.89,238.92,0.6971,-1,-1,-1
246,26,585.11,370.75,60.73,200.22,0.6292,-1,-1,-1
246,6,219.08,470.34,63.07,203.50,0.5838,-1,-1,-1
246,8,489.20,363.42,73.61,215.78,0.6925,-1,-1,-1
246,28,791.10,344.94,63.56,196.00,0.3963,-1,-1,-1
246,29,202.33,731.22,96.75,254.67,0.6849,-1,-1,-1
246,35,1079.32,117.54,58.93,178.70,0.4121,-1,-1,-1
246,37,170.30,655.29,77.07,151.18,0.6018,-1,-1,-1
246,41,1153.16,111.72,57.18,161.52,0.2676,-1,-1,-1
246,43,118.29,564.62,81.12,247.49,0.6373,-1,-1,-1
246,21,784.11,152.90,71.38,170.18,0.3275,-1,-1,-1
246,45,859.79,352.17,64.16,187.17,0.3856,-1,-1,-1
247,1,448.15,175.59,76.16,204.68,0.3373,-1,-1,-1
247,2,119.72,563.98,83.24,253.19,0.6223,-1,-1,-1
247,3,935.69,903.76,63.60,176.26,0.7677,-1,-1,-1
247,4,1720.27,458.45,74.45,208.95,0.6209,-1,-1,-1
247,5,1369.92,568.69,107.20,247.21,0.5719,-1,-1,-1
247,18,936.90,114.50,57.19,177.70,0.4336,-1,-1,-1
247,19,389.46,516.82,80.47,240.20,0.7037,-1,-1,-1
247,26,584.46,372.32,61.57,203.40,0.6803,-1,-1,-1
247,6,219.35,468.97,62.63,205.32,0.5815,-1,-1,-1
247,8,487.66,364.44,73.88,215.10,0.7434,-1,-1,-1
247,28,789.87,345.53,64.89,195.78,0.4094,-1,-1,-1
247,29,204.54,733.29,96.11,256.07,0.6711,-1,-1,-1
247,35,1078.00,116.58,58.30,179.18,0.4382,-1,-1,-1
247,37,175.21,656.44,79.94,145.74,0.4376,-1,-1,-1
247,41,1151.08,112.23,56.50,162.42,0.3185,-1,-1,-1
247,43,119.74,563.82,83.25,250.68,0.6223,-1,-1,-1
247,21,785.89,153.08,69.83,169.18,0.3060,-1,-1,-1
247,45,863.19,352.24,59.49,188.30,0.3747,-1,-1,-1
248,1,448.58,173.80,77.03,208.75,0.3513,-1,-1,-1
248,2,122.77,563.57,82.90,253.01,0.6796,-1,-1,-1
248,3,935.98,904.75,64.31,175.06,0.7521,-1,-1,-1
248,4,1719.36,459.23,75.23,208.47,0.6282,-1,-1,-1
248,5,1373.93,569.43,104.02,246.31,0.5477,-1,-1,-1
248,18,938.43,113.57,56.77,176.20,0.4607,-1,-1,-1
248,19,389.64,516.33,80.75,240.54,0.6928,-1,-1,-1
248,26,584.37,374.29,60.67,205.98,0.6461,-1,-1,-1
248,6,220.57,467.47,60.72,203.90,0.5748,-1,-1,-1
248,8,487.18,365.75,72.73,214.90,0.7417,-1,-1,-1
248,28,791.24,345.76,65.14,198.86,0.4234,-1,-1,-1
248,29,204.60,734.88,94.97,257.35,0.5897,-1,-1,-1
248,35,1077.07,116.27,57.56,180.47,0.4956,-1,-1,-1
248,37,179.56,661.38,81.16,144.96,0.3692,-1,-1,-1
248,41,1149.88,112.78,56.39,163.96,0.3311,-1,-1,-1
248,43,122.81,563.43,82.90,249.39,0.6796,-1,-1,-1
248,21,790.10,153.68,64.21,168.21,0.2696,-1,-1,-1
248,45,863.50,352.81,62.90,190.09,0.4156,-1,-1,-1
249,1,449.19,172.16,77.26,210.35,0.3885,-1,-1,-1
249,2,125.18,564.13,81.33,254.13,0.6679,-1,-1,-1
249,3,936.22,905.32,65.21,174.67,0.7497,-1,-1,-1
249,4,1720.06,459.53,74.17,207.83,0.5910,-1,-1,-1
249,5,1380.12,569.94,96.35,247.34,0.5262,-1,-1,-1
249,18,939.41,111.45,57.69,178.30,0.5151,-1,-1,-1
249,19,388.81,515.73,82.50,240.38,0.6853,-1,-1,-1
249,26,583.71,377.79,60.08,205.41,0.6023,-1,-1,-1
249,6,220.80,466.78,59.66,197.39,0.5555,-1,-1,-1
249,8,486.51,367.20,72.30,215.67,0.7132,-1,-1,-1
249,28,791.15,346.25,64.43,195.60,0.3833,-1,-1,-1
249,29,206.18,740.51,90.81,252.95,0.4883,-1,-1,-1
249,35,1075.84,116.00,57.28,182.27,0.4615,-1,-1,-1
249,37,181.84,665.24,86.20,208.12,0.4981,-1,-1,-1
249,41,1148.72,111.49,56.31,165.83,0.3423,-1,-1,-1
249,43,125.23,564.02,81.30,250.41,0.6679,-1,-1,-1
249,21,791.32,154.32,62.17,167.53,0.2723,-1,-1,-1
249,45,862.22,352.85,66.87,190.57,0.3774,-1,-1,-1
250,1,449.65,170.49,76.86,211.31,0.3735,-1,-1,-1
250,2,127.84,565.65,81.11,251.56,0.6766,-1,-1,-1
250,3,936.38,905.77,66.35,174.27,0.7302,-1,-1,-1
250,4,1720.74,458.64,73.80,208.71,0.5973,-1,-1,-1
250,5,1385.03,569.73,90.55,246.85,0.5921,-1,-1,-1
250,18,938.39,109.87,59.56,179.95,0.4961,-1,-1,-1
250,19,388.70,515.52,83.78,239.34,0.6793,-1,-1,-1
250,26,582.60,380.74,60.32,203.67,0.6331,-1,-1,-1
250,6,221.89,465.04,59.31,195.87,0.5543,-1,-1,-1
250,8,486.30,368.91,72.24,217.83,0.6858,-1,-1,-1
250,28,792.06,348.03,65.63,194.85,0.3414,-1,-1,-1
250,29,210.38,745.66,89.98,246.42,0.4586,-1,-1,-1
250,35,1074.11,115.35,57.59,183.16,0.4139,-1,-1,-1
250,37,185.05,668.36,85.40,222.99,0.4104,-1,-1,-1
250,41,1147.48,110.76,56.62,166.15,0.3421,-1,-1,-1
250,43,127.90,565.61,81.09,247.87,0.6766,-1,-1,-1
250,21,791.82,153.66,62.93,167.59,0.2471,-1,-1,-1
250,45,857.19,354.93,71.03,191.26,0.3943,-1,-1,-1
251,1,450.02,168.71,75.23,211.58,0.3775,-1,-1,-1
251,2,130.89,565.72,80.93,252.64,0.7000,-1,-1,-1
251,3,937.55,907.37,66.42,172.85,0.7400,-1,-1,-1
251,4,1720.17,459.05,74.95,208.08,0.6042,-1,-1,-1
251,5,1387.68,568.94,88.92,247.34,0.6259,-1,-1,-1
251,18,936.55,109.86,63.17,180.63,0.4688,-1,-1,-1
251,19,388.24,513.23,84.83,239.69,0.6654,-1,-1,-1
251,26,581.65,383.06,60.31,203.61,0.6521,-1,-1,-1
251,6,221.99,462.11,59.37,196.72,0.5620,-1,-1,-1
251,8,488.52,369.52,69.70,223.73,0.6535,-1,-1,-1
251,28,791.94,350.71,65.87,192.43,0.3647,-1,-1,-1
251,29,211.58,745.78,89.25,247.52,0.5578,-1,-1,-1
251,35,1072.83,114.89,57.68,183.77,0.3954,-1,-1,-1
251,37,186.19,672.97,89.64,173.62,0.5093,-1,-1,-1
251,41,1146.32,109.41,58.07,167.30,0.2882,-1,-1,-1
251,43,130.96,565.64,80.90,249.29,0.7000,-1,-1,-1
251,21,792.34,154.87,63.26,165.40,0.2354,-1,-1,-1
251,45,859.75,355.61,69.38,193.15,0.3471,-1,-1,-1
252,1,450.27,167.46,74.60,209.21,0.3792,-1,-1,-1
252,2,133.56,566.18,82.26,251.11,0.7027,-1,-1,-1
252,3,938.23,908.01,66.82,172.06,0.7127,-1,-1,-1
252,4,1720.41,459.51,74.38,207.44,0.5840,-1,-1,-1
252,5,1388.06,569.59,88.13,244.39,0.5677,-1,-1,-1
252,18,936.66,107.53,64.20,182.09,0.4819,-1,-1,-1
252,19,389.42,510.42,83.87,240.64,0.6639,-1,-1,-1
252,26,580.84,384.00,61.09,204.90,0.6667,-1,-1,-1
252,6,221.66,457.32,59.44,200.44,0.5736,-1,-1,-1
252,8,489.27,371.88,68.79,226.36,0.6547,-1,-1,-1
252,28,793.27,351.20,65.77,192.83,0.2974,-1,-1,-1
252,29,211.02,743.35,94.74,249.23,0.6631,-1,-1,-1
252,35,1071.95,114.35,57.73,184.14,0.3638,-1,-1,-1
252,37,190.37,674.25,81.99,204.49,0.3429,-1,-1,-1
252,41,1145.55,108.78,57.64,170.59,0.3290,-1,-1,-1
252,43,133.63,566.12,82.25,248.02,0.7027,-1,-1,-1
252,21,793.71,155.46,60.27,164.65,0.2344,-1,-1,-1
252,45,862.67,358.75,63.70,190.62,0.3575,-1,-1,-1
253,1,451.81,166.64,72.32,208.32,0.3854,-1,-1,-1
253,2,135.93,566.08,83.71,249.30,0.6960,-1,-1,-1
253,3,938.55,908.26,67.95,171.74,0.7335,-1,-1,-1
253,4,1720.98,458.48,73.88,208.70,0.5705,-1,-1,-1
253,5,1388.95,570.21,87.58,246.10,0.6154,-1,-1,-1
253,18,935.69,108.31,65.92,181.68,0.4965,-1,-1,-1
253,19,389.38,507.62,83.57,240.06,0.6689,-1,-1,-1
253,26,579.29,384.13,61.81,207.29,0.6810,-1,-1,-1
253,6,221.47,456.56,61.08,199.09,0.6017,-1,-1,-1
253,8,489.05,374.05,69.19,226.28,0.6621,-1,-1,-1
253,28,795.21,351.80,65.41,195.06,0.2706,-1,-1,-1
253,29,215.79,740.16,92.70,250.85,0.7348,-1,-1,-1
253,35,1069.95,114.38,58.72,183.08,0.3580,-1,-1,-1
253,37,194.47,676.77,80.86,163.38,0.4555,-1,-1,-1
253,41,1144.90,108.18,56.48,171.01,0.3577,-1,-1,-1
253,43,135.99,566.02,83.71,246.50,0.6960,-1,-1,-1
253,21,795.71,154.53,59.71,165.86,0.2511,-1,-1,-1
253,45,867.42,361.52,58.58,189.90,0.2887,-1,-1,-1
254,1,452.57,165.97,71.13,205.50,0.3664,-1,-1,-1
254,2,137.59,565.95,84.88,247.16,0.6677,-1,-1,-1
254,3,939.43,909.33,68.25,170.67,0.7320,-1,-1,-1
254,4,1720.77,458.71,73.73,208.69,0.5815,-1,-1,-1
254,5,1390.03,570.08,87.04,245.94,0.6186,-1,-1,-1
254,18,935.34,108.61,67.74,181.74,0.4886,-1,-1,-1
254,19,390.23,504.98,81.36,238.76,0.6362,-1,-1,-1
254,26,577.95,385.82,62.46,207.54,0.6923,-1,-1,-1
254,6,221.20,455.73,61.85,198.80,0.5801,-1,-1,-1
254,8,488.81,374.22,69.04,229.47,0.6529,-1,-1,-1
254,28,795.40,351.28,67.50,194.08,0.3483,-1,-1,-1
254,29,220.83,738.33,89.40,253.18,0.7766,-1,-1,-1
254,35,1069.08,114.09,57.18,183.23,0.3857,-1,-1,-1
254,37,195.39,678.14,82.04,145.17,0.4664,-1,-1,-1
254,41,1144.09,107.91,55.15,170.07,0.3485,-1,-1,-1
254,43,137.64,565.89,84.88,244.65,0.6677,-1,-1,-1
254,21,796.94,154.13,59.13,166.78,0.2555,-1,-1,-1
254,45,867.31,361.99,58.97,190.29,0.3532,-1,-1,-1
255,1,455.07,165.27,66.74,202.20,0.3485,-1,-1,-1
255,2,139.85,564.34,84.83,246.25,0.6900,-1,-1,-1
255,3,939.48,909.55,69.77,169.72,0.7317,-1,-1,-1
255,4,1721.03,459.16,72.98,207.79,0.6054,-1,-1,-1
255,5,1390.93,569.56,86.69,248.17,0.6545,-1,-1,-1
255,18,934.53,108.53,69.66,180.67,0.4828,-1,-1,-1
255,19,391.38,502.27,80.69,234.35,0.6715,-1,-1,-1
255,26,577.00,386.18,62.48,208.01,0.7296,-1,-1,-1
255,6,221.16,455.05,62.73,198.04,0.6188,-1,-1,-1
255,8,488.53,374.81,69.31,230.51,0.6682,-1,-1,-1
255,28,797.42,351.34,68.86,198.88,0.3302,-1,-1,-1
255,29,222.10,736.46,91.06,259.05,0.7280,-1,-1,-1
255,35,1067.35,113.39,56.99,183.43,0.4076,-1,-1,-1
255,37,198.71,679.95,82.05,138.71,0.4729,-1,-1,-1
255,41,1142.51,107.03,55.16,171.31,0.3294,-1,-1,-1
255,43,139.89,564.27,84.83,244.02,0.6900,-1,-1,-1
255,21,796.94,152.41,59.04,168.62,0.2481,-1,-1,-1
255,45,866.45,360.75,66.93,193.07,0.3658,-1,-1,-1
256,1,455.03,164.51,66.92,199.60,0.3199,-1,-1,-1
256,2,141.05,564.64,85.37,245.12,0.6533,-1,-1,-1
256,3,939.39,909.96,71.18,169.82,0.7425,-1,-1,-1
256,4,1720.39,459.10,73.85,208.41,0.5660,-1,-1,-1
256,5,1392.37,568.89,87.10,246.84,0.6370,-1,-1,-1
256,18,934.68,107.82,70.10,180.60,0.4858,-1,-1,-1
256,19,391.75,499.02,79.71,231.79,0.6527,-1,-1,-1
256,26,576.08,387.12,62.51,207.73,0.7454,-1,-1,-1
256,6,221.08,454.60,62.84,196.83,0.5989,-1,-1,-1
256,8,489.38,375.64,68.17,230.37,0.6657,-1,-1,-1
256,28,797.42,351.23,71.01,201.24,0.2878,-1,-1,-1
256,29,226.88,736.75,88.86,265.05,0.7174,-1,-1,-1
256,35,1066.19,113.15,56.51,183.27,0.3978,-1,-1,-1
256,37,202.54,678.88,87.06,144.62,0.5373,-1,-1,-1
256,41,1140.55,106.20,55.71,171.65,0.3385,-1,-1,-1
256,43,141.09,564.58,85.37,243.14,0.6533,-1,-1,-1
256,21,797.41,152.29,57.89,167.85,0.2968,-1,-1,-1
256,45,869.10,362.30,65.49,192.57,0.3302,-1,-1,-1
257,1,455.52,163.37,66.77,197.23,0.3063,-1,-1,-1
257,2,141.44,564.59,88.27,244.77,0.6210,-1,-1,-1
257,3,939.20,910.97,73.05,168.78,0.7509,-1,-1,-1
257,4,1720.13,459.71,73.81,207.55,0.5789,-1,-1,-1
257,5,1394.23,567.81,86.50,245.34,0.6262,-1,-1,-1
257,18,934.96,106.97,69.77,181.18,0.4313,-1,-1,-1
257,19,392.15,495.10,79.90,231.99,0.6817,-1,-1,-1
257,26,575.19,387.54,62.44,206.67,0.7588,-1,-1,-1
257,6,220.60,453.95,64.25,197.51,0.5734,-1,-1,-1
257,8,488.33,378.13,69.32,228.43,0.6771,-1,-1,-1
257,28,798.84,351.19,73.65,201.56,0.3213,-1,-1,-1
257,29,232.77,743.25,86.22,266.96,0.7338,-1,-1,-1
257,35,1064.19,112.60,56.87,184.05,0.3663,-1,-1,-1
257,37,204.51,678.98,88.40,150.36,0.5771,-1,-1,-1
257,41,1138.73,105.78,57.13,170.76,0.3210,-1,-1,-1
257,43,141.47,564.54,88.27,243.03,0.6210,-1,-1,-1
257,21,796.84,152.50,58.83,166.68,0.2423,-1,-1,-1
257,45,870.24,363.62,59.74,188.06,0.3794,-1,-1,-1
258,1,455.78,163.14,67.51,196.21,0.3235,-1,-1,-1
258,2,142.66,564.73,90.20,246.79,0.5900,-1,-1,-1
258,3,938.96,912.55,74.08,166.61,0.7498,-1,-1,-1
258,4,1720.39,459.45,73.86,207.62,0.5669,-1,-1,-1
258,5,1395.70,566.87,85.88,242.08,0.6219,-1,-1,-1
258,18,936.57,105.76,68.92,180.11,0.4246,-1,-1,-1
258,19,390.81,492.84,80.47,233.06,0.6806,-1,-1,-1
258,26,574.93,388.23,61.84,205.25,0.7465,-1,-1,-1
258,6,221.06,453.15,64.41,197.53,0.5340,-1,-1,-1
258,8,488.90,377.78,68.46,228.95,0.6611,-1,-1,-1
258,28,801.13,352.30,74.54,202.38,0.3331,-1,-1,-1
258,29,234.06,747.78,86.40,269.46,0.7663,-1,-1,-1
258,35,1063.84,112.70,57.99,182.59,0.3173,-1,-1,-1
258,37,210.60,680.13,84.34,154.61,0.5357,-1,-1,-1
258,41,1137.07,104.29,58.36,170.93,0.2797,-1,-1,-1
258,43,142.69,564.68,90.20,245.27,0.5900,-1,-1,-1
258,21,796.07,154.95,59.65,164.45,0.2256,-1,-1,-1
258,45,871.61,363.62,56.53,186.09,0.3488,-1,-1,-1
259,1,458.28,162.40,67.45,197.00,0.3507,-1,-1,-1
259,2,144.25,565.58,92.45,245.81,0.6283,-1,-1,-1
259,3,938.80,913.91,75.85,164.86,0.7305,-1,-1,-1
259,4,1720.04,459.36,74.61,208.29,0.5631,-1,-1,-1
259,5,1399.71,566.56,82.69,238.47,0.5865,-1,-1,-1
259,18,938.79,103.80,66.28,179.40,0.4182,-1,-1,-1
259,19,388.97,491.47,82.12,233.48,0.6567,-1,-1,-1
259,26,574.21,389.62,62.57,203.14,0.7487,-1,-1,-1
259,6,222.30,452.25,63.11,196.74,0.5074,-1,-1,-1
259,8,487.45,380.85,69.53,225.51,0.6670,-1,-1,-1
259,28,803.04,353.01,72.82,202.61,0.4110,-1,-1,-1
259,29,235.12,753.05,86.78,265.99,0.7464,-1,-1,-1
259,35,1062.63,112.16,58.22,181.83,0.3247,-1,-1,-1
259,37,212.16,681.65,86.68,135.78,0.4737,-1,-1,-1
259,41,1136.06,103.15,59.40,168.54,0.2670,-1,-1,-1
259,43,144.28,565.55,92.46,244.45,0.6283,-1,-1,-1
259,21,794.22,155.92,58.96,163.72,0.2357,-1,-1,-1
259,45,872.44,366.91,52.78,181.76,0.3343,-1,-1,-1
260,1,458.18,162.21,68.72,197.51,0.3750,-1,-1,-1
260,2,149.65,565.09,89.63,246.48,0.6318,-1,-1,-1
260,3,939.30,914.81,77.89,162.83,0.7217,-1,-1,-1
260,4,1719.71,459.36,74.59,208.46,0.5879,-1,-1,-1
260,5,1402.85,565.91,79.84,239.28,0.5573,-1,-1,-1
260,18,939.43,101.63,65.78,175.78,0.4327,-1,-1,-1
260,19,385.09,490.22,85.79,234.80,0.6631,-1,-1,-1
260,26,573.59,390.89,62.31,200.65,0.7529,-1,-1,-1
260,6,222.45,451.37,63.06,195.18,0.5083,-1,-1,-1
260,8,489.12,380.76,68.30,226.00,0.6626,-1,-1,-1
260,28,805.70,354.62,68.50,200.69,0.3902,-1,-1,-1
260,29,237.40,756.90,85.76,266.91,0.7298,-1,-1,-1
260,35,1061.15,110.98,56.85,183.54,0.3457,-1,-1,-1
260,37,215.70,682.64,86.58,126.78,0.5331,-1,-1,-1
260,41,1133.96,102.63,58.81,169.40,0.2824,-1,-1,-1
260,43,149.68,565.05,89.64,245.29,0.6318,-1,-1,-1
260,21,792.11,153.91,62.60,165.82,0.2443,-1,-1,-1
260,45,870.46,366.72,60.62,183.15,0.2995,-1,-1,-1
261,1,454.18,161.07,74.46,200.72,0.3851,-1,-1,-1
261,2,156.91,565.06,83.38,247.95,0.6509,-1,-1,-1
261,3,939.41,915.15,80.06,163.04,0.7260,-1,-1,-1
261,4,1720.36,459.54,73.94,208.72,0.5983,-1,-1,-1
261,5,1408.12,565.68,75.58,239.60,0.5527,-1,-1,-1
261,18,939.31,99.42,65.60,174.13,0.4453,-1,-1,-1
261,19,380.14,488.26,90.33,236.92,0.6510,-1,-1,-1
261,26,573.49,392.59,61.79,197.96,0.7489,-1,-1,-1
261,6,222.44,450.16,63.02,194.11,0.4815,-1,-1,-1
261,8,487.71,383.45,69.20,222.40,0.6898,-1,-1,-1
261,28,804.89,354.41,70.84,202.11,0.3709,-1,-1,-1
261,29,239.80,762.28,83.73,260.35,0.6983,-1,-1,-1
261,35,1060.19,109.67,57.18,183.45,0.2969,-1,-1,-1
261,37,218.15,684.31,86.55,126.01,0.6275,-1,-1,-1
261,41,1132.18,100.76,58.28,167.84,0.2487,-1,-1,-1
261,43,156.93,565.03,83.38,246.91,0.6509,-1,-1,-1
261,21,791.60,155.34,61.12,164.72,0.2315,-1,-1,-1
261,45,872.49,369.65,53.91,182.10,0.2624,-1,-1,-1
262,1,457.43,161.54,71.05,199.20,0.3845,-1,-1,-1
262,2,161.67,565.24,83.05,250.24,0.6473,-1,-1,-1
262,3,938.24,916.87,82.28,160.40,0.7269,-1,-1,-1
262,4,1720.27,459.91,74.15,208.38,0.5945,-1,-1,-1
262,5,1410.27,564.17,76.58,240.02,0.5657,-1,-1,-1
262,18,938.38,98.15,66.23,171.91,0.4972,-1,-1,-1
262,19,377.39,486.88,92.72,237.52,0.6311,-1,-1,-1
262,26,573.20,394.84,61.52,196.70,0.7372,-1,-1,-1
262,6,222.43,448.85,63.16,193.29,0.5126,-1,-1,-1
262,8,487.91,384.68,68.76,220.83,0.7157,-1,-1,-1
262,28,806.27,355.24,68.91,201.93,0.4087,-1,-1,-1
262,29,241.68,764.39,85.03,263.27,0.6922,-1,-1,-1
262,35,1058.58,108.37,57.17,183.95,0.3759,-1,-1,-1
262,37,222.28,686.78,83.54,125.10,0.5634,-1,-1,-1
262,41,1131.23,100.49,59.03,168.17,0.2919,-1,-1,-1
262,43,161.69,565.21,83.05,249.32,0.6473,-1,-1,-1
262,21,789.24,151.92,65.28,168.19,0.2331,-1,-1,-1
262,45,874.22,368.25,60.03,187.46,0.2307,-1,-1,-1
263,1,455.83,160.43,70.66,201.38,0.3654,-1,-1,-1
263,2,165.83,565.38,80.40,251.45,0.6833,-1,-1,-1
263,3,937.05,918.15,84.60,158.73,0.7392,-1,-1,-1
263,4,1719.97,460.02,74.71,208.20,0.5727,-1,-1,-1
263,5,1411.19,564.85,76.20,237.49,0.5933,-1,-1,-1
263,18,938.71,96.34,65.70,174.03,0.4814,-1,-1,-1
263,19,375.94,485.51,93.45,238.51,0.6100,-1,-1,-1
263,26,572.51,396.50,62.17,198.14,0.7084,-1,-1,-1
263,6,223.53,446.62,62.47,191.57,0.5247,-1,-1,-1
263,8,487.64,385.22,68.86,220.06,0.6995,-1,-1,-1
263,28,804.97,355.41,72.70,204.74,0.4034,-1,-1,-1
263,29,243.30,767.91,85.58,262.97,0.6713,-1,-1,-1
263,35,1056.93,107.11,57.70,184.41,0.3885,-1,-1,-1
263,37,224.75,688.64,83.88,124.04,0.4594,-1,-1,-1
263,41,1129.60,98.15,57.76,168.25,0.2718,-1,-1,-1
263,43,165.85,565.36,80.39,250.63,0.6833,-1,-1,-1
263,21,789.10,150.97,65.97,169.24,0.2070,-1,-1,-1
263,45,876.96,368.37,61.11,190.69,0.1788,-1,-1,-1
264,1,458.35,160.37,67.74,200.19,0.3312,-1,-1,-1
264,2,169.43,564.74,78.43,252.83,0.6903,-1,-1,-1
264,3,937.14,919.52,85.11,156.67,0.7567,-1,-1,-1
264,4,1720.51,459.83,74.30,208.48,0.5835,-1,-1,-1
264,5,1411.47,565.11,78.77,237.00,0.6156,-1,-1,-1
264,18,938.08,94.51,66.34,176.57,0.4408,-1,-1,-1
264,19,374.45,484.76,94.19,238.45,0.6064,-1,-1,-1
264,26,571.11,397.50,62.51,199.52,0.6841,-1,-1,-1
264,6,225.30,447.16,61.32,188.16,0.5598,-1,-1,-1
264,8,486.55,385.52,69.96,218.59,0.6892,-1,-1,-1
264,28,803.44,357.51,70.83,204.93,0.3898,-1,-1,-1
264,29,245.86,771.56,86.31,261.32,0.7472,-1,-1,-1
264,35,1054.93,106.86,57.62,179.35,0.3527,-1,-1,-1
264,37,231.84,691.63,78.14,120.35,0.6105,-1,-1,-1
264,41,1127.92,97.19,57.32,168.39,0.2776,-1,-1,-1
264,43,169.44,564.72,78.43,252.11,0.6903,-1,-1,-1
264,21,789.95,153.83,62.17,165.94,0.2293,-1,-1,-1
264,45,875.08,369.66,63.57,190.08,0.2863,-1,-1,-1
265,1,459.71,161.06,64.95,199.47,0.3728,-1,-1,-1
265,2,173.07,565.43,76.25,254.29,0.6907,-1,-1,-1
265,3,937.99,920.12,85.33,156.24,0.7554,-1,-1,-1
265,4,1720.63,460.04,74.07,208.33,0.6007,-1,-1,-1
265,5,1411.76,565.47,79.05,239.02,0.5871,-1,-1,-1
265,18,938.98,93.17,64.95,178.85,0.4708,-1,-1,-1
265,19,373.50,484.07,94.50,238.54,0.6553,-1,-1,-1
265,26,570.11,399.02,63.07,198.99,0.7247,-1,-1,-1
265,6,226.66,444.73,60.82,188.44,0.5294,-1,-1,-1
265,8,486.09,385.78,69.73,218.35,0.6718,-1,-1,-1
265,28,803.00,358.34,72.94,207.49,0.3663,-1,-1,-1
265,29,247.29,772.53,86.12,261.38,0.7680,-1,-1,-1
265,35,1054.00,106.16,56.71,176.74,0.3830,-1,-1,-1
265,37,238.05,694.79,72.49,119.60,0.5715,-1,-1,-1
265,41,1126.76,96.34,56.44,165.00,0.3309,-1,-1,-1
265,43,173.09,565.42,76.25,253.65,0.6907,-1,-1,-1
265,21,788.81,151.33,65.24,169.11,0.2232,-1,-1,-1
265,45,876.31,370.36,63.32,194.24,0.2466,-1,-1,-1
266,1,460.72,160.30,64.10,201.04,0.3284,-1,-1,-1
266,2,176.16,566.13,77.11,255.93,0.6934,-1,-1,-1
266,3,938.12,920.60,86.09,155.84,0.7624,-1,-1,-1
266,4,1720.47,460.32,74.12,208.13,0.5899,-1,-1,-1
266,5,1412.08,565.50,79.40,242.91,0.5707,-1,-1,-1
266,18,939.60,92.47,64.95,178.91,0.4589,-1,-1,-1
266,19,373.41,483.58,94.44,237.68,0.6407,-1,-1,-1
266,26,568.37,400.89,64.14,201.50,0.6708,-1,-1,-1
266,6,226.03,444.05,61.55,184.30,0.4924,-1,-1,-1
266,8,484.98,385.52,69.41,219.83,0.6286,-1,-1,-1
266,28,802.22,359.61,76.47,209.33,0.3991,-1,-1,-1
266,29,249.96,774.52,90.33,259.47,0.7715,-1,-1,-1
266,35,1053.34,105.16,56.46,177.72,0.4406,-1,-1,-1
266,37,245.52,698.20,66.79,117.69,0.5293,-1,-1,-1
266,41,1126.05,96.05,55.50,165.20,0.3526,-1,-1,-1
266,43,176.17,566.12,77.11,255.37,0.6934,-1,-1,-1
266,21,787.27,150.14,67.88,170.48,0.2566,-1,-1,-1
266,45,876.32,369.33,64.86,198.33,0.1736,-1,-1,-1
267,1,461.50,159.64,64.16,201.22,0.3720,-1,-1,-1
267,2,178.94,567.01,77.43,259.59,0.6873,-1,-1,-1
267,3,938.85,920.55,85.89,156.13,0.7636,-1,-1,-1
267,4,1720.27,460.11,74.84,208.18,0.5666,-1,-1,-1
267,5,1412.57,565.30,78.86,244.31,0.5651,-1,-1,-1
267,18,939.86,91.57,65.25,179.70,0.4571,-1,-1,-1
267,19,373.10,481.36,93.78,238.24,0.6064,-1,-1,-1
267,26,567.15,402.26,64.74,204.13,0.6510,-1,-1,-1
267,6,224.56,441.56,63.41,184.85,0.4865,-1,-1,-1
267,8,482.33,386.00,70.31,221.30,0.6257,-1,-1,-1
267,28,802.42,361.48,74.14,211.53,0.3821,-1,-1,-1
267,29,249.61,773.48,92.96,261.00,0.7581,-1,-1,-1
267,35,1051.35,104.29,57.78,178.71,0.4609,-1,-1,-1
267,37,249.21,701.37,66.42,114.65,0.5142,-1,-1,-1
267,41,1124.27,95.87,56.56,166.56,0.3902,-1,-1,-1
267,43,178.95,566.99,77.42,259.10,0.6873,-1,-1,-1
267,21,786.90,150.05,69.32,170.48,0.2777,-1,-1,-1
267,45,875.59,370.99,68.43,198.05,0.2134,-1,-1,-1
268,1,462.00,157.63,64.73,202.84,0.3731,-1,-1,-1
268,2,182.09,568.53,76.32,259.37,0.7073,-1,-1,-1
268,3,940.59,920.40,84.43,156.50,0.7583,-1,-1,-1
268,4,1720.39,460.09,74.17,208.15,0.5799,-1,-1,-1
268,5,1413.08,564.77,78.24,245.08,0.5938,-1,-1,-1
268,18,941.66,91.84,64.97,179.06,0.4517,-1,-1,-1
268,19,373.18,479.54,92.18,238.81,0.6349,-1,-1,-1
268,26,565.85,403.30,65.84,205.60,0.6221,-1,-1,-1
268,6,224.08,439.75,63.85,186.23,0.5369,-1,-1,-1
268,8,479.82,387.92,72.07,222.86,0.6267,-1,-1,-1
268,28,803.45,362.54,72.10,214.65,0.3771,-1,-1,-1
268,29,251.34,771.11,90.10,263.44,0.7429,-1,-1,-1
268,35,1049.92,104.66,58.71,178.06,0.4540,-1,-1,-1
268,37,253.67,704.04,65.42,112.57,0.5485,-1,-1,-1
268,41,1122.70,96.10,57.23,167.29,0.4121,-1,-1,-1
268,43,182.09,568.52,76.32,258.92,0.7073,-1,-1,-1
268,21,785.58,149.61,71.34,170.93,0.2642,-1,-1,-1
268,45,874.96,372.80,67.90,197.27,0.2453,-1,-1,-1
269,1,462.11,158.66,65.25,199.87,0.4035,-1,-1,-1
269,2,184.07,570.92,78.54,255.01,0.7132,-1,-1,-1
269,3,942.76,920.56,83.19,156.69,0.7533,-1,-1,-1
269,4,1720.65,460.47,73.96,207.21,0.5951,-1,-1,-1
269,5,1414.02,566.00,78.47,244.15,0.5817,-1,-1,-1
269,18,942.40,91.85,64.72,178.61,0.4962,-1,-1,-1
269,19,374.04,477.87,90.90,239.18,0.6510,-1,-1,-1
269,26,565.36,401.40,66.85,208.43,0.6021,-1,-1,-1
269,6,224.58,437.72,64.03,188.72,0.5009,-1,-1,-1
269,8,476.77,389.53,74.36,222.11,0.6336,-1,-1,-1
269,28,805.52,365.44,66.87,213.21,0.4108,-1,-1,-1
269,29,252.42,773.57,90.26,261.17,0.7193,-1,-1,-1
269,35,1048.60,104.54,59.00,176.34,0.4450,-1,-1,-1
269,37,257.14,705.93,66.20,112.58,0.5752,-1,-1,-1
269,41,1121.47,95.80,57.58,167.59,0.3738,-1,-1,-1
269,43,184.08,570.91,78.53,254.61,0.7132,-1,-1,-1
269,21,785.18,149.53,72.06,170.81,0.2426,-1,-1,-1
269,45,873.22,376.03,73.03,193.62,0.2836,-1,-1,-1
270,1,462.64,155.53,62.89,201.67,0.3787,-1,-1,-1
270,2,185.71,572.14,81.59,249.59,0.6871,-1,-1,-1
270,3,944.12,920.85,82.23,157.16,0.7538,-1,-1,-1
270,4,1720.63,460.97,73.94,206.68,0.5596,-1,-1,-1
270,5,1416.16,569.04,79.70,241.52,0.5699,-1,-1,-1
270,18,941.94,91.58,66.30,178.68,0.4809,-1,-1,-1
270,19,374.94,475.62,89.44,236.70,0.6327,-1,-1,-1
270,26,564.42,401.72,68.03,211.42,0.6105,-1,-1,-1
270,6,225.26,436.48,63.40,190.06,0.4791,-1,-1,-1
270,8,475.07,391.92,75.15,221.56,0.6353,-1,-1,-1
270,28,806.12,367.34,65.28,211.94,0.3770,-1,-1,-1
270,29,256.14,770.78,87.60,263.16,0.7717,-1,-1,-1
270,35,1047.02,104.15,59.10,176.71,0.4332,-1,-1,-1
270,37,259.84,706.75,68.45,109.15,0.5492,-1,-1,-1
270,41,1120.38,95.82,57.63,167.88,0.3589,-1,-1,-1
270,43,185.71,572.13,81.59,249.23,0.6871,-1,-1,-1
270,21,786.94,152.52,66.55,167.73,0.2435,-1,-1,-1
270,45,874.03,377.80,68.64,192.51,0.2699,-1,-1,-1
271,1,462.91,155.78,63.67,201.03,0.3588,-1,-1,-1
271,2,187.33,573.98,84.12,246.72,0.6547,-1,-1,-1
271,3,945.37,921.48,81.48,156.66,0.7319,-1,-1,-1
271,4,1720.03,460.45,74.74,207.92,0.5710,-1,-1,-1
271,5,1419.34,572.46,79.66,239.26,0.5320,-1,-1,-1
271,18,942.23,90.94,66.50,177.90,0.5078,-1,-1,-1
271,19,377.95,472.52,86.09,231.32,0.6257,-1,-1,-1
271,26,564.59,402.43,66.96,210.04,0.6058,-1,-1,-1
271,6,226.33,435.35,62.05,187.11,0.4749,-1,-1,-1
271,8,473.65,393.56,75.90,220.14,0.6234,-1,-1,-1
271,28,810.05,369.92,61.74,213.14,0.4078,-1,-1,-1
271,29,258.89,771.91,86.01,261.74,0.7423,-1,-1,-1
271,35,1045.14,103.74,59.70,177.97,0.4225,-1,-1,-1
271,37,262.46,707.99,70.77,112.30,0.4877,-1,-1,-1
271,41,1118.32,95.45,58.16,167.69,0.3163,-1,-1,-1
271,43,187.34,573.97,84.12,246.42,0.6547,-1,-1,-1
271,21,786.65,150.65,69.20,169.70,0.2630,-1,-1,-1
271,45,877.68,379.08,58.62,188.90,0.3121,-1,-1,-1
272,1,463.22,154.40,65.20,201.15,0.3685,-1,-1,-1
272,2,189.07,574.44,86.32,246.30,0.6721,-1,-1,-1
272,3,945.92,921.79,81.13,156.43,0.7196,-1,-1,-1
272,4,1720.03,460.31,74.48,207.31,0.5510,-1,-1,-1
272,5,1421.77,574.71,79.87,240.47,0.5202,-1,-1,-1
272,18,941.78,90.38,67.97,178.43,0.4844,-1,-1,-1
272,19,383.66,469.01,81.74,227.62,0.5986,-1,-1,-1
272,26,564.29,402.92,66.37,212.38,0.5543,-1,-1,-1
272,6,227.75,433.71,60.43,186.76,0.4508,-1,-1,-1
272,8,472.19,395.12,76.39,219.59,0.5954,-1,-1,-1
272,28,810.40,371.64,61.44,214.48,0.3818,-1,-1,-1
272,29,259.81,778.75,87.65,258.86,0.7314,-1,-1,-1
272,35,1042.57,103.49,60.62,178.63,0.3876,-1,-1,-1
272,37,267.47,708.43,71.52,116.59,0.5237,-1,-1,-1
272,41,1116.50,96.12,56.44,166.14,0.3192,-1,-1,-1
272,43,189.08,574.44,86.32,246.04,0.6721,-1,-1,-1
272,21,787.45,149.78,68.55,170.92,0.2521,-1,-1,-1
272,45,877.76,380.15,59.69,186.93,0.3475,-1,-1,-1
273,1,463.63,152.94,64.55,199.98,0.4018,-1,-1,-1
273,2,190.69,575.40,89.42,245.84,0.6831,-1,-1,-1
273,3,945.87,922.14,81.47,156.27,0.7230,-1,-1,-1
273,4,1719.99,460.48,74.11,207.32,0.5611,-1,-1,-1
273,5,1423.76,579.12,78.34,237.03,0.4939,-1,-1,-1
273,18,942.11,89.35,66.84,178.72,0.4868,-1,-1,-1
273,19,387.11,465.68,78.57,226.30,0.5863,-1,-1,-1
273,26,562.65,404.20,67.11,212.57,0.5500,-1,-1,-1
273,6,229.00,432.76,59.04,184.53,0.4703,-1,-1,-1
273,8,471.19,396.45,75.57,218.79,0.6026,-1,-1,-1
273,28,809.36,373.08,63.01,211.93,0.3547,-1,-1,-1
273,29,258.75,781.36,91.30,261.08,0.7240,-1,-1,-1
273,35,1039.96,102.70,62.39,178.16,0.3629,-1,-1,-1
273,37,272.66,708.76,73.13,123.77,0.5733,-1,-1,-1
273,41,1114.13,95.30,61.18,166.70,0.3025,-1,-1,-1
273,43,190.69,575.39,89.42,245.61,0.6831,-1,-1,-1
273,21,787.40,149.67,68.37,170.83,0.2530,-1,-1,-1
273,45,881.12,379.61,57.12,189.34,0.3398,-1,-1,-1
274,1,463.43,152.09,63.80,196.78,0.4003,-1,-1,-1
274,2,192.92,576.32,90.98,246.97,0.6954,-1,-1,-1
274,3,945.98,922.33,81.35,156.37,0.7052,-1,-1,-1
274,4,1720.39,460.36,73.73,207.52,0.5941,-1,-1,-1
274,5,1425.22,579.37,78.47,239.15,0.5281,-1,-1,-1
274,18,942.46,88.25,65.84,179.54,0.5138,-1,-1,-1
274,19,387.50,462.26,78.44,227.56,0.6227,-1,-1,-1
274,26,560.62,404.98,67.06,211.87,0.5339,-1,-1,-1
274,6,229.03,431.68,58.67,183.34,0.4639,-1,-1,-1
274,8,470.44,397.43,74.68,218.68,0.6236,-1,-1,-1
274,28,807.47,373.77,63.12,212.33,0.3452,-1,-1,-1
274,29,261.60,785.36,93.26,262.15,0.7130,-1,-1,-1
274,35,1036.07,102.17,66.40,178.44,0.3898,-1,-1,-1
274,37,276.40,708.93,74.81,135.96,0.6443,-1,-1,-1
274,41,1112.63,94.68,63.25,166.09,0.3419,-1,-1,-1
274,43,192.92,576.31,90.98,246.76,0.6954,-1,-1,-1
274,21,788.85,149.95,66.57,170.28,0.2472,-1,-1,-1
274,45,883.62,381.88,55.30,188.76,0.3506,-1,-1,-1
275,1,463.41,151.06,63.89,194.83,0.4032,-1,-1,-1
275,2,194.67,577.88,93.81,249.35,0.6725,-1,-1,-1
275,3,945.10,922.38,82.56,156.46,0.7234,-1,-1,-1
275,4,1720.46,460.16,73.61,207.57,0.5895,-1,-1,-1
275,5,1427.90,580.09,77.59,239.61,0.5103,-1,-1,-1
275,18,942.42,86.25,65.53,180.91,0.4998,-1,-1,-1
275,19,387.12,461.15,78.97,226.67,0.6139,-1,-1,-1
275,26,559.48,405.77,66.58,209.50,0.5952,-1,-1,-1
275,6,228.59,430.47,59.76,188.06,0.3371,-1,-1,-1
275,8,469.85,397.75,73.46,216.99,0.6620,-1,-1,-1
275,28,810.82,374.47,61.37,211.06,0.3944,-1,-1,-1
275,29,265.77,783.35,92.50,266.98,0.7037,-1,-1,-1
275,35,1032.67,102.36,69.03,178.97,0.3354,-1,-1,-1
275,37,277.78,711.31,80.96,140.12,0.4186,-1,-1,-1
275,41,1111.04,94.35,64.16,168.08,0.3063,-1,-1,-1
275,43,194.68,577.88,93.81,249.18,0.6725,-1,-1,-1
275,21,789.53,149.62,65.72,170.45,0.2368,-1,-1,-1
275,45,885.77,380.99,54.50,190.95,0.3567,-1,-1,-1
276,1,462.79,149.86,65.31,194.25,0.4030,-1,-1,-1
276,2,195.85,577.97,94.73,249.18,0.6740,-1,-1,-1
276,3,944.26,922.85,83.58,156.11,0.7484,-1,-1,-1
276,4,1719.79,460.42,74.25,206.98,0.5906,-1,-1,-1
276,5,1431.26,579.51,75.66,241.48,0.5310,-1,-1,-1
276,18,943.20,84.63,63.73,180.69,0.4536,-1,-1,-1
276,19,387.59,459.75,78.55,226.92,0.6325,-1,-1,-1
276,26,557.87,407.19,67.20,206.99,0.6338,-1,-1,-1
276,6,228.30,428.67,59.70,191.37,0.3359,-1,-1,-1
276,8,468.46,398.81,73.38,216.75,0.6650,-1,-1,-1
276,28,809.67,374.50,63.27,211.04,0.4044,-1,-1,-1
276,29,270.24,783.67,91.72,270.88,0.6299,-1,-1,-1
276,35,1031.23,102.52,68.97,179.66,0.3314,-1,-1,-1
276,37,280.14,714.59,84.53,141.80,0.3168,-1,-1,-1
276,41,1108.81,94.34,65.34,167.98,0.2939,-1,-1,-1
276,43,195.86,577.96,94.73,249.02,0.6740,-1,-1,-1
276,21,790.31,152.34,61.12,168.16,0.2724,-1,-1,-1
276,45,886.40,382.13,55.71,190.74,0.3094,-1,-1,-1
277,1,463.26,147.70,65.88,195.29,0.3743,-1,-1,-1
277,2,196.88,577.36,91.93,249.68,0.6507,-1,-1,-1
277,3,943.84,923.48,84.19,155.10,0.7527,-1,-1,-1
277,4,1719.26,459.93,74.84,208.16,0.5905,-1,-1,-1
277,5,1434.24,580.02,74.26,242.51,0.4950,-1,-1,-1
277,18,943.83,83.81,60.59,176.37,0.4626,-1,-1,-1
277,19,388.51,458.91,78.44,227.61,0.6088,-1,-1,-1
277,26,557.12,409.41,66.57,204.55,0.6591,-1,-1,-1
277,6,228.80,426.66,58.69,186.56,0.3895,-1,-1,-1
277,8,466.86,400.80,72.59,216.35,0.6852,-1,-1,-1
277,28,809.49,375.22,64.52,210.35,0.3811,-1,-1,-1
277,29,272.75,784.11,89.12,276.31,0.6519,-1,-1,-1
277,35,1030.11,102.69,68.98,179.66,0.3398,-1,-1,-1
277,37,282.53,718.05,88.76,142.87,0.5265,-1,-1,-1
277,41,1107.57,94.57,63.67,165.75,0.2775,-1,-1,-1
277,43,196.88,577.35,91.93,249.54,0.6507,-1,-1,-1
277,21,789.84,151.09,64.67,170.11,0.2579,-1,-1,-1
277,45,885.14,386.45,61.14,184.90,0.3402,-1,-1,-1
278,1,464.00,146.76,64.95,195.92,0.3478,-1,-1,-1
278,2,198.19,576.49,87.54,250.91,0.6512,-1,-1,-1
278,3,943.60,923.74,84.46,154.29,0.7646,-1,-1,-1
278,4,1719.31,459.57,75.17,209.00,0.5593,-1,-1,-1
278,5,1436.15,582.11,74.20,242.28,0.4393,-1,-1,-1
278,18,942.80,82.02,61.96,176.24,0.4516,-1,-1,-1
278,19,388.76,458.67,79.23,226.86,0.5992,-1,-1,-1
278,26,555.49,411.06,67.11,204.46,0.6520,-1,-1,-1
278,6,228.69,424.73,58.85,180.02,0.4276,-1,-1,-1
278,8,465.82,401.43,71.01,216.76,0.6676,-1,-1,-1
278,28,812.39,376.44,62.67,208.96,0.3481,-1,-1,-1
278,29,275.02,788.32,84.24,274.74,0.6252,-1,-1,-1
278,35,1030.85,102.01,65.15,178.42,0.3738,-1,-1,-1
278,37,284.28,721.12,95.68,144.31,0.6426,-1,-1,-1
278,41,1106.04,94.69,63.40,166.64,0.2809,-1,-1,-1
278,43,198.20,576.49,87.54,250.79,0.6512,-1,-1,-1
278,21,790.17,152.50,61.57,167.38,0.2426,-1,-1,-1
278,45,884.87,388.11,62.98,183.75,0.3889,-1,-1,-1
279,1,463.95,146.52,64.94,196.52,0.3521,-1,-1,-1
279,2,201.50,577.19,80.71,250.70,0.5896,-1,-1,-1
279,3,942.98,924.03,85.06,154.03,0.7570,-1,-1,-1
279,4,1720.39,459.42,73.94,209.35,0.5667,-1,-1,-1
279,5,1437.08,588.25,73.12,237.24,0.2920,-1,-1,-1
279,18,942.31,79.45,61.22,177.51,0.4324,-1,-1,-1
279,19,388.12,458.14,80.89,228.35,0.5898,-1,-1,-1
279,26,554.60,412.75,66.82,204.27,0.6604,-1,-1,-1
279,6,229.16,423.12,58.73,176.88,0.4414,-1,-1,-1
279,8,465.30,403.69,69.72,213.39,0.6848,-1,-1,-1
279,28,815.61,378.17,59.80,207.69,0.3967,-1,-1,-1
279,29,276.83,792.73,83.45,277.89,0.6414,-1,-1,-1
279,35,1030.57,101.57,63.23,177.23,0.3994,-1,-1,-1
279,37,286.48,725.16,102.33,143.22,0.6490,-1,-1,-1
279,41,1104.08,93.70,60.22,162.86,0.2997,-1,-1,-1
279,43,201.50,577.19,80.71,250.59,0.5896,-1,-1,-1
279,21,790.20,153.25,60.13,167.22,0.2626,-1,-1,-1
279,45,884.74,390.18,62.32,185.24,0.3319,-1,-1,-1
279,48,747.25,333.53,55.35,187.70,0.4048,-1,-1,-1
280,1,463.58,145.01,66.18,198.73,0.3234,-1,-1,-1
280,2,207.63,581.58,70.01,245.31,0.5344,-1,-1,-1
280,3,942.20,924.53,86.22,153.35,0.7599,-1,-1,-1
280,4,1720.66,459.13,73.29,209.50,0.5722,-1,-1,-1
280,5,1437.78,588.90,72.71,237.72,0.3337,-1,-1,-1
280,18,941.99,78.49,61.15,178.01,0.4328,-1,-1,-1
280,19,388.55,457.46,80.67,230.00,0.6086,-1,-1,-1
280,26,553.93,414.96,66.48,206.18,0.6500,-1,-1,-1
280,6,229.38,421.29,58.59,178.19,0.4718,-1,-1,-1
280,8,465.42,405.12,67.63,212.86,0.7120,-1,-1,-1
280,28,817.66,379.66,57.69,205.53,0.3634,-1,-1,-1
280,29,277.61,796.52,83.14,278.73,0.6422,-1,-1,-1
280,35,1028.18,100.49,67.68,179.52,0.4261,-1,-1,-1
280,37,289.43,726.99,106.57,143.55,0.6615,-1,-1,-1
280,41,1102.57,94.19,62.13,160.93,0.2875,-1,-1,-1
280,43,207.64,581.58,70.01,245.21,0.5344,-1,-1,-1
280,21,789.98,152.44,64.64,168.74,0.2386,-1,-1,-1
280,45,883.79,391.87,63.50,187.77,0.3277,-1,-1,-1
280,48,748.47,337.73,59.66,187.56,0.4455,-1,-1,-1
281,1,463.66,143.97,66.72,199.80,0.3407,-1,-1,-1
281,2,209.33,581.26,70.09,248.77,0.5730,-1,-1,-1
281,3,941.53,924.06,86.69,154.07,0.7632,-1,-1,-1
281,4,1720.07,459.61,74.00,209.09,0.5691,-1,-1,-1
281,5,1438.87,587.89,74.44,238.91,0.4650,-1,-1,-1
281,18,941.56,77.44,60.67,178.27,0.4340,-1,-1,-1
281,19,390.10,456.68,78.71,230.00,0.6385,-1,-1,-1
281,26,553.40,417.44,65.53,206.55,0.6400,-1,-1,-1
281,6,228.87,419.26,60.36,183.96,0.4025,-1,-1,-1
281,8,464.95,405.69,66.62,212.89,0.6512,-1,-1,-1
281,28,818.86,380.61,57.18,201.40,0.3211,-1,-1,-1
281,29,279.91,798.48,83.40,278.22,0.6532,-1,-1,-1
281,35,1027.64,100.49,64.25,176.81,0.4628,-1,-1,-1
281,37,293.04,729.82,107.37,142.29,0.6484,-1,-1,-1
281,41,1101.93,93.56,59.09,159.12,0.3382,-1,-1,-1
281,43,209.33,581.26,70.09,248.68,0.5730,-1,-1,-1
281,21,789.45,151.66,65.33,169.25,0.2435,-1,-1,-1
281,45,885.80,394.66,63.33,185.68,0.3181,-1,-1,-1
281,48,752.02,340.56,57.81,182.93,0.3421,-1,-1,-1
282,1,463.83,143.15,67.39,200.66,0.3178,-1,-1,-1
282,2,215.07,584.25,65.07,245.08,0.6071,-1,-1,-1
282,3,940.86,924.07,87.27,153.80,0.7612,-1,-1,-1
282,4,1719.88,460.23,73.77,209.11,0.6168,-1,-1,-1
282,5,1439.39,586.32,75.52,240.08,0.4946,-1,-1,-1
282,18,940.58,77.21,61.25,177.91,0.4612,-1,-1,-1
282,19,390.50,455.40,76.93,229.09,0.6571,-1,-1,-1
282,26,552.44,419.19,64.87,205.05,0.6606,-1,-1,-1
282,6,228.47,416.68,61.34,188.71,0.4559,-1,-1,-1
282,8,465.18,406.35,64.90,211.44,0.6620,-1,-1,-1
282,28,819.98,382.22,57.49,189.87,0.3030,-1,-1,-1
282,29,281.80,800.35,83.70,277.20,0.7255,-1,-1,-1
282,35,1025.97,99.78,63.14,175.39,0.4269,-1,-1,-1
282,37,297.75,733.22,107.64,144.56,0.6510,-1,-1,-1
282,41,1101.28,92.64,57.11,160.32,0.3526,-1,-1,-1
282,43,215.07,584.25,65.07,245.00,0.6071,-1,-1,-1
282,21,789.86,152.88,61.19,167.21,0.2604,-1,-1,-1
282,45,886.92,395.79,64.64,188.16,0.2262,-1,-1,-1
282,48,755.48,342.14,57.25,178.36,0.4132,-1,-1,-1
283,1,464.01,143.77,67.84,199.95,0.3090,-1,-1,-1
283,2,218.84,584.50,64.17,245.10,0.5963,-1,-1,-1
283,3,940.73,923.96,87.61,153.78,0.7738,-1,-1,-1
283,4,1720.45,459.72,73.51,209.41,0.6041,-1,-1,-1
283,5,1440.26,584.61,76.35,241.68,0.4685,-1,-1,-1
283,18,940.61,78.44,59.25,173.08,0.4838,-1,-1,-1
283,19,389.45,452.23,77.88,230.91,0.6525,-1,-1,-1
283,26,552.61,421.02,62.63,205.67,0.6496,-1,-1,-1
283,6,228.54,415.02,61.74,185.21,0.4088,-1,-1,-1
283,8,465.47,407.58,64.39,212.07,0.6540,-1,-1,-1
283,28,820.03,383.14,58.26,194.50,0.3062,-1,-1,-1
283,29,283.25,800.38,84.56,277.54,0.7057,-1,-1,-1
283,35,1023.73,98.80,63.11,175.25,0.4518,-1,-1,-1
283,37,302.38,736.35,106.82,140.22,0.5674,-1,-1,-1
283,41,1100.25,92.20,57.16,161.52,0.3741,-1,-1,-1
283,43,218.84,584.50,64.17,245.03,0.5963,-1,-1,-1
283,21,788.52,152.24,65.71,168.18,0.2486,-1,-1,-1
283,45,886.58,396.25,66.41,193.58,0.2473,-1,-1,-1
283,48,759.24,344.01,57.08,175.35,0.3830,-1,-1,-1
284,1,463.27,143.06,67.73,200.12,0.3430,-1,-1,-1
284,2,222.97,581.24,63.44,252.04,0.5659,-1,-1,-1
284,3,939.30,923.29,88.99,154.57,0.7676,-1,-1,-1
284,4,1720.29,460.05,73.88,209.05,0.5969,-1,-1,-1
284,5,1440.98,582.34,77.04,244.07,0.4534,-1,-1,-1
284,18,940.73,78.59,58.96,172.09,0.4619,-1,-1,-1
284,19,391.15,449.76,75.70,232.03,0.6483,-1,-1,-1
284,26,552.06,423.23,62.94,208.55,0.6629,-1,-1,-1
284,6,228.76,412.81,60.60,179.20,0.3737,-1,-1,-1
284,8,464.63,409.16,65.93,214.87,0.6215,-1,-1,-1
284,28,820.14,384.39,59.75,195.17,0.2612,-1,-1,-1
284,29,283.55,801.33,86.07,277.13,0.7167,-1,-1,-1
284,35,1021.44,97.41,63.18,176.99,0.4284,-1,-1,-1
284,37,307.03,738.71,104.37,138.46,0.5649,-1,-1,-1
284,41,1098.67,92.16,57.07,162.66,0.3392,-1,-1,-1
284,43,222.97,581.24,63.44,251.99,0.5659,-1,-1,-1
284,21,788.74,152.58,62.73,168.25,0.2855,-1,-1,-1
284,45,890.20,396.95,65.28,194.04,0.2396,-1,-1,-1
284,48,763.07,345.87,57.38,174.28,0.3533,-1,-1,-1
285,1,463.16,142.87,66.12,200.10,0.3239,-1,-1,-1
285,2,226.93,579.92,63.19,254.19,0.5491,-1,-1,-1
285,3,938.24,922.60,89.54,154.95,0.7723,-1,-1,-1
285,4,1720.43,460.29,74.09,208.45,0.5914,-1,-1,-1
285,5,1443.90,580.26,78.29,245.72,0.5650,-1,-1,-1
285,18,940.55,78.83,60.15,173.47,0.4665,-1,-1,-1
285,19,391.94,448.13,74.35,232.11,0.6452,-1,-1,-1
285,26,551.24,424.16,61.64,210.65,0.6517,-1,-1,-1
285,6,227.82,412.46,62.41,183.72,0.3838,-1,-1,-1
285,8,464.45,409.99,66.19,217.33,0.6051,-1,-1,-1
285,28,823.22,384.49,58.26,201.37,0.3094,-1,-1,-1
285,29,284.21,802.28,87.34,276.28,0.6994,-1,-1,-1
285,35,1019.70,97.05,65.52,176.55,0.4519,-1,-1,-1
285,37,308.16,740.83,104.72,138.11,0.5574,-1,-1,-1
285,41,1096.38,91.27,56.99,162.51,0.3303,-1,-1,-1
285,43,226.93,579.92,63.19,254.14,0.5491,-1,-1,-1
285,21,788.69,151.46,65.19,169.45,0.2787,-1,-1,-1
285,45,890.92,398.70,59.71,194.67,0.2579,-1,-1,-1
285,48,766.05,349.50,59.12,183.61,0.3533,-1,-1,-1
286,1,463.15,143.82,63.83,198.16,0.3005,-1,-1,-1
286,2,231.06,578.48,62.91,256.22,0.5470,-1,-1,-1
286,3,939.20,922.17,87.60,155.49,0.7622,-1,-1,-1
286,4,1720.85,460.08,73.26,208.51,0.6184,-1,-1,-1
286,5,1446.53,579.93,78.64,247.39,0.4795,-1,-1,-1
286,18,940.44,78.54,60.58,174.42,0.4634,-1,-1,-1
286,19,392.25,445.92,73.52,231.35,0.6347,-1,-1,-1
286,26,549.03,425.32,62.75,211.49,0.6244,-1,-1,-1
286,6,228.71,411.24,62.34,195.94,0.3329,-1,-1,-1
286,8,464.03,411.06,66.42,222.02,0.6053,-1,-1,-1
286,28,825.25,385.96,57.41,203.60,0.3702,-1,-1,-1
286,29,284.57,804.14,90.33,273.80,0.7233,-1,-1,-1
286,35,1018.36,97.01,61.45,177.93,0.4906,-1,-1,-1
286,37,308.73,742.78,104.40,137.75,0.5544,-1,-1,-1
286,41,1095.14,90.11,54.03,164.74,0.3440,-1,-1,-1
286,43,231.06,578.48,62.91,256.17,0.5470,-1,-1,-1
286,21,789.55,151.98,65.48,169.13,0.2592,-1,-1,-1
286,45,893.25,398.95,63.79,196.16,0.3613,-1,-1,-1
286,48,769.82,351.96,59.10,192.79,0.2716,-1,-1,-1
287,1,462.10,143.60,64.31,198.15,0.3315,-1,-1,-1
287,2,233.42,579.75,63.45,255.32,0.5447,-1,-1,-1
287,3,939.37,922.23,86.68,155.69,0.7800,-1,-1,-1
287,4,1720.66,459.78,73.26,208.93,0.6068,-1,-1,-1
287,5,1449.35,579.72,79.49,247.41,0.5470,-1,-1,-1
287,18,940.06,78.07,61.12,176.15,0.4507,-1,-1,-1
287,19,392.43,444.09,73.57,226.00,0.6042,-1,-1,-1
287,26,545.72,426.11,64.72,211.34,0.6319,-1,-1,-1
287,6,229.36,411.42,62.67,207.65,0.3092,-1,-1,-1
287,8,463.93,412.33,65.91,224.06,0.5960,-1,-1,-1
287,28,823.71,390.53,66.87,204.39,0.3712,-1,-1,-1
287,29,285.60,808.05,92.83,268.95,0.7517,-1,-1,-1
287,35,1017.62,96.81,60.31,178.02,0.4811,-1,-1,-1
287,37,310.38,742.86,103.06,139.02,0.5582,-1,-1,-1
287,41,1093.08,90.43,55.21,164.43,0.3661,-1,-1,-1
287,43,233.42,579.74,63.45,255.28,0.5447,-1,-1,-1
287,21,789.39,152.17,65.75,169.59,0.2798,-1,-1,-1
287,45,893.58,399.58,63.57,196.11,0.3728,-1,-1,-1
287,48,774.85,351.17,59.17,201.93,0.2330,-1,-1,-1
288,1,462.43,143.89,65.78,197.28,0.3234,-1,-1,-1
288,2,234.24,579.44,65.72,255.67,0.5792,-1,-1,-1
288,3,940.08,921.84,84.88,155.92,0.7600,-1,-1,-1
288,4,1720.64,460.03,73.06,208.60,0.6026,-1,-1,-1
288,5,1450.91,582.41,80.81,242.25,0.5275,-1,-1,-1
288,18,939.00,75.42,59.56,176.20,0.5023,-1,-1,-1
288,19,393.15,441.58,72.54,222.80,0.6231,-1,-1,-1
288,26,542.98,426.64,66.35,210.80,0.6145,-1,-1,-1
288,6,230.12,410.54,62.71,203.33,0.3249,-1,-1,-1
288,8,462.25,409.60,66.18,227.50,0.5782,-1,-1,-1
288,28,824.48,393.71,70.45,203.44,0.4151,-1,-1,-1
288,29,286.50,811.42,94.34,267.36,0.7661,-1,-1,-1
288,35,1017.19,96.00,59.75,176.93,0.5123,-1,-1,-1
288,37,310.87,743.38,99.11,138.81,0.5782,-1,-1,-1
288,41,1091.68,90.16,56.00,164.55,0.4101,-1,-1,-1
288,43,234.24,579.44,65.72,255.64,0.5792,-1,-1,-1
288,21,788.31,151.85,66.97,169.79,0.2952,-1,-1,-1
288,45,894.09,400.33,63.76,195.97,0.3706,-1,-1,-1
288,48,779.82,351.54,57.52,204.17,0.2579,-1,-1,-1
289,1,462.71,143.52,64.82,197.89,0.3106,-1,-1,-1
289,2,235.52,580.06,67.82,254.26,0.5509,-1,-1,-1
289,3,940.75,921.28,82.19,156.31,0.7492,-1,-1,-1
289,4,1720.09,459.32,73.88,210.18,0.5915,-1,-1,-1
289,5,1452.16,582.13,82.67,240.50,0.4919,-1,-1,-1
289,18,938.34,73.91,58.17,175.58,0.5159,-1,-1,-1
289,19,393.43,439.33,72.38,221.38,0.6236,-1,-1,-1
289,26,540.77,427.35,67.64,210.39,0.6193,-1,-1,-1
289,6,231.56,409.18,61.42,191.02,0.4105,-1,-1,-1
289,8,461.77,411.36,65.43,227.88,0.6396,-1,-1,-1
289,28,825.50,394.66,70.85,203.10,0.3776,-1,-1,-1
289,29,288.71,812.63,95.46,266.81,0.7543,-1,-1,-1
289,35,1016.14,94.98,61.42,177.44,0.4767,-1,-1,-1
289,37,310.69,743.62,98.43,142.06,0.5943,-1,-1,-1
289,41,1091.07,90.85,56.06,164.12,0.3941,-1,-1,-1
289,43,235.52,580.06,67.82,254.23,0.5509,-1,-1,-1
289,21,788.75,153.09,66.46,169.28,0.2868,-1,-1,-1
289,45,895.70,400.66,64.56,195.01,0.3241,-1,-1,-1
289,48,782.96,351.93,56.48,197.51,0.3081,-1,-1,-1
290,1,463.61,141.43,61.99,198.00,0.2702,-1,-1,-1
290,2,236.92,581.32,67.59,253.39,0.5761,-1,-1,-1
290,3,941.43,920.45,79.52,156.66,0.7535,-1,-1,-1
290,4,1720.20,459.41,73.94,209.62,0.5992,-1,-1,-1
290,5,1452.72,587.64,85.56,231.97,0.4023,-1,-1,-1
290,18,938.13,72.46,56.58,175.60,0.5210,-1,-1,-1
290,19,390.46,437.34,75.32,223.66,0.6009,-1,-1,-1
290,26,539.30,427.56,68.11,210.05,0.6300,-1,-1,-1
290,6,233.33,408.57,59.94,184.84,0.4551,-1,-1,-1
290,8,460.40,411.77,66.09,230.51,0.6796,-1,-1,-1
290,28,825.76,395.32,73.92,203.52,0.4387,-1,-1,-1
290,29,290.45,815.62,96.84,264.69,0.7199,-1,-1,-1
290,35,1015.27,93.96,61.32,177.80,0.4978,-1,-1,-1
290,37,312.50,744.45,93.60,144.05,0.6312,-1,-1,-1
290,41,1089.04,90.45,57.15,164.61,0.4081,-1,-1,-1
290,43,236.92,581.32,67.59,253.37,0.5761,-1,-1,-1
290,21,789.30,152.36,65.87,169.38,0.2926,-1,-1,-1
290,45,897.14,401.95,63.72,194.30,0.3320,-1,-1,-1
290,48,786.91,353.19,53.84,192.65,0.3684,-1,-1,-1
291,1,460.76,140.24,60.41,196.59,0.2970,-1,-1,-1
291,2,238.93,581.06,67.71,254.04,0.5583,-1,-1,-1
291,3,941.86,919.89,77.89,156.92,0.7535,-1,-1,-1
291,4,1721.10,459.73,73.41,209.06,0.5849,-1,-1,-1
291,5,1453.56,592.69,86.90,223.67,0.3740,-1,-1,-1
291,18,938.00,71.07,56.02,177.68,0.5073,-1,-1,-1
291,19,386.67,435.41,79.34,226.07,0.5969,-1,-1,-1
291,26,536.99,428.16,68.82,209.57,0.6354,-1,-1,-1
291,6,233.29,408.05,60.60,182.73,0.4341,-1,-1,-1
291,8,460.18,412.67,66.29,231.08,0.6569,-1,-1,-1
291,28,829.13,398.07,69.92,203.32,0.3208,-1,-1,-1
291,29,292.71,819.70,96.30,260.86,0.7040,-1,-1,-1
291,35,1014.57,93.05,61.13,177.82,0.4531,-1,-1,-1
291,37,313.31,746.17,91.14,144.07,0.6181,-1,-1,-1
291,41,1087.17,89.37,57.09,165.41,0.3653,-1,-1,-1
291,43,238.93,581.06,67.71,254.02,0.5583,-1,-1,-1
291,21,788.44,152.22,67.03,169.68,0.2767,-1,-1,-1
291,45,896.99,402.57,63.38,193.34,0.3259,-1,-1,-1
291,48,790.24,353.81,55.66,194.40,0.4370,-1,-1,-1
292,1,458.53,139.62,60.82,195.51,0.3082,-1,-1,-1
292,2,240.99,581.24,71.37,253.37,0.5465,-1,-1,-1
292,3,942.10,919.69,76.19,157.37,0.7396,-1,-1,-1
292,4,1720.29,460.40,74.22,208.64,0.5782,-1,-1,-1
292,5,1460.88,598.01,82.08,222.66,0.4207,-1,-1,-1
292,18,937.82,69.90,56.29,175.98,0.5262,-1,-1,-1
292,19,384.61,434.78,80.82,227.27,0.5705,-1,-1,-1
292,26,536.90,429.66,68.67,208.03,0.6525,-1,-1,-1
292,6,232.84,407.35,60.60,183.50,0.4539,-1,-1,-1
292,8,460.22,414.06,66.25,230.70,0.5968,-1,-1,-1
292,28,831.40,398.65,66.30,205.75,0.4409,-1,-1,-1
292,29,295.01,825.93,98.90,253.60,0.6388,-1,-1,-1
292,35,1013.68,92.69,61.29,177.56,0.4208,-1,-1,-1
292,37,315.64,748.85,87.76,142.25,0.5284,-1,-1,-1
292,41,1085.49,88.86,57.59,164.72,0.3721,-1,-1,-1
292,43,240.99,581.24,71.37,253.34,0.5465,-1,-1,-1
292,21,789.81,151.50,65.69,170.18,0.3173,-1,-1,-1
292,45,897.69,407.02,60.94,187.74,0.3526,-1,-1,-1
292,48,791.48,352.25,57.13,201.38,0.3079,-1,-1,-1
293,1,456.99,138.54,61.40,194.42,0.2876,-1,-1,-1
293,2,242.69,581.80,78.78,253.68,0.5522,-1,-1,-1
293,3,942.50,918.76,72.58,158.77,0.7357,-1,-1,-1
293,4,1720.71,460.71,73.61,208.04,0.5612,-1,-1,-1
293,5,1463.09,598.52,84.12,224.80,0.4391,-1,-1,-1
293,18,938.05,68.68,56.02,173.37,0.4574,-1,-1,-1
293,19,382.28,433.14,82.64,228.37,0.5399,-1,-1,-1
293,26,535.51,431.99,69.00,206.83,0.6788,-1,-1,-1
293,6,232.33,406.08,60.82,183.66,0.5320,-1,-1,-1
293,8,459.94,415.03,67.27,228.44,0.5789,-1,-1,-1
293,28,832.41,399.00,65.26,205.83,0.3864,-1,-1,-1
293,29,296.27,831.12,95.26,247.34,0.6655,-1,-1,-1
293,35,1012.62,92.03,61.64,178.50,0.3502,-1,-1,-1
293,37,316.11,751.52,86.48,138.30,0.4064,-1,-1,-1
293,41,1084.43,88.18,56.97,164.76,0.3250,-1,-1,-1
293,43,242.69,581.80,78.78,253.66,0.5522,-1,-1,-1
293,21,790.94,151.39,64.33,170.02,0.2812,-1,-1,-1
293,45,897.21,411.42,61.82,183.65,0.3423,-1,-1,-1
293,48,793.52,352.95,58.55,185.65,0.2605,-1,-1,-1
294,1,457.19,137.73,61.40,192.68,0.3339,-1,-1,-1
294,2,243.63,582.59,84.90,253.53,0.6085,-1,-1,-1
294,3,942.60,918.03,68.78,159.95,0.7533,-1,-1,-1
294,4,1720.36,459.85,74.24,209.45,0.5845,-1,-1,-1
294,5,1458.97,595.66,91.23,228.58,0.5253,-1,-1,-1
294,18,938.43,67.43,54.68,171.49,0.4327,-1,-1,-1
294,19,379.90,432.67,84.16,229.65,0.5556,-1,-1,-1
294,26,535.06,434.18,69.20,208.51,0.6737,-1,-1,-1
294,6,232.28,404.86,60.93,181.30,0.5104,-1,-1,-1
294,8,459.18,415.67,68.56,227.36,0.6217,-1,-1,-1
294,28,833.97,400.70,63.83,204.75,0.3705,-1,-1,-1
294,29,298.07,836.10,92.94,242.52,0.7191,-1,-1,-1
294,35,1011.79,91.47,59.97,177.76,0.3570,-1,-1,-1
294,37,323.63,755.01,78.88,136.62,0.4974,-1,-1,-1
294,41,1082.96,87.78,57.51,164.55,0.4089,-1,-1,-1
294,43,243.63,582.59,84.90,253.51,0.6085,-1,-1,-1
294,21,789.96,150.84,65.19,170.47,0.2945,-1,-1,-1
294,45,897.18,413.43,62.15,181.96,0.3590,-1,-1,-1
294,48,795.47,355.19,60.94,205.30,0.3098,-1,-1,-1
294,49,324.40,753.22,84.18,261.07,0.3935,-1,-1,-1
295,1,457.90,137.61,60.56,191.52,0.3081,-1,-1,-1
295,2,244.06,582.88,90.15,252.69,0.6484,-1,-1,-1
295,3,941.83,916.85,66.64,161.60,0.7396,-1,-1,-1
295,4,1719.97,460.15,74.52,209.34,0.5886,-1,-1,-1
295,5,1458.61,595.88,93.33,228.21,0.4853,-1,-1,-1
295,18,937.87,66.86,54.38,172.47,0.4049,-1,-1,-1
295,19,377.09,432.75,86.69,230.49,0.5365,-1,-1,-1
295,26,534.05,436.06,68.97,209.90,0.6699,-1,-1,-1
295,6,231.85,402.13,60.73,183.06,0.4393,-1,-1,-1
295,8,459.25,416.16,68.47,225.53,0.6009,-1,-1,-1
295,28,833.95,401.75,63.91,203.64,0.3745,-1,-1,-1
295,29,300.37,839.78,90.84,239.54,0.7003,-1,-1,-1
295,35,1010.97,91.46,58.76,178.39,0.3921,-1,-1,-1
295,37,327.91,758.98,75.96,137.79,0.5066,-1,-1,-1
295,41,1081.61,86.87,56.93,165.63,0.4010,-1,-1,-1
295,43,244.06,582.88,90.15,252.67,0.6484,-1,-1,-1
295,21,788.07,150.76,67.16,170.81,0.3037,-1,-1,-1
295,45,896.96,412.51,62.22,184.31,0.3723,-1,-1,-1
295,48,797.99,357.23,62.71,209.00,0.2612,-1,-1,-1
295,49,327.43,756.88,84.38,255.52,0.4057,-1,-1,-1
296,1,459.05,135.44,58.64,193.98,0.2855,-1,-1,-1
296,2,244.47,583.31,91.41,251.92,0.6710,-1,-1,-1
296,3,941.44,915.87,63.87,162.50,0.7561,-1,-1,-1
296,4,1720.15,460.03,73.98,209.22,0.5955,-1,-1,-1
296,5,1459.92,598.04,95.47,226.96,0.4934,-1,-1,-1
296,18,937.61,65.89,54.00,172.19,0.4515,-1,-1,-1
296,19,376.29,431.18,86.34,232.14,0.5342,-1,-1,-1
296,26,534.32,438.45,67.96,206.96,0.6740,-1,-1,-1
296,6,231.78,400.65,61.85,181.92,0.5077,-1,-1,-1
296,8,458.28,418.38,70.38,223.80,0.6248,-1,-1,-1
296,28,833.43,401.99,63.56,203.72,0.4096,-1,-1,-1
296,29,301.98,842.83,90.98,236.53,0.7255,-1,-1,-1
296,35,1010.17,90.85,57.67,179.13,0.4056,-1,-1,-1
296,37,329.57,761.62,76.81,138.70,0.4921,-1,-1,-1
296,41,1080.25,86.43,56.75,165.41,0.4088,-1,-1,-1
296,43,244.47,583.31,91.41,251.91,0.6710,-1,-1,-1
296,21,787.27,151.29,68.28,171.04,0.3209,-1,-1,-1
296,45,896.74,412.41,62.61,189.19,0.4579,-1,-1,-1
296,48,800.29,359.58,59.40,209.71,0.1645,-1,-1,-1
296,49,328.54,760.20,81.93,259.67,0.3473,-1,-1,-1
297,1,458.73,134.60,59.59,194.57,0.2794,-1,-1,-1
297,2,245.49,584.76,91.68,250.83,0.6618,-1,-1,-1
297,3,941.29,915.09,62.32,163.86,0.7559,-1,-1,-1
297,4,1719.79,460.32,73.84,208.98,0.5756,-1,-1,-1
297,5,1461.13,597.12,99.36,228.90,0.5440,-1,-1,-1
297,18,936.98,64.82,54.16,173.45,0.4155,-1,-1,-1
297,19,376.32,429.91,85.44,233.19,0.5012,-1,-1,-1
297,26,534.41,440.77,66.07,205.88,0.6665,-1,-1,-1
297,6,232.89,399.80,61.37,182.67,0.5714,-1,-1,-1
297,8,457.55,419.48,69.59,222.32,0.6301,-1,-1,-1
297,28,833.62,401.41,62.95,206.84,0.3726,-1,-1,-1
297,29,303.39,843.82,91.32,235.94,0.7409,-1,-1,-1
297,35,1009.22,90.36,57.55,179.69,0.3721,-1,-1,-1
297,37,331.83,764.92,76.69,139.49,0.5168,-1,-1,-1
297,41,1079.00,86.82,56.73,164.38,0.3425,-1,-1,-1
297,43,245.49,584.76,91.68,250.81,0.6618,-1,-1,-1
297,21,788.53,151.10,67.64,170.98,0.3281,-1,-1,-1
297,45,895.72,413.03,63.87,193.76,0.4661,-1,-1,-1
297,48,803.49,359.26,56.86,209.49,0.1209,-1,-1,-1
297,49,330.18,764.02,79.86,290.07,0.2211,-1,-1,-1
298,1,458.28,133.97,59.91,195.94,0.2907,-1,-1,-1
298,2,246.32,585.00,91.35,250.06,0.6280,-1,-1,-1
298,3,940.90,914.61,62.33,164.96,0.7687,-1,-1,-1
298,4,1720.69,460.75,73.40,208.29,0.5996,-1,-1,-1
298,5,1462.70,598.53,102.68,229.23,0.5540,-1,-1,-1
298,18,936.58,64.15,55.10,172.35,0.4242,-1,-1,-1
298,19,375.97,429.50,85.15,230.60,0.5243,-1,-1,-1
298,26,534.51,442.88,65.27,202.86,0.6479,-1,-1,-1
298,6,234.00,398.66,61.22,184.13,0.5572,-1,-1,-1
298,8,456.92,420.14,69.17,221.69,0.6303,-1,-1,-1
298,28,831.83,400.91,65.36,209.41,0.3240,-1,-1,-1
298,29,304.78,845.42,92.52,234.78,0.7523,-1,-1,-1
298,35,1009.65,91.67,57.42,175.63,0.3666,-1,-1,-1
298,37,334.12,767.56,77.86,142.91,0.5770,-1,-1,-1
298,41,1077.56,86.07,57.38,165.13,0.3685,-1,-1,-1
298,43,246.32,585.00,91.35,250.05,0.6280,-1,-1,-1
298,21,789.61,151.20,66.66,171.11,0.2977,-1,-1,-1
298,45,895.22,414.47,64.82,196.63,0.4875,-1,-1,-1
298,48,807.23,359.88,53.45,209.20,0.1166,-1,-1,-1
298,49,332.71,767.48,79.27,289.87,0.1365,-1,-1,-1
299,1,459.24,133.47,59.80,196.17,0.2942,-1,-1,-1
299,2,248.65,584.07,89.50,250.37,0.6829,-1,-1,-1
299,3,940.26,913.74,61.51,165.50,0.7748,-1,-1,-1
299,4,1720.59,461.35,73.39,207.70,0.5952,-1,-1,-1
299,5,1463.09,594.36,104.38,234.52,0.5895,-1,-1,-1
299,18,936.43,63.67,55.97,171.32,0.4305,-1,-1,-1
299,19,377.01,428.31,83.49,228.82,0.5592,-1,-1,-1
299,26,534.92,444.40,64.24,203.17,0.6516,-1,-1,-1
299,6,233.83,397.56,61.58,183.96,0.5951,-1,-1,-1
299,8,456.66,421.08,68.66,223.18,0.6464,-1,-1,-1
299,28,825.26,402.03,73.03,207.40,0.2279,-1,-1,-1
299,29,305.77,846.56,93.22,233.67,0.7641,-1,-1,-1
299,35,1009.34,89.19,57.01,181.27,0.3995,-1,-1,-1
299,37,338.60,770.46,77.41,144.24,0.6277,-1,-1,-1
299,41,1075.02,84.28,57.43,168.56,0.3209,-1,-1,-1
299,43,248.65,584.07,89.50,250.36,0.6829,-1,-1,-1
299,21,790.15,152.42,65.39,170.04,0.2773,-1,-1,-1
299,45,895.02,415.65,64.83,197.14,0.5023,-1,-1,-1
299,48,814.07,361.23,72.87,195.09,0.1341,-1,-1,-1
300,1,458.84,132.97,61.58,198.14,0.2971,-1,-1,-1
300,2,250.06,583.62,89.86,249.71,0.6895,-1,-1,-1
300,3,940.20,913.81,60.29,165.28,0.7696,-1,-1,-1
300,4,1721.48,460.90,72.47,208.22,0.5807,-1,-1,-1
300,5,1464.28,591.27,104.98,238.28,0.5963,-1,-1,-1
300,18,935.78,63.03,56.49,172.54,0.4551,-1,-1,-1
300,19,379.03,426.10,81.23,225.22,0.5439,-1,-1,-1
300,26,534.67,445.74,64.19,204.05,0.6557,-1,-1,-1
300,6,234.04,397.28,60.71,183.93,0.5750,-1,-1,-1
300,8,456.31,423.13,68.51,223.82,0.6617,-1,-1,-1
300,28,823.39,403.09,76.72,190.86,0.1472,-1,-1,-1
300,29,307.13,847.31,94.24,232.89,0.7498,-1,-1,-1
300,35,1008.62,86.98,56.58,184.27,0.4005,-1,-1,-1
300,37,343.54,772.65,75.89,146.04,0.6383,-1,-1,-1
300,41,1073.64,82.76,56.75,165.88,0.2329,-1,-1,-1
300,43,250.06,583.62,89.86,249.70,0.6895,-1,-1,-1
300,21,790.48,151.58,65.50,170.19,0.2033,-1,-1,-1
300,45,895.64,416.57,63.62,197.97,0.4480,-1,-1,-1
301,1,458.40,132.64,61.57,198.27,0.2809,-1,-1,-1
301,2,251.64,582.07,89.96,250.42,0.6660,-1,-1,-1
301,3,941.25,913.98,57.98,165.32,0.7693,-1,-1,-1
301,4,1721.32,460.93,72.53,207.94,0.5919,-1,-1,-1
301,5,1465.80,588.36,104.97,242.68,0.6005,-1,-1,-1
301,18,934.99,62.80,57.07,173.68,0.4821,-1,-1,-1
301,19,381.59,423.15,78.20,224.56,0.5512,-1,-1,-1
301,26,534.84,446.45,63.86,205.87,0.6671,-1,-1,-1
301,6,234.42,396.78,59.78,184.29,0.5645,-1,-1,-1
301,8,456.25,426.58,68.16,222.22,0.6715,-1,-1,-1
301,28,823.76,404.17,77.19,199.75,0.3055,-1,-1,-1
301,29,307.81,848.09,95.23,232.17,0.7489,-1,-1,-1
301,35,1008.09,85.44,57.04,184.67,0.4183,-1,-1,-1
301,37,346.79,774.75,76.58,144.27,0.5974,-1,-1,-1
301,41,1072.93,81.98,55.97,168.19,0.2806,-1,-1,-1
301,43,251.64,582.07,89.96,250.41,0.6660,-1,-1,-1
301,21,791.80,149.07,63.31,172.51,0.2103,-1,-1,-1
301,45,895.74,417.25,63.00,197.06,0.4670,-1,-1,-1
301,49,344.53,773.18,78.87,278.82,0.4549,-1,-1,-1
302,1,458.25,130.81,62.93,195.55,0.2539,-1,-1,-1
302,2,253.96,580.88,89.62,251.65,0.6766,-1,-1,-1
302,3,941.62,912.62,56.47,167.13,0.7518,-1,-1,-1
302,4,1721.57,460.21,72.35,209.15,0.5722,-1,-1,-1
302,5,1468.40,589.26,102.97,241.93,0.5663,-1,-1,-1
302,18,934.40,62.14,57.15,174.00,0.4793,-1,-1,-1
302,19,385.11,421.95,74.06,220.16,0.5318,-1,-1,-1
302,26,534.81,447.11,63.68,205.06,0.6401,-1,-1,-1
302,6,233.84,396.30,59.72,185.11,0.5497,-1,-1,-1
302,8,456.16,428.82,67.89,221.85,0.6197,-1,-1,-1
302,28,828.31,406.65,74.95,208.76,0.4361,-1,-1,-1
302,29,309.32,848.18,97.14,231.99,0.7381,-1,-1,-1
302,35,1006.64,85.05,58.18,180.74,0.4283,-1,-1,-1
302,37,348.93,776.00,79.96,147.09,0.6332,-1,-1,-1
302,41,1072.31,82.27,54.18,165.66,0.2156,-1,-1,-1
302,43,253.96,580.88,89.62,251.65,0.6766,-1,-1,-1
302,21,793.18,150.94,60.28,171.79,0.1781,-1,-1,-1
302,45,895.45,418.81,62.83,198.32,0.5523,-1,-1,-1
302,49,347.75,774.51,81.60,272.79,0.3170,-1,-1,-1
303,1,458.92,130.67,64.25,194.50,0.2199,-1,-1,-1
303,2,257.54,579.73,88.94,253.14,0.6385,-1,-1,-1
303,3,940.86,912.70,56.15,167.27,0.7241,-1,-1,-1
303,4,1721.43,460.11,72.42,209.36,0.5830,-1,-1,-1
303,5,1471.48,586.54,101.78,244.85,0.4843,-1,-1,-1
303,18,933.89,62.39,57.18,170.84,0.4930,-1,-1,-1
303,19,387.15,416.93,71.18,218.43,0.5974,-1,-1,-1
303,26,534.63,447.66,64.23,207.59,0.6541,-1,-1,-1
303,6,233.88,395.31,59.27,186.64,0.5517,-1,-1,-1
303,8,456.10,430.49,66.50,221.44,0.6295,-1,-1,-1
303,28,833.81,408.94,68.45,213.33,0.4760,-1,-1,-1
303,29,311.30,848.67,97.77,231.51,0.7381,-1,-1,-1
303,35,1006.11,85.09,58.43,176.23,0.4683,-1,-1,-1
303,37,351.01,776.98,84.50,149.54,0.6873,-1,-1,-1
303,41,1070.86,81.02,55.11,169.22,0.3438,-1,-1,-1
303,43,257.54,579.73,88.94,253.13,0.6385,-1,-1,-1
303,21,793.94,150.13,59.62,172.80,0.1612,-1,-1,-1
303,45,895.51,420.95,61.45,196.10,0.5198,-1,-1,-1
303,49,350.52,776.33,83.45,265.60,0.1902,-1,-1,-1
304,1,463.05,131.81,63.38,192.70,0.2249,-1,-1,-1
304,2,263.28,579.80,86.11,251.85,0.6160,-1,-1,-1
304,3,939.67,911.96,57.45,168.06,0.7402,-1,-1,-1
304,4,1721.56,460.00,72.50,210.08,0.5905,-1,-1,-1
304,5,1474.02,582.78,100.79,249.16,0.5025,-1,-1,-1
304,18,934.80,62.16,55.81,173.06,0.5339,-1,-1,-1
304,19,388.44,412.81,69.62,220.37,0.5725,-1,-1,-1
304,26,534.30,448.32,64.79,207.23,0.6425,-1,-1,-1
304,6,234.63,393.95,58.96,188.06,0.5433,-1,-1,-1
304,8,455.46,432.28,65.60,220.14,0.6324,-1,-1,-1
304,28,831.62,405.76,76.80,216.78,0.4786,-1,-1,-1
304,29,312.65,849.82,98.49,230.30,0.7474,-1,-1,-1
304,35,1005.98,84.98,57.98,175.03,0.4763,-1,-1,-1
304,37,354.45,777.96,87.03,152.05,0.6167,-1,-1,-1
304,41,1068.91,80.94,56.04,169.36,0.3091,-1,-1,-1
304,43,263.28,579.80,86.11,251.85,0.6160,-1,-1,-1
304,21,793.67,149.30,61.33,173.93,0.2405,-1,-1,-1
304,45,897.34,421.21,58.83,196.19,0.4861,-1,-1,-1
304,49,353.23,776.06,86.96,283.82,0.2185,-1,-1,-1
305,1,462.27,131.25,62.85,193.01,0.2216,-1,-1,-1
305,2,271.98,580.90,80.40,249.53,0.5991,-1,-1,-1
305,3,937.83,910.36,59.41,169.74,0.7406,-1,-1,-1
305,4,1721.07,460.27,72.54,209.58,0.5762,-1,-1,-1
305,5,1475.95,585.87,99.79,247.21,0.4534,-1,-1,-1
305,18,934.74,61.96,55.49,173.25,0.4927,-1,-1,-1
305,19,389.48,409.52,68.95,222.28,0.5620,-1,-1,-1
305,26,534.09,448.94,65.12,207.97,0.6385,-1,-1,-1
305,6,233.93,391.45,58.97,191.24,0.5357,-1,-1,-1
305,8,454.58,434.82,65.36,219.31,0.6627,-1,-1,-1
305,28,834.52,405.00,75.11,221.41,0.5170,-1,-1,-1
305,29,315.49,851.63,97.85,228.57,0.7613,-1,-1,-1
305,35,1005.37,85.18,58.84,172.13,0.4897,-1,-1,-1
305,37,355.74,779.19,91.68,156.58,0.6138,-1,-1,-1
305,41,1067.59,81.06,56.48,167.58,0.2624,-1,-1,-1
305,43,271.98,580.90,80.40,249.52,0.5991,-1,-1,-1
305,21,794.90,149.84,61.61,173.05,0.2504,-1,-1,-1
305,45,899.08,420.55,56.45,196.32,0.4624,-1,-1,-1
305,49,355.54,776.89,89.90,281.47,0.2384,-1,-1,-1
306,1,461.76,131.40,63.77,192.03,0.2559,-1,-1,-1
306,2,283.11,581.60,73.58,248.04,0.5436,-1,-1,-1
306,3,935.99,909.37,62.59,170.71,0.7182,-1,-1,-1
306,4,1721.06,460.60,72.62,209.14,0.5687,-1,-1,-1
306,5,1479.44,587.88,98.71,246.24,0.5165,-1,-1,-1
306,18,934.59,59.99,56.88,174.84,0.4716,-1,-1,-1
306,19,389.76,407.72,68.37,222.44,0.5313,-1,-1,-1
306,26,533.28,449.42,65.50,205.14,0.6218,-1,-1,-1
306,6,232.82,389.59,60.00,193.48,0.5649,-1,-1,-1
306,8,453.50,436.39,64.72,219.16,0.6821,-1,-1,-1
306,28,833.38,404.46,77.20,221.23,0.5006,-1,-1,-1
306,29,318.73,857.09,94.03,223.06,0.7690,-1,-1,-1
306,35,1004.17,84.77,60.13,170.50,0.5223,-1,-1,-1
306,37,357.52,780.56,94.42,154.15,0.6553,-1,-1,-1
306,41,1068.10,82.33,54.25,161.26,0.2690,-1,-1,-1
306,43,283.11,581.60,73.58,248.04,0.5436,-1,-1,-1
306,21,794.57,122.49,65.65,200.60,0.2703,-1,-1,-1
306,45,898.45,422.60,57.13,193.29,0.4342,-1,-1,-1
306,49,357.35,780.21,93.95,194.89,0.6553,-1,-1,-1
307,1,459.96,130.55,64.91,191.53,0.2419,-1,-1,-1
307,2,293.70,581.00,70.49,246.03,0.5695,-1,-1,-1
307,3,934.50,908.21,65.03,171.72,0.7119,-1,-1,-1
307,4,1720.98,459.88,72.89,209.82,0.5595,-1,-1,-1
307,5,1482.29,588.59,97.00,245.80,0.5470,-1,-1,-1
307,18,934.63,59.37,56.80,174.31,0.4958,-1,-1,-1
307,19,391.08,407.10,67.71,222.30,0.5570,-1,-1,-1
307,26,532.47,449.75,65.52,205.29,0.6415,-1,-1,-1
307,6,232.63,387.77,59.75,193.46,0.5266,-1,-1,-1
307,8,451.62,438.45,65.15,217.83,0.6757,-1,-1,-1
307,28,833.84,406.35,77.33,219.07,0.3527,-1,-1,-1
307,29,320.00,861.08,94.41,218.99,0.7755,-1,-1,-1
307,35,1003.47,83.57,60.04,169.86,0.5635,-1,-1,-1
307,37,359.16,781.90,98.44,155.13,0.6473,-1,-1,-1
307,41,1066.30,81.94,53.95,162.79,0.2917,-1,-1,-1
307,43,293.70,581.00,70.49,246.03,0.5695,-1,-1,-1
307,21,794.80,109.76,71.06,213.00,0.3702,-1,-1,-1
307,45,898.69,425.02,56.88,191.04,0.3656,-1,-1,-1
307,49,359.01,782.07,98.46,161.56,0.6473,-1,-1,-1
308,1,461.45,130.36,61.82,192.11,0.2793,-1,-1,-1
308,2,302.56,580.55,69.96,244.57,0.6439,-1,-1,-1
308,3,932.48,907.94,67.89,172.15,0.7209,-1,-1,-1
308,4,1721.19,459.33,72.67,210.28,0.5808,-1,-1,-1
308,5,1484.19,591.92,95.82,242.93,0.6302,-1,-1,-1
308,18,935.14,56.84,55.98,170.86,0.5064,-1,-1,-1
308,19,391.01,406.15,69.04,223.59,0.5705,-1,-1,-1
308,26,530.51,451.39,67.10,204.48,0.6571,-1,-1,-1
308,6,230.75,386.09,61.50,191.81,0.5575,-1,-1,-1
308,8,450.16,440.54,64.54,215.98,0.6790,-1,-1,-1
308,28,833.79,411.62,78.38,214.54,0.3539,-1,-1,-1
308,29,321.92,866.31,94.97,213.85,0.7753,-1,-1,-1
308,35,1002.38,82.91,60.85,171.39,0.6041,-1,-1,-1
308,37,361.00,784.60,102.46,155.99,0.6934,-1,-1,-1
308,41,1064.70,82.16,55.08,164.99,0.3175,-1,-1,-1
308,43,302.56,580.55,69.96,244.57,0.6439,-1,-1,-1
308,21,794.23,104.82,72.89,218.02,0.3291,-1,-1,-1
308,45,896.14,427.52,57.34,188.53,0.3305,-1,-1,-1
308,49,360.87,785.03,102.66,153.78,0.6934,-1,-1,-1
309,1,463.62,130.46,58.96,191.14,0.2678,-1,-1,-1
309,2,308.22,579.95,74.22,246.90,0.6485,-1,-1,-1
309,3,930.62,907.30,70.25,172.73,0.7368,-1,-1,-1
309,4,1720.89,458.70,72.69,211.22,0.5735,-1,-1,-1
309,5,1486.13,590.20,95.51,244.61,0.5929,-1,-1,-1
309,18,935.24,53.82,54.87,170.29,0.4842,-1,-1,-1
309,19,390.75,406.36,70.30,222.48,0.5209,-1,-1,-1
309,26,529.12,454.28,67.80,206.72,0.6705,-1,-1,-1
309,6,230.42,383.97,61.88,190.04,0.5283,-1,-1,-1
309,8,448.29,441.96,64.52,216.14,0.6596,-1,-1,-1
309,28,836.22,415.99,72.19,212.54,0.3831,-1,-1,-1
309,29,324.14,871.11,93.92,209.00,0.7802,-1,-1,-1
309,35,1002.09,81.67,61.09,174.33,0.6234,-1,-1,-1
309,37,364.31,789.17,105.14,153.57,0.6760,-1,-1,-1
309,41,1064.41,82.03,53.86,163.74,0.2917,-1,-1,-1
309,43,308.22,579.95,74.22,246.90,0.6485,-1,-1,-1
309,21,793.85,102.98,73.61,220.07,0.3716,-1,-1,-1
309,45,892.38,429.90,60.16,187.02,0.2338,-1,-1,-1
309,49,364.19,789.90,105.40,148.79,0.6760,-1,-1,-1
310,1,464.55,129.26,57.10,190.42,0.3100,-1,-1,-1
310,2,312.50,579.55,77.51,248.73,0.6942,-1,-1,-1
310,3,928.68,907.51,72.98,172.54,0.7483,-1,-1,-1
310,4,1720.82,458.43,72.50,210.89,0.5750,-1,-1,-1
310,5,1487.60,588.73,95.96,245.19,0.5556,-1,-1,-1
310,18,934.64,51.21,55.41,170.89,0.5422,-1,-1,-1
310,19,391.80,405.69,69.07,225.24,0.5017,-1,-1,-1
310,26,528.10,455.97,67.96,209.36,0.6984,-1,-1,-1
310,6,230.92,381.12,59.91,187.31,0.5567,-1,-1,-1
310,8,447.57,439.97,63.61,220.61,0.6519,-1,-1,-1
310,28,837.65,421.88,66.99,206.47,0.1819,-1,-1,-1
310,29,326.88,873.66,93.52,206.42,0.7566,-1,-1,-1
310,35,1001.17,80.32,61.83,175.68,0.6478,-1,-1,-1
310,37,366.50,793.58,106.55,151.14,0.6772,-1,-1,-1
310,41,1063.89,82.64,54.99,164.04,0.3327,-1,-1,-1
310,43,312.50,579.55,77.51,248.73,0.6942,-1,-1,-1
310,21,794.06,102.42,72.85,220.92,0.3229,-1,-1,-1
310,49,366.39,794.34,106.82,146.20,0.6772,-1,-1,-1
311,1,465.25,128.85,57.21,189.58,0.2965,-1,-1,-1
311,2,316.09,579.61,81.00,247.83,0.7417,-1,-1,-1
311,3,927.64,907.06,74.40,172.97,0.7625,-1,-1,-1
311,4,1720.79,458.30,72.66,210.77,0.5783,-1,-1,-1
311,5,1488.63,589.16,100.38,244.53,0.5832,-1,-1,-1
311,18,934.02,49.52,55.71,171.26,0.5087,-1,-1,-1
311,19,391.81,406.62,69.64,224.05,0.4722,-1,-1,-1
311,26,527.54,457.39,67.41,211.74,0.6759,-1,-1,-1
311,6,231.67,379.05,58.16,186.70,0.5299,-1,-1,-1
311,8,445.95,440.17,64.02,221.71,0.6842,-1,-1,-1
311,28,835.80,423.22,68.73,197.20,0.3110,-1,-1,-1
311,29,329.68,876.34,94.67,203.68,0.7339,-1,-1,-1
311,35,1000.44,79.80,62.36,175.35,0.6266,-1,-1,-1
311,37,368.24,797.96,108.12,148.06,0.6622,-1,-1,-1
311,41,1062.35,81.86,54.66,163.49,0.2979,-1,-1,-1
311,43,316.09,579.61,81.00,247.83,0.7417,-1,-1,-1
311,21,794.42,101.66,71.89,221.67,0.3388,-1,-1,-1
311,49,368.15,798.67,108.37,143.51,0.6622,-1,-1,-1
312,1,463.73,127.95,59.34,188.75,0.3059,-1,-1,-1
312,2,318.50,581.03,87.03,245.00,0.7537,-1,-1,-1
312,3,927.40,906.16,74.95,173.91,0.7517,-1,-1,-1
312,4,1721.22,458.66,72.47,209.97,0.5817,-1,-1,-1
312,5,1489.83,591.95,101.49,240.79,0.6264,-1,-1,-1
312,18,933.76,48.70,56.29,171.92,0.5143,-1,-1,-1
312,19,392.35,407.26,69.07,221.95,0.4320,-1,-1,-1
312,26,527.14,460.39,67.18,214.84,0.6739,-1,-1,-1
312,6,231.37,376.54,58.18,187.70,0.5372,-1,-1,-1
312,8,444.46,441.94,64.32,221.62,0.6668,-1,-1,-1
312,28,833.96,424.47,71.94,195.70,0.2838,-1,-1,-1
312,29,332.78,879.25,96.27,200.86,0.7442,-1,-1,-1
312,35,1000.08,79.86,63.11,174.72,0.6073,-1,-1,-1
312,37,368.45,801.35,108.97,148.19,0.6513,-1,-1,-1
312,41,1062.35,81.44,53.26,163.70,0.2623,-1,-1,-1
312,43,318.50,581.03,87.03,245.00,0.7537,-1,-1,-1
312,21,793.21,101.90,71.08,221.08,0.3413,-1,-1,-1
312,49,368.37,801.92,109.20,144.41,0.6513,-1,-1,-1
313,1,463.72,124.80,60.02,190.19,0.3262,-1,-1,-1
313,2,319.03,583.35,93.64,241.93,0.7642,-1,-1,-1
313,3,927.02,905.52,75.68,174.55,0.7549,-1,-1,-1
313,4,1721.94,458.03,72.03,210.33,0.5767,-1,-1,-1
313,5,1491.50,596.60,103.09,236.25,0.6175,-1,-1,-1
313,18,933.63,47.89,55.96,172.55,0.5205,-1,-1,-1
313,19,393.09,406.08,68.37,223.66,0.4085,-1,-1,-1
313,26,527.19,463.07,66.54,214.96,0.6592,-1,-1,-1
313,6,231.11,374.70,58.17,188.85,0.5227,-1,-1,-1
313,8,442.38,446.13,64.80,221.88,0.6858,-1,-1,-1
313,28,834.46,426.27,69.38,198.35,0.2602,-1,-1,-1
313,29,336.16,882.59,98.54,197.48,0.7359,-1,-1,-1
313,35,1000.18,80.20,62.62,173.51,0.5993,-1,-1,-1
313,37,369.05,804.81,109.34,147.25,0.6929,-1,-1,-1
313,41,1061.54,82.12,54.06,163.99,0.2687,-1,-1,-1
313,43,319.03,583.35,93.63,241.92,0.7642,-1,-1,-1
313,21,790.54,102.44,71.67,220.29,0.2663,-1,-1,-1
313,49,368.97,805.30,109.55,143.96,0.6929,-1,-1,-1
314,1,460.50,125.35,63.26,187.75,0.3019,-1,-1,-1
314,2,319.05,584.55,98.19,240.56,0.7642,-1,-1,-1
314,3,927.03,905.17,76.63,174.89,0.7554,-1,-1,-1
314,4,1722.60,457.91,71.35,210.97,0.5739,-1,-1,-1
314,5,1494.24,599.07,102.18,234.21,0.5484,-1,-1,-1
314,18,932.62,47.11,57.00,172.89,0.5235,-1,-1,-1
314,19,393.36,404.39,66.57,224.05,0.3840,-1,-1,-1
314,26,526.97,464.72,66.06,215.60,0.6575,-1,-1,-1
314,6,230.58,373.81,58.69,189.30,0.5528,-1,-1,-1
314,8,440.69,447.42,65.46,221.89,0.6997,-1,-1,-1
314,28,832.39,426.65,70.59,200.47,0.3154,-1,-1,-1
314,29,340.15,886.39,97.23,193.65,0.7245,-1,-1,-1
314,35,1000.07,79.91,60.39,173.15,0.5512,-1,-1,-1
314,37,369.97,808.14,110.63,147.78,0.6970,-1,-1,-1
314,41,1058.42,81.66,52.57,161.56,0.1709,-1,-1,-1
314,43,319.05,584.55,98.19,240.56,0.7642,-1,-1,-1
314,21,788.74,102.71,72.21,219.66,0.2204,-1,-1,-1
314,49,369.90,808.56,110.82,145.00,0.6970,-1,-1,-1
315,1,462.54,123.09,62.38,188.19,0.2680,-1,-1,-1
315,2,318.73,585.25,105.27,240.28,0.7693,-1,-1,-1
315,3,926.15,904.92,77.48,175.18,0.7592,-1,-1,-1
315,4,1722.50,457.77,71.35,211.42,0.5547,-1,-1,-1
315,5,1497.45,601.64,98.37,231.88,0.5579,-1,-1,-1
315,18,932.04,46.51,57.26,173.31,0.5311,-1,-1,-1
315,19,393.23,403.45,64.16,222.95,0.2655,-1,-1,-1
315,26,527.21,466.47,63.63,216.08,0.6693,-1,-1,-1
315,6,229.98,373.41,60.34,189.42,0.5637,-1,-1,-1
315,8,438.36,448.18,67.07,221.87,0.7304,-1,-1,-1
315,28,828.37,429.31,75.28,198.47,0.2201,-1,-1,-1
315,29,342.87,889.32,97.16,190.74,0.7273,-1,-1,-1
315,35,999.54,79.55,58.92,173.73,0.5357,-1,-1,-1
315,37,371.20,809.15,110.31,148.28,0.6414,-1,-1,-1
315,41,1056.30,81.79,52.49,161.02,0.2017,-1,-1,-1
315,43,318.73,585.25,105.27,240.28,0.7693,-1,-1,-1
315,21,789.25,102.38,70.31,220.39,0.1961,-1,-1,-1
315,49,371.14,809.46,110.48,145.88,0.6414,-1,-1,-1
315,48,883.27,371.95,71.32,155.11,0.4120,-1,-1,-1
316,1,460.06,122.15,65.10,189.00,0.2715,-1,-1,-1
316,2,319.23,585.44,110.68,239.65,0.7697,-1,-1,-1
316,3,926.09,905.12,77.55,174.95,0.7542,-1,-1,-1
316,4,1722.00,458.17,72.04,211.76,0.5329,-1,-1,-1
316,5,1501.48,602.23,94.41,232.42,0.6161,-1,-1,-1
316,18,931.60,46.13,58.23,172.34,0.5317,-1,-1,-1
316,19,395.87,399.23,60.77,223.75,0.2785,-1,-1,-1
316,26,526.64,469.07,62.48,218.59,0.6475,-1,-1,-1
316,6,230.06,372.73,61.51,189.16,0.5838,-1,-1,-1
316,8,436.40,449.39,68.18,222.40,0.7150,-1,-1,-1
316,28,828.86,433.60,70.98,194.77,0.2023,-1,-1,-1
316,29,345.24,892.31,95.91,187.77,0.7154,-1,-1,-1
316,35,999.27,80.08,58.03,173.91,0.5942,-1,-1,-1
316,37,372.88,810.01,108.71,151.51,0.6638,-1,-1,-1
316,41,1054.04,79.44,52.64,163.13,0.2569,-1,-1,-1
316,43,319.23,585.44,110.68,239.65,0.7697,-1,-1,-1
316,21,786.57,102.61,71.10,219.58,0.1485,-1,-1,-1
316,49,372.82,810.24,108.85,149.48,0.6638,-1,-1,-1
316,48,887.34,373.69,66.88,159.66,0.3392,-1,-1,-1
317,1,458.55,121.12,66.36,189.98,0.3003,-1,-1,-1
317,2,319.30,584.91,114.81,241.08,0.7698,-1,-1,-1
317,3,926.15,905.53,78.02,174.47,0.7524,-1,-1,-1
317,4,1721.82,458.11,72.28,211.93,0.5641,-1,-1,-1
317,5,1506.55,609.15,88.09,226.22,0.5588,-1,-1,-1
317,18,931.11,45.56,58.87,172.71,0.5148,-1,-1,-1
317,19,396.64,395.08,61.04,222.05,0.3272,-1,-1,-1
317,26,524.29,471.76,63.20,219.25,0.6927,-1,-1,-1
317,6,230.08,372.02,61.65,188.26,0.5717,-1,-1,-1
317,8,434.25,449.91,68.68,219.95,0.7120,-1,-1,-1
317,28,832.08,437.95,65.79,191.88,0.1848,-1,-1,-1
317,29,346.87,890.03,94.71,189.95,0.7233,-1,-1,-1
317,35,997.55,79.52,58.23,173.78,0.5707,-1,-1,-1
317,37,374.97,812.90,105.27,151.18,0.5635,-1,-1,-1
317,41,1051.44,81.23,57.16,163.32,0.3003,-1,-1,-1
317,43,319.30,584.91,114.81,241.07,0.7698,-1,-1,-1
317,21,788.28,102.37,68.61,219.10,0.1439,-1,-1,-1
317,49,374.91,813.13,105.40,149.36,0.5635,-1,-1,-1
317,48,892.21,375.70,61.06,164.07,0.1661,-1,-1,-1
318,1,460.30,118.53,65.19,191.94,0.2956,-1,-1,-1
318,2,320.57,585.17,113.60,240.73,0.7562,-1,-1,-1
318,3,926.04,905.47,78.22,174.53,0.7456,-1,-1,-1
318,4,1721.87,458.37,72.32,211.34,0.5710,-1,-1,-1
318,5,1511.05,603.88,85.64,233.29,0.5667,-1,-1,-1
318,18,930.99,45.00,59.73,173.54,0.5129,-1,-1,-1
318,19,397.21,393.13,61.75,215.70,0.2580,-1,-1,-1
318,26,522.19,472.11,64.15,218.59,0.6656,-1,-1,-1
318,6,230.65,371.47,60.47,186.85,0.5601,-1,-1,-1
318,8,433.52,451.35,68.63,219.14,0.7241,-1,-1,-1
318,28,833.27,436.70,66.91,192.98,0.2950,-1,-1,-1
318,29,349.40,890.23,95.36,189.76,0.7071,-1,-1,-1
318,35,995.15,78.43,59.81,174.32,0.5958,-1,-1,-1
318,37,376.89,813.14,101.48,153.52,0.6272,-1,-1,-1
318,41,1050.33,81.66,58.07,161.88,0.2893,-1,-1,-1
318,43,320.57,585.17,113.60,240.73,0.7562,-1,-1,-1
318,21,787.96,100.79,68.34,220.91,0.2077,-1,-1,-1
318,49,376.85,813.31,101.59,151.95,0.6272,-1,-1,-1
318,48,894.37,377.04,62.80,155.72,0.2324,-1,-1,-1
319,1,461.63,117.53,64.03,192.10,0.2469,-1,-1,-1
319,2,321.17,584.35,113.89,241.50,0.7529,-1,-1,-1
319,3,927.10,905.59,77.15,174.40,0.7319,-1,-1,-1
319,4,1722.75,458.86,71.04,210.81,0.5789,-1,-1,-1
319,5,1515.12,602.60,82.51,236.31,0.5144,-1,-1,-1
319,18,930.32,43.74,59.81,173.26,0.4965,-1,-1,-1
319,19,397.60,390.18,76.71,211.52,0.1281,-1,-1,-1
319,26,518.09,470.44,68.22,218.30,0.6753,-1,-1,-1
319,6,231.34,370.70,59.67,188.33,0.5898,-1,-1,-1
319,8,432.92,454.51,68.93,218.78,0.7253,-1,-1,-1
319,28,835.14,433.77,66.01,200.54,0.4219,-1,-1,-1
319,29,351.21,891.42,96.14,188.61,0.7008,-1,-1,-1
319,35,993.90,77.36,60.12,174.70,0.5780,-1,-1,-1
319,37,378.62,813.31,98.33,155.50,0.6723,-1,-1,-1
319,41,1049.01,83.11,58.88,160.10,0.3012,-1,-1,-1
319,43,321.17,584.35,113.89,241.50,0.7529,-1,-1,-1
319,21,786.41,99.33,68.88,221.69,0.1752,-1,-1,-1
319,49,378.58,813.45,98.42,154.12,0.6723,-1,-1,-1
319,48,898.12,377.43,61.09,156.17,0.2568,-1,-1,-1
320,1,459.32,120.68,65.52,188.03,0.2311,-1,-1,-1
320,2,323.78,583.77,113.52,240.79,0.7204,-1,-1,-1
320,3,929.25,905.95,75.33,174.05,0.7356,-1,-1,-1
320,4,1722.68,458.62,71.28,210.58,0.6019,-1,-1,-1
320,5,1517.73,603.38,80.71,234.03,0.3640,-1,-1,-1
320,18,929.41,42.03,60.54,175.25,0.5036,-1,-1,-1
320,19,397.46,387.61,83.09,153.46,0.2154,-1,-1,-1
320,26,515.06,470.81,69.80,218.82,0.6947,-1,-1,-1
320,6,232.22,370.30,58.92,188.54,0.5843,-1,-1,-1
320,8,432.70,459.41,69.09,216.62,0.7187,-1,-1,-1
320,28,834.99,433.67,68.03,200.90,0.5107,-1,-1,-1
320,29,352.88,894.91,98.31,185.11,0.7051,-1,-1,-1
320,35,992.74,77.74,60.11,174.19,0.5754,-1,-1,-1
320,37,380.12,814.17,94.85,152.95,0.6427,-1,-1,-1
320,41,1048.12,84.22,58.02,158.89,0.2659,-1,-1,-1
320,43,323.78,583.77,113.52,240.79,0.7204,-1,-1,-1
320,21,786.42,99.10,68.74,221.76,0.2143,-1,-1,-1
320,49,380.09,814.29,94.93,151.68,0.6427,-1,-1,-1
320,48,901.93,376.25,58.62,160.93,0.2715,-1,-1,-1
321,1,456.57,119.79,67.44,189.41,0.2574,-1,-1,-1
321,2,326.28,582.72,109.35,241.33,0.6803,-1,-1,-1
321,3,929.71,906.86,74.74,172.93,0.7303,-1,-1,-1
321,4,1722.23,458.73,71.55,210.77,0.5723,-1,-1,-1
321,5,1523.90,604.91,80.17,234.01,0.2589,-1,-1,-1
321,18,929.00,39.76,63.33,178.49,0.4817,-1,-1,-1
321,19,396.87,386.48,87.00,127.60,0.2179,-1,-1,-1
321,26,512.96,471.06,70.21,220.17,0.6686,-1,-1,-1
321,6,233.42,369.93,57.47,188.23,0.5606,-1,-1,-1
321,8,430.14,459.35,70.62,224.04,0.6417,-1,-1,-1
321,28,833.96,433.08,74.82,204.88,0.4893,-1,-1,-1
321,29,355.17,898.03,100.98,181.95,0.7175,-1,-1,-1
321,35,991.51,77.37,61.78,174.90,0.5977,-1,-1,-1
321,37,383.48,816.25,89.61,150.31,0.6005,-1,-1,-1
321,41,1047.97,81.86,54.16,158.83,0.2749,-1,-1,-1
321,43,326.28,582.72,109.35,241.33,0.6803,-1,-1,-1
321,21,784.37,98.26,70.23,222.07,0.2579,-1,-1,-1
321,49,383.46,816.36,89.67,149.19,0.6005,-1,-1,-1
321,48,904.61,377.31,58.35,160.85,0.2290,-1,-1,-1
322,1,455.52,119.04,67.38,189.65,0.2518,-1,-1,-1
322,2,330.48,580.66,101.64,243.60,0.7095,-1,-1,-1
322,3,931.84,906.89,72.38,172.98,0.7237,-1,-1,-1
322,4,1721.66,459.19,71.96,209.68,0.5999,-1,-1,-1
322,5,1528.16,605.30,81.13,234.73,0.2297,-1,-1,-1
322,18,928.00,37.22,65.80,182.01,0.4804,-1,-1,-1
322,19,395.66,385.07,88.53,127.46,0.2734,-1,-1,-1
322,26,511.42,470.86,70.48,219.37,0.7140,-1,-1,-1
322,6,234.61,368.24,56.37,189.11,0.5620,-1,-1,-1
322,8,428.52,460.25,71.97,224.97,0.6778,-1,-1,-1
322,28,832.90,432.86,80.64,208.16,0.5745,-1,-1,-1
322,29,357.29,902.76,99.98,177.18,0.7082,-1,-1,-1
322,35,990.46,76.30,61.07,174.77,0.6150,-1,-1,-1
322,37,388.29,817.43,84.08,149.90,0.5596,-1,-1,-1
322,41,1047.32,79.84,51.40,157.98,0.3316,-1,-1,-1
322,43,330.48,580.66,101.64,243.60,0.7095,-1,-1,-1
322,21,781.14,97.02,72.52,223.04,0.2254,-1,-1,-1
322,49,388.27,817.53,84.14,148.93,0.5596,-1,-1,-1
322,48,908.41,376.79,55.10,162.88,0.3712,-1,-1,-1
323,1,454.47,117.62,67.93,192.34,0.2937,-1,-1,-1
323,2,338.56,579.57,92.13,244.15,0.6237,-1,-1,-1
323,3,934.68,906.57,68.56,173.17,0.6961,-1,-1,-1
323,4,1721.67,458.82,72.29,210.09,0.6019,-1,-1,-1
323,5,1532.91,606.16,71.76,233.76,0.2542,-1,-1,-1
323,18,927.58,35.67,66.63,179.97,0.4689,-1,-1,-1
323,19,394.16,384.59,91.67,127.70,0.2115,-1,-1,-1
323,26,511.02,471.00,70.83,219.71,0.7252,-1,-1,-1
323,6,234.15,364.90,57.34,191.50,0.5719,-1,-1,-1
323,8,428.10,462.30,72.17,225.50,0.6871,-1,-1,-1
323,28,832.55,432.91,82.98,210.48,0.5686,-1,-1,-1
323,29,359.72,905.98,97.55,173.71,0.7787,-1,-1,-1
323,35,989.85,75.29,61.41,173.47,0.6174,-1,-1,-1
323,37,391.69,820.25,80.03,149.51,0.5613,-1,-1,-1
323,41,1046.78,77.72,50.50,159.21,0.3355,-1,-1,-1
323,43,338.56,579.57,92.13,244.15,0.6237,-1,-1,-1
323,21,779.32,96.69,74.37,223.67,0.2760,-1,-1,-1
323,49,391.67,820.34,80.08,148.66,0.5613,-1,-1,-1
323,48,912.62,378.69,53.04,162.70,0.3912,-1,-1,-1
324,1,453.51,117.72,68.26,191.30,0.3097,-1,-1,-1
324,2,346.88,580.27,84.23,242.81,0.6271,-1,-1,-1
324,3,936.11,905.67,65.42,174.18,0.7032,-1,-1,-1
324,4,1721.64,458.95,72.05,209.77,0.6027,-1,-1,-1
324,5,1534.28,604.01,69.41,235.43,0.2368,-1,-1,-1
324,18,926.81,33.69,68.96,179.45,0.4033,-1,-1,-1
324,19,393.21,380.67,92.81,129.52,0.1719,-1,-1,-1
324,26,509.55,471.32,72.00,219.61,0.7513,-1,-1,-1
324,6,233.73,362.26,57.88,191.89,0.5171,-1,-1,-1
324,8,426.25,463.40,74.38,226.84,0.7029,-1,-1,-1
324,28,832.43,434.86,85.95,209.64,0.4796,-1,-1,-1
324,29,361.13,909.64,96.74,169.49,0.7840,-1,-1,-1
324,35,989.10,73.65,61.57,173.30,0.5738,-1,-1,-1
324,37,395.93,823.93,76.95,148.25,0.5875,-1,-1,-1
324,41,1046.72,76.05,48.73,158.93,0.2790,-1,-1,-1
324,43,346.88,580.27,84.23,242.81,0.6271,-1,-1,-1
324,21,776.79,96.24,76.07,224.15,0.1756,-1,-1,-1
324,49,395.91,824.02,76.99,147.50,0.5875,-1,-1,-1
324,48,914.35,379.41,54.55,167.97,0.2855,-1,-1,-1
325,1,453.65,118.34,68.33,189.01,0.3092,-1,-1,-1
325,2,354.87,580.21,77.00,241.32,0.6582,-1,-1,-1
325,3,936.99,907.22,64.68,172.36,0.7032,-1,-1,-1
325,4,1721.62,459.25,72.28,208.71,0.6108,-1,-1,-1
325,5,1533.12,602.61,72.45,239.14,0.1306,-1,-1,-1
325,18,925.93,34.61,67.82,173.11,0.4013,-1,-1,-1
325,19,392.64,380.46,91.27,128.12,0.2127,-1,-1,-1
325,26,508.75,473.67,71.98,218.01,0.7633,-1,-1,-1
325,6,233.33,360.15,58.43,189.74,0.4478,-1,-1,-1
325,8,426.04,463.08,75.10,228.49,0.7081,-1,-1,-1
325,28,833.39,434.48,85.88,210.25,0.5013,-1,-1,-1
325,29,364.17,914.28,96.54,164.71,0.7716,-1,-1,-1
325,35,988.38,72.28,62.21,172.77,0.5539,-1,-1,-1
325,37,400.48,829.15,72.99,142.37,0.5963,-1,-1,-1
325,41,1046.21,74.51,48.63,160.27,0.2734,-1,-1,-1
325,43,354.87,580.21,77.00,241.32,0.6582,-1,-1,-1
325,21,775.81,96.95,76.53,224.04,0.1814,-1,-1,-1
325,49,400.46,829.24,73.02,141.69,0.5963,-1,-1,-1
325,48,917.01,382.53,58.07,180.42,0.3282,-1,-1,-1
326,1,454.12,117.97,67.86,188.06,0.2953,-1,-1,-1
326,2,367.22,578.86,72.36,242.05,0.6431,-1,-1,-1
326,3,938.63,907.99,61.41,171.95,0.6765,-1,-1,-1
326,4,1721.48,459.53,72.85,208.52,0.6200,-1,-1,-1
326,5,1531.51,605.94,79.60,234.82,0.3944,-1,-1,-1
326,18,926.09,34.06,66.85,171.03,0.4110,-1,-1,-1
326,19,392.00,379.80,94.58,129.92,0.1693,-1,-1,-1
326,26,508.27,475.97,72.21,217.33,0.7602,-1,-1,-1
326,6,233.65,358.57,58.02,189.12,0.5024,-1,-1,-1
326,8,426.63,466.14,73.95,226.99,0.7035,-1,-1,-1
326,28,834.96,434.32,87.32,210.35,0.5790,-1,-1,-1
326,29,366.20,917.27,95.74,162.43,0.7177,-1,-1,-1
326,35,986.78,71.33,62.19,172.63,0.5740,-1,-1,-1
326,37,403.14,832.98,72.15,142.04,0.5904,-1,-1,-1
326,41,1045.77,75.70,47.80,156.95,0.2837,-1,-1,-1
326,43,367.22,578.86,72.36,242.05,0.6431,-1,-1,-1
326,21,787.86,137.62,65.31,182.93,0.1600,-1,-1,-1
326,49,403.13,833.05,72.17,141.47,0.5904,-1,-1,-1
326,48,921.23,384.33,58.63,189.62,0.2756,-1,-1,-1
327,1,452.87,115.62,68.54,190.49,0.3648,-1,-1,-1
327,2,375.21,576.79,69.43,243.58,0.5869,-1,-1,-1
327,3,940.96,909.19,57.81,170.72,0.6689,-1,-1,-1
327,4,1721.61,459.71,72.53,207.67,0.6306,-1,-1,-1
327,5,1532.72,609.70,81.75,231.55,0.4213,-1,-1,-1
327,18,926.71,32.53,66.23,172.39,0.4311,-1,-1,-1
327,19,392.36,378.92,94.54,127.58,0.1267,-1,-1,-1
327,26,508.95,477.66,72.09,218.85,0.7048,-1,-1,-1
327,6,233.67,357.01,58.68,189.05,0.5189,-1,-1,-1
327,8,426.17,467.10,73.77,226.51,0.7145,-1,-1,-1
327,28,836.16,434.86,87.18,208.84,0.5363,-1,-1,-1
327,29,367.86,918.32,97.98,161.58,0.7018,-1,-1,-1
327,35,986.50,70.29,62.16,171.48,0.5282,-1,-1,-1
327,37,405.79,836.78,72.15,141.53,0.5759,-1,-1,-1
327,41,1044.85,75.82,47.61,155.44,0.2840,-1,-1,-1
327,43,375.21,576.79,69.43,243.58,0.5869,-1,-1,-1
327,21,792.85,154.31,59.79,166.76,0.1873,-1,-1,-1
327,49,405.78,836.84,72.17,141.03,0.5759,-1,-1,-1
327,48,923.87,385.38,59.32,184.07,0.2569,-1,-1,-1
328,1,451.64,113.52,68.56,193.39,0.4532,-1,-1,-1
328,2,383.58,575.07,67.41,246.01,0.5859,-1,-1,-1
328,3,941.10,909.81,56.73,169.67,0.6784,-1,-1,-1
328,4,1721.89,460.44,72.31,207.23,0.6374,-1,-1,-1
328,5,1535.55,610.68,81.37,230.62,0.5006,-1,-1,-1
328,18,927.67,31.50,64.50,171.78,0.4210,-1,-1,-1
328,19,392.61,378.69,93.84,128.83,0.2099,-1,-1,-1
328,26,508.97,479.03,71.24,221.07,0.7042,-1,-1,-1
328,6,232.16,356.03,59.88,187.63,0.5472,-1,-1,-1
328,8,423.60,467.85,76.68,222.68,0.7039,-1,-1,-1
328,28,838.56,435.25,88.27,209.48,0.4723,-1,-1,-1
328,29,369.23,921.11,96.79,158.87,0.6851,-1,-1,-1
328,35,985.42,68.36,62.18,172.60,0.4955,-1,-1,-1
328,37,409.77,839.72,72.28,146.09,0.5482,-1,-1,-1
328,41,1043.39,75.71,47.60,155.21,0.2943,-1,-1,-1
328,43,383.58,575.07,67.41,246.01,0.5859,-1,-1,-1
328,21,792.86,159.77,61.80,161.09,0.2192,-1,-1,-1
328,49,409.76,839.78,72.30,145.66,0.5482,-1,-1,-1
328,48,928.89,387.50,56.38,183.11,0.3264,-1,-1,-1
329,1,449.76,111.85,71.25,193.78,0.3801,-1,-1,-1
329,2,388.69,577.22,67.71,246.66,0.5797,-1,-1,-1
329,3,942.67,911.85,56.74,167.30,0.6978,-1,-1,-1
329,4,1722.14,459.24,72.07,208.56,0.6111,-1,-1,-1
329,5,1536.74,610.49,85.09,231.09,0.3981,-1,-1,-1
329,18,928.57,30.77,64.15,171.62,0.3878,-1,-1,-1
329,19,394.93,376.38,91.18,129.27,0.2002,-1,-1,-1
329,26,508.78,482.31,70.26,221.18,0.7129,-1,-1,-1
329,6,232.08,355.51,59.88,186.40,0.5482,-1,-1,-1
329,8,420.23,469.29,79.90,219.45,0.6909,-1,-1,-1
329,28,839.38,435.69,86.32,207.71,0.4003,-1,-1,-1
329,29,370.59,923.42,97.11,156.59,0.6869,-1,-1,-1
329,35,985.89,68.28,60.15,170.81,0.4625,-1,-1,-1
329,37,412.99,843.17,74.91,147.44,0.5571,-1,-1,-1
329,41,1041.64,75.65,48.67,153.60,0.2546,-1,-1,-1
329,43,388.69,577.22,67.71,246.66,0.5797,-1,-1,-1
329,21,795.03,161.99,59.55,158.47,0.2376,-1,-1,-1
329,49,412.99,843.22,74.93,147.05,0.5571,-1,-1,-1
329,48,935.29,387.56,60.38,190.17,0.4198,-1,-1,-1
330,1,448.62,110.87,73.73,192.91,0.3655,-1,-1,-1
330,2,391.46,591.83,69.86,234.03,0.3995,-1,-1,-1
330,3,942.35,913.86,58.83,164.95,0.6933,-1,-1,-1
330,4,1722.15,459.82,72.20,207.95,0.6315,-1,-1,-1
330,5,1537.80,610.68,85.23,230.61,0.4146,-1,-1,-1
330,18,928.56,30.21,64.26,171.87,0.4275,-1,-1,-1
330,19,397.39,375.79,87.00,126.20,0.2929,-1,-1,-1
330,26,508.87,485.23,69.30,220.21,0.7320,-1,-1,-1
330,6,232.17,354.80,58.80,185.16,0.5660,-1,-1,-1
330,8,414.22,470.05,86.38,222.75,0.6676,-1,-1,-1
330,28,841.74,436.26,83.09,206.88,0.3674,-1,-1,-1
330,29,372.60,924.77,95.51,154.36,0.6374,-1,-1,-1
330,35,984.73,67.56,60.01,172.20,0.4712,-1,-1,-1
330,37,415.77,844.72,75.77,149.90,0.3422,-1,-1,-1
330,41,1039.58,75.55,50.28,156.59,0.3093,-1,-1,-1
330,43,391.46,591.83,69.86,234.03,0.3995,-1,-1,-1
330,21,795.67,164.01,58.61,156.77,0.2123,-1,-1,-1
330,49,416.61,845.44,76.26,203.44,0.5932,-1,-1,-1
330,48,939.61,388.51,59.90,193.05,0.4183,-1,-1,-1
331,1,447.92,110.02,74.04,189.01,0.3807,-1,-1,-1
331,2,397.31,595.79,70.92,229.64,0.1423,-1,-1,-1
331,3,941.48,913.61,60.72,165.29,0.7369,-1,-1,-1
331,4,1722.20,458.12,72.72,209.97,0.6495,-1,-1,-1
331,5,1538.87,612.75,81.50,229.52,0.5352,-1,-1,-1
331,18,927.89,30.33,63.54,172.71,0.4037,-1,-1,-1
331,19,402.26,374.38,81.73,123.43,0.4199,-1,-1,-1
331,26,508.56,487.73,68.07,219.87,0.7408,-1,-1,-1
331,6,231.52,353.98,58.79,187.68,0.5210,-1,-1,-1
331,8,406.68,473.30,92.94,217.50,0.4797,-1,-1,-1
331,28,844.65,438.55,81.52,206.25,0.4881,-1,-1,-1
331,29,374.20,924.79,94.37,149.91,0.6460,-1,-1,-1
331,35,983.32,67.10,60.98,173.97,0.5001,-1,-1,-1
331,37,418.00,846.44,77.98,150.96,0.3470,-1,-1,-1
331,41,1037.65,74.02,52.90,159.86,0.3595,-1,-1,-1
331,43,395.96,511.35,92.13,314.14,0.5987,-1,-1,-1
331,21,796.85,159.80,56.04,161.00,0.2441,-1,-1,-1
331,49,420.26,847.72,77.33,222.08,0.6612,-1,-1,-1
331,48,942.78,389.07,57.87,194.51,0.3407,-1,-1,-1
332,1,447.64,109.13,73.90,186.51,0.3408,-1,-1,-1
332,2,394.74,595.26,88.05,231.50,0.2170,-1,-1,-1
332,3,942.03,914.69,61.00,163.45,0.7210,-1,-1,-1
332,4,1722.60,458.67,72.80,210.22,0.6395,-1,-1,-1
332,5,1539.56,612.59,85.95,230.35,0.4485,-1,-1,-1
332,18,927.24,30.03,63.87,172.93,0.4115,-1,-1,-1
332,19,405.26,372.06,78.06,122.09,0.3852,-1,-1,-1
332,26,508.02,489.83,68.71,220.33,0.7418,-1,-1,-1
332,6,230.33,352.60,60.20,189.40,0.5018,-1,-1,-1
332,8,402.50,475.32,96.07,216.07,0.3991,-1,-1,-1
332,28,843.31,437.76,84.90,210.22,0.3811,-1,-1,-1
332,29,376.40,925.39,92.09,145.91,0.6350,-1,-1,-1
332,35,982.58,67.28,61.32,175.08,0.5243,-1,-1,-1
332,37,420.75,849.58,82.28,154.25,0.4887,-1,-1,-1
332,41,1038.16,73.66,52.30,161.80,0.4012,-1,-1,-1
332,43,396.88,485.41,100.53,341.13,0.6044,-1,-1,-1
332,21,795.68,157.77,56.90,162.63,0.2765,-1,-1,-1
332,49,423.73,849.52,78.53,228.73,0.6643,-1,-1,-1
332,48,945.23,390.85,58.09,193.47,0.4154,-1,-1,-1
333,1,446.79,107.90,76.42,187.15,0.3282,-1,-1,-1
333,3,943.29,915.16,60.35,162.73,0.7332,-1,-1,-1
333,4,1723.28,458.95,72.17,209.95,0.6222,-1,-1,-1
333,5,1540.24,612.80,88.10,232.71,0.4466,-1,-1,-1
333,18,927.92,30.18,62.41,171.90,0.4199,-1,-1,-1
333,19,409.24,367.72,74.92,124.88,0.3255,-1,-1,-1
333,26,507.28,491.46,69.20,221.17,0.7448,-1,-1,-1
333,6,229.92,352.09,59.74,190.55,0.5167,-1,-1,-1
333,8,395.83,475.65,103.85,306.98,0.6423,-1,-1,-1
333,28,844.11,438.45,86.34,214.03,0.4332,-1,-1,-1
333,29,378.50,925.52,94.28,146.39,0.6697,-1,-1,-1
333,35,983.80,66.49,58.32,176.92,0.5050,-1,-1,-1
333,37,422.78,850.78,86.53,154.87,0.5855,-1,-1,-1
333,41,1037.68,73.10,52.03,162.91,0.4111,-1,-1,-1
333,43,396.71,475.32,105.51,352.21,0.6423,-1,-1,-1
333,21,795.76,158.00,56.73,162.75,0.2731,-1,-1,-1
333,49,425.27,849.78,86.05,233.11,0.5238,-1,-1,-1
333,48,949.28,391.15,56.88,192.50,0.4171,-1,-1,-1
334,1,446.53,108.51,74.38,185.91,0.3168,-1,-1,-1
334,3,944.24,916.31,60.38,161.19,0.7180,-1,-1,-1
334,4,1722.49,459.68,72.41,209.55,0.6197,-1,-1,-1
334,5,1540.58,615.41,85.94,231.57,0.5666,-1,-1,-1
334,18,928.20,29.50,61.86,172.64,0.3805,-1,-1,-1
334,19,411.51,364.05,73.69,128.90,0.2336,-1,-1,-1
334,26,507.06,492.25,68.80,222.48,0.7312,-1,-1,-1
334,6,229.80,351.80,59.41,188.54,0.4715,-1,-1,-1
334,8,397.71,477.08,100.00,258.13,0.3950,-1,-1,-1
334,28,845.30,438.71,86.06,217.10,0.4892,-1,-1,-1
334,29,380.38,927.88,95.54,143.93,0.6547,-1,-1,-1
334,35,983.59,66.64,57.23,176.55,0.4840,-1,-1,-1
334,37,423.64,851.97,90.70,154.57,0.5495,-1,-1,-1
334,41,1037.11,72.45,52.10,163.75,0.3881,-1,-1,-1
334,43,397.13,471.51,109.82,357.14,0.6301,-1,-1,-1
334,21,795.49,158.91,56.90,161.94,0.2507,-1,-1,-1
334,49,425.84,850.54,93.39,233.87,0.4764,-1,-1,-1
334,48,953.16,392.17,56.05,193.21,0.4490,-1,-1,-1
335,1,443.91,105.95,76.75,188.45,0.2737,-1,-1,-1
335,3,945.00,917.94,60.73,159.95,0.7188,-1,-1,-1
335,4,1722.61,459.81,72.02,208.80,0.6220,-1,-1,-1
335,5,1541.00,614.56,85.50,238.16,0.5471,-1,-1,-1
335,18,928.69,27.89,61.69,172.24,0.3671,-1,-1,-1
335,19,413.74,361.08,73.49,132.20,0.2997,-1,-1,-1
335,26,506.00,493.02,68.85,222.72,0.7262,-1,-1,-1
335,6,228.30,350.37,61.41,190.81,0.4945,-1,-1,-1
335,8,392.03,477.90,113.24,323.25,0.6712,-1,-1,-1
335,28,847.27,439.70,82.81,217.94,0.4986,-1,-1,-1
335,29,382.86,930.84,96.95,141.51,0.6631,-1,-1,-1
335,35,982.80,66.52,57.47,175.60,0.4756,-1,-1,-1
335,37,425.67,851.50,95.69,158.80,0.5658,-1,-1,-1
335,41,1037.02,72.25,51.78,163.73,0.3748,-1,-1,-1
335,43,394.46,471.99,116.78,357.69,0.6712,-1,-1,-1
335,21,795.81,158.75,56.51,161.66,0.2259,-1,-1,-1
335,49,427.41,851.43,99.88,232.30,0.1028,-1,-1,-1
335,48,956.94,393.56,55.63,190.66,0.4978,-1,-1,-1
336,1,443.17,104.84,77.62,189.15,0.2375,-1,-1,-1
336,3,945.43,918.90,61.46,159.53,0.7165,-1,-1,-1
336,4,1721.90,459.49,72.76,208.87,0.6377,-1,-1,-1
336,5,1541.73,615.41,84.09,241.04,0.5850,-1,-1,-1
336,18,927.70,27.30,63.00,174.65,0.3710,-1,-1,-1
336,19,414.84,359.03,74.78,136.34,0.3203,-1,-1,-1
336,26,504.94,493.35,69.37,222.14,0.7201,-1,-1,-1
336,6,227.38,349.03,62.41,193.18,0.5092,-1,-1,-1
336,8,395.04,481.02,116.95,340.87,0.7020,-1,-1,-1
336,28,845.65,440.53,82.20,218.82,0.4426,-1,-1,-1
336,29,385.83,935.64,95.33,135.27,0.6730,-1,-1,-1
336,35,982.15,66.13,56.98,176.04,0.4611,-1,-1,-1
336,37,426.14,852.73,101.99,163.01,0.5338,-1,-1,-1
336,41,1036.64,71.68,52.15,164.13,0.3422,-1,-1,-1
336,43,398.50,475.47,118.29,353.08,0.7020,-1,-1,-1
336,21,795.45,163.00,58.01,157.82,0.2505,-1,-1,-1
336,49,427.28,852.99,107.90,229.35,0.2405,-1,-1,-1
336,48,959.43,393.07,56.46,190.96,0.4313,-1,-1,-1
337,1,442.08,103.81,78.48,189.53,0.1984,-1,-1,-1
337,3,947.79,919.61,60.23,158.83,0.6831,-1,-1,-1
337,4,1722.20,459.34,72.54,208.12,0.6125,-1,-1,-1
337,5,1542.12,616.12,82.28,239.81,0.6444,-1,-1,-1
337,18,928.50,25.18,63.92,175.04,0.3797,-1,-1,-1
337,19,416.53,358.11,75.63,137.99,0.3255,-1,-1,-1
337,26,504.40,493.62,69.42,221.79,0.7002,-1,-1,-1
337,6,226.07,348.13,63.10,190.37,0.4995,-1,-1,-1
337,8,397.54,484.94,123.08,345.12,0.7104,-1,-1,-1
337,28,846.63,442.52,77.37,220.82,0.4077,-1,-1,-1
337,29,387.42,940.96,96.63,132.25,0.6905,-1,-1,-1
337,35,981.27,64.98,57.06,176.72,0.4472,-1,-1,-1
337,37,427.90,856.05,107.82,165.34,0.4651,-1,-1,-1
337,41,1036.17,71.24,52.58,165.40,0.4169,-1,-1,-1
337,43,401.10,479.88,123.54,347.94,0.7104,-1,-1,-1
337,21,796.07,165.44,58.17,154.72,0.2222,-1,-1,-1
337,49,428.36,856.23,110.19,189.91,0.4651,-1,-1,-1
337,48,962.90,392.25,57.36,191.21,0.5608,-1,-1,-1
337,50,909.37,456.41,56.93,198.31,0.3670,-1,-1,-1
338,1,440.92,103.15,79.41,190.16,0.2353,-1,-1,-1
338,3,948.58,921.26,60.96,157.02,0.7041,-1,-1,-1
338,4,1722.05,459.00,72.87,208.23,0.5862,-1,-1,-1
338,5,1543.08,616.15,80.56,241.37,0.6080,-1,-1,-1
338,18,929.14,23.03,62.69,174.56,0.3624,-1,-1,-1
338,19,416.63,357.81,77.03,140.77,0.3291,-1,-1,-1
338,26,503.81,493.59,69.64,221.15,0.6971,-1,-1,-1
338,6,225.40,347.02,63.38,188.52,0.5266,-1,-1,-1
338,8,399.70,486.97,125.30,345.53,0.7124,-1,-1,-1
338,28,848.32,444.46,76.35,220.66,0.4247,-1,-1,-1
338,29,389.39,944.52,96.91,130.03,0.7150,-1,-1,-1
338,35,980.74,64.20,57.01,176.89,0.4421,-1,-1,-1
338,37,432.20,860.05,110.24,161.49,0.6328,-1,-1,-1
338,41,1035.70,70.83,53.04,165.86,0.3909,-1,-1,-1
338,43,403.14,482.36,125.38,344.80,0.7124,-1,-1,-1
338,21,795.93,162.91,58.87,157.17,0.2376,-1,-1,-1
338,49,432.38,860.32,111.16,168.35,0.6328,-1,-1,-1
338,48,965.82,392.43,58.25,193.16,0.5275,-1,-1,-1
338,50,910.69,457.82,53.07,198.63,0.3365,-1,-1,-1
339,1,440.10,101.44,79.68,192.01,0.2404,-1,-1,-1
339,3,949.97,922.25,62.11,155.21,0.7037,-1,-1,-1
339,4,1721.70,459.58,73.54,207.52,0.6069,-1,-1,-1
339,5,1543.68,616.53,80.42,242.76,0.6253,-1,-1,-1
339,18,929.24,22.22,61.95,169.59,0.3569,-1,-1,-1
339,19,417.18,357.54,79.16,142.57,0.3311,-1,-1,-1
339,26,503.30,494.20,68.71,221.12,0.6891,-1,-1,-1
339,6,224.11,346.01,63.94,185.22,0.5265,-1,-1,-1
339,8,401.21,487.68,124.41,344.43,0.7391,-1,-1,-1
339,28,847.08,446.64,76.40,218.39,0.4255,-1,-1,-1
339,29,391.89,948.39,97.28,127.36,0.7279,-1,-1,-1
339,35,979.74,62.00,57.82,178.31,0.4544,-1,-1,-1
339,37,437.35,865.36,109.75,159.21,0.6151,-1,-1,-1
339,41,1036.15,70.34,52.01,166.32,0.4355,-1,-1,-1
339,43,404.37,483.50,124.35,342.47,0.7391,-1,-1,-1
339,21,795.01,163.69,60.58,156.45,0.1993,-1,-1,-1
339,49,437.42,865.72,110.08,160.30,0.6151,-1,-1,-1
339,48,968.59,394.25,59.41,194.30,0.5963,-1,-1,-1
339,50,911.86,459.40,50.79,198.55,0.3260,-1,-1,-1
340,1,440.86,99.52,78.65,193.83,0.2598,-1,-1,-1
340,3,950.94,923.08,62.64,154.16,0.6989,-1,-1,-1
340,4,1721.66,458.42,73.34,209.21,0.6069,-1,-1,-1
340,5,1545.03,616.06,79.89,244.10,0.6002,-1,-1,-1
340,18,929.11,20.86,62.45,168.22,0.3433,-1,-1,-1
340,19,418.00,356.40,81.30,147.21,0.3237,-1,-1,-1
340,26,501.19,496.43,70.42,218.16,0.6595,-1,-1,-1
340,6,222.66,344.28,64.16,183.32,0.5185,-1,-1,-1
340,8,402.50,488.50,124.70,343.43,0.6977,-1,-1,-1
340,28,847.01,449.02,75.42,220.95,0.4337,-1,-1,-1
340,29,394.98,950.95,96.73,126.87,0.7110,-1,-1,-1
340,35,979.10,60.95,57.48,179.13,0.4919,-1,-1,-1
340,37,439.99,870.84,112.75,153.69,0.6901,-1,-1,-1
340,41,1035.28,69.74,52.77,167.54,0.4181,-1,-1,-1
340,43,405.34,484.76,124.59,341.14,0.6977,-1,-1,-1
340,21,794.06,161.65,61.09,158.81,0.2433,-1,-1,-1
340,49,440.00,871.19,112.87,152.78,0.6901,-1,-1,-1
340,48,970.79,396.47,60.73,194.93,0.5861,-1,-1,-1
340,50,911.67,459.43,51.26,199.49,0.3370,-1,-1,-1
341,1,440.74,98.82,78.96,193.29,0.3029,-1,-1,-1
341,3,951.35,924.09,63.13,153.12,0.7038,-1,-1,-1
341,4,1721.62,458.66,73.24,209.07,0.6055,-1,-1,-1
341,5,1545.27,616.35,81.04,243.81,0.6541,-1,-1,-1
341,18,928.45,19.69,62.75,166.33,0.3548,-1,-1,-1
341,19,418.48,356.22,83.99,151.10,0.3039,-1,-1,-1
341,26,499.21,498.47,70.53,216.03,0.6819,-1,-1,-1
341,6,221.91,342.62,64.67,183.03,0.5232,-1,-1,-1
341,8,400.01,488.11,104.25,277.06,0.3907,-1,-1,-1
341,28,846.37,450.85,75.63,221.59,0.4574,-1,-1,-1
341,29,398.56,954.82,96.48,123.90,0.6939,-1,-1,-1
341,35,978.90,59.28,56.06,180.02,0.4666,-1,-1,-1
341,37,441.62,875.29,115.06,148.97,0.6956,-1,-1,-1
341,41,1035.58,69.02,52.05,169.78,0.4608,-1,-1,-1
341,43,407.60,485.80,121.59,340.26,0.3958,-1,-1,-1
341,21,793.40,160.00,61.53,159.91,0.2315,-1,-1,-1
341,49,441.61,875.57,115.09,147.54,0.6956,-1,-1,-1
341,48,974.41,398.00,61.05,195.48,0.5525,-1,-1,-1
341,50,911.34,460.17,51.64,200.95,0.3397,-1,-1,-1
342,1,440.23,99.53,79.69,192.50,0.3130,-1,-1,-1
342,3,951.49,924.38,64.91,152.77,0.6960,-1,-1,-1
342,4,1722.58,457.61,73.02,210.82,0.6238,-1,-1,-1
342,5,1545.52,617.66,81.78,241.25,0.6389,-1,-1,-1
342,18,927.71,18.55,62.77,164.57,0.3291,-1,-1,-1
342,19,418.98,355.20,85.85,176.94,0.3204,-1,-1,-1
342,26,497.66,500.57,71.37,213.67,0.6917,-1,-1,-1
342,6,220.13,341.06,65.91,184.61,0.5138,-1,-1,-1
342,8,400.20,487.83,90.64,252.92,0.5927,-1,-1,-1
342,28,845.49,452.22,70.56,220.98,0.3875,-1,-1,-1
342,29,401.91,959.97,97.12,119.23,0.7165,-1,-1,-1
342,35,978.31,58.01,55.98,180.64,0.3981,-1,-1,-1
342,37,442.57,878.66,117.45,146.04,0.6867,-1,-1,-1
342,41,1035.63,68.35,51.95,169.79,0.4110,-1,-1,-1
342,43,419.06,556.97,109.37,268.28,0.2593,-1,-1,-1
342,21,792.79,157.51,61.10,162.52,0.2660,-1,-1,-1
342,49,442.55,878.87,117.45,144.62,0.6867,-1,-1,-1
342,48,976.26,400.05,62.38,196.02,0.6030,-1,-1,-1
342,50,909.96,461.26,53.83,201.01,0.3544,-1,-1,-1
343,1,440.19,101.10,78.46,190.86,0.3001,-1,-1,-1
343,3,951.72,924.98,65.60,151.68,0.7070,-1,-1,-1
343,4,1722.41,457.82,72.49,209.65,0.5943,-1,-1,-1
343,5,1545.60,617.82,83.20,240.93,0.5991,-1,-1,-1
343,18,925.87,16.85,64.63,162.80,0.3083,-1,-1,-1
343,19,419.01,354.22,87.80,191.05,0.3025,-1,-1,-1
343,26,495.38,502.07,73.04,213.33,0.6723,-1,-1,-1
343,6,218.71,339.80,67.87,185.01,0.5042,-1,-1,-1
343,8,399.66,486.77,83.39,245.64,0.5738,-1,-1,-1
343,28,844.64,453.36,66.67,220.33,0.3289,-1,-1,-1
343,29,404.29,962.97,98.06,116.39,0.7208,-1,-1,-1
343,35,977.00,57.71,55.94,177.96,0.3676,-1,-1,-1
343,37,442.01,881.68,120.24,144.35,0.6736,-1,-1,-1
343,41,1035.11,67.47,51.94,171.16,0.3732,-1,-1,-1
343,43,426.05,587.49,103.49,235.87,0.2480,-1,-1,-1
343,21,793.87,157.17,60.65,162.66,0.2594,-1,-1,-1
343,49,441.99,881.85,120.23,143.07,0.6736,-1,-1,-1
343,48,979.72,401.53,62.15,194.20,0.6358,-1,-1,-1
343,50,909.22,462.31,55.31,200.35,0.3303,-1,-1,-1
344,1,438.75,101.75,79.98,189.24,0.3213,-1,-1,-1
344,3,951.85,925.19,67.07,151.00,0.6952,-1,-1,-1
344,4,1721.68,458.83,72.98,207.86,0.6047,-1,-1,-1
344,5,1546.29,617.80,84.49,239.07,0.5899,-1,-1,-1
344,18,923.56,15.40,67.66,166.05,0.3476,-1,-1,-1
344,19,419.86,353.32,87.45,200.97,0.3321,-1,-1,-1
344,26,495.59,503.42,71.49,211.57,0.6449,-1,-1,-1
344,6,219.28,339.13,66.59,185.74,0.5436,-1,-1,-1
344,8,399.20,486.94,78.55,242.14,0.6259,-1,-1,-1
344,28,843.52,454.77,67.55,208.61,0.3306,-1,-1,-1
344,29,407.58,964.97,96.62,113.61,0.7272,-1,-1,-1
344,35,977.18,56.25,55.76,176.89,0.3815,-1,-1,-1
344,37,445.45,883.72,118.96,144.83,0.6799,-1,-1,-1
344,41,1035.17,66.39,51.77,171.75,0.3337,-1,-1,-1
344,43,436.69,590.40,88.86,231.84,0.2498,-1,-1,-1
344,21,794.53,157.66,60.04,162.07,0.2956,-1,-1,-1
344,49,445.43,883.83,118.95,143.76,0.6799,-1,-1,-1
344,48,982.55,405.08,63.23,192.48,0.5797,-1,-1,-1
344,50,908.54,462.68,56.97,196.21,0.3873,-1,-1,-1
345,1,438.67,101.95,80.32,187.71,0.2924,-1,-1,-1
345,3,952.30,925.71,67.98,149.99,0.6993,-1,-1,-1
345,4,1721.08,458.61,73.45,207.14,0.6117,-1,-1,-1
345,5,1546.95,618.60,84.85,239.83,0.5660,-1,-1,-1
345,18,923.30,15.52,68.28,165.71,0.3687,-1,-1,-1
345,19,421.80,352.07,84.86,196.81,0.3747,-1,-1,-1
345,26,496.64,505.41,68.57,210.80,0.5651,-1,-1,-1
345,6,219.20,338.44,65.53,185.54,0.5140,-1,-1,-1
345,8,398.87,487.62,77.52,237.88,0.6667,-1,-1,-1
345,28,842.52,454.72,67.18,214.44,0.3401,-1,-1,-1
345,29,410.46,965.29,97.46,112.65,0.7052,-1,-1,-1
345,35,977.03,54.17,55.31,173.64,0.4170,-1,-1,-1
345,37,448.43,885.21,118.04,149.04,0.6598,-1,-1,-1
345,41,1035.14,66.14,51.97,169.46,0.3405,-1,-1,-1
345,43,446.64,588.62,82.27,231.30,0.2925,-1,-1,-1
345,21,795.50,157.69,58.72,161.71,0.2646,-1,-1,-1
345,49,448.42,885.29,118.02,148.18,0.6598,-1,-1,-1
345,48,984.65,406.93,64.10,193.53,0.5287,-1,-1,-1
345,50,908.57,463.11,58.55,194.63,0.3918,-1,-1,-1
346,1,439.27,99.35,78.48,190.75,0.2842,-1,-1,-1
346,3,952.55,926.37,69.10,149.38,0.7130,-1,-1,-1
346,4,1721.65,457.97,73.30,207.71,0.6133,-1,-1,-1
346,5,1552.71,620.12,79.89,237.19,0.5691,-1,-1,-1
346,18,922.77,14.47,69.07,169.68,0.3310,-1,-1,-1
346,19,424.91,349.85,79.94,202.29,0.3211,-1,-1,-1
346,26,488.42,507.57,74.74,207.41,0.5514,-1,-1,-1
346,6,218.80,337.49,66.79,186.69,0.5116,-1,-1,-1
346,8,396.98,487.45,78.83,234.68,0.7008,-1,-1,-1
346,28,841.38,454.20,67.08,204.54,0.3789,-1,-1,-1
346,29,412.10,965.72,103.56,112.95,0.7048,-1,-1,-1
346,35,975.71,54.20,56.58,174.51,0.3620,-1,-1,-1
346,37,452.64,886.05,114.36,152.38,0.6693,-1,-1,-1
346,41,1034.58,66.68,52.14,165.23,0.2639,-1,-1,-1
346,43,457.25,588.48,75.39,228.12,0.3697,-1,-1,-1
346,21,794.95,156.10,58.34,163.36,0.2659,-1,-1,-1
346,49,452.62,886.11,114.34,151.64,0.6693,-1,-1,-1
346,48,985.95,408.01,65.49,194.81,0.4623,-1,-1,-1
346,50,905.30,463.79,63.32,196.85,0.4630,-1,-1,-1
346,2,459.44,586.28,73.97,229.55,0.3697,-1,-1,-1
347,1,439.07,96.45,78.75,193.64,0.2772,-1,-1,-1
347,3,952.23,927.26,71.07,148.44,0.7031,-1,-1,-1
347,4,1722.67,458.12,72.55,208.71,0.6247,-1,-1,-1
347,5,1551.57,621.21,82.76,235.72,0.5572,-1,-1,-1
347,18,922.46,14.40,68.88,170.76,0.2924,-1,-1,-1
347,19,427.41,348.38,75.43,207.39,0.3355,-1,-1,-1
347,26,483.99,510.43,77.54,202.49,0.5342,-1,-1,-1
347,6,218.22,336.69,67.22,187.20,0.4517,-1,-1,-1
347,8,396.11,488.72,79.91,232.31,0.7110,-1,-1,-1
347,28,841.55,455.07,66.97,202.04,0.3360,-1,-1,-1
347,29,413.96,966.23,103.29,112.84,0.6975,-1,-1,-1
347,35,975.11,53.92,57.18,174.33,0.3638,-1,-1,-1
347,37,455.45,887.67,110.74,154.10,0.6729,-1,-1,-1
347,41,1033.41,65.43,53.63,167.52,0.2713,-1,-1,-1
347,43,468.27,535.57,86.33,277.67,0.4078,-1,-1,-1
347,21,794.60,157.82,60.64,161.53,0.2310,-1,-1,-1
347,49,455.44,887.71,110.72,153.45,0.6729,-1,-1,-1
347,48,989.20,409.47,64.94,193.77,0.5305,-1,-1,-1
347,50,906.47,465.26,64.66,196.62,0.4581,-1,-1,-1
347,2,467.58,583.87,72.07,232.37,0.3937,-1,-1,-1
348,1,439.15,95.58,78.10,193.92,0.2768,-1,-1,-1
348,3,952.01,927.55,71.75,148.57,0.7289,-1,-1,-1
348,4,1722.43,457.92,73.10,208.90,0.6153,-1,-1,-1
348,5,1553.01,621.83,83.27,233.62,0.5380,-1,-1,-1
348,18,922.55,14.37,66.73,166.94,0.2692,-1,-1,-1
348,19,430.26,347.23,72.10,196.65,0.3942,-1,-1,-1
348,26,484.64,512.49,75.52,195.49,0.4439,-1,-1,-1
348,6,217.55,336.12,67.30,186.29,0.4055,-1,-1,-1
348,8,394.40,489.62,80.74,231.83,0.7211,-1,-1,-1
348,28,842.38,455.10,65.93,198.93,0.2766,-1,-1,-1
348,29,415.92,967.44,102.50,111.55,0.7086,-1,-1,-1
348,35,974.95,52.30,55.65,172.60,0.3428,-1,-1,-1
348,37,455.93,890.22,106.94,160.13,0.6440,-1,-1,-1
348,41,1032.52,65.81,53.53,164.24,0.2415,-1,-1,-1
348,43,473.42,522.25,87.02,290.78,0.2250,-1,-1,-1
348,21,795.11,157.88,59.87,161.33,0.2303,-1,-1,-1
348,49,455.92,890.26,106.91,159.59,0.6440,-1,-1,-1
348,48,993.84,410.40,62.83,193.19,0.5836,-1,-1,-1
348,50,906.86,466.17,65.21,197.12,0.5207,-1,-1,-1
348,2,471.13,574.65,76.93,244.01,0.5979,-1,-1,-1
349,1,439.42,92.79,75.59,194.45,0.2631,-1,-1,-1
349,3,951.85,927.89,74.07,147.77,0.7385,-1,-1,-1
349,4,1722.62,457.83,72.72,208.54,0.6026,-1,-1,-1
349,5,1552.87,622.19,85.53,236.29,0.5481,-1,-1,-1
349,18,922.06,14.08,68.11,164.63,0.2747,-1,-1,-1
349,19,430.16,345.20,72.44,201.64,0.4492,-1,-1,-1
349,26,487.18,515.88,70.85,141.50,0.2226,-1,-1,-1
349,6,217.39,334.17,67.25,187.87,0.4351,-1,-1,-1
349,8,393.56,489.62,79.57,232.16,0.7185,-1,-1,-1
349,28,843.32,455.97,65.87,204.76,0.2433,-1,-1,-1
349,29,417.67,969.38,101.88,109.92,0.7049,-1,-1,-1
349,35,974.27,51.62,55.16,173.34,0.4554,-1,-1,-1
349,37,458.18,892.35,101.79,163.46,0.6408,-1,-1,-1
349,41,1031.74,65.50,54.14,161.16,0.2472,-1,-1,-1
349,43,476.57,556.62,79.14,260.09,0.6646,-1,-1,-1
349,21,794.64,155.62,59.15,163.68,0.2435,-1,-1,-1
349,49,458.18,892.39,101.77,162.97,0.6408,-1,-1,-1
349,48,996.40,411.43,63.25,193.25,0.6044,-1,-1,-1
349,50,907.78,468.96,61.84,197.06,0.4722,-1,-1,-1
349,2,475.11,576.69,75.96,242.48,0.6646,-1,-1,-1
350,1,438.57,92.75,76.53,191.70,0.2075,-1,-1,-1
350,3,951.42,928.63,76.06,146.87,0.7283,-1,-1,-1
350,4,1722.17,457.72,73.30,207.73,0.6070,-1,-1,-1
350,5,1554.01,623.17,86.98,239.21,0.5350,-1,-1,-1
350,18,922.08,13.60,66.64,166.00,0.2583,-1,-1,-1
350,19,430.41,342.74,72.13,204.72,0.4445,-1,-1,-1
350,6,215.97,333.14,67.50,187.17,0.3941,-1,-1,-1
350,8,391.90,491.07,79.33,231.75,0.6654,-1,-1,-1
350,28,844.61,456.54,65.31,205.30,0.2407,-1,-1,-1
350,29,418.82,972.05,103.17,107.69,0.6934,-1,-1,-1
350,35,974.05,50.07,54.63,175.75,0.3872,-1,-1,-1
350,37,462.13,894.59,94.14,160.63,0.6168,-1,-1,-1
350,41,1031.04,65.45,54.98,158.89,0.2410,-1,-1,-1
350,43,480.01,571.44,77.45,246.90,0.5704,-1,-1,-1
350,21,795.38,157.13,58.90,162.25,0.2043,-1,-1,-1
350,49,462.13,894.63,94.12,160.17,0.6168,-1,-1,-1
350,48,1000.12,411.19,63.53,194.10,0.6154,-1,-1,-1
350,50,907.77,468.71,64.40,200.85,0.4104,-1,-1,-1
350,2,479.07,577.70,76.85,241.66,0.5704,-1,-1,-1
351,1,438.27,92.30,77.03,190.72,0.2905,-1,-1,-1
351,3,951.11,929.64,78.42,146.62,0.7362,-1,-1,-1
351,4,1722.37,457.92,72.88,208.50,0.5800,-1,-1,-1
351,5,1552.22,623.86,92.18,237.52,0.5587,-1,-1,-1
351,18,921.94,13.63,66.74,166.45,0.2500,-1,-1,-1
351,19,430.32,339.61,72.52,206.19,0.4666,-1,-1,-1
351,6,213.96,330.34,67.71,187.18,0.3092,-1,-1,-1
351,8,392.00,493.29,77.23,232.40,0.6816,-1,-1,-1
351,28,844.98,457.05,63.92,203.20,0.2452,-1,-1,-1
351,29,420.12,975.45,103.40,104.25,0.6975,-1,-1,-1
351,35,973.56,49.30,54.46,177.00,0.4682,-1,-1,-1
351,37,465.95,897.80,87.89,156.65,0.5868,-1,-1,-1
351,41,1030.22,65.16,55.72,158.70,0.2844,-1,-1,-1
351,43,482.09,538.51,85.96,278.92,0.6589,-1,-1,-1
351,21,795.61,155.75,57.70,163.95,0.2687,-1,-1,-1
351,49,465.94,897.84,87.87,156.23,0.5868,-1,-1,-1
351,48,1002.29,409.63,63.67,195.01,0.5936,-1,-1,-1
351,50,908.22,469.45,65.90,203.38,0.3725,-1,-1,-1
351,2,481.40,540.98,86.01,276.98,0.6589,-1,-1,-1
352,1,438.08,91.45,76.68,190.94,0.2741,-1,-1,-1
352,3,950.80,929.98,79.93,147.05,0.7255,-1,-1,-1
352,4,1722.74,457.31,72.93,209.22,0.5956,-1,-1,-1
352,5,1551.31,625.56,93.88,238.56,0.5540,-1,-1,-1
352,18,922.77,11.95,65.58,168.17,0.2679,-1,-1,-1
352,19,429.97,337.59,71.30,211.16,0.3821,-1,-1,-1
352,6,211.88,328.03,68.03,188.42,0.3164,-1,-1,-1
352,8,391.55,494.97,76.40,233.43,0.7085,-1,-1,-1
352,28,845.27,457.89,67.91,211.24,0.2766,-1,-1,-1
352,29,421.84,979.35,106.48,100.47,0.6904,-1,-1,-1
352,35,972.30,47.90,54.80,178.36,0.4319,-1,-1,-1
352,37,468.61,900.05,84.20,152.52,0.5720,-1,-1,-1
352,41,1029.64,64.89,56.29,158.22,0.2966,-1,-1,-1
352,43,483.50,552.99,97.04,263.39,0.6566,-1,-1,-1
352,21,796.62,158.01,57.49,161.89,0.2546,-1,-1,-1
352,49,468.60,900.08,84.19,152.16,0.5720,-1,-1,-1
352,48,1006.82,410.21,62.48,194.38,0.5951,-1,-1,-1
352,50,909.30,471.85,65.75,203.16,0.4370,-1,-1,-1
352,2,482.89,553.03,97.34,263.72,0.6566,-1,-1,-1
353,1,439.33,90.25,73.36,192.00,0.2799,-1,-1,-1
353,3,950.84,930.41,81.41,147.25,0.7475,-1,-1,-1
353,4,1722.22,457.93,73.18,209.64,0.6057,-1,-1,-1
353,5,1560.44,625.12,86.59,239.92,0.5149,-1,-1,-1
353,18,922.47,10.26,65.24,167.91,0.2697,-1,-1,-1
353,19,430.54,334.91,72.97,205.04,0.4524,-1,-1,-1
353,6,211.88,325.61,66.89,188.26,0.3040,-1,-1,-1
353,8,391.06,496.75,75.72,234.61,0.7021,-1,-1,-1
353,28,845.87,458.98,69.31,217.31,0.3694,-1,-1,-1
353,29,422.76,983.27,107.95,96.77,0.6864,-1,-1,-1
353,35,969.67,47.23,56.95,179.29,0.3711,-1,-1,-1
353,37,468.23,902.40,85.14,151.67,0.4819,-1,-1,-1
353,41,1029.28,64.95,56.82,158.06,0.2573,-1,-1,-1
353,43,483.74,567.70,106.80,248.05,0.7219,-1,-1,-1
353,21,798.36,159.26,56.31,160.88,0.2664,-1,-1,-1
353,49,468.23,902.43,85.13,151.35,0.4819,-1,-1,-1
353,48,1009.13,411.04,64.10,194.41,0.6474,-1,-1,-1
353,50,909.77,473.63,65.70,202.44,0.4823,-1,-1,-1
353,2,483.18,566.84,107.22,249.17,0.7219,-1,-1,-1
354,1,440.30,89.40,72.16,192.78,0.2752,-1,-1,-1
354,3,951.19,930.85,81.73,147.01,0.7472,-1,-1,-1
354,4,1722.27,458.05,72.74,209.87,0.5894,-1,-1,-1
354,5,1565.03,626.01,84.71,244.28,0.5241,-1,-1,-1
354,18,922.39,8.65,64.18,167.12,0.2631,-1,-1,-1
354,19,429.24,334.39,75.45,204.02,0.4273,-1,-1,-1
354,6,213.30,324.23,64.46,186.90,0.3003,-1,-1,-1
354,8,389.50,498.41,77.71,234.82,0.6843,-1,-1,-1
354,28,845.52,460.63,69.06,220.77,0.3659,-1,-1,-1
354,29,425.34,988.93,106.16,91.16,0.6513,-1,-1,-1
354,35,966.58,46.94,59.72,179.03,0.3174,-1,-1,-1
354,37,470.98,907.17,81.84,149.52,0.5197,-1,-1,-1
354,41,1029.11,64.93,56.83,160.26,0.2763,-1,-1,-1
354,43,483.49,574.55,112.19,240.96,0.7361,-1,-1,-1
354,21,798.36,158.81,55.89,161.22,0.2893,-1,-1,-1
354,49,470.98,907.20,81.83,149.24,0.5197,-1,-1,-1
354,48,1011.91,413.28,65.78,194.07,0.5958,-1,-1,-1
354,50,909.18,476.73,67.80,201.28,0.4620,-1,-1,-1
354,2,482.99,573.53,112.67,242.16,0.7361,-1,-1,-1
355,1,442.23,88.31,70.47,193.48,0.2304,-1,-1,-1
355,3,951.04,930.09,82.86,147.63,0.7464,-1,-1,-1
355,4,1722.83,458.21,71.58,208.98,0.6057,-1,-1,-1
355,5,1568.00,627.92,84.33,245.57,0.5546,-1,-1,-1
355,18,923.21,7.17,62.74,165.92,0.2461,-1,-1,-1
355,19,427.36,333.22,77.93,208.28,0.4527,-1,-1,-1
355,6,212.15,322.85,64.02,186.17,0.2826,-1,-1,-1
355,8,388.24,500.56,79.47,235.75,0.6944,-1,-1,-1
355,28,845.25,462.91,69.08,221.92,0.3724,-1,-1,-1
355,29,430.46,993.86,101.20,85.32,0.6170,-1,-1,-1
355,35,965.92,56.88,61.00,168.74,0.2860,-1,-1,-1
355,37,472.55,910.19,81.92,157.64,0.5779,-1,-1,-1
355,41,1028.99,64.36,57.09,160.66,0.2625,-1,-1,-1
355,43,483.05,578.57,114.80,237.39,0.7571,-1,-1,-1
355,21,798.24,158.31,56.06,161.32,0.2685,-1,-1,-1
355,49,472.55,910.22,81.91,157.41,0.5779,-1,-1,-1
355,48,1014.62,416.27,66.37,192.03,0.5705,-1,-1,-1
355,50,909.06,480.03,67.58,199.10,0.4022,-1,-1,-1
355,2,482.61,577.58,115.28,238.52,0.7571,-1,-1,-1
356,1,442.95,87.55,69.93,193.81,0.2996,-1,-1,-1
356,3,951.62,929.34,82.13,147.58,0.7432,-1,-1,-1
356,4,1722.71,458.27,71.53,208.74,0.6058,-1,-1,-1
356,5,1569.25,627.87,85.17,246.44,0.5845,-1,-1,-1
356,18,924.44,5.40,61.21,166.33,0.2833,-1,-1,-1
356,19,426.07,332.26,80.02,210.57,0.4717,-1,-1,-1
356,6,215.67,321.60,60.03,183.61,0.2857,-1,-1,-1
356,8,386.70,503.12,79.52,235.92,0.6989,-1,-1,-1
356,28,846.07,464.43,68.76,220.44,0.4241,-1,-1,-1
356,29,434.75,998.06,97.18,81.04,0.6165,-1,-1,-1
356,35,963.10,53.45,62.35,171.29,0.3363,-1,-1,-1
356,37,473.75,914.79,83.08,157.68,0.5490,-1,-1,-1
356,41,1028.45,63.55,57.17,160.93,0.2997,-1,-1,-1
356,43,483.17,577.08,116.47,238.86,0.7304,-1,-1,-1
356,21,797.60,157.41,56.86,162.15,0.2826,-1,-1,-1
356,49,473.75,914.82,83.07,157.46,0.5490,-1,-1,-1
356,48,1016.25,418.41,68.17,190.94,0.5037,-1,-1,-1
356,50,909.89,481.98,66.43,202.18,0.4206,-1,-1,-1
356,2,482.78,576.22,116.93,239.84,0.7304,-1,-1,-1
357,1,443.84,87.31,68.96,192.86,0.2209,-1,-1,-1
357,3,952.46,928.31,81.69,148.60,0.7290,-1,-1,-1
357,4,1722.78,458.31,71.44,208.05,0.5888,-1,-1,-1
357,5,1570.81,630.01,85.27,244.78,0.5878,-1,-1,-1
357,18,925.04,3.42,60.80,168.94,0.2871,-1,-1,-1
357,19,424.69,330.66,82.23,213.55,0.4445,-1,-1,-1
357,6,216.58,320.41,58.31,181.46,0.2917,-1,-1,-1
357,8,385.15,505.00,79.48,236.41,0.6875,-1,-1,-1
357,28,846.57,466.85,69.24,216.10,0.4765,-1,-1,-1
357,29,439.08,1003.07,94.07,75.99,0.5528,-1,-1,-1
357,35,963.23,53.92,61.19,169.46,0.2981,-1,-1,-1
357,37,477.94,919.26,81.84,157.18,0.5160,-1,-1,-1
357,41,1027.55,62.95,57.49,161.33,0.2649,-1,-1,-1
357,43,484.34,575.11,117.92,240.98,0.7084,-1,-1,-1
357,21,798.07,155.89,56.17,163.36,0.3051,-1,-1,-1
357,49,477.94,919.28,81.84,156.99,0.5160,-1,-1,-1
357,48,1018.21,420.60,73.97,193.10,0.4390,-1,-1,-1
357,50,910.73,484.80,65.20,199.53,0.4847,-1,-1,-1
357,2,483.99,574.35,118.35,241.84,0.7084,-1,-1,-1
357,26,477.91,520.28,59.60,214.65,0.4192,-1,-1,-1
358,1,443.98,85.75,68.88,194.56,0.2279,-1,-1,-1
358,3,954.06,927.64,79.90,151.27,0.7234,-1,-1,-1
358,4,1723.13,458.08,71.38,208.14,0.5798,-1,-1,-1
358,5,1571.39,632.23,84.95,243.09,0.5366,-1,-1,-1
358,18,924.72,2.07,61.81,171.12,0.2382,-1,-1,-1
358,19,423.75,330.65,83.20,211.79,0.4526,-1,-1,-1
358,6,216.12,318.63,58.58,182.43,0.3549,-1,-1,-1
358,8,383.83,506.29,79.69,239.75,0.6983,-1,-1,-1
358,28,847.43,468.18,69.31,215.63,0.4890,-1,-1,-1
358,29,441.10,1006.76,90.40,72.41,0.5573,-1,-1,-1
358,35,963.62,55.28,59.43,167.70,0.3174,-1,-1,-1
358,37,482.50,921.66,83.94,155.52,0.5998,-1,-1,-1
358,41,1026.77,62.07,57.86,161.11,0.2777,-1,-1,-1
358,43,486.48,578.01,117.63,237.76,0.7534,-1,-1,-1
358,21,798.56,155.26,55.84,164.29,0.2818,-1,-1,-1
358,49,482.49,921.67,83.93,155.35,0.5998,-1,-1,-1
358,48,1018.41,422.75,77.48,193.66,0.5047,-1,-1,-1
358,50,912.07,486.72,64.63,199.36,0.4784,-1,-1,-1
358,2,486.16,577.32,118.02,238.54,0.7534,-1,-1,-1
358,26,476.20,520.75,64.58,220.05,0.5417,-1,-1,-1
359,1,443.99,85.35,68.50,194.75,0.2745,-1,-1,-1
359,3,954.41,927.36,79.97,150.24,0.7142,-1,-1,-1
359,4,1722.61,457.42,72.09,208.97,0.5837,-1,-1,-1
359,5,1570.95,634.70,85.94,242.67,0.5839,-1,-1,-1
359,18,924.28,1.70,62.86,172.22,0.1989,-1,-1,-1
359,19,423.90,329.94,82.71,211.49,0.4778,-1,-1,-1
359,6,211.56,317.32,62.80,184.43,0.3743,-1,-1,-1
359,8,382.55,507.28,79.93,241.67,0.6909,-1,-1,-1
359,28,847.13,473.24,71.63,216.77,0.5529,-1,-1,-1
359,29,443.28,1010.96,91.65,68.66,0.5407,-1,-1,-1
359,35,963.72,56.07,56.71,168.58,0.3723,-1,-1,-1
359,37,483.77,923.19,85.69,154.07,0.5679,-1,-1,-1
359,41,1026.25,61.84,57.89,163.10,0.3324,-1,-1,-1
359,43,488.33,579.38,115.10,236.04,0.7390,-1,-1,-1
359,21,797.85,154.43,56.68,165.26,0.2875,-1,-1,-1
359,49,483.77,923.20,85.68,153.92,0.5679,-1,-1,-1
359,48,1020.21,425.53,78.41,192.82,0.5000,-1,-1,-1
359,50,913.50,488.16,64.40,198.66,0.4437,-1,-1,-1
359,2,488.04,578.77,115.46,236.73,0.7390,-1,-1,-1
359,26,475.46,522.73,65.41,220.82,0.5348,-1,-1,-1
359,52,1752.33,74.33,56.46,171.79,0.3417,-1,-1,-1
360,1,443.39,85.45,68.74,193.83,0.2531,-1,-1,-1
360,3,955.29,926.92,79.07,150.61,0.7148,-1,-1,-1
360,4,1722.60,457.60,72.03,208.22,0.6175,-1,-1,-1
360,5,1570.95,635.49,83.78,244.06,0.5803,-1,-1,-1
360,18,923.81,1.22,64.12,173.79,0.1771,-1,-1,-1
360,19,425.63,329.14,80.39,210.12,0.5079,-1,-1,-1
360,6,209.91,317.22,63.75,184.95,0.3816,-1,-1,-1
360,8,380.43,508.33,81.32,242.22,0.7215,-1,-1,-1
360,28,847.72,475.72,73.57,218.93,0.5622,-1,-1,-1
360,29,445.56,1012.75,90.25,67.17,0.5192,-1,-1,-1
360,35,962.70,55.29,56.67,169.67,0.3686,-1,-1,-1
360,37,488.14,924.64,85.24,153.83,0.6046,-1,-1,-1
360,41,1025.64,61.94,57.45,162.06,0.3437,-1,-1,-1
360,43,491.26,581.01,112.13,234.80,0.6955,-1,-1,-1
360,21,797.82,154.16,56.59,165.62,0.2962,-1,-1,-1
360,49,488.14,924.65,85.23,153.71,0.6046,-1,-1,-1
360,48,1023.46,426.03,78.47,196.73,0.5173,-1,-1,-1
360,50,915.20,488.39,63.88,198.90,0.4698,-1,-1,-1
360,2,491.01,580.48,112.46,235.39,0.6955,-1,-1,-1
360,26,475.99,526.33,62.66,222.47,0.6201,-1,-1,-1
360,52,1752.72,75.35,56.34,171.74,0.3372,-1,-1,-1
361,1,442.36,85.40,69.08,193.31,0.2228,-1,-1,-1
361,3,956.29,926.52,78.40,151.16,0.7188,-1,-1,-1
361,4,1722.87,457.73,72.07,208.64,0.6122,-1,-1,-1
361,5,1569.58,636.12,83.75,243.64,0.6137,-1,-1,-1
361,18,923.51,0.78,65.82,174.53,0.1775,-1,-1,-1
361,19,427.28,328.38,78.37,208.86,0.5139,-1,-1,-1
361,6,212.08,316.10,59.61,184.55,0.2894,-1,-1,-1
361,8,379.61,509.14,79.92,242.38,0.7080,-1,-1,-1
361,28,849.43,477.53,72.77,219.40,0.6195,-1,-1,-1
361,29,446.47,1015.28,92.34,64.22,0.4415,-1,-1,-1
361,35,958.95,53.15,59.09,171.37,0.4080,-1,-1,-1
361,37,492.69,925.18,85.06,155.29,0.6524,-1,-1,-1
361,41,1025.23,60.87,56.27,161.73,0.3843,-1,-1,-1
361,43,497.99,578.84,105.07,236.92,0.6562,-1,-1,-1
361,21,797.37,153.58,56.84,166.88,0.3202,-1,-1,-1
361,49,492.69,925.19,85.06,155.17,0.6524,-1,-1,-1
361,48,1027.14,428.33,77.10,196.33,0.4507,-1,-1,-1
361,50,915.77,488.14,65.69,200.57,0.4864,-1,-1,-1
361,2,497.75,578.39,105.38,237.43,0.6562,-1,-1,-1
361,26,474.65,528.06,65.56,229.89,0.6367,-1,-1,-1
361,52,1753.20,76.85,56.85,172.80,0.3686,-1,-1,-1
362,1,441.68,84.52,69.61,193.77,0.2204,-1,-1,-1
362,3,958.27,926.24,76.06,151.45,0.6825,-1,-1,-1
362,4,1722.74,457.87,72.71,208.71,0.5889,-1,-1,-1
362,5,1571.09,635.42,82.83,244.93,0.5535,-1,-1,-1
362,18,925.29,0.57,60.54,166.00,0.1144,-1,-1,-1
362,19,430.85,325.73,75.39,206.57,0.4851,-1,-1,-1
362,6,209.71,315.62,61.36,185.34,0.2246,-1,-1,-1
362,8,377.96,510.00,78.92,241.03,0.6908,-1,-1,-1
362,28,850.20,478.19,71.87,218.97,0.5482,-1,-1,-1
362,29,448.51,1017.79,86.11,61.00,0.4468,-1,-1,-1
362,35,956.25,50.59,60.88,173.62,0.4191,-1,-1,-1
362,37,494.92,927.00,90.44,154.00,0.6729,-1,-1,-1
362,41,1025.13,59.93,55.47,162.63,0.3819,-1,-1,-1
362,43,509.09,578.04,95.17,235.38,0.6012,-1,-1,-1
362,21,797.36,153.69,57.60,166.63,0.3047,-1,-1,-1
362,49,494.92,927.01,90.44,153.90,0.6729,-1,-1,-1
362,48,1029.84,429.56,76.37,195.60,0.4730,-1,-1,-1
362,50,915.43,489.64,66.58,199.94,0.3961,-1,-1,-1
362,2,508.88,577.64,95.44,235.84,0.6012,-1,-1,-1
362,26,472.79,526.60,66.52,236.23,0.6950,-1,-1,-1
362,52,1753.65,81.17,56.47,170.14,0.3803,-1,-1,-1
363,1,441.70,83.69,69.45,193.55,0.2633,-1,-1,-1
363,3,960.09,926.10,74.24,151.52,0.6450,-1,-1,-1
363,4,1722.83,458.12,72.67,208.47,0.5977,-1,-1,-1
363,5,1572.35,635.29,82.76,244.59,0.5802,-1,-1,-1
363,18,925.44,0.41,62.85,172.89,0.1375,-1,-1,-1
363,19,434.42,324.14,71.99,207.64,0.4889,-1,-1,-1
363,6,207.34,315.62,62.79,182.98,0.2519,-1,-1,-1
363,8,376.28,510.27,79.04,240.37,0.7083,-1,-1,-1
363,28,852.08,479.20,69.59,217.53,0.5921,-1,-1,-1
363,29,449.69,1018.76,89.20,60.50,0.5111,-1,-1,-1
363,35,955.73,48.73,60.30,173.40,0.3449,-1,-1,-1
363,37,496.67,928.89,95.96,152.28,0.6548,-1,-1,-1
363,41,1024.35,59.47,56.38,161.87,0.4396,-1,-1,-1
363,43,516.04,577.32,92.37,233.66,0.6178,-1,-1,-1
363,21,796.01,153.81,55.98,166.61,0.3131,-1,-1,-1
363,49,496.67,928.90,95.95,152.19,0.6548,-1,-1,-1
363,48,1034.27,430.07,73.29,195.73,0.5349,-1,-1,-1
363,50,915.64,491.63,66.39,198.61,0.4514,-1,-1,-1
363,2,515.87,576.97,92.59,234.06,0.6178,-1,-1,-1
363,26,472.01,532.57,67.17,232.05,0.7131,-1,-1,-1
363,52,1753.46,81.90,56.43,170.42,0.3731,-1,-1,-1
364,1,441.98,82.73,68.68,193.49,0.2585,-1,-1,-1
364,3,962.01,925.49,73.06,152.49,0.6626,-1,-1,-1
364,4,1722.04,458.03,73.35,208.33,0.5894,-1,-1,-1
364,5,1573.55,634.36,80.91,245.98,0.5528,-1,-1,-1
364,18,925.70,0.68,64.86,175.28,0.1077,-1,-1,-1
364,19,435.86,322.75,70.31,207.18,0.4866,-1,-1,-1
364,6,205.73,316.00,63.44,181.92,0.2370,-1,-1,-1
364,8,374.34,511.45,79.05,239.75,0.6917,-1,-1,-1
364,28,852.42,478.89,70.94,217.68,0.5556,-1,-1,-1
364,29,452.20,1019.08,88.56,60.74,0.4987,-1,-1,-1
364,35,956.40,47.58,58.99,172.99,0.3105,-1,-1,-1
364,37,499.87,931.94,99.38,149.22,0.6698,-1,-1,-1
364,41,1023.08,58.50,57.62,162.54,0.3819,-1,-1,-1
364,43,524.43,576.63,87.93,235.12,0.6583,-1,-1,-1
364,21,795.32,153.93,55.01,166.32,0.3252,-1,-1,-1
364,49,499.86,931.94,99.38,149.15,0.6698,-1,-1,-1
364,48,1039.28,430.47,71.05,194.66,0.6047,-1,-1,-1
364,50,916.70,492.55,65.30,197.96,0.4146,-1,-1,-1
364,2,524.28,576.33,88.12,235.47,0.6583,-1,-1,-1
364,26,470.92,537.39,66.67,228.51,0.7209,-1,-1,-1
364,52,1753.74,82.85,56.11,169.73,0.3100,-1,-1,-1
365,1,442.51,81.17,67.83,193.82,0.2979,-1,-1,-1
365,3,963.19,924.03,72.11,154.32,0.6770,-1,-1,-1
365,4,1722.50,457.19,72.73,209.22,0.5713,-1,-1,-1
365,5,1574.67,635.28,79.62,243.93,0.6048,-1,-1,-1
365,18,925.67,0.01,68.26,172.23,0.1097,-1,-1,-1
365,19,437.38,318.62,68.23,208.85,0.5329,-1,-1,-1
365,6,205.44,314.70,63.42,184.16,0.2664,-1,-1,-1
365,8,371.17,512.57,79.65,238.35,0.6926,-1,-1,-1
365,28,851.63,479.49,72.02,216.42,0.5337,-1,-1,-1
365,29,454.71,1017.78,86.54,62.19,0.4654,-1,-1,-1
365,35,956.73,50.20,59.55,167.77,0.2090,-1,-1,-1
365,37,503.24,934.15,102.34,146.87,0.6750,-1,-1,-1
365,41,1021.84,58.18,58.52,162.04,0.3884,-1,-1,-1
365,43,535.80,574.53,81.12,236.78,0.6433,-1,-1,-1
365,21,794.97,154.16,55.13,166.04,0.3125,-1,-1,-1
365,49,503.24,934.15,102.34,146.81,0.6750,-1,-1,-1
365,48,1043.53,431.10,69.65,194.01,0.6229,-1,-1,-1
365,50,916.69,491.14,65.88,199.54,0.4050,-1,-1,-1
365,2,535.67,574.26,81.28,237.08,0.6433,-1,-1,-1
365,26,470.13,537.82,66.44,229.64,0.7146,-1,-1,-1
365,52,1754.40,83.62,54.63,169.52,0.2907,-1,-1,-1
366,1,443.57,80.46,66.38,193.02,0.3175,-1,-1,-1
366,3,964.86,923.05,71.36,155.56,0.7050,-1,-1,-1
366,4,1722.25,457.32,72.55,209.19,0.5805,-1,-1,-1
366,5,1574.96,634.00,81.62,246.08,0.5604,-1,-1,-1
366,18,926.65,-0.29,66.89,172.75,0.1228,-1,-1,-1
366,19,438.79,316.36,68.16,209.21,0.5350,-1,-1,-1
366,6,206.60,315.76,61.96,182.59,0.1107,-1,-1,-1
366,8,367.35,512.57,80.77,237.51,0.7386,-1,-1,-1
366,28,851.08,480.05,72.33,215.69,0.5810,-1,-1,-1
366,29,456.72,1017.83,80.56,62.10,0.3916,-1,-1,-1
366,35,957.13,50.00,59.18,166.32,0.3246,-1,-1,-1
366,37,507.35,936.62,104.06,144.18,0.6744,-1,-1,-1
366,41,1021.14,58.94,56.68,158.10,0.4131,-1,-1,-1
366,43,543.96,573.15,75.30,238.64,0.7075,-1,-1,-1
366,21,794.75,153.74,54.84,166.94,0.3456,-1,-1,-1
366,49,507.35,936.62,104.06,144.12,0.6744,-1,-1,-1
366,48,1047.00,430.81,68.81,195.15,0.6339,-1,-1,-1
366,50,916.23,490.56,66.90,200.75,0.4541,-1,-1,-1
366,2,543.85,572.92,75.43,238.90,0.7075,-1,-1,-1
366,26,469.38,538.87,65.45,232.73,0.7373,-1,-1,-1
366,52,1754.89,84.62,55.27,168.74,0.2735,-1,-1,-1
367,1,444.24,79.53,65.33,192.54,0.2822,-1,-1,-1
367,3,966.10,921.80,70.89,156.40,0.7096,-1,-1,-1
367,4,1722.06,457.56,72.08,209.45,0.5755,-1,-1,-1
367,5,1575.20,639.28,86.54,241.83,0.5770,-1,-1,-1
367,19,439.39,314.19,68.59,209.34,0.5601,-1,-1,-1
367,6,206.00,314.68,62.02,182.36,0.1997,-1,-1,-1
367,8,363.25,514.30,83.50,235.87,0.7544,-1,-1,-1
367,28,851.34,480.27,72.88,217.22,0.5989,-1,-1,-1
367,29,461.81,1020.98,73.14,59.05,0.3442,-1,-1,-1
367,35,956.71,48.06,59.28,167.24,0.3204,-1,-1,-1
367,37,507.68,940.52,106.82,140.25,0.6848,-1,-1,-1
367,41,1020.72,58.63,55.79,155.94,0.4284,-1,-1,-1
367,43,547.62,572.38,73.56,241.52,0.6913,-1,-1,-1
367,21,794.93,153.65,54.24,167.38,0.3321,-1,-1,-1
367,49,507.68,940.53,106.82,140.20,0.6848,-1,-1,-1
367,48,1050.44,431.08,67.97,194.64,0.6265,-1,-1,-1
367,50,915.88,491.14,66.86,202.06,0.4410,-1,-1,-1
367,2,547.54,572.17,73.67,241.75,0.6913,-1,-1,-1
367,26,467.94,539.96,65.32,234.68,0.7385,-1,-1,-1
367,52,1758.28,86.57,53.65,165.65,0.2126,-1,-1,-1
368,1,444.56,79.10,65.14,191.43,0.2203,-1,-1,-1
368,3,967.59,921.29,70.77,157.11,0.6915,-1,-1,-1
368,4,1722.03,457.85,73.20,208.13,0.5794,-1,-1,-1
368,5,1575.29,643.50,89.37,236.65,0.5187,-1,-1,-1
368,19,439.79,312.64,69.04,208.63,0.5695,-1,-1,-1
368,8,359.95,515.23,86.03,235.09,0.7695,-1,-1,-1
368,28,851.84,481.04,70.91,217.46,0.6341,-1,-1,-1
368,29,467.62,1023.61,60.78,56.42,0.2916,-1,-1,-1
368,35,955.62,47.74,59.48,167.82,0.2674,-1,-1,-1
368,37,510.07,943.22,108.44,137.44,0.6921,-1,-1,-1
368,41,1020.37,58.00,55.38,154.49,0.4449,-1,-1,-1
368,43,549.54,571.96,75.20,241.26,0.6900,-1,-1,-1
368,21,794.57,152.24,56.97,168.62,0.3290,-1,-1,-1
368,49,510.07,943.23,108.43,137.39,0.6921,-1,-1,-1
368,48,1054.31,432.06,67.56,196.79,0.6633,-1,-1,-1
368,50,915.31,492.04,67.78,202.30,0.4875,-1,-1,-1
368,2,549.47,571.77,75.28,241.47,0.6900,-1,-1,-1
368,26,465.99,540.69,66.40,235.15,0.7517,-1,-1,-1
368,52,1757.31,86.05,54.90,165.28,0.2614,-1,-1,-1
369,1,443.33,79.15,66.53,188.68,0.1847,-1,-1,-1
369,3,968.73,920.89,71.12,157.89,0.7150,-1,-1,-1
369,4,1722.06,458.11,74.55,206.90,0.5701,-1,-1,-1
369,5,1575.70,645.09,88.97,236.45,0.5141,-1,-1,-1
369,19,440.96,310.51,67.74,209.83,0.5335,-1,-1,-1
369,8,356.59,516.06,88.93,238.01,0.7539,-1,-1,-1
369,28,852.02,482.20,68.17,219.02,0.5734,-1,-1,-1
369,29,474.36,1028.21,48.02,51.77,0.2596,-1,-1,-1
369,35,957.65,47.56,56.67,167.85,0.3068,-1,-1,-1
369,37,513.00,946.04,110.68,134.47,0.6971,-1,-1,-1
369,41,1019.64,57.18,54.79,155.32,0.4412,-1,-1,-1
369,43,549.77,572.26,78.04,241.06,0.6850,-1,-1,-1
369,21,794.76,151.93,57.43,169.15,0.3325,-1,-1,-1
369,49,513.00,946.05,110.68,134.43,0.6971,-1,-1,-1
369,48,1057.34,432.89,68.34,195.12,0.6209,-1,-1,-1
369,50,913.95,493.49,68.80,203.83,0.3973,-1,-1,-1
369,2,549.71,572.10,78.12,241.25,0.6850,-1,-1,-1
369,26,464.74,541.04,66.38,234.74,0.7328,-1,-1,-1
369,52,1759.31,89.27,54.26,162.24,0.2710,-1,-1,-1
370,1,445.01,78.18,65.43,188.10,0.1561,-1,-1,-1
370,3,969.02,919.79,72.61,158.62,0.7278,-1,-1,-1
370,4,1722.26,457.76,73.99,207.81,0.5860,-1,-1,-1
370,5,1575.38,645.05,90.13,235.63,0.4653,-1,-1,-1
370,19,441.89,309.05,67.68,212.33,0.5436,-1,-1,-1
370,8,353.20,518.36,90.54,241.27,0.7171,-1,-1,-1
370,28,852.50,482.57,66.67,217.52,0.4652,-1,-1,-1
370,29,479.13,1035.60,52.38,44.27,0.2515,-1,-1,-1
370,35,957.18,46.81,56.37,169.15,0.2801,-1,-1,-1
370,37,515.41,950.68,114.03,129.75,0.6847,-1,-1,-1
370,41,1017.07,55.84,57.13,158.05,0.4010,-1,-1,-1
370,43,549.50,572.46,81.58,240.86,0.6620,-1,-1,-1
370,21,794.17,152.37,59.41,168.20,0.3142,-1,-1,-1
370,49,515.41,950.68,114.03,129.72,0.6847,-1,-1,-1
370,48,1060.17,434.59,67.84,197.83,0.6176,-1,-1,-1
370,50,915.21,497.09,67.94,203.29,0.3749,-1,-1,-1
370,2,549.45,572.31,81.64,241.03,0.6620,-1,-1,-1
370,26,463.08,541.41,67.11,234.22,0.7271,-1,-1,-1
370,52,1761.44,92.38,53.26,160.07,0.2437,-1,-1,-1
371,1,445.40,77.88,66.05,187.97,0.1417,-1,-1,-1
371,3,970.11,918.06,73.44,160.30,0.7223,-1,-1,-1
371,4,1722.30,457.75,74.39,207.58,0.5573,-1,-1,-1
371,5,1575.72,640.25,92.80,239.43,0.3970,-1,-1,-1
371,19,441.85,309.41,68.95,210.65,0.5039,-1,-1,-1
371,8,349.35,521.51,92.43,241.98,0.6988,-1,-1,-1
371,28,851.81,482.90,67.78,223.13,0.4585,-1,-1,-1
371,29,482.10,1040.30,49.19,39.40,0.2279,-1,-1,-1
371,35,956.60,46.16,56.54,168.73,0.1838,-1,-1,-1
371,37,517.06,954.50,116.52,125.92,0.6957,-1,-1,-1
371,41,1015.49,54.33,58.97,160.26,0.3365,-1,-1,-1
371,43,549.61,572.30,90.63,241.36,0.6371,-1,-1,-1
371,21,794.10,152.90,60.45,168.09,0.3024,-1,-1,-1
371,49,517.06,954.50,116.52,125.89,0.6957,-1,-1,-1
371,48,1062.80,435.88,69.03,198.96,0.6657,-1,-1,-1
371,50,914.94,501.90,68.95,203.52,0.4722,-1,-1,-1
371,2,549.56,572.17,90.68,241.50,0.6371,-1,-1,-1
371,26,461.50,541.84,67.46,233.83,0.7148,-1,-1,-1
371,52,1761.82,93.53,54.73,159.04,0.3381,-1,-1,-1
372,1,446.86,77.96,65.27,186.73,0.1985,-1,-1,-1
372,3,970.82,917.24,75.90,161.18,0.7405,-1,-1,-1
372,4,1721.65,458.54,75.93,206.95,0.5365,-1,-1,-1
372,5,1574.54,644.76,93.16,234.81,0.4455,-1,-1,-1
372,19,442.69,309.87,69.04,209.91,0.5496,-1,-1,-1
372,8,347.70,524.30,93.43,242.73,0.7195,-1,-1,-1
372,28,851.23,484.10,68.57,224.03,0.4061,-1,-1,-1
372,29,482.80,1043.39,46.65,36.54,0.1782,-1,-1,-1
372,35,953.18,43.49,59.75,170.71,0.2138,-1,-1,-1
372,37,519.32,958.65,116.51,121.72,0.6824,-1,-1,-1
372,41,1015.03,53.49,58.94,162.89,0.3705,-1,-1,-1
372,43,550.54,571.47,102.16,242.51,0.6555,-1,-1,-1
372,21,793.64,152.48,60.94,168.10,0.2947,-1,-1,-1
372,49,519.32,958.66,116.51,121.69,0.6824,-1,-1,-1
372,48,1064.91,438.44,69.91,202.22,0.6598,-1,-1,-1
372,50,913.43,504.87,70.76,203.63,0.4702,-1,-1,-1
372,2,550.50,571.35,102.21,242.64,0.6555,-1,-1,-1
372,26,459.98,542.28,68.07,232.23,0.7108,-1,-1,-1
372,52,1762.57,96.04,56.31,157.07,0.3662,-1,-1,-1
373,1,446.84,77.72,65.55,186.71,0.1238,-1,-1,-1
373,3,971.90,915.84,77.35,162.17,0.7324,-1,-1,-1
373,4,1720.97,458.13,77.64,207.70,0.5363,-1,-1,-1
373,5,1574.27,645.45,92.54,232.57,0.4215,-1,-1,-1
373,19,443.29,309.14,68.83,210.13,0.5553,-1,-1,-1
373,8,346.38,526.47,93.17,240.64,0.6988,-1,-1,-1
373,28,850.94,485.51,67.73,223.03,0.3831,-1,-1,-1
373,29,484.42,1048.15,43.68,31.73,0.1201,-1,-1,-1
373,35,951.55,44.00,61.21,169.55,0.2258,-1,-1,-1
373,37,519.96,962.20,117.50,117.99,0.6650,-1,-1,-1
373,41,1015.02,52.80,58.13,162.15,0.3822,-1,-1,-1
373,43,551.45,571.02,108.02,242.90,0.6639,-1,-1,-1
373,21,793.35,153.98,58.03,166.22,0.2881,-1,-1,-1
373,49,519.96,962.21,117.50,117.97,0.6650,-1,-1,-1
373,48,1067.37,440.68,70.57,203.02,0.6469,-1,-1,-1
373,50,913.91,505.78,70.68,204.98,0.4771,-1,-1,-1
373,2,551.41,570.92,108.07,243.01,0.6639,-1,-1,-1
373,26,458.99,543.15,67.43,230.91,0.7047,-1,-1,-1
373,52,1765.10,97.26,54.65,157.59,0.2826,-1,-1,-1
374,1,446.93,77.99,64.88,186.46,0.1450,-1,-1,-1
374,3,972.62,915.35,78.17,162.83,0.7307,-1,-1,-1
374,4,1720.00,457.19,78.62,207.87,0.5488,-1,-1,-1
374,5,1573.32,645.91,93.74,232.66,0.4282,-1,-1,-1
374,19,443.92,308.60,68.88,209.23,0.5965,-1,-1,-1
374,8,344.94,527.79,92.08,238.86,0.7001,-1,-1,-1
374,28,851.44,487.80,67.21,219.67,0.4420,-1,-1,-1
374,35,952.37,42.85,60.11,171.14,0.2222,-1,-1,-1
374,37,522.11,964.73,115.88,115.49,0.6549,-1,-1,-1
374,41,1014.49,52.33,57.37,161.89,0.3986,-1,-1,-1
374,43,554.90,569.93,108.62,243.82,0.6560,-1,-1,-1
374,21,792.63,153.12,60.94,166.42,0.3119,-1,-1,-1
374,49,522.11,964.73,115.88,115.48,0.6549,-1,-1,-1
374,48,1072.31,442.73,67.96,202.29,0.6222,-1,-1,-1
374,50,913.76,506.69,70.36,205.59,0.5504,-1,-1,-1
374,2,554.86,569.84,108.67,243.92,0.6560,-1,-1,-1
374,26,457.27,544.93,67.67,227.85,0.7049,-1,-1,-1
374,52,1765.70,96.07,55.16,160.36,0.2398,-1,-1,-1
375,1,446.76,78.18,65.31,185.46,0.1563,-1,-1,-1
375,3,973.20,914.36,78.86,164.36,0.7215,-1,-1,-1
375,4,1719.01,457.04,78.75,208.38,0.5773,-1,-1,-1
375,5,1572.16,642.20,95.80,236.04,0.2737,-1,-1,-1
375,19,445.33,307.38,68.98,209.33,0.6044,-1,-1,-1
375,8,343.57,528.89,92.08,238.13,0.6902,-1,-1,-1
375,28,853.11,490.16,65.35,217.30,0.4046,-1,-1,-1
375,35,951.34,41.53,61.08,169.51,0.2449,-1,-1,-1
375,37,524.74,966.83,113.15,113.39,0.6393,-1,-1,-1
375,41,1014.27,51.96,56.90,160.70,0.4206,-1,-1,-1
375,43,559.81,568.46,108.84,245.01,0.6324,-1,-1,-1
375,21,791.16,151.79,62.06,167.64,0.3376,-1,-1,-1
375,49,524.74,966.83,113.14,113.37,0.6393,-1,-1,-1
375,48,1076.53,444.10,67.72,203.06,0.5902,-1,-1,-1
375,50,914.02,507.42,69.63,205.78,0.5549,-1,-1,-1
375,2,559.77,568.38,108.88,245.10,0.6324,-1,-1,-1
375,26,455.48,546.63,69.47,224.57,0.7348,-1,-1,-1
375,52,1766.29,94.58,56.89,162.37,0.2457,-1,-1,-1
376,1,447.08,77.96,65.75,185.58,0.1769,-1,-1,-1
376,3,974.46,912.92,78.68,166.19,0.7171,-1,-1,-1
376,4,1719.80,456.86,76.29,209.35,0.6119,-1,-1,-1
376,5,1572.82,645.94,96.61,234.21,0.3188,-1,-1,-1
376,19,446.72,306.33,69.18,209.16,0.5908,-1,-1,-1
376,8,341.39,531.40,91.99,236.51,0.6838,-1,-1,-1
376,28,853.30,493.77,65.16,216.33,0.5090,-1,-1,-1
376,35,949.21,40.37,62.89,169.51,0.2320,-1,-1,-1
376,37,528.61,969.34,108.57,110.86,0.6359,-1,-1,-1
376,41,1013.91,52.42,56.62,162.25,0.3713,-1,-1,-1
376,43,564.58,565.58,107.43,248.86,0.5840,-1,-1,-1
376,21,791.12,153.20,59.74,167.50,0.3243,-1,-1,-1
376,49,528.61,969.34,108.57,110.85,0.6359,-1,-1,-1
376,48,1079.51,445.01,68.19,201.84,0.5825,-1,-1,-1
376,50,914.39,507.64,68.48,206.38,0.5748,-1,-1,-1
376,2,564.55,565.51,107.47,248.94,0.5840,-1,-1,-1
376,26,454.33,548.82,68.88,224.26,0.7416,-1,-1,-1
376,52,1767.62,95.75,55.90,162.83,0.2868,-1,-1,-1
377,1,447.03,77.41,65.85,185.62,0.1514,-1,-1,-1
377,3,973.46,911.68,81.48,167.46,0.7053,-1,-1,-1
377,4,1720.32,456.68,74.88,209.05,0.6236,-1,-1,-1
377,5,1580.44,647.94,89.62,231.48,0.2492,-1,-1,-1
377,19,447.64,304.16,69.21,210.44,0.6378,-1,-1,-1
377,8,338.92,533.72,91.93,232.97,0.6855,-1,-1,-1
377,28,852.84,495.42,65.61,214.73,0.5071,-1,-1,-1
377,35,949.71,42.60,62.17,170.51,0.2879,-1,-1,-1
377,37,530.56,970.11,105.76,110.01,0.6485,-1,-1,-1
377,41,1013.30,51.64,56.69,161.59,0.3950,-1,-1,-1
377,43,568.46,564.63,106.13,249.47,0.5901,-1,-1,-1
377,21,789.76,153.12,62.78,167.14,0.3005,-1,-1,-1
377,49,530.56,970.11,105.76,110.00,0.6485,-1,-1,-1
377,48,1081.32,446.92,68.48,201.19,0.5975,-1,-1,-1
377,50,914.22,508.43,67.95,205.51,0.5751,-1,-1,-1
377,2,568.43,564.57,106.17,249.54,0.5901,-1,-1,-1
377,26,453.42,550.48,68.65,227.16,0.7338,-1,-1,-1
377,52,1768.85,98.87,55.59,161.49,0.2821,-1,-1,-1
378,1,447.46,76.98,67.06,184.78,0.1382,-1,-1,-1
378,3,974.20,910.33,82.26,169.41,0.7159,-1,-1,-1
378,4,1720.14,456.50,75.29,209.33,0.6188,-1,-1,-1
378,5,1578.88,653.16,91.50,225.84,0.1641,-1,-1,-1
378,19,448.03,302.88,70.70,210.08,0.6321,-1,-1,-1
378,8,337.72,534.97,90.49,231.19,0.6962,-1,-1,-1
378,28,852.12,493.38,66.34,221.63,0.5067,-1,-1,-1
378,35,952.51,42.71,58.89,170.31,0.2368,-1,-1,-1
378,37,533.02,971.73,102.77,108.41,0.6423,-1,-1,-1
378,41,1013.26,51.83,55.76,161.83,0.3790,-1,-1,-1
378,43,572.61,563.45,101.27,249.06,0.5010,-1,-1,-1
378,21,789.23,152.98,63.67,167.23,0.2708,-1,-1,-1
378,49,533.02,971.74,102.77,108.40,0.6423,-1,-1,-1
378,48,1084.66,449.07,67.78,198.76,0.6358,-1,-1,-1
378,50,915.14,509.42,66.66,204.61,0.5561,-1,-1,-1
378,2,572.59,563.40,101.31,249.12,0.5010,-1,-1,-1
378,26,452.31,552.74,68.87,229.52,0.7250,-1,-1,-1
378,52,1770.42,101.77,55.66,159.47,0.2569,-1,-1,-1
379,1,445.91,77.05,69.49,184.35,0.1296,-1,-1,-1
379,3,974.51,909.67,83.77,170.05,0.7198,-1,-1,-1
379,4,1719.86,456.90,76.26,208.69,0.6199,-1,-1,-1
379,5,1580.14,653.52,89.81,225.18,0.1417,-1,-1,-1
379,19,447.76,301.25,71.88,208.91,0.6428,-1,-1,-1
379,8,337.21,536.21,88.97,228.51,0.6948,-1,-1,-1
379,28,851.20,493.15,67.70,224.99,0.5169,-1,-1,-1
379,35,954.13,40.57,57.46,171.47,0.2641,-1,-1,-1
379,37,535.48,973.22,99.60,106.93,0.6109,-1,-1,-1
379,41,1013.00,51.09,55.14,164.24,0.3872,-1,-1,-1
379,43,578.62,562.35,93.88,248.93,0.4036,-1,-1,-1
379,21,790.51,153.96,60.67,167.45,0.2881,-1,-1,-1
379,49,535.48,973.22,99.60,106.92,0.6109,-1,-1,-1
379,48,1090.38,449.10,65.08,199.85,0.6337,-1,-1,-1
379,50,915.72,509.24,66.25,204.90,0.5595,-1,-1,-1
379,2,578.59,562.30,93.91,248.99,0.4036,-1,-1,-1
379,26,451.00,554.82,69.80,232.53,0.7144,-1,-1,-1
379,52,1771.07,100.85,57.14,161.07,0.2675,-1,-1,-1
380,1,448.24,76.27,68.95,184.34,0.1381,-1,-1,-1
380,3,975.15,908.77,84.35,170.63,0.7103,-1,-1,-1
380,4,1719.93,456.55,75.98,209.36,0.6107,-1,-1,-1
380,19,447.62,299.23,72.69,206.43,0.5915,-1,-1,-1
380,8,336.35,537.18,88.49,227.20,0.7025,-1,-1,-1
380,28,849.22,492.91,70.28,219.89,0.4426,-1,-1,-1
380,35,956.92,36.32,55.05,175.36,0.3062,-1,-1,-1
380,37,537.69,974.49,97.29,105.56,0.6081,-1,-1,-1
380,41,1012.74,50.16,54.56,165.16,0.4299,-1,-1,-1
380,43,593.46,561.96,79.36,250.79,0.2000,-1,-1,-1
380,21,789.91,153.16,63.50,167.64,0.2765,-1,-1,-1
380,49,537.69,974.49,97.29,105.55,0.6081,-1,-1,-1
380,48,1092.63,449.48,65.41,199.36,0.6023,-1,-1,-1
380,50,915.69,507.73,66.83,205.14,0.4806,-1,-1,-1
380,26,449.51,557.89,69.60,231.48,0.7314,-1,-1,-1
380,52,1771.41,100.48,56.46,160.65,0.2678,-1,-1,-1
381,1,449.73,75.60,67.44,185.38,0.1621,-1,-1,-1
381,3,975.91,907.87,84.35,171.50,0.7045,-1,-1,-1
381,4,1720.02,456.34,74.91,209.48,0.6324,-1,-1,-1
381,19,447.63,297.71,72.54,203.89,0.6312,-1,-1,-1
381,8,335.91,537.91,86.84,232.52,0.7547,-1,-1,-1
381,28,848.11,492.94,70.12,219.88,0.3918,-1,-1,-1
381,35,957.80,33.80,54.26,176.19,0.3207,-1,-1,-1
381,37,540.53,977.25,94.61,102.82,0.6081,-1,-1,-1
381,41,1012.50,49.48,54.06,165.82,0.4501,-1,-1,-1
381,43,600.53,562.24,73.97,242.49,0.3209,-1,-1,-1
381,21,788.83,152.16,64.58,168.96,0.3087,-1,-1,-1
381,49,540.53,977.25,94.61,102.81,0.6081,-1,-1,-1
381,48,1094.13,449.65,66.25,198.59,0.6688,-1,-1,-1
381,50,916.78,507.23,66.27,204.79,0.4835,-1,-1,-1
381,26,448.88,560.84,68.84,233.68,0.7347,-1,-1,-1
381,52,1771.59,100.53,57.42,161.34,0.2688,-1,-1,-1
382,1,450.66,75.59,66.09,185.70,0.2500,-1,-1,-1
382,3,976.31,907.16,84.72,171.82,0.7193,-1,-1,-1
382,4,1719.44,456.69,74.64,208.40,0.6005,-1,-1,-1
382,19,447.83,295.06,73.18,203.55,0.6233,-1,-1,-1
382,8,335.81,539.32,85.00,234.81,0.7804,-1,-1,-1
382,28,849.00,494.14,69.64,217.93,0.2494,-1,-1,-1
382,35,958.56,32.90,54.26,175.03,0.3700,-1,-1,-1
382,37,543.89,980.45,91.56,99.64,0.5994,-1,-1,-1
382,41,1012.48,48.29,53.54,168.85,0.4642,-1,-1,-1
382,43,606.79,563.49,70.32,241.58,0.2275,-1,-1,-1
382,21,789.04,151.85,64.34,169.47,0.3057,-1,-1,-1
382,49,543.89,980.46,91.56,99.64,0.5994,-1,-1,-1
382,48,1095.76,449.26,66.77,199.60,0.6667,-1,-1,-1
382,50,916.53,509.24,67.50,203.76,0.4695,-1,-1,-1
382,26,448.00,562.26,68.94,235.16,0.7429,-1,-1,-1
382,52,1772.01,100.91,57.60,160.58,0.2741,-1,-1,-1
383,1,451.59,75.39,65.21,186.35,0.2645,-1,-1,-1
383,3,977.92,906.29,83.47,172.29,0.6950,-1,-1,-1
383,4,1719.61,456.54,74.03,209.16,0.6006,-1,-1,-1
383,19,448.01,292.27,74.13,203.96,0.5802,-1,-1,-1
383,8,335.00,540.20,84.50,235.19,0.7797,-1,-1,-1
383,28,849.75,496.65,69.00,214.23,0.3741,-1,-1,-1
383,35,960.01,31.76,53.35,173.00,0.3902,-1,-1,-1
383,37,546.83,987.68,88.72,92.38,0.5859,-1,-1,-1
383,41,1012.84,47.57,52.89,169.67,0.4480,-1,-1,-1
383,43,611.20,562.49,68.80,237.99,0.2391,-1,-1,-1
383,21,788.89,151.51,64.34,170.13,0.3289,-1,-1,-1
383,49,546.83,987.68,88.72,92.38,0.5859,-1,-1,-1
383,48,1097.96,449.39,67.21,198.61,0.6580,-1,-1,-1
383,50,915.85,510.55,68.60,203.07,0.4879,-1,-1,-1
383,26,446.65,562.02,70.78,236.83,0.7658,-1,-1,-1
383,52,1772.77,97.49,58.56,164.31,0.3186,-1,-1,-1
384,1,452.63,75.09,65.67,186.04,0.3057,-1,-1,-1
384,3,978.97,906.01,83.20,172.59,0.6984,-1,-1,-1
384,4,1719.90,456.77,72.22,208.51,0.5856,-1,-1,-1
384,19,448.25,290.07,74.35,205.33,0.6012,-1,-1,-1
384,8,334.94,540.75,82.86,236.89,0.7748,-1,-1,-1
384,28,850.22,497.31,69.56,211.84,0.4244,-1,-1,-1
384,35,959.25,30.54,54.38,173.46,0.3277,-1,-1,-1
384,37,550.46,992.60,87.00,87.37,0.5777,-1,-1,-1
384,41,1012.72,46.26,52.67,169.48,0.4228,-1,-1,-1
384,43,612.66,559.52,66.49,234.05,0.2856,-1,-1,-1
384,21,788.30,151.21,65.09,170.40,0.3413,-1,-1,-1
384,49,550.46,992.60,87.00,87.37,0.5777,-1,-1,-1
384,48,1099.89,452.87,69.77,197.69,0.6481,-1,-1,-1
384,50,916.12,512.42,68.96,202.10,0.5728,-1,-1,-1
384,26,444.44,564.02,72.26,235.74,0.7714,-1,-1,-1
384,52,1772.37,98.58,59.45,163.14,0.3732,-1,-1,-1
385,1,453.43,74.18,66.69,185.81,0.3203,-1,-1,-1
385,3,980.30,905.66,81.94,172.94,0.7089,-1,-1,-1
385,4,1719.20,456.94,72.26,208.20,0.6486,-1,-1,-1
385,19,446.31,288.89,76.51,207.04,0.5651,-1,-1,-1
385,8,334.09,541.54,83.36,238.63,0.7686,-1,-1,-1
385,28,850.65,499.20,70.00,208.79,0.4454,-1,-1,-1
385,35,957.83,30.48,56.13,172.43,0.3545,-1,-1,-1
385,37,553.22,997.21,86.19,82.81,0.5668,-1,-1,-1
385,41,1012.84,45.80,52.26,170.58,0.3896,-1,-1,-1
385,21,788.31,150.95,65.30,170.72,0.3642,-1,-1,-1
385,49,553.22,997.21,86.19,82.81,0.5668,-1,-1,-1
385,48,1102.12,454.23,71.95,199.64,0.5821,-1,-1,-1
385,50,919.10,514.48,67.41,203.33,0.5243,-1,-1,-1
385,26,443.78,564.44,72.52,236.15,0.7674,-1,-1,-1
385,52,1772.29,98.70,60.45,163.83,0.3699,-1,-1,-1
386,1,453.27,73.70,68.35,185.74,0.3303,-1,-1,-1
386,3,982.11,905.02,79.88,173.34,0.6759,-1,-1,-1
386,4,1719.47,457.28,72.33,207.62,0.5985,-1,-1,-1
386,19,444.46,287.92,79.24,208.04,0.5690,-1,-1,-1
386,8,332.55,543.83,85.15,239.01,0.7442,-1,-1,-1
386,28,850.39,500.09,70.03,208.60,0.4784,-1,-1,-1
386,35,955.03,29.48,58.51,172.26,0.3371,-1,-1,-1
386,37,557.08,1001.91,85.12,78.12,0.5119,-1,-1,-1
386,41,1012.16,45.69,52.07,165.65,0.3484,-1,-1,-1
386,21,786.97,150.94,66.68,170.68,0.3583,-1,-1,-1
386,49,557.08,1001.91,85.12,78.12,0.5119,-1,-1,-1
386,48,1106.64,455.92,72.27,200.04,0.5336,-1,-1,-1
386,50,918.59,515.61,68.57,204.73,0.4938,-1,-1,-1
386,26,442.36,565.41,72.47,235.89,0.7521,-1,-1,-1
386,52,1771.96,98.57,63.21,164.47,0.3664,-1,-1,-1
387,1,453.30,72.49,71.57,186.45,0.2852,-1,-1,-1
387,3,983.85,904.47,78.09,173.39,0.6608,-1,-1,-1
387,4,1719.38,458.07,72.63,206.72,0.5508,-1,-1,-1
387,19,443.82,287.63,81.40,208.21,0.5789,-1,-1,-1
387,8,331.53,545.38,86.24,242.59,0.7475,-1,-1,-1
387,28,850.62,500.14,69.81,210.56,0.4371,-1,-1,-1
387,35,954.44,29.49,59.26,171.54,0.3244,-1,-1,-1
387,37,559.85,1005.50,84.90,74.48,0.5012,-1,-1,-1
387,41,1011.89,45.13,52.02,162.84,0.3194,-1,-1,-1
387,21,786.99,150.43,66.56,171.44,0.3466,-1,-1,-1
387,49,559.85,1005.50,84.90,74.48,0.5012,-1,-1,-1
387,48,1108.61,458.10,77.36,199.49,0.5176,-1,-1,-1
387,50,921.72,517.72,66.44,208.59,0.4461,-1,-1,-1
387,26,440.88,565.59,71.37,236.03,0.7457,-1,-1,-1
387,52,1772.35,96.44,62.93,168.62,0.3668,-1,-1,-1
388,1,454.29,72.06,73.76,187.67,0.2373,-1,-1,-1
388,3,984.32,904.24,78.63,173.77,0.6202,-1,-1,-1
388,4,1719.41,457.47,72.21,207.07,0.5456,-1,-1,-1
388,19,443.34,287.23,82.58,208.54,0.5925,-1,-1,-1
388,8,328.79,549.16,88.66,246.21,0.7585,-1,-1,-1
388,28,850.47,501.74,69.76,209.79,0.4324,-1,-1,-1
388,35,954.98,29.31,58.23,171.86,0.3445,-1,-1,-1
388,37,562.49,1010.12,84.04,69.90,0.4464,-1,-1,-1
388,41,1011.77,44.93,52.14,159.34,0.3209,-1,-1,-1
388,21,788.60,150.65,64.63,170.95,0.3476,-1,-1,-1
388,49,562.49,1010.12,84.04,69.90,0.4464,-1,-1,-1
388,48,1109.58,461.74,81.63,198.63,0.5451,-1,-1,-1
388,50,921.99,519.44,66.98,208.57,0.4739,-1,-1,-1
388,26,439.48,567.22,70.97,234.94,0.7461,-1,-1,-1
388,52,1772.24,94.14,64.09,172.10,0.3624,-1,-1,-1
389,1,455.14,71.46,75.77,188.31,0.2930,-1,-1,-1
389,3,984.53,904.39,79.82,173.73,0.6536,-1,-1,-1
389,4,1719.96,457.42,72.22,208.09,0.5552,-1,-1,-1
389,19,442.15,286.76,83.83,208.99,0.6108,-1,-1,-1
389,8,326.60,551.74,90.58,246.17,0.7756,-1,-1,-1
389,28,850.79,501.40,70.14,197.84,0.4285,-1,-1,-1
389,35,953.88,29.03,58.59,172.04,0.3471,-1,-1,-1
389,37,564.29,1013.16,83.78,66.87,0.4309,-1,-1,-1
389,41,1011.06,44.01,52.64,161.25,0.3580,-1,-1,-1
389,21,789.03,150.88,64.32,170.61,0.3568,-1,-1,-1
389,49,564.29,1013.16,83.78,66.87,0.4309,-1,-1,-1
389,48,1111.48,463.46,85.85,200.37,0.4800,-1,-1,-1
389,50,921.89,523.64,69.34,204.68,0.5317,-1,-1,-1
389,26,437.71,568.19,72.27,233.55,0.7651,-1,-1,-1
389,52,1772.34,86.63,63.74,179.91,0.3486,-1,-1,-1
390,1,455.46,70.92,76.43,189.63,0.3297,-1,-1,-1
390,3,984.12,904.29,80.98,173.75,0.6174,-1,-1,-1
390,4,1720.03,456.85,71.74,208.71,0.5492,-1,-1,-1
390,19,441.85,286.62,83.77,209.13,0.6382,-1,-1,-1
390,8,324.45,553.63,90.77,245.82,0.7912,-1,-1,-1
390,28,851.35,503.41,70.21,209.20,0.5204,-1,-1,-1
390,35,955.09,28.37,56.74,172.99,0.3587,-1,-1,-1
390,37,566.99,1015.83,83.17,64.20,0.3864,-1,-1,-1
390,41,1010.90,43.20,53.10,163.22,0.3871,-1,-1,-1
390,21,790.19,151.21,63.06,170.13,0.3919,-1,-1,-1
390,49,566.99,1015.83,83.17,64.20,0.3864,-1,-1,-1
390,48,1117.09,464.61,82.83,201.35,0.4757,-1,-1,-1
390,50,922.66,525.92,70.08,202.10,0.5937,-1,-1,-1
390,26,436.24,569.26,72.90,232.40,0.7766,-1,-1,-1
390,52,1772.23,88.73,61.82,178.48,0.3544,-1,-1,-1
391,1,456.24,70.73,76.62,189.15,0.3364,-1,-1,-1
391,3,982.85,904.51,82.06,174.43,0.6166,-1,-1,-1
391,4,1719.84,456.81,72.61,210.06,0.5625,-1,-1,-1
391,19,442.34,284.93,83.00,209.32,0.6376,-1,-1,-1
391,8,322.56,556.03,91.41,245.83,0.7920,-1,-1,-1
391,28,851.09,506.26,71.51,211.45,0.5873,-1,-1,-1
391,35,953.77,28.21,58.10,172.58,0.4099,-1,-1,-1
391,37,569.42,1017.35,83.99,62.42,0.3882,-1,-1,-1
391,41,1010.28,42.38,54.04,164.33,0.3629,-1,-1,-1
391,21,790.52,152.59,61.12,168.93,0.3700,-1,-1,-1
391,49,569.42,1017.35,83.99,62.42,0.3882,-1,-1,-1
391,48,1121.00,465.87,80.31,201.96,0.4453,-1,-1,-1
391,50,923.02,527.62,71.32,206.71,0.6189,-1,-1,-1
391,26,434.44,571.81,73.88,230.21,0.8020,-1,-1,-1
391,52,1771.53,99.01,61.13,168.71,0.3898,-1,-1,-1
392,1,457.00,71.66,76.43,188.28,0.3391,-1,-1,-1
392,3,981.52,904.80,83.85,173.81,0.6710,-1,-1,-1
392,4,1721.13,456.83,71.71,209.41,0.5862,-1,-1,-1
392,19,443.52,283.13,81.09,210.47,0.6669,-1,-1,-1
392,8,320.62,557.38,92.85,247.59,0.8023,-1,-1,-1
392,28,851.30,508.25,71.19,222.82,0.5647,-1,-1,-1
392,35,954.12,28.05,57.76,172.48,0.3946,-1,-1,-1
392,37,570.90,1017.63,84.99,62.36,0.4018,-1,-1,-1
392,41,1010.21,41.90,54.64,161.94,0.3321,-1,-1,-1
392,21,791.11,153.06,59.38,168.33,0.3891,-1,-1,-1
392,49,570.90,1017.63,84.99,62.36,0.4018,-1,-1,-1
392,48,1126.63,467.66,76.38,199.72,0.5122,-1,-1,-1
392,50,922.29,528.87,73.25,208.50,0.6076,-1,-1,-1
392,26,433.32,573.82,74.67,229.97,0.8104,-1,-1,-1
392,52,1772.03,105.38,60.68,163.86,0.3532,-1,-1,-1
393,1,458.18,71.78,75.64,187.25,0.3361,-1,-1,-1
393,3,980.88,905.51,84.44,172.87,0.6830,-1,-1,-1
393,4,1721.70,456.71,71.29,209.74,0.5854,-1,-1,-1
393,19,445.60,280.15,78.52,211.63,0.6620,-1,-1,-1
393,8,319.26,559.50,94.09,247.85,0.7958,-1,-1,-1
393,28,850.63,510.42,71.72,222.63,0.5589,-1,-1,-1
393,35,953.76,28.50,57.99,172.50,0.3862,-1,-1,-1
393,37,573.05,1018.12,85.11,61.93,0.4238,-1,-1,-1
393,41,1010.10,41.34,55.29,161.36,0.3197,-1,-1,-1
393,21,791.53,153.12,58.34,168.10,0.3824,-1,-1,-1
393,49,573.05,1018.12,85.11,61.93,0.4238,-1,-1,-1
393,48,1131.88,467.19,73.26,201.30,0.5165,-1,-1,-1
393,50,923.96,529.83,73.21,210.24,0.6582,-1,-1,-1
393,26,432.32,576.48,74.30,230.64,0.8171,-1,-1,-1
393,52,1771.03,109.29,62.09,162.41,0.3668,-1,-1,-1
394,1,459.50,71.36,75.13,187.22,0.3026,-1,-1,-1
394,3,981.24,906.39,83.93,171.72,0.6815,-1,-1,-1
394,4,1720.76,456.32,71.56,210.61,0.5811,-1,-1,-1
394,19,447.70,277.75,76.12,212.09,0.6724,-1,-1,-1
394,8,318.93,560.76,93.72,247.96,0.7911,-1,-1,-1
394,28,850.96,511.87,71.93,227.83,0.5168,-1,-1,-1
394,35,954.53,29.45,57.30,171.73,0.3830,-1,-1,-1
394,37,574.49,1018.52,86.47,61.49,0.4425,-1,-1,-1
394,41,1008.78,40.71,56.90,163.29,0.3463,-1,-1,-1
394,21,791.18,151.70,60.25,169.18,0.3716,-1,-1,-1
394,49,574.49,1018.52,86.47,61.49,0.4425,-1,-1,-1
394,48,1137.88,467.48,70.10,201.70,0.5342,-1,-1,-1
394,50,926.03,526.44,71.48,212.66,0.6616,-1,-1,-1
394,26,431.86,579.18,72.74,230.49,0.8000,-1,-1,-1
394,52,1769.27,111.55,64.64,161.82,0.3447,-1,-1,-1
395,1,460.04,71.73,75.07,186.09,0.2660,-1,-1,-1
395,3,981.70,906.67,84.20,171.35,0.6671,-1,-1,-1
395,4,1720.73,456.11,71.30,211.39,0.5830,-1,-1,-1
395,19,449.48,275.76,74.25,210.55,0.6572,-1,-1,-1
395,8,318.05,561.14,92.48,248.79,0.7875,-1,-1,-1
395,28,852.50,515.07,71.42,223.18,0.5649,-1,-1,-1
395,35,954.40,28.54,56.58,172.63,0.4052,-1,-1,-1
395,37,575.67,1019.92,86.99,60.06,0.4024,-1,-1,-1
395,41,1008.10,39.99,58.24,164.77,0.3475,-1,-1,-1
395,21,790.22,150.90,62.33,169.94,0.3984,-1,-1,-1
395,49,575.67,1019.92,86.99,60.06,0.4024,-1,-1,-1
395,48,1140.86,468.85,70.34,200.98,0.4431,-1,-1,-1
395,50,927.19,525.94,72.41,212.41,0.6760,-1,-1,-1
395,26,431.42,582.52,71.38,231.54,0.7920,-1,-1,-1
395,52,1769.79,112.43,63.11,162.15,0.3434,-1,-1,-1
396,1,460.71,71.05,74.31,186.49,0.2650,-1,-1,-1
396,3,981.47,907.46,84.65,170.67,0.6858,-1,-1,-1
396,4,1720.75,457.21,71.56,209.74,0.6232,-1,-1,-1
396,19,450.63,274.10,72.48,207.34,0.6752,-1,-1,-1
396,8,316.88,562.37,89.41,248.94,0.7875,-1,-1,-1
396,28,854.13,517.61,70.82,225.03,0.6069,-1,-1,-1
396,35,953.57,28.71,57.17,172.00,0.4373,-1,-1,-1
396,41,1008.24,39.62,58.27,164.01,0.3832,-1,-1,-1
396,21,789.33,150.40,63.58,170.97,0.4023,-1,-1,-1
396,48,1145.85,469.14,69.29,199.87,0.4849,-1,-1,-1
396,50,928.40,526.44,72.10,212.33,0.6931,-1,-1,-1
396,26,430.56,585.15,71.14,231.22,0.7760,-1,-1,-1
396,52,1769.86,112.05,61.84,162.92,0.3207,-1,-1,-1
397,1,461.52,70.90,74.47,186.61,0.2909,-1,-1,-1
397,3,981.25,908.13,85.03,170.36,0.7022,-1,-1,-1
397,4,1720.55,457.66,72.30,209.38,0.6301,-1,-1,-1
397,19,451.87,272.18,70.97,203.47,0.6855,-1,-1,-1
397,8,315.78,562.73,87.12,249.47,0.7930,-1,-1,-1
397,28,853.66,519.69,72.77,212.56,0.6179,-1,-1,-1
397,35,953.09,28.69,56.97,170.72,0.4219,-1,-1,-1
397,41,1007.61,39.55,59.52,165.56,0.3287,-1,-1,-1
397,21,789.06,150.27,63.79,171.05,0.4060,-1,-1,-1
397,48,1148.58,471.50,70.10,197.87,0.4756,-1,-1,-1
397,50,929.10,527.87,72.40,210.20,0.6868,-1,-1,-1
397,26,429.93,587.52,70.17,231.44,0.7713,-1,-1,-1
397,52,1769.73,113.89,60.75,161.05,0.3345,-1,-1,-1
398,1,462.21,70.76,76.15,186.05,0.3604,-1,-1,-1
398,3,982.03,908.20,83.35,170.32,0.7214,-1,-1,-1
398,4,1720.31,458.54,72.54,208.54,0.5912,-1,-1,-1
398,19,451.73,270.32,71.94,201.18,0.6636,-1,-1,-1
398,8,314.00,563.25,85.80,249.00,0.7893,-1,-1,-1
398,28,855.57,519.88,72.01,221.31,0.6068,-1,-1,-1
398,35,953.61,29.15,56.23,169.70,0.4315,-1,-1,-1
398,41,1006.80,40.94,59.30,160.93,0.3555,-1,-1,-1
398,21,788.94,150.27,63.78,170.68,0.4148,-1,-1,-1
398,48,1151.60,470.30,72.82,199.58,0.5295,-1,-1,-1
398,50,931.31,530.27,69.67,207.38,0.6510,-1,-1,-1
398,26,429.63,589.07,67.35,234.92,0.7511,-1,-1,-1
398,52,1770.62,114.15,58.19,161.11,0.2885,-1,-1,-1
399,1,463.33,70.80,76.46,186.60,0.3728,-1,-1,-1
399,3,983.14,908.54,82.13,170.97,0.7311,-1,-1,-1
399,4,1720.56,458.58,72.30,208.26,0.5767,-1,-1,-1
399,19,452.53,267.45,72.57,202.15,0.6445,-1,-1,-1
399,8,312.66,563.76,85.10,247.42,0.7838,-1,-1,-1
399,28,856.19,520.63,72.42,222.15,0.6084,-1,-1,-1
399,35,953.13,29.04,55.67,168.21,0.4412,-1,-1,-1
399,41,1007.37,40.69,57.96,158.77,0.3579,-1,-1,-1
399,21,789.00,150.12,63.35,170.14,0.4054,-1,-1,-1
399,48,1154.89,468.17,74.58,204.15,0.5756,-1,-1,-1
399,50,932.87,531.53,69.55,206.48,0.6660,-1,-1,-1
399,26,429.05,591.08,66.75,236.37,0.7535,-1,-1,-1
399,52,1770.85,113.95,57.22,161.28,0.2714,-1,-1,-1
400,1,465.17,70.83,75.02,187.74,0.4271,-1,-1,-1
400,3,984.08,909.27,81.08,170.31,0.7246,-1,-1,-1
400,4,1720.53,457.98,72.18,208.34,0.5436,-1,-1,-1
400,19,452.41,266.26,73.37,202.84,0.6444,-1,-1,-1
400,8,311.92,565.14,84.27,244.22,0.7863,-1,-1,-1
400,28,856.98,521.51,72.46,223.76,0.6055,-1,-1,-1
400,35,951.96,27.45,56.34,168.58,0.4438,-1,-1,-1
400,41,1006.93,40.41,58.56,158.58,0.3670,-1,-1,-1
400,21,788.45,149.92,64.43,170.59,0.4445,-1,-1,-1
400,48,1158.05,469.98,73.72,205.37,0.5751,-1,-1,-1
400,50,931.69,533.16,71.25,206.35,0.6484,-1,-1,-1
400,26,428.44,592.68,65.95,237.07,0.7664,-1,-1,-1
400,52,1770.11,113.15,57.61,162.95,0.2695,-1,-1,-1
401,1,465.86,70.77,74.69,187.79,0.4777,-1,-1,-1
401,3,984.05,910.56,79.42,168.96,0.7077,-1,-1,-1
401,4,1721.02,456.82,70.95,209.84,0.5082,-1,-1,-1
401,19,451.75,265.62,74.86,202.87,0.6432,-1,-1,-1
401,8,310.20,566.61,85.05,240.35,0.7850,-1,-1,-1
401,28,857.09,521.41,73.19,227.04,0.6110,-1,-1,-1
401,35,951.21,25.14,56.92,169.39,0.4787,-1,-1,-1
401,41,1006.50,39.56,58.90,159.61,0.4224,-1,-1,-1
401,21,788.59,150.37,64.17,169.94,0.4213,-1,-1,-1
401,48,1162.88,471.21,72.53,206.89,0.6032,-1,-1,-1
401,50,934.31,534.89,69.78,206.37,0.6574,-1,-1,-1
401,26,427.84,593.89,66.35,237.36,0.7536,-1,-1,-1
401,52,1769.63,112.07,58.07,164.63,0.2438,-1,-1,-1
402,1,466.56,70.70,74.01,188.71,0.4641,-1,-1,-1
402,3,984.98,912.01,77.46,167.73,0.7041,-1,-1,-1
402,4,1721.09,455.95,71.33,210.91,0.5201,-1,-1,-1
402,19,452.06,264.85,75.48,203.99,0.6368,-1,-1,-1
402,8,308.48,568.32,86.48,240.60,0.7815,-1,-1,-1
402,28,856.64,522.33,74.29,227.84,0.6058,-1,-1,-1
402,35,950.30,22.42,57.83,170.19,0.4370,-1,-1,-1
402,41,1005.90,38.80,58.50,159.56,0.4423,-1,-1,-1
402,21,788.85,150.49,64.28,169.81,0.4295,-1,-1,-1
402,48,1165.84,474.38,75.01,202.08,0.5433,-1,-1,-1
402,50,934.77,536.18,70.85,208.40,0.6376,-1,-1,-1
402,26,427.61,595.03,65.69,236.84,0.7496,-1,-1,-1
402,52,1768.48,113.13,62.13,166.75,0.2955,-1,-1,-1
403,1,466.43,70.91,73.33,189.18,0.4481,-1,-1,-1
403,3,985.13,913.46,76.02,165.95,0.7161,-1,-1,-1
403,4,1721.50,458.47,71.39,208.83,0.5068,-1,-1,-1
403,19,452.41,264.61,75.86,204.55,0.6439,-1,-1,-1
403,8,307.44,570.85,85.63,243.51,0.7803,-1,-1,-1
403,28,856.93,523.07,75.16,227.63,0.6415,-1,-1,-1
403,35,950.34,21.70,57.03,165.37,0.4124,-1,-1,-1
403,41,1005.25,38.57,58.76,158.88,0.4417,-1,-1,-1
403,21,790.06,150.60,63.58,169.88,0.4411,-1,-1,-1
403,48,1169.66,478.32,75.40,199.22,0.3751,-1,-1,-1
403,50,934.10,537.95,72.21,207.31,0.6351,-1,-1,-1
403,26,426.72,596.34,65.12,236.36,0.7420,-1,-1,-1
403,52,1768.35,112.32,65.89,170.37,0.2886,-1,-1,-1
404,1,466.96,70.88,72.06,188.39,0.4280,-1,-1,-1
404,3,985.49,915.40,74.53,164.00,0.6959,-1,-1,-1
404,4,1721.40,459.67,70.99,207.50,0.4495,-1,-1,-1
404,19,453.14,263.81,75.16,206.22,0.6609,-1,-1,-1
404,8,306.76,573.78,84.72,245.64,0.7799,-1,-1,-1
404,28,857.13,523.35,75.65,227.20,0.6506,-1,-1,-1
404,35,950.41,20.72,55.68,163.91,0.3861,-1,-1,-1
404,41,1003.77,37.61,59.63,157.94,0.4408,-1,-1,-1
404,21,790.93,150.47,62.66,169.77,0.4132,-1,-1,-1
404,48,1171.98,481.90,77.79,199.69,0.4733,-1,-1,-1
404,50,933.41,539.81,72.58,211.15,0.6119,-1,-1,-1
404,26,425.50,597.21,65.88,235.56,0.7299,-1,-1,-1
404,52,1768.40,96.74,69.68,187.90,0.2744,-1,-1,-1
405,1,467.09,70.73,71.53,187.81,0.4072,-1,-1,-1
405,3,985.37,917.62,73.63,161.60,0.6974,-1,-1,-1
405,4,1721.56,457.53,72.54,208.73,0.4621,-1,-1,-1
405,19,453.17,263.39,75.39,206.13,0.6715,-1,-1,-1
405,8,305.96,575.53,83.34,248.23,0.7703,-1,-1,-1
405,28,858.20,524.00,77.56,227.46,0.6712,-1,-1,-1
405,35,950.51,20.11,53.96,160.76,0.3813,-1,-1,-1
405,41,1002.77,37.03,59.72,156.34,0.4035,-1,-1,-1
405,21,790.56,149.96,63.13,170.17,0.4119,-1,-1,-1
405,48,1173.45,483.78,80.08,200.76,0.5425,-1,-1,-1
405,50,935.09,541.21,71.17,213.29,0.6423,-1,-1,-1
405,26,423.04,598.44,67.50,234.53,0.7476,-1,-1,-1
405,52,1768.49,102.78,68.70,183.70,0.2390,-1,-1,-1
405,5,1614.60,615.08,66.14,246.65,0.3400,-1,-1,-1
406,1,467.01,70.46,71.34,187.13,0.3901,-1,-1,-1
406,3,984.35,918.82,74.84,160.43,0.7103,-1,-1,-1
406,4,1721.81,457.17,73.60,209.10,0.4898,-1,-1,-1
406,19,452.74,262.94,77.12,204.60,0.6597,-1,-1,-1
406,8,305.44,577.64,82.48,249.45,0.7537,-1,-1,-1
406,28,859.32,525.85,78.29,227.30,0.6863,-1,-1,-1
406,35,951.12,19.21,52.90,160.18,0.3905,-1,-1,-1
406,41,1002.25,36.47,58.83,155.83,0.3741,-1,-1,-1
406,21,791.18,150.84,59.79,169.84,0.4453,-1,-1,-1
406,48,1177.31,485.87,80.27,203.06,0.4504,-1,-1,-1
406,50,933.41,543.75,73.89,213.79,0.6615,-1,-1,-1
406,26,420.72,600.23,68.44,232.63,0.7347,-1,-1,-1
406,52,1770.10,113.98,68.82,174.93,0.2777,-1,-1,-1
406,5,1612.65,607.35,71.94,250.72,0.4264,-1,-1,-1
407,1,467.56,69.80,71.13,186.05,0.3871,-1,-1,-1
407,3,983.34,920.38,75.14,158.57,0.6981,-1,-1,-1
407,4,1721.84,458.47,74.35,207.59,0.4469,-1,-1,-1
407,19,453.46,262.65,76.77,203.98,0.6780,-1,-1,-1
407,8,304.91,579.90,81.63,248.81,0.7589,-1,-1,-1
407,28,858.15,526.46,79.61,233.97,0.6437,-1,-1,-1
407,35,950.01,18.21,53.86,160.42,0.3665,-1,-1,-1
407,41,1002.03,35.59,58.72,156.05,0.4417,-1,-1,-1
407,21,790.19,150.01,61.72,170.39,0.4510,-1,-1,-1
407,48,1181.39,487.07,78.78,202.59,0.3584,-1,-1,-1
407,50,933.52,545.72,72.95,216.19,0.6853,-1,-1,-1
407,26,418.62,600.73,67.37,231.80,0.7571,-1,-1,-1
407,52,1771.45,114.44,73.58,177.62,0.1858,-1,-1,-1
407,5,1612.47,604.93,73.00,251.24,0.2988,-1,-1,-1
408,1,467.76,69.62,70.67,185.48,0.3255,-1,-1,-1
408,3,982.36,922.45,75.50,155.61,0.7116,-1,-1,-1
408,4,1721.51,456.28,73.25,210.82,0.4582,-1,-1,-1
408,19,453.97,261.30,76.61,204.93,0.6792,-1,-1,-1
408,8,303.49,582.78,81.53,249.94,0.7557,-1,-1,-1
408,28,859.08,527.31,78.90,237.86,0.6623,-1,-1,-1
408,35,949.67,19.47,54.17,160.31,0.3598,-1,-1,-1
408,41,1002.58,35.80,57.66,155.59,0.4346,-1,-1,-1
408,21,789.66,149.91,62.29,170.39,0.4599,-1,-1,-1
408,48,1186.62,487.15,75.79,204.47,0.4291,-1,-1,-1
408,50,932.00,547.41,74.02,215.05,0.6936,-1,-1,-1
408,26,417.16,603.48,69.33,230.85,0.7636,-1,-1,-1
408,52,1771.30,106.93,78.25,186.04,0.1557,-1,-1,-1
408,5,1613.58,613.31,69.63,242.87,0.2542,-1,-1,-1
409,1,467.49,69.41,70.63,183.66,0.3413,-1,-1,-1
409,3,981.61,924.00,76.17,153.91,0.6881,-1,-1,-1
409,4,1721.63,454.00,72.41,212.84,0.5249,-1,-1,-1
409,19,455.99,260.07,74.92,203.44,0.6621,-1,-1,-1
409,8,302.04,585.14,81.23,250.26,0.7667,-1,-1,-1
409,28,859.93,529.83,78.98,240.19,0.6322,-1,-1,-1
409,35,950.83,19.11,52.76,160.78,0.3860,-1,-1,-1
409,41,1003.05,35.60,57.27,156.10,0.4254,-1,-1,-1
409,21,789.60,149.82,63.13,170.36,0.4266,-1,-1,-1
409,48,1195.32,487.58,70.67,204.20,0.4698,-1,-1,-1
409,50,932.79,548.90,73.30,213.31,0.6870,-1,-1,-1
409,26,415.59,607.45,70.01,231.14,0.7629,-1,-1,-1
409,52,1771.59,107.33,77.66,186.72,0.1693,-1,-1,-1
409,5,1604.65,618.29,78.27,236.26,0.2589,-1,-1,-1
410,1,466.18,67.27,71.74,186.91,0.3190,-1,-1,-1
410,3,981.25,925.23,76.20,152.60,0.6906,-1,-1,-1
410,4,1722.01,450.93,71.86,216.17,0.5461,-1,-1,-1
410,19,457.63,259.27,73.42,200.50,0.6667,-1,-1,-1
410,8,298.70,586.58,83.64,251.30,0.7945,-1,-1,-1
410,28,860.37,532.35,76.98,242.81,0.6341,-1,-1,-1
410,35,949.65,19.20,54.08,161.38,0.4011,-1,-1,-1
410,41,1003.12,35.57,57.10,156.28,0.4377,-1,-1,-1
410,21,789.77,149.95,63.44,170.11,0.4285,-1,-1,-1
410,48,1204.77,488.42,63.91,202.97,0.4730,-1,-1,-1
410,50,933.96,550.71,71.82,212.52,0.7032,-1,-1,-1
410,26,414.13,609.75,69.67,233.55,0.7295,-1,-1,-1
410,52,1771.24,89.76,77.49,205.08,0.2359,-1,-1,-1
410,5,1606.91,608.77,78.30,247.99,0.1077,-1,-1,-1
410,2,702.19,557.50,90.75,237.29,0.3417,-1,-1,-1
411,1,463.77,67.92,71.81,188.75,0.2617,-1,-1,-1
411,3,979.81,925.80,77.97,151.73,0.6895,-1,-1,-1
411,4,1721.89,449.36,72.03,218.61,0.5377,-1,-1,-1
411,19,457.99,257.49,72.67,197.63,0.6786,-1,-1,-1
411,8,297.14,587.88,83.19,250.13,0.7970,-1,-1,-1
411,28,862.13,535.08,73.97,243.77,0.6578,-1,-1,-1
411,35,949.71,18.49,53.24,161.46,0.3550,-1,-1,-1
411,41,1002.83,34.82,56.30,156.16,0.4038,-1,-1,-1
411,21,788.83,149.95,64.25,169.99,0.4347,-1,-1,-1
411,48,1209.17,487.50,63.94,204.99,0.4238,-1,-1,-1
411,50,934.24,551.59,70.94,211.22,0.6876,-1,-1,-1
411,26,412.30,612.42,69.39,233.84,0.7072,-1,-1,-1
411,52,1772.08,101.36,69.82,192.63,0.2369,-1,-1,-1
411,5,1587.25,614.93,95.87,240.77,0.3717,-1,-1,-1
411,2,703.88,558.77,91.47,236.43,0.3316,-1,-1,-1
412,1,464.90,66.43,71.36,191.10,0.2687,-1,-1,-1
412,3,978.71,925.88,80.31,152.02,0.7054,-1,-1,-1
412,4,1721.98,448.39,72.03,219.56,0.5731,-1,-1,-1
412,19,457.19,254.60,73.25,197.52,0.6563,-1,-1,-1
412,8,295.62,588.44,82.41,249.37,0.7994,-1,-1,-1
412,28,862.76,537.84,73.38,238.36,0.6554,-1,-1,-1
412,35,950.54,18.87,53.74,164.03,0.3702,-1,-1,-1
412,41,1002.90,34.72,55.65,157.55,0.4114,-1,-1,-1
412,21,789.55,150.88,61.56,169.15,0.4162,-1,-1,-1
412,48,1212.27,487.00,64.31,205.68,0.5110,-1,-1,-1
412,50,936.08,552.99,68.97,210.00,0.6721,-1,-1,-1
412,26,407.87,614.31,71.37,235.53,0.7283,-1,-1,-1
412,52,1772.96,107.82,66.86,185.90,0.2063,-1,-1,-1
412,5,1579.67,616.50,101.82,238.71,0.3906,-1,-1,-1
412,2,705.54,558.92,94.26,237.76,0.3805,-1,-1,-1
413,1,465.55,65.99,70.11,190.55,0.2921,-1,-1,-1
413,3,977.60,926.91,82.20,150.68,0.6954,-1,-1,-1
413,4,1722.56,450.25,71.82,217.94,0.5495,-1,-1,-1
413,19,456.39,251.89,73.68,198.40,0.6538,-1,-1,-1
413,8,292.92,589.87,83.73,247.73,0.7894,-1,-1,-1
413,28,863.93,539.62,72.04,239.68,0.6424,-1,-1,-1
413,35,949.47,18.72,55.37,166.02,0.3722,-1,-1,-1
413,41,1002.88,34.69,54.93,156.99,0.4344,-1,-1,-1
413,21,788.70,150.90,61.79,169.60,0.4324,-1,-1,-1
413,48,1216.63,493.22,62.88,199.98,0.5866,-1,-1,-1
413,50,937.91,553.48,67.93,209.60,0.6480,-1,-1,-1
413,26,406.35,616.40,71.39,235.37,0.7389,-1,-1,-1
413,52,1773.32,113.94,62.26,180.28,0.2435,-1,-1,-1
413,5,1577.09,615.30,104.17,239.15,0.4377,-1,-1,-1
413,2,706.23,558.92,95.01,238.61,0.4021,-1,-1,-1
414,1,465.72,64.97,69.95,191.24,0.2428,-1,-1,-1
414,3,976.88,927.40,83.93,150.10,0.7040,-1,-1,-1
414,4,1722.14,455.93,71.60,212.44,0.4780,-1,-1,-1
414,19,454.26,249.48,75.24,200.41,0.6629,-1,-1,-1
414,8,291.51,590.47,84.16,247.34,0.7820,-1,-1,-1
414,28,865.19,540.78,70.49,242.47,0.6481,-1,-1,-1
414,35,949.35,16.72,54.21,166.09,0.3824,-1,-1,-1
414,41,1002.81,34.68,54.88,156.31,0.4126,-1,-1,-1
414,21,788.10,150.21,64.16,169.70,0.4166,-1,-1,-1
414,48,1220.99,488.41,65.54,204.77,0.5254,-1,-1,-1
414,50,933.25,555.69,74.09,206.55,0.6700,-1,-1,-1
414,26,405.66,618.40,71.09,236.16,0.7248,-1,-1,-1
414,52,1773.93,112.63,59.83,181.68,0.1781,-1,-1,-1
414,5,1575.25,613.52,109.30,242.77,0.5768,-1,-1,-1
414,2,706.85,559.35,95.53,238.68,0.4068,-1,-1,-1
415,1,464.88,65.65,70.65,192.33,0.2591,-1,-1,-1
415,3,976.85,928.54,86.03,148.93,0.7249,-1,-1,-1
415,4,1722.31,452.94,72.40,215.09,0.4946,-1,-1,-1
415,19,451.88,248.97,77.85,199.32,0.6195,-1,-1,-1
415,8,290.24,592.03,84.44,245.82,0.7816,-1,-1,-1
415,28,866.17,542.29,69.75,243.85,0.6306,-1,-1,-1
415,35,950.28,14.33,52.50,167.49,0.3409,-1,-1,-1
415,41,1002.83,34.38,55.02,156.22,0.4046,-1,-1,-1
415,21,787.60,150.19,65.77,169.55,0.3851,-1,-1,-1
415,48,1222.75,492.93,69.52,202.41,0.5825,-1,-1,-1
415,50,932.87,557.22,76.63,205.68,0.6420,-1,-1,-1
415,26,403.84,620.06,71.06,237.68,0.7211,-1,-1,-1
415,52,1773.86,116.85,54.97,177.66,0.1654,-1,-1,-1
415,5,1573.26,614.23,111.71,242.00,0.5361,-1,-1,-1
415,2,707.70,559.63,94.73,239.71,0.3909,-1,-1,-1
415,54,1658.18,63.00,73.05,173.77,0.3689,-1,-1,-1
416,1,461.35,65.45,73.06,193.98,0.3086,-1,-1,-1
416,3,976.09,928.93,87.78,148.51,0.7303,-1,-1,-1
416,4,1721.68,452.52,73.65,215.20,0.4781,-1,-1,-1
416,19,449.72,248.60,79.87,198.94,0.6009,-1,-1,-1
416,8,290.09,593.03,83.89,243.36,0.7907,-1,-1,-1
416,28,866.64,543.27,69.07,243.38,0.6034,-1,-1,-1
416,35,950.72,13.77,51.13,167.63,0.2932,-1,-1,-1
416,41,1003.00,33.76,55.07,157.23,0.4390,-1,-1,-1
416,21,788.32,150.48,63.03,170.08,0.3915,-1,-1,-1
416,48,1226.47,489.91,75.71,206.59,0.4214,-1,-1,-1
416,50,933.61,558.69,76.74,206.32,0.6430,-1,-1,-1
416,26,401.64,621.24,72.08,238.14,0.7395,-1,-1,-1
416,52,1773.01,123.50,50.32,169.64,0.1412,-1,-1,-1
416,5,1573.53,613.61,111.19,243.14,0.5601,-1,-1,-1
416,2,708.83,559.73,93.86,239.75,0.3873,-1,-1,-1
416,54,1658.93,64.26,71.83,176.32,0.4686,-1,-1,-1
417,1,461.18,64.72,73.54,195.05,0.3052,-1,-1,-1
417,3,975.98,929.92,88.72,147.40,0.7107,-1,-1,-1
417,4,1721.36,454.31,72.79,213.56,0.4830,-1,-1,-1
417,19,447.40,249.43,81.80,197.95,0.5980,-1,-1,-1
417,8,289.24,595.55,84.89,241.03,0.7693,-1,-1,-1
417,28,867.14,544.45,67.11,232.38,0.5605,-1,-1,-1
417,35,950.08,12.80,51.86,169.05,0.3028,-1,-1,-1
417,41,1002.95,33.57,55.02,157.49,0.4515,-1,-1,-1
417,21,786.67,150.06,65.95,170.20,0.3537,-1,-1,-1
417,48,1229.65,490.86,82.20,207.90,0.5257,-1,-1,-1
417,50,934.14,560.83,77.35,204.53,0.6163,-1,-1,-1
417,26,399.00,623.61,73.26,235.57,0.7413,-1,-1,-1
417,52,1772.30,116.65,49.52,175.92,0.1572,-1,-1,-1
417,5,1572.65,611.01,110.45,245.73,0.5615,-1,-1,-1
417,2,713.05,559.05,89.04,239.25,0.3778,-1,-1,-1
417,54,1659.58,66.08,72.40,174.46,0.3269,-1,-1,-1
418,1,459.13,64.64,73.26,194.97,0.2188,-1,-1,-1
418,3,975.17,930.60,90.58,147.02,0.7074,-1,-1,-1
418,4,1720.69,453.82,73.37,214.44,0.4690,-1,-1,-1
418,19,445.78,249.36,83.28,198.37,0.5497,-1,-1,-1
418,8,288.40,597.32,85.51,241.48,0.7827,-1,-1,-1
418,28,867.31,545.88,67.40,221.20,0.5149,-1,-1,-1
418,35,948.96,11.75,52.86,169.40,0.3284,-1,-1,-1
418,41,1003.56,32.94,54.50,156.72,0.4391,-1,-1,-1
418,21,787.07,149.62,66.03,170.51,0.3385,-1,-1,-1
418,48,1230.67,491.01,89.46,210.76,0.5416,-1,-1,-1
418,50,935.95,562.38,76.50,205.00,0.6010,-1,-1,-1
418,26,396.09,624.09,73.88,235.61,0.7810,-1,-1,-1
418,52,1768.99,113.72,51.76,180.10,0.1717,-1,-1,-1
418,5,1573.26,613.31,107.29,243.06,0.5849,-1,-1,-1
418,2,717.65,558.38,83.19,239.40,0.3823,-1,-1,-1
418,54,1660.74,67.18,72.70,174.02,0.4223,-1,-1,-1
419,1,459.74,64.07,74.05,195.80,0.2224,-1,-1,-1
419,3,974.19,931.30,92.60,146.26,0.7164,-1,-1,-1
419,4,1720.66,449.62,73.40,218.49,0.5305,-1,-1,-1
419,19,445.66,249.10,83.51,198.95,0.5466,-1,-1,-1
419,8,287.61,599.24,86.28,244.33,0.7873,-1,-1,-1
419,28,867.70,546.71,67.84,215.64,0.5412,-1,-1,-1
419,35,948.56,9.29,54.48,172.95,0.3673,-1,-1,-1
419,41,1004.11,32.12,54.42,157.07,0.4796,-1,-1,-1
419,21,788.29,149.56,65.33,170.43,0.3509,-1,-1,-1
419,48,1231.53,492.78,92.12,211.47,0.4787,-1,-1,-1
419,50,941.26,564.00,71.91,211.20,0.5486,-1,-1,-1
419,26,393.95,624.01,73.67,236.14,0.7939,-1,-1,-1
419,52,1765.59,112.70,54.00,182.64,0.2440,-1,-1,-1
419,5,1573.15,614.54,107.36,241.72,0.5873,-1,-1,-1
419,2,723.12,558.40,75.54,238.37,0.4191,-1,-1,-1
419,54,1662.08,65.45,72.14,177.72,0.3886,-1,-1,-1
419,43,730.88,558.52,52.78,227.78,0.3716,-1,-1,-1
420,1,460.41,62.84,72.97,196.77,0.2210,-1,-1,-1
420,3,973.99,931.41,94.51,146.39,0.7010,-1,-1,-1
420,4,1721.64,449.55,73.38,216.86,0.4990,-1,-1,-1
420,19,446.69,248.79,82.64,198.62,0.5255,-1,-1,-1
420,8,287.12,601.00,86.47,247.82,0.7782,-1,-1,-1
420,28,867.91,546.03,69.08,217.22,0.5591,-1,-1,-1
420,35,949.14,9.16,53.16,171.56,0.3838,-1,-1,-1
420,41,1004.79,30.88,54.09,157.93,0.4893,-1,-1,-1
420,21,788.87,149.11,65.42,170.49,0.3416,-1,-1,-1
420,48,1232.36,491.66,91.55,215.77,0.4168,-1,-1,-1
420,50,943.56,567.09,70.83,211.10,0.5340,-1,-1,-1
420,26,392.16,624.73,74.58,235.82,0.7863,-1,-1,-1
420,52,1763.25,106.96,56.46,189.51,0.2374,-1,-1,-1
420,5,1573.84,614.75,104.58,240.94,0.5887,-1,-1,-1
420,2,726.17,558.53,72.67,239.61,0.4165,-1,-1,-1
420,54,1660.62,66.70,72.04,173.05,0.2452,-1,-1,-1
420,43,733.14,558.90,52.97,226.37,0.2704,-1,-1,-1
421,1,459.47,62.28,73.81,195.60,0.1974,-1,-1,-1
421,3,974.14,932.00,94.32,146.06,0.7085,-1,-1,-1
421,4,1721.84,454.17,74.09,214.00,0.4893,-1,-1,-1
421,19,445.58,247.16,83.89,199.33,0.5855,-1,-1,-1
421,8,286.06,602.79,87.88,252.22,0.7641,-1,-1,-1
421,28,867.69,546.88,70.82,218.72,0.5200,-1,-1,-1
421,35,949.49,8.51,53.96,171.25,0.3884,-1,-1,-1
421,41,1005.42,29.19,53.91,158.41,0.5088,-1,-1,-1
421,21,791.53,149.58,60.40,171.30,0.3682,-1,-1,-1
421,48,1233.97,497.14,93.08,212.42,0.3862,-1,-1,-1
421,50,945.32,570.80,70.72,212.14,0.4534,-1,-1,-1
421,26,390.74,625.25,74.98,235.56,0.7875,-1,-1,-1
421,52,1761.16,108.25,61.61,190.07,0.2735,-1,-1,-1
421,5,1573.91,621.76,101.79,233.81,0.5485,-1,-1,-1
421,2,729.20,558.87,69.64,238.60,0.4808,-1,-1,-1
421,54,1661.72,67.37,68.15,170.90,0.2349,-1,-1,-1
421,43,731.37,559.06,64.11,234.17,0.4808,-1,-1,-1
422,1,458.46,61.38,74.61,195.08,0.1639,-1,-1,-1
422,3,974.67,931.73,93.82,146.41,0.7210,-1,-1,-1
422,4,1721.06,458.17,73.62,208.54,0.5261,-1,-1,-1
422,19,446.71,245.36,81.15,200.90,0.6082,-1,-1,-1
422,8,284.72,604.67,91.24,256.64,0.7470,-1,-1,-1
422,28,868.67,548.83,71.54,223.62,0.4379,-1,-1,-1
422,35,949.02,7.90,53.51,165.91,0.3747,-1,-1,-1
422,41,1005.85,27.82,53.68,156.62,0.4731,-1,-1,-1
422,21,792.20,149.23,58.75,171.50,0.3526,-1,-1,-1
422,48,1239.21,500.96,90.53,208.72,0.3871,-1,-1,-1
422,50,947.43,574.33,68.37,210.02,0.5531,-1,-1,-1
422,26,390.02,627.11,75.53,233.40,0.7814,-1,-1,-1
422,52,1759.58,103.55,71.09,196.24,0.3658,-1,-1,-1
422,5,1573.44,624.50,100.76,231.08,0.4853,-1,-1,-1
422,2,731.56,560.84,68.08,231.95,0.5278,-1,-1,-1
422,54,1663.25,67.71,66.23,170.03,0.2948,-1,-1,-1
422,43,732.13,560.97,67.43,230.75,0.5278,-1,-1,-1
423,1,458.71,60.21,75.38,196.23,0.1402,-1,-1,-1
423,3,975.49,931.28,93.57,146.57,0.6958,-1,-1,-1
423,4,1720.99,458.81,73.63,207.70,0.5458,-1,-1,-1
423,19,447.30,243.18,79.20,201.42,0.5941,-1,-1,-1
423,8,284.52,607.01,92.59,257.71,0.7405,-1,-1,-1
423,28,867.67,549.53,71.88,171.97,0.3624,-1,-1,-1
423,35,948.10,7.11,54.48,163.62,0.3814,-1,-1,-1
423,41,1006.56,25.83,53.17,155.86,0.4418,-1,-1,-1
423,21,792.36,148.99,58.33,172.06,0.3342,-1,-1,-1
423,48,1247.56,505.05,85.82,204.57,0.2952,-1,-1,-1
423,50,947.78,576.32,68.54,209.47,0.5579,-1,-1,-1
423,26,388.84,629.42,76.06,233.15,0.7808,-1,-1,-1
423,52,1759.87,102.76,69.68,197.83,0.3407,-1,-1,-1
423,5,1574.07,625.01,99.10,230.41,0.4357,-1,-1,-1
423,2,735.29,560.81,66.80,229.12,0.6165,-1,-1,-1
423,54,1665.94,71.42,64.32,168.77,0.2851,-1,-1,-1
423,43,735.11,560.91,67.95,229.06,0.6165,-1,-1,-1
424,1,458.58,59.80,78.50,198.07,0.1163,-1,-1,-1
424,3,976.29,931.76,92.79,146.05,0.7093,-1,-1,-1
424,4,1720.91,460.72,73.68,206.17,0.5562,-1,-1,-1
424,19,447.51,242.58,77.35,201.69,0.5972,-1,-1,-1
424,8,284.23,609.44,92.11,257.40,0.7514,-1,-1,-1
424,28,868.08,551.01,72.80,208.08,0.3868,-1,-1,-1
424,35,946.24,6.49,56.09,164.33,0.4192,-1,-1,-1
424,41,1007.07,24.02,52.82,156.65,0.4637,-1,-1,-1
424,21,793.03,149.42,57.23,171.43,0.3702,-1,-1,-1
424,48,1253.78,505.02,83.83,206.73,0.2831,-1,-1,-1
424,50,948.08,578.06,70.09,209.23,0.5913,-1,-1,-1
424,26,386.10,631.82,80.51,235.40,0.7808,-1,-1,-1
424,52,1761.40,100.35,65.00,196.41,0.1081,-1,-1,-1
424,5,1577.62,633.13,92.70,221.94,0.4270,-1,-1,-1
424,2,737.16,560.39,70.52,230.42,0.6618,-1,-1,-1
424,54,1667.92,72.67,62.63,170.27,0.3064,-1,-1,-1
424,43,736.85,560.47,71.95,230.75,0.6618,-1,-1,-1
425,1,459.08,59.15,80.34,199.29,0.1247,-1,-1,-1
425,3,977.78,931.91,92.14,146.13,0.6975,-1,-1,-1
425,4,1720.55,460.46,74.10,207.01,0.5447,-1,-1,-1
425,19,447.47,239.98,76.37,202.25,0.6361,-1,-1,-1
425,8,283.57,611.42,93.25,258.70,0.7281,-1,-1,-1
425,28,868.04,552.07,73.00,168.58,0.3482,-1,-1,-1
425,35,943.82,5.47,58.60,164.15,0.3898,-1,-1,-1
425,41,1007.40,23.01,52.59,157.35,0.4301,-1,-1,-1
425,21,793.69,149.91,56.28,170.43,0.3775,-1,-1,-1
425,48,1259.54,502.94,82.43,208.70,0.2000,-1,-1,-1
425,50,947.76,577.20,73.54,208.37,0.5781,-1,-1,-1
425,26,384.51,633.57,81.87,237.39,0.7597,-1,-1,-1
425,52,1761.23,118.94,56.95,181.26,0.3283,-1,-1,-1
425,5,1577.15,635.09,91.16,220.86,0.4290,-1,-1,-1
425,2,739.15,559.68,74.54,234.96,0.6251,-1,-1,-1
425,54,1668.90,74.12,62.59,171.09,0.2808,-1,-1,-1
425,43,738.79,559.74,76.02,235.42,0.6251,-1,-1,-1
426,3,979.20,931.90,92.01,146.51,0.7120,-1,-1,-1
426,4,1720.76,460.16,75.25,207.33,0.5635,-1,-1,-1
426,19,447.42,237.91,75.17,199.46,0.6273,-1,-1,-1
426,8,283.45,613.56,92.55,259.01,0.7227,-1,-1,-1
426,28,868.68,555.17,74.50,205.52,0.4857,-1,-1,-1
426,35,942.69,4.81,59.86,165.12,0.4245,-1,-1,-1
426,41,1007.89,22.13,52.64,158.26,0.4387,-1,-1,-1
426,21,792.07,149.51,57.15,171.38,0.3393,-1,-1,-1
426,48,1268.27,504.53,74.39,204.96,0.3302,-1,-1,-1
426,50,948.07,577.54,75.12,208.12,0.6223,-1,-1,-1
426,26,383.71,635.37,81.76,238.60,0.7307,-1,-1,-1
426,52,1763.50,125.91,50.46,177.26,0.3353,-1,-1,-1
426,5,1577.27,636.77,90.03,219.06,0.3638,-1,-1,-1
426,2,740.96,559.89,77.01,237.81,0.6269,-1,-1,-1
426,54,1670.71,74.50,61.56,174.12,0.2531,-1,-1,-1
426,43,740.60,559.95,78.47,238.29,0.6269,-1,-1,-1
427,3,980.62,931.03,91.52,147.67,0.7067,-1,-1,-1
427,4,1719.68,461.72,75.29,206.05,0.5424,-1,-1,-1
427,19,447.65,236.92,74.50,196.17,0.6148,-1,-1,-1
427,8,282.14,615.06,93.81,259.81,0.7049,-1,-1,-1
427,28,869.37,557.15,74.65,217.06,0.5286,-1,-1,-1
427,35,942.20,4.43,60.19,165.58,0.4088,-1,-1,-1
427,41,1007.96,21.86,52.79,158.48,0.4387,-1,-1,-1
427,21,792.63,149.82,57.61,171.14,0.3955,-1,-1,-1
427,48,1282.01,503.82,64.02,196.92,0.3009,-1,-1,-1
427,50,949.23,578.29,75.87,208.90,0.6070,-1,-1,-1
427,26,382.51,637.71,86.43,240.36,0.6814,-1,-1,-1
427,52,1763.67,128.35,49.59,176.61,0.3797,-1,-1,-1
427,5,1576.30,633.05,89.28,222.58,0.3219,-1,-1,-1
427,2,742.77,560.17,77.78,241.25,0.5611,-1,-1,-1
427,54,1671.38,76.70,62.30,174.71,0.2608,-1,-1,-1
427,43,742.43,560.22,79.16,241.71,0.5611,-1,-1,-1
428,3,981.81,930.36,91.73,148.42,0.7258,-1,-1,-1
428,4,1717.80,462.47,76.95,205.00,0.5272,-1,-1,-1
428,19,447.76,235.06,73.96,193.87,0.6391,-1,-1,-1
428,8,281.25,617.70,94.56,259.33,0.7028,-1,-1,-1
428,28,870.45,560.03,75.95,226.57,0.6007,-1,-1,-1
428,35,942.57,3.71,59.76,166.49,0.3718,-1,-1,-1
428,41,1008.02,21.63,52.96,158.64,0.4334,-1,-1,-1
428,21,792.41,149.31,59.83,171.06,0.4033,-1,-1,-1
428,48,1288.63,502.26,62.89,208.37,0.4021,-1,-1,-1
428,50,951.39,578.77,75.45,210.15,0.6468,-1,-1,-1
428,26,381.73,641.31,78.84,238.33,0.7222,-1,-1,-1
428,52,1763.37,129.55,49.65,176.73,0.3979,-1,-1,-1
428,5,1576.59,632.97,88.44,222.90,0.3745,-1,-1,-1
428,2,744.87,561.25,81.00,242.65,0.6019,-1,-1,-1
428,54,1670.51,78.05,65.64,172.76,0.1984,-1,-1,-1
428,43,744.57,561.30,82.21,243.06,0.6019,-1,-1,-1
429,3,983.08,930.39,91.15,148.38,0.7322,-1,-1,-1
429,4,1718.71,461.49,77.37,206.88,0.5470,-1,-1,-1
429,19,446.97,234.15,74.82,192.54,0.5974,-1,-1,-1
429,8,280.15,618.44,94.93,257.27,0.7233,-1,-1,-1
429,28,871.30,562.87,76.17,226.06,0.6410,-1,-1,-1
429,35,942.28,3.53,59.64,167.21,0.3725,-1,-1,-1
429,41,1007.82,20.97,53.39,161.83,0.4507,-1,-1,-1
429,21,793.03,148.86,58.28,171.98,0.3995,-1,-1,-1
429,48,1289.59,504.96,65.03,208.49,0.3998,-1,-1,-1
429,50,954.31,579.63,73.51,209.96,0.6488,-1,-1,-1
429,26,381.09,644.20,75.05,238.12,0.7132,-1,-1,-1
429,52,1763.21,136.14,47.07,169.57,0.3195,-1,-1,-1
429,5,1576.35,635.18,87.93,221.37,0.4367,-1,-1,-1
429,2,747.56,562.13,83.92,246.33,0.6671,-1,-1,-1
429,54,1673.40,82.13,63.87,169.65,0.1801,-1,-1,-1
429,43,747.28,562.17,85.01,246.70,0.6671,-1,-1,-1
430,3,986.45,929.76,88.45,148.92,0.7070,-1,-1,-1
430,4,1719.94,464.02,76.68,203.77,0.5222,-1,-1,-1
430,19,446.21,232.25,75.52,193.14,0.5610,-1,-1,-1
430,8,279.15,620.14,93.85,256.19,0.7242,-1,-1,-1
430,28,872.20,564.48,75.87,226.43,0.5902,-1,-1,-1
430,35,942.54,3.37,59.30,167.59,0.3147,-1,-1,-1
430,41,1008.12,21.06,53.28,160.99,0.4021,-1,-1,-1
430,21,794.02,148.11,56.88,172.84,0.3810,-1,-1,-1
430,48,1290.96,516.08,67.86,196.92,0.3789,-1,-1,-1
430,50,956.14,580.89,73.87,208.19,0.6310,-1,-1,-1
430,26,379.38,646.62,73.23,240.93,0.7087,-1,-1,-1
430,52,1762.27,139.88,48.59,164.14,0.1850,-1,-1,-1
430,5,1575.73,634.77,88.33,221.88,0.4737,-1,-1,-1
430,2,749.90,563.03,86.05,245.62,0.6755,-1,-1,-1
430,54,1674.99,83.13,64.14,169.66,0.1590,-1,-1,-1
430,43,749.64,563.07,87.04,245.95,0.6755,-1,-1,-1
431,3,988.72,929.03,86.71,149.58,0.6962,-1,-1,-1
431,4,1721.76,462.51,73.71,206.74,0.5384,-1,-1,-1
431,19,445.46,230.58,75.48,193.98,0.5680,-1,-1,-1
431,8,279.44,621.57,92.68,254.63,0.7542,-1,-1,-1
431,28,872.46,566.55,77.05,226.40,0.6155,-1,-1,-1
431,35,942.91,3.50,58.83,167.55,0.3740,-1,-1,-1
431,41,1008.53,20.58,53.23,159.38,0.3968,-1,-1,-1
431,21,790.47,148.97,62.32,171.58,0.3766,-1,-1,-1
431,50,958.90,582.01,72.22,207.09,0.6157,-1,-1,-1
431,26,377.46,648.76,73.20,240.48,0.7412,-1,-1,-1
431,52,1760.34,143.27,48.95,161.64,0.2119,-1,-1,-1
431,5,1575.71,633.78,88.29,222.22,0.4187,-1,-1,-1
431,2,752.27,563.41,86.76,245.16,0.6968,-1,-1,-1
431,54,1677.67,86.67,62.68,167.20,0.1782,-1,-1,-1
431,43,752.04,563.44,87.67,245.46,0.6968,-1,-1,-1
432,3,991.11,927.71,84.48,150.88,0.7002,-1,-1,-1
432,4,1721.72,462.39,72.80,206.18,0.5636,-1,-1,-1
432,19,444.81,228.61,75.72,195.80,0.5819,-1,-1,-1
432,8,278.81,623.22,92.35,252.00,0.7414,-1,-1,-1
432,28,873.57,569.08,75.54,225.67,0.6105,-1,-1,-1
432,35,943.14,4.02,59.25,168.48,0.3584,-1,-1,-1
432,41,1008.31,21.36,53.42,158.98,0.4154,-1,-1,-1
432,21,791.89,148.15,59.59,172.54,0.4035,-1,-1,-1
432,50,960.08,583.14,72.42,207.17,0.6274,-1,-1,-1
432,26,376.71,650.34,73.74,239.44,0.7334,-1,-1,-1
432,52,1758.58,140.63,50.03,164.41,0.2692,-1,-1,-1
432,5,1574.49,629.29,89.59,227.03,0.4534,-1,-1,-1
432,2,754.06,564.18,87.01,246.12,0.7274,-1,-1,-1
432,54,1679.87,86.49,63.09,170.22,0.1518,-1,-1,-1
432,43,753.86,564.21,87.83,246.38,0.7274,-1,-1,-1
433,3,992.81,927.74,83.66,150.65,0.6875,-1,-1,-1
433,4,1722.14,463.13,74.16,204.91,0.5227,-1,-1,-1
433,19,444.44,227.33,76.14,196.93,0.6027,-1,-1,-1
433,8,278.81,623.26,90.23,249.92,0.7520,-1,-1,-1
433,28,875.39,570.53,75.05,223.10,0.6065,-1,-1,-1
433,35,942.75,3.68,59.85,169.89,0.4320,-1,-1,-1
433,41,1007.93,20.92,54.07,159.60,0.4049,-1,-1,-1
433,21,793.18,147.82,58.07,173.12,0.3873,-1,-1,-1
433,50,962.51,583.96,71.37,209.40,0.5926,-1,-1,-1
433,26,375.70,652.01,73.89,238.52,0.7008,-1,-1,-1
433,52,1756.53,139.24,52.28,167.01,0.2878,-1,-1,-1
433,5,1574.27,627.26,88.37,228.27,0.3971,-1,-1,-1
433,2,755.58,564.76,86.71,248.44,0.7079,-1,-1,-1
433,54,1680.74,88.22,63.26,169.41,0.1779,-1,-1,-1
433,43,755.41,564.78,87.45,248.67,0.7079,-1,-1,-1
434,3,994.82,927.87,83.17,150.22,0.7308,-1,-1,-1
434,4,1723.45,464.38,72.88,203.22,0.4749,-1,-1,-1
434,19,444.94,226.48,75.61,197.90,0.5977,-1,-1,-1
434,8,278.63,624.11,89.48,248.64,0.7393,-1,-1,-1
434,28,878.24,571.56,74.18,222.73,0.6033,-1,-1,-1
434,35,942.77,3.54,58.93,169.92,0.4260,-1,-1,-1
434,41,1007.78,20.96,54.48,158.92,0.4219,-1,-1,-1
434,21,793.44,148.54,57.64,172.03,0.4266,-1,-1,-1
434,50,963.40,585.93,71.93,211.01,0.6025,-1,-1,-1
434,26,373.59,653.03,75.90,237.67,0.7259,-1,-1,-1
434,52,1754.11,135.88,53.90,173.66,0.1741,-1,-1,-1
434,5,1574.16,629.77,87.72,225.17,0.3816,-1,-1,-1
434,2,757.12,566.05,85.54,249.13,0.7276,-1,-1,-1
434,54,1681.27,89.60,64.03,167.85,0.1856,-1,-1,-1
434,43,756.97,566.08,86.21,249.34,0.7276,-1,-1,-1
435,3,996.96,926.89,82.54,151.13,0.7072,-1,-1,-1
435,4,1723.82,464.80,72.67,203.50,0.4895,-1,-1,-1
435,19,444.79,225.72,75.52,198.83,0.5998,-1,-1,-1
435,8,278.06,624.96,89.16,248.44,0.7551,-1,-1,-1
435,28,879.12,572.49,75.45,220.77,0.6096,-1,-1,-1
435,35,942.68,4.19,58.07,168.32,0.4248,-1,-1,-1
435,41,1007.01,20.35,55.58,159.06,0.3905,-1,-1,-1
435,21,793.90,148.06,56.50,172.04,0.3998,-1,-1,-1
435,50,965.16,587.22,70.64,215.81,0.6062,-1,-1,-1
435,26,371.13,653.45,77.02,238.49,0.7217,-1,-1,-1
435,52,1751.88,134.33,57.41,176.78,0.1577,-1,-1,-1
435,5,1573.74,629.87,87.01,224.55,0.3785,-1,-1,-1
435,2,758.90,566.45,83.22,249.73,0.7064,-1,-1,-1
435,54,1681.21,88.95,66.17,168.89,0.2030,-1,-1,-1
435,43,758.76,566.48,83.81,249.91,0.7064,-1,-1,-1
435,48,1312.34,521.04,83.54,186.32,0.3747,-1,-1,-1
436,3,998.74,926.48,83.18,151.26,0.6918,-1,-1,-1
436,4,1724.46,465.89,72.04,201.81,0.4643,-1,-1,-1
436,19,444.69,225.03,75.42,199.90,0.6232,-1,-1,-1
436,8,276.98,625.82,89.26,250.91,0.7627,-1,-1,-1
436,28,880.01,573.68,75.08,213.00,0.6295,-1,-1,-1
436,35,943.21,3.10,57.20,169.11,0.4333,-1,-1,-1
436,41,1006.56,19.42,56.08,157.83,0.3969,-1,-1,-1
436,21,793.10,148.70,57.29,171.33,0.4053,-1,-1,-1
436,50,967.37,588.08,69.96,221.61,0.6187,-1,-1,-1
436,26,368.97,654.18,76.88,237.81,0.7305,-1,-1,-1
436,52,1750.63,115.61,59.34,195.04,0.1432,-1,-1,-1
436,5,1574.31,634.60,83.21,218.34,0.3276,-1,-1,-1
436,2,760.17,566.72,81.46,250.60,0.6867,-1,-1,-1
436,54,1682.56,88.71,67.54,171.10,0.1681,-1,-1,-1
436,43,760.05,566.74,81.97,250.76,0.6867,-1,-1,-1
436,48,1316.05,521.96,85.34,182.71,0.4838,-1,-1,-1
437,3,1000.58,925.48,83.66,152.42,0.7146,-1,-1,-1
437,4,1723.96,465.85,72.96,200.77,0.5036,-1,-1,-1
437,19,445.61,223.92,73.88,199.93,0.6121,-1,-1,-1
437,8,275.44,627.74,89.74,255.23,0.7763,-1,-1,-1
437,28,880.99,574.61,74.96,216.00,0.6402,-1,-1,-1
437,35,942.80,3.06,56.60,167.08,0.4459,-1,-1,-1
437,41,1006.00,18.34,56.61,157.75,0.4088,-1,-1,-1
437,21,793.45,148.68,56.65,171.21,0.3991,-1,-1,-1
437,50,967.92,589.82,69.32,223.71,0.6094,-1,-1,-1
437,26,367.77,655.33,76.60,236.48,0.7367,-1,-1,-1
437,52,1751.69,128.78,54.02,182.61,0.1637,-1,-1,-1
437,5,1574.57,637.64,80.75,214.72,0.3283,-1,-1,-1
437,2,760.97,566.98,80.90,251.28,0.6855,-1,-1,-1
437,54,1685.81,86.20,68.52,176.41,0.1564,-1,-1,-1
437,43,760.87,567.00,81.35,251.42,0.6855,-1,-1,-1
437,48,1320.55,525.96,82.08,178.89,0.4389,-1,-1,-1
438,3,1003.48,925.57,83.25,152.40,0.7073,-1,-1,-1
438,4,1723.40,464.49,71.83,203.39,0.5341,-1,-1,-1
438,19,446.54,224.28,73.03,198.74,0.6165,-1,-1,-1
438,8,273.95,630.23,89.71,259.45,0.7686,-1,-1,-1
438,28,881.46,575.32,75.46,222.07,0.6689,-1,-1,-1
438,35,942.68,2.23,56.06,165.87,0.4114,-1,-1,-1
438,41,1005.90,16.62,56.47,157.73,0.3377,-1,-1,-1
438,21,792.96,148.65,57.57,170.78,0.4232,-1,-1,-1
438,50,967.71,591.76,71.10,225.39,0.5798,-1,-1,-1
438,26,367.14,656.60,75.07,236.09,0.7399,-1,-1,-1
438,52,1750.51,136.83,67.78,179.08,0.1818,-1,-1,-1
438,5,1573.55,635.94,76.69,216.19,0.3567,-1,-1,-1
438,2,762.82,567.41,79.00,251.88,0.6778,-1,-1,-1
438,54,1688.33,86.40,69.80,179.09,0.1585,-1,-1,-1
438,43,762.73,567.42,79.39,252.00,0.6778,-1,-1,-1
438,48,1323.92,530.00,81.79,175.79,0.3236,-1,-1,-1
439,3,1005.71,925.54,83.94,152.67,0.6935,-1,-1,-1
439,4,1722.98,462.44,71.35,204.74,0.5582,-1,-1,-1
439,19,447.74,223.99,72.09,199.55,0.6157,-1,-1,-1
439,8,274.63,631.65,86.57,261.87,0.7550,-1,-1,-1
439,28,882.37,576.08,76.32,225.31,0.6671,-1,-1,-1
439,35,942.54,0.62,55.07,165.19,0.4090,-1,-1,-1
439,41,1006.21,15.04,56.25,156.99,0.3238,-1,-1,-1
439,21,792.96,147.76,57.88,171.97,0.4348,-1,-1,-1
439,50,967.50,594.68,71.96,225.35,0.5633,-1,-1,-1
439,26,365.61,657.33,75.45,236.16,0.7629,-1,-1,-1
439,52,1749.86,90.46,74.06,227.18,0.1369,-1,-1,-1
439,5,1572.65,636.80,73.38,216.11,0.3066,-1,-1,-1
439,2,764.66,568.51,77.61,251.14,0.6470,-1,-1,-1
439,54,1688.72,86.44,71.06,179.70,0.1752,-1,-1,-1
439,43,764.58,568.52,77.95,251.25,0.6470,-1,-1,-1
439,48,1330.04,536.01,76.92,177.15,0.2925,-1,-1,-1
440,3,1007.39,925.37,84.97,152.88,0.6972,-1,-1,-1
440,4,1723.39,461.43,70.80,205.24,0.6071,-1,-1,-1
440,19,447.43,223.09,72.65,199.38,0.6124,-1,-1,-1
440,8,272.38,633.77,88.47,262.17,0.7626,-1,-1,-1
440,28,883.16,576.76,76.94,225.70,0.6684,-1,-1,-1
440,35,941.86,0.02,54.81,161.86,0.4343,-1,-1,-1
440,41,1005.88,13.90,55.91,153.93,0.3644,-1,-1,-1
440,21,793.90,147.29,56.74,172.28,0.4462,-1,-1,-1
440,50,967.29,596.67,73.69,224.87,0.5853,-1,-1,-1
440,26,366.38,657.52,73.34,240.22,0.7498,-1,-1,-1
440,52,1745.89,74.24,77.24,244.98,0.1628,-1,-1,-1
440,5,1572.56,635.73,67.38,217.24,0.2867,-1,-1,-1
440,2,766.99,568.87,76.03,250.40,0.6693,-1,-1,-1
440,54,1688.79,85.27,69.34,182.66,0.1569,-1,-1,-1
440,43,766.92,568.88,76.33,250.49,0.6693,-1,-1,-1
440,48,1336.87,531.90,73.77,190.62,0.2740,-1,-1,-1
441,3,1009.67,924.45,84.93,154.09,0.7325,-1,-1,-1
441,4,1723.45,460.16,70.56,206.27,0.5941,-1,-1,-1
441,19,447.34,220.81,72.40,199.87,0.6134,-1,-1,-1
441,8,270.45,636.16,89.87,260.22,0.7676,-1,-1,-1
441,28,885.83,577.14,73.84,219.87,0.6603,-1,-1,-1
441,35,941.73,-0.14,54.71,159.47,0.4088,-1,-1,-1
441,41,1005.53,13.25,56.10,152.56,0.3683,-1,-1,-1
441,21,793.39,147.51,56.91,171.76,0.4633,-1,-1,-1
441,50,965.82,598.85,75.95,222.65,0.5202,-1,-1,-1
441,26,365.65,659.31,72.72,244.75,0.7757,-1,-1,-1
441,52,1743.67,67.99,77.15,252.63,0.1735,-1,-1,-1
441,5,1572.17,635.05,63.00,218.34,0.2928,-1,-1,-1
441,2,770.60,569.81,71.47,250.62,0.6537,-1,-1,-1
441,54,1688.08,86.56,67.86,183.14,0.1265,-1,-1,-1
441,43,770.53,569.82,71.73,250.71,0.6537,-1,-1,-1
441,48,1343.41,531.06,70.96,195.06,0.3895,-1,-1,-1
442,3,1011.53,924.30,85.30,154.19,0.7427,-1,-1,-1
442,4,1724.41,459.54,69.42,207.46,0.5854,-1,-1,-1
442,19,447.23,218.84,72.07,197.83,0.5449,-1,-1,-1
442,8,267.44,638.54,90.41,260.57,0.7724,-1,-1,-1
442,28,886.79,578.03,73.86,218.01,0.6405,-1,-1,-1
442,35,941.11,-0.22,55.39,156.78,0.4213,-1,-1,-1
442,41,1005.00,12.32,56.30,152.95,0.3804,-1,-1,-1
442,21,793.67,147.61,55.95,171.39,0.4318,-1,-1,-1
442,50,966.52,599.89,75.82,221.55,0.5358,-1,-1,-1
442,26,363.31,662.09,73.84,245.32,0.7717,-1,-1,-1
442,5,1572.58,631.00,58.23,223.27,0.2416,-1,-1,-1
442,2,774.03,570.62,68.36,251.18,0.6382,-1,-1,-1
442,54,1691.43,93.29,65.06,178.00,0.1750,-1,-1,-1
442,43,773.97,570.63,68.58,251.26,0.6382,-1,-1,-1
442,48,1358.05,528.23,62.11,198.18,0.3797,-1,-1,-1
443,3,1013.11,924.32,86.00,154.55,0.7337,-1,-1,-1
443,4,1724.88,459.40,68.93,207.57,0.5816,-1,-1,-1
443,19,447.66,217.37,71.95,194.96,0.5325,-1,-1,-1
443,8,263.56,640.72,91.33,260.83,0.7559,-1,-1,-1
443,28,885.46,580.12,76.51,226.54,0.6011,-1,-1,-1
443,35,938.76,-0.18,56.62,156.41,0.4308,-1,-1,-1
443,41,1004.69,12.04,56.68,153.52,0.3920,-1,-1,-1
443,21,793.88,147.54,55.51,171.95,0.4224,-1,-1,-1
443,50,967.13,601.45,74.91,221.04,0.4738,-1,-1,-1
443,26,360.22,665.08,75.50,245.61,0.7663,-1,-1,-1
443,5,1571.61,631.31,57.39,223.00,0.2283,-1,-1,-1
443,2,776.37,570.79,67.99,250.27,0.6221,-1,-1,-1
443,54,1690.07,97.09,64.77,176.37,0.1407,-1,-1,-1
443,43,776.32,570.80,68.16,250.33,0.6221,-1,-1,-1
443,48,1362.41,527.46,63.97,204.72,0.4459,-1,-1,-1
444,3,1015.32,924.79,85.34,154.45,0.7497,-1,-1,-1
444,4,1725.29,458.93,68.71,208.22,0.5788,-1,-1,-1
444,19,446.44,215.64,72.93,191.97,0.5111,-1,-1,-1
444,8,259.84,643.34,92.94,258.93,0.7690,-1,-1,-1
444,28,885.96,582.60,75.73,229.53,0.6191,-1,-1,-1
444,35,938.13,-0.24,56.38,157.16,0.4113,-1,-1,-1
444,41,1004.54,11.99,56.69,152.68,0.3931,-1,-1,-1
444,21,792.70,147.28,55.86,171.83,0.4181,-1,-1,-1
444,50,966.87,602.80,75.76,220.19,0.4638,-1,-1,-1
444,26,358.56,668.03,75.78,246.73,0.7725,-1,-1,-1
444,5,1570.33,633.49,57.55,219.64,0.2510,-1,-1,-1
444,2,778.85,570.99,67.32,252.03,0.6432,-1,-1,-1
444,43,778.81,571.00,67.47,252.09,0.6432,-1,-1,-1
444,48,1368.86,529.70,63.74,185.00,0.2522,-1,-1,-1
445,3,1016.48,923.94,85.19,155.49,0.7426,-1,-1,-1
445,4,1724.78,458.26,68.98,208.32,0.5721,-1,-1,-1
445,19,445.30,214.03,73.45,191.14,0.5377,-1,-1,-1
445,8,256.85,644.19,93.66,257.67,0.7529,-1,-1,-1
445,28,885.57,584.43,75.91,229.67,0.6495,-1,-1,-1
445,35,939.34,-0.22,55.80,156.52,0.4241,-1,-1,-1
445,41,1005.27,11.39,56.30,156.08,0.3944,-1,-1,-1
445,21,793.18,147.75,55.24,172.39,0.4055,-1,-1,-1
445,50,966.73,602.87,76.64,221.18,0.5778,-1,-1,-1
445,26,358.07,671.71,74.96,244.10,0.7518,-1,-1,-1
445,5,1570.84,634.33,55.80,218.11,0.2293,-1,-1,-1
445,2,780.17,571.45,69.33,251.89,0.6488,-1,-1,-1
445,43,780.13,571.46,69.46,251.94,0.6488,-1,-1,-1
445,48,1367.23,530.88,73.06,185.35,0.1125,-1,-1,-1
446,3,1018.94,923.62,83.58,155.19,0.7476,-1,-1,-1
446,4,1724.91,457.86,68.60,209.00,0.5625,-1,-1,-1
446,19,444.53,212.28,73.46,191.86,0.5334,-1,-1,-1
446,8,253.53,645.53,95.31,256.37,0.7522,-1,-1,-1
446,28,884.86,586.27,76.97,234.80,0.6286,-1,-1,-1
446,35,941.05,-0.19,53.85,154.75,0.4123,-1,-1,-1
446,41,1004.76,11.50,56.48,155.23,0.3788,-1,-1,-1
446,21,793.59,147.68,54.35,172.60,0.3862,-1,-1,-1
446,50,965.34,603.65,77.94,219.51,0.5974,-1,-1,-1
446,26,356.63,674.46,74.53,244.99,0.7413,-1,-1,-1
446,5,1571.65,630.39,54.10,221.91,0.1637,-1,-1,-1
446,2,782.34,572.08,70.96,250.33,0.6330,-1,-1,-1
446,43,782.31,572.09,71.07,250.38,0.6330,-1,-1,-1
447,3,1020.29,922.19,82.85,157.07,0.7501,-1,-1,-1
447,4,1722.70,458.04,70.61,209.47,0.5636,-1,-1,-1
447,19,444.27,210.88,73.11,193.32,0.5186,-1,-1,-1
447,8,251.85,647.25,96.60,255.10,0.7632,-1,-1,-1
447,28,884.65,588.62,77.02,235.87,0.6176,-1,-1,-1
447,35,941.73,-0.15,52.30,154.00,0.3907,-1,-1,-1
447,41,1004.73,11.48,56.03,154.69,0.3495,-1,-1,-1
447,21,793.02,148.60,57.26,172.03,0.3549,-1,-1,-1
447,50,967.00,607.10,76.96,212.63,0.5581,-1,-1,-1
447,26,355.16,676.53,74.71,244.68,0.7557,-1,-1,-1
447,5,1571.99,629.58,52.75,222.07,0.1781,-1,-1,-1
447,2,784.69,572.39,72.03,249.15,0.6364,-1,-1,-1
447,43,784.66,572.39,72.13,249.19,0.6364,-1,-1,-1
448,3,1022.25,921.33,81.16,157.69,0.7502,-1,-1,-1
448,4,1720.83,458.00,72.46,209.73,0.5695,-1,-1,-1
448,19,443.17,210.03,73.27,193.39,0.5446,-1,-1,-1
448,8,250.68,647.90,96.56,253.91,0.7706,-1,-1,-1
448,28,883.27,590.60,79.17,241.22,0.6489,-1,-1,-1
448,35,941.06,-0.11,52.15,153.88,0.4614,-1,-1,-1
448,41,1004.72,11.76,55.73,154.60,0.4224,-1,-1,-1
448,21,793.86,148.87,56.76,171.51,0.3677,-1,-1,-1
448,50,967.55,608.22,76.63,212.08,0.6531,-1,-1,-1
448,26,353.91,678.36,74.15,243.72,0.7585,-1,-1,-1
448,5,1569.68,629.94,54.60,221.03,0.1995,-1,-1,-1
448,2,786.43,572.18,74.84,248.69,0.6536,-1,-1,-1
448,43,786.41,572.18,74.93,248.72,0.6536,-1,-1,-1
449,3,1023.39,921.71,80.67,157.33,0.7503,-1,-1,-1
449,4,1722.27,457.31,73.77,209.76,0.5459,-1,-1,-1
449,19,442.85,209.59,72.73,193.30,0.5240,-1,-1,-1
449,8,250.72,648.40,95.78,253.03,0.7614,-1,-1,-1
449,28,882.41,593.15,81.02,244.99,0.6599,-1,-1,-1
449,35,939.22,-0.12,52.49,154.18,0.4381,-1,-1,-1
449,41,1004.88,11.89,55.30,153.95,0.3977,-1,-1,-1
449,21,793.49,149.01,57.52,171.43,0.3744,-1,-1,-1
449,50,966.73,609.90,78.43,211.04,0.6526,-1,-1,-1
449,26,351.00,679.30,75.40,243.10,0.7629,-1,-1,-1
449,5,1566.59,631.70,57.57,218.93,0.2454,-1,-1,-1
449,2,787.44,572.78,76.39,247.91,0.6551,-1,-1,-1
449,43,787.42,572.79,76.47,247.94,0.6551,-1,-1,-1
450,3,1024.70,920.76,79.53,157.93,0.7473,-1,-1,-1
450,4,1722.89,457.24,73.66,209.89,0.5642,-1,-1,-1
450,19,442.66,209.14,72.01,194.10,0.5358,-1,-1,-1
450,8,249.22,650.00,96.26,250.06,0.7589,-1,-1,-1
450,28,881.97,594.38,82.45,246.02,0.6518,-1,-1,-1
450,35,938.77,-0.10,52.22,153.61,0.4795,-1,-1,-1
450,41,1004.91,11.74,55.38,153.28,0.3956,-1,-1,-1
450,21,793.95,148.87,56.86,171.57,0.3725,-1,-1,-1
450,50,968.47,611.29,77.08,211.27,0.6552,-1,-1,-1
450,26,348.35,679.45,77.30,243.11,0.7609,-1,-1,-1
450,5,1562.95,632.06,60.57,218.07,0.2081,-1,-1,-1
450,2,788.20,573.56,77.39,246.87,0.6372,-1,-1,-1
450,43,788.18,573.56,77.47,246.90,0.6372,-1,-1,-1
451,3,1026.15,921.66,78.37,157.90,0.7439,-1,-1,-1
451,4,1720.24,457.81,74.45,209.10,0.5199,-1,-1,-1
451,19,440.99,208.95,73.00,193.98,0.5076,-1,-1,-1
451,8,249.26,651.94,93.74,247.23,0.7250,-1,-1,-1
451,28,881.67,596.99,82.51,244.57,0.6080,-1,-1,-1
451,35,938.20,-0.11,52.61,153.92,0.4595,-1,-1,-1
451,41,1004.82,12.17,55.13,153.29,0.3784,-1,-1,-1
451,21,795.41,149.00,52.86,170.73,0.3660,-1,-1,-1
451,50,970.80,612.48,75.75,215.24,0.6075,-1,-1,-1
451,26,346.22,680.58,77.49,243.76,0.7554,-1,-1,-1
451,5,1559.94,629.08,63.60,221.87,0.2715,-1,-1,-1
451,2,789.59,575.09,76.32,244.73,0.6333,-1,-1,-1
451,43,789.57,575.09,76.38,244.75,0.6333,-1,-1,-1
452,3,1027.34,921.85,77.41,158.03,0.7638,-1,-1,-1
452,4,1719.15,458.22,74.94,208.78,0.5371,-1,-1,-1
452,19,440.22,208.13,73.84,194.93,0.4617,-1,-1,-1
452,8,249.23,653.52,92.24,249.35,0.7525,-1,-1,-1
452,28,883.93,598.25,80.61,244.70,0.6392,-1,-1,-1
452,35,937.97,-0.12,52.63,155.96,0.4921,-1,-1,-1
452,41,1004.64,12.25,55.02,152.66,0.3808,-1,-1,-1
452,21,796.22,148.51,51.30,170.21,0.3514,-1,-1,-1
452,50,972.20,614.00,76.40,219.14,0.6030,-1,-1,-1
452,26,343.45,680.87,79.19,242.35,0.7864,-1,-1,-1
452,5,1558.66,623.58,64.86,227.30,0.4182,-1,-1,-1
452,2,791.88,575.56,75.59,244.99,0.6450,-1,-1,-1
452,43,791.86,575.57,75.65,245.01,0.6450,-1,-1,-1
452,48,1412.52,542.25,71.16,155.91,0.3922,-1,-1,-1
453,3,1028.03,921.51,76.90,158.46,0.7543,-1,-1,-1
453,4,1718.30,458.67,75.57,208.51,0.5330,-1,-1,-1
453,19,440.50,208.10,72.53,195.52,0.4324,-1,-1,-1
453,8,249.00,655.94,90.99,251.83,0.7495,-1,-1,-1
453,28,887.71,599.79,77.41,242.80,0.6336,-1,-1,-1
453,35,937.68,-0.07,52.50,155.97,0.5078,-1,-1,-1
453,41,1004.75,11.91,54.93,152.64,0.4045,-1,-1,-1
453,21,795.64,148.02,51.00,171.92,0.3078,-1,-1,-1
453,50,972.82,616.64,76.89,220.59,0.6078,-1,-1,-1
453,26,341.57,681.04,80.24,241.62,0.7834,-1,-1,-1
453,5,1549.50,618.83,75.72,231.96,0.4650,-1,-1,-1
453,2,794.43,576.98,75.89,244.87,0.6387,-1,-1,-1
453,43,794.41,576.99,75.94,244.89,0.6387,-1,-1,-1
453,48,1422.00,544.00,69.88,154.80,0.3838,-1,-1,-1
454,3,1027.79,921.12,77.26,158.93,0.7552,-1,-1,-1
454,4,1716.62,458.03,76.99,208.54,0.5616,-1,-1,-1
454,19,443.44,207.81,68.75,196.67,0.4458,-1,-1,-1
454,8,247.92,657.41,91.55,254.71,0.7521,-1,-1,-1
454,28,885.04,600.78,80.95,241.55,0.6417,-1,-1,-1
454,35,937.15,-0.01,52.79,155.78,0.5302,-1,-1,-1
454,41,1005.29,11.33,54.20,153.35,0.4116,-1,-1,-1
454,21,795.31,148.12,53.07,171.47,0.3311,-1,-1,-1
454,50,976.11,618.74,74.37,220.37,0.6455,-1,-1,-1
454,26,339.87,681.77,82.11,240.90,0.7978,-1,-1,-1
454,5,1554.50,620.81,69.04,230.50,0.4468,-1,-1,-1
454,2,796.36,578.04,74.35,244.04,0.6215,-1,-1,-1
454,43,796.35,578.04,74.40,244.06,0.6215,-1,-1,-1
454,48,1426.58,544.16,69.30,156.36,0.3619,-1,-1,-1
454,55,1661.49,359.77,66.72,190.91,0.4124,-1,-1,-1
455,3,1028.52,921.61,77.08,158.37,0.7529,-1,-1,-1
455,4,1715.50,457.85,78.23,209.59,0.5581,-1,-1,-1
455,19,442.19,204.97,70.43,197.63,0.4556,-1,-1,-1
455,8,246.87,658.44,92.94,258.01,0.7569,-1,-1,-1
455,28,885.76,601.58,80.74,237.57,0.6320,-1,-1,-1
455,35,937.43,0.10,51.91,155.36,0.5346,-1,-1,-1
455,41,1005.74,10.86,53.79,152.93,0.4312,-1,-1,-1
455,21,794.20,148.03,55.01,171.25,0.3225,-1,-1,-1
455,50,977.14,621.50,75.73,217.38,0.6435,-1,-1,-1
455,26,339.34,683.01,80.81,242.03,0.7862,-1,-1,-1
455,5,1544.77,616.41,79.18,234.55,0.4991,-1,-1,-1
455,2,797.47,579.38,74.97,242.83,0.6459,-1,-1,-1
455,43,797.46,579.38,75.01,242.85,0.6459,-1,-1,-1
455,48,1429.53,544.49,70.34,156.80,0.2826,-1,-1,-1
455,55,1661.42,359.34,65.63,191.07,0.3732,-1,-1,-1
456,3,1028.90,921.71,77.50,158.25,0.7448,-1,-1,-1
456,4,1715.74,457.89,77.81,209.72,0.5721,-1,-1,-1
456,19,443.20,203.79,68.23,198.14,0.5163,-1,-1,-1
456,8,245.84,660.34,93.20,260.85,0.7581,-1,-1,-1
456,28,885.39,602.06,83.11,236.58,0.6556,-1,-1,-1
456,35,937.71,-0.01,51.35,154.52,0.5443,-1,-1,-1
456,41,1006.11,9.65,53.40,153.18,0.4678,-1,-1,-1
456,21,794.06,146.40,55.64,172.49,0.3077,-1,-1,-1
456,50,978.75,623.58,76.14,219.32,0.6811,-1,-1,-1
456,26,337.55,684.33,80.90,245.56,0.7767,-1,-1,-1
456,5,1547.84,614.92,76.12,236.30,0.4729,-1,-1,-1
456,2,798.65,580.81,74.46,241.52,0.6527,-1,-1,-1
456,43,798.64,580.81,74.50,241.53,0.6527,-1,-1,-1
456,48,1432.44,544.54,68.24,156.68,0.2771,-1,-1,-1
456,55,1659.43,359.30,65.88,191.98,0.3938,-1,-1,-1
457,3,1028.89,921.94,77.90,158.05,0.7306,-1,-1,-1
457,4,1715.14,458.00,78.54,209.40,0.6010,-1,-1,-1
457,19,444.31,201.80,66.48,198.32,0.5362,-1,-1,-1
457,8,244.38,662.49,94.38,261.85,0.7619,-1,-1,-1
457,28,886.41,602.83,83.74,237.23,0.6549,-1,-1,-1
457,35,937.72,-0.01,51.10,153.12,0.5351,-1,-1,-1
457,41,1006.22,9.24,53.31,151.04,0.4524,-1,-1,-1
457,21,792.54,145.55,57.57,174.22,0.3197,-1,-1,-1
457,50,980.08,625.02,75.48,221.24,0.6708,-1,-1,-1
457,26,335.99,687.53,79.84,248.16,0.7935,-1,-1,-1
457,5,1549.08,614.19,74.68,238.26,0.4565,-1,-1,-1
457,2,800.28,581.50,72.67,241.37,0.6690,-1,-1,-1
457,43,800.27,581.50,72.70,241.38,0.6690,-1,-1,-1
457,48,1434.91,545.07,68.15,152.87,0.1751,-1,-1,-1
457,55,1658.84,359.52,65.16,189.76,0.4065,-1,-1,-1
458,3,1028.69,921.70,79.03,158.35,0.7396,-1,-1,-1
458,4,1714.83,458.11,79.11,210.00,0.5700,-1,-1,-1
458,19,445.58,200.00,64.68,196.08,0.5317,-1,-1,-1
458,8,243.02,665.25,95.91,262.27,0.7638,-1,-1,-1
458,28,891.81,604.00,79.94,238.56,0.6841,-1,-1,-1
458,35,936.35,-0.01,52.23,151.97,0.4903,-1,-1,-1
458,41,1006.04,8.40,53.80,148.90,0.4154,-1,-1,-1
458,21,795.16,145.59,54.88,174.02,0.3023,-1,-1,-1
458,50,980.51,625.81,77.16,222.14,0.6740,-1,-1,-1
458,26,334.89,690.96,79.29,247.97,0.7933,-1,-1,-1
458,5,1549.88,613.62,73.57,238.67,0.4577,-1,-1,-1
458,2,801.94,583.26,73.84,240.75,0.6576,-1,-1,-1
458,43,801.93,583.27,73.86,240.75,0.6576,-1,-1,-1
458,55,1657.57,358.79,63.98,189.81,0.4433,-1,-1,-1
459,3,1028.20,921.41,80.07,158.62,0.7310,-1,-1,-1
459,4,1716.50,458.30,77.38,209.63,0.5413,-1,-1,-1
459,19,445.69,197.46,64.44,194.13,0.4999,-1,-1,-1
459,8,242.18,667.80,96.22,264.70,0.7719,-1,-1,-1
459,28,895.05,605.59,78.05,238.42,0.6813,-1,-1,-1
459,35,935.82,0.01,52.50,148.99,0.4691,-1,-1,-1
459,41,1007.22,7.40,52.51,146.52,0.3968,-1,-1,-1
459,21,794.03,145.30,55.91,174.73,0.2826,-1,-1,-1
459,50,981.05,627.66,78.87,221.81,0.6877,-1,-1,-1
459,26,334.02,694.76,77.80,246.73,0.8080,-1,-1,-1
459,5,1550.48,613.75,71.95,238.76,0.4907,-1,-1,-1
459,2,803.76,584.10,75.45,240.56,0.6422,-1,-1,-1
459,43,803.76,584.10,75.47,240.57,0.6422,-1,-1,-1
459,55,1655.69,357.46,63.81,189.58,0.3799,-1,-1,-1
459,56,1836.96,382.60,73.85,200.91,0.3715,-1,-1,-1
460,3,1028.14,921.38,80.60,158.64,0.7354,-1,-1,-1
460,4,1717.31,457.32,76.48,211.01,0.5457,-1,-1,-1
460,19,445.23,195.57,65.48,191.28,0.5144,-1,-1,-1
460,8,241.89,668.68,96.44,266.92,0.7748,-1,-1,-1
460,28,897.35,607.04,78.10,239.92,0.7076,-1,-1,-1
460,35,934.43,0.09,54.40,147.53,0.5077,-1,-1,-1
460,41,1008.03,5.95,51.43,146.53,0.4398,-1,-1,-1
460,21,795.22,145.73,54.79,173.98,0.3152,-1,-1,-1
460,50,982.26,628.59,78.69,221.16,0.6722,-1,-1,-1
460,26,333.88,698.21,77.46,243.75,0.8116,-1,-1,-1
460,5,1551.42,615.06,69.43,237.87,0.4465,-1,-1,-1
460,2,805.70,584.24,77.50,240.65,0.6625,-1,-1,-1
460,43,805.70,584.24,77.52,240.66,0.6625,-1,-1,-1
460,55,1652.88,353.65,65.00,195.14,0.1779,-1,-1,-1
460,56,1832.40,379.79,77.76,207.61,0.3329,-1,-1,-1
461,3,1027.99,921.64,81.19,158.39,0.7365,-1,-1,-1
461,4,1718.98,457.55,74.96,210.40,0.5476,-1,-1,-1
461,19,444.97,193.54,65.60,190.31,0.5138,-1,-1,-1
461,8,241.44,670.11,97.74,266.71,0.7844,-1,-1,-1
461,28,898.62,609.44,78.63,240.22,0.7093,-1,-1,-1
461,35,933.98,0.78,55.10,145.58,0.4429,-1,-1,-1
461,41,1007.86,5.35,51.87,147.73,0.4040,-1,-1,-1
461,21,796.34,145.37,54.01,173.88,0.3443,-1,-1,-1
461,50,983.10,629.58,78.82,221.08,0.6586,-1,-1,-1
461,26,333.93,701.64,77.20,244.58,0.8070,-1,-1,-1
461,5,1551.08,613.39,68.78,238.95,0.4312,-1,-1,-1
461,2,807.70,583.60,78.86,240.44,0.6707,-1,-1,-1
461,43,807.70,583.60,78.88,240.45,0.6707,-1,-1,-1
461,55,1652.06,351.75,64.52,192.15,0.1597,-1,-1,-1
461,56,1827.65,378.99,77.23,203.33,0.3261,-1,-1,-1
462,3,1027.82,921.57,81.06,158.38,0.7498,-1,-1,-1
462,4,1720.04,455.87,74.34,212.85,0.5332,-1,-1,-1
462,19,444.18,192.54,66.31,189.54,0.5091,-1,-1,-1
462,8,241.81,671.62,95.13,265.29,0.7662,-1,-1,-1
462,28,899.49,611.29,79.02,239.78,0.7144,-1,-1,-1
462,35,933.31,2.72,56.28,142.98,0.3588,-1,-1,-1
462,41,1007.84,4.73,52.20,148.80,0.4001,-1,-1,-1
462,21,797.75,145.35,52.50,173.94,0.3495,-1,-1,-1
462,50,984.01,630.82,79.42,219.70,0.6686,-1,-1,-1
462,26,332.60,703.67,78.55,247.16,0.8079,-1,-1,-1
462,5,1553.17,617.73,65.73,234.67,0.3258,-1,-1,-1
462,2,809.47,583.58,80.97,241.75,0.6680,-1,-1,-1
462,43,809.46,583.58,80.99,241.76,0.6680,-1,-1,-1
462,55,1651.43,350.73,63.72,187.97,0.1578,-1,-1,-1
462,56,1825.05,377.58,85.40,207.71,0.3072,-1,-1,-1
463,3,1027.63,921.33,81.12,158.62,0.7400,-1,-1,-1
463,4,1719.98,456.48,74.31,211.81,0.5607,-1,-1,-1
463,19,444.14,193.25,67.18,188.43,0.4822,-1,-1,-1
463,8,242.03,673.40,93.50,264.99,0.7677,-1,-1,-1
463,28,901.00,613.44,78.74,236.93,0.7067,-1,-1,-1
463,35,933.91,3.38,55.68,141.71,0.4157,-1,-1,-1
463,41,1007.14,4.28,53.51,149.84,0.4364,-1,-1,-1
463,21,797.28,144.69,53.27,174.33,0.3635,-1,-1,-1
463,50,986.19,631.44,78.49,216.56,0.6904,-1,-1,-1
463,26,331.96,704.53,79.04,248.97,0.8071,-1,-1,-1
463,5,1553.09,615.10,65.46,236.99,0.3084,-1,-1,-1
463,2,810.99,583.58,83.79,242.66,0.6871,-1,-1,-1
463,43,810.98,583.58,83.80,242.66,0.6871,-1,-1,-1
463,55,1650.15,346.78,63.82,190.64,0.1041,-1,-1,-1
463,56,1821.12,376.20,79.44,203.80,0.3667,-1,-1,-1
464,3,1027.22,921.07,81.39,158.93,0.7489,-1,-1,-1
464,4,1719.46,455.86,74.80,212.25,0.5242,-1,-1,-1
464,19,444.04,191.72,69.59,189.94,0.4858,-1,-1,-1
464,8,241.11,675.33,95.35,264.62,0.7494,-1,-1,-1
464,28,902.59,615.83,77.94,234.74,0.6802,-1,-1,-1
464,35,934.14,2.65,55.42,142.54,0.3833,-1,-1,-1
464,41,1006.78,3.31,54.24,151.32,0.4628,-1,-1,-1
464,21,796.78,144.76,54.03,173.79,0.3757,-1,-1,-1
464,50,986.38,632.32,78.21,216.96,0.6616,-1,-1,-1
464,26,333.35,705.87,76.92,250.34,0.8035,-1,-1,-1
464,5,1551.98,620.55,66.30,231.78,0.2565,-1,-1,-1
464,2,812.08,584.44,87.45,244.08,0.6955,-1,-1,-1
464,43,812.08,584.44,87.47,244.08,0.6955,-1,-1,-1
464,56,1819.25,374.78,75.57,203.82,0.3434,-1,-1,-1
465,3,1026.72,921.72,81.36,158.29,0.7429,-1,-1,-1
465,4,1720.18,456.00,74.09,212.34,0.5301,-1,-1,-1
465,19,443.25,191.20,71.71,190.98,0.5128,-1,-1,-1
465,8,240.25,677.46,95.72,261.80,0.7564,-1,-1,-1
465,28,903.63,618.07,78.44,232.00,0.6821,-1,-1,-1
465,35,934.16,2.56,55.62,142.42,0.4026,-1,-1,-1
465,41,1006.64,3.76,54.65,150.63,0.4292,-1,-1,-1
465,21,798.02,144.84,52.94,174.25,0.3959,-1,-1,-1
465,50,988.05,634.66,77.24,215.79,0.6505,-1,-1,-1
465,26,334.50,706.99,73.82,250.66,0.7918,-1,-1,-1
465,5,1552.51,616.89,65.77,235.42,0.2331,-1,-1,-1
465,2,812.79,585.26,90.20,243.62,0.6829,-1,-1,-1
465,43,812.78,585.26,90.21,243.62,0.6829,-1,-1,-1
465,56,1815.62,372.84,76.23,202.82,0.3463,-1,-1,-1
466,3,1026.48,922.33,81.50,157.87,0.7224,-1,-1,-1
466,4,1721.32,455.99,72.57,211.70,0.5422,-1,-1,-1
466,19,443.22,190.86,72.15,190.63,0.5269,-1,-1,-1
466,8,239.70,679.60,90.56,257.92,0.7708,-1,-1,-1
466,28,904.27,620.56,79.04,232.06,0.6907,-1,-1,-1
466,35,935.77,2.12,53.97,142.35,0.4292,-1,-1,-1
466,41,1006.29,2.99,55.22,150.73,0.4543,-1,-1,-1
466,21,799.29,144.68,51.65,175.08,0.3824,-1,-1,-1
466,50,989.65,637.11,76.27,217.74,0.6281,-1,-1,-1
466,26,334.13,707.46,73.03,250.00,0.7793,-1,-1,-1
466,5,1554.47,619.82,63.93,231.40,0.1405,-1,-1,-1
466,2,812.45,585.01,92.93,243.41,0.7228,-1,-1,-1
466,43,812.44,585.01,92.94,243.41,0.7228,-1,-1,-1
466,56,1813.04,371.75,78.36,204.87,0.4134,-1,-1,-1
467,3,1026.24,922.29,81.92,156.51,0.7228,-1,-1,-1
467,4,1721.31,454.71,72.71,213.58,0.5504,-1,-1,-1
467,19,444.25,190.83,72.59,189.99,0.5819,-1,-1,-1
467,8,238.72,680.89,89.36,252.84,0.7722,-1,-1,-1
467,28,904.93,621.66,79.18,235.47,0.7204,-1,-1,-1
467,35,937.06,2.84,52.69,142.34,0.4137,-1,-1,-1
467,41,1006.41,3.47,55.76,150.17,0.4453,-1,-1,-1
467,21,800.28,144.24,50.54,175.03,0.3321,-1,-1,-1
467,50,990.92,637.97,75.96,219.39,0.5957,-1,-1,-1
467,26,334.43,707.51,71.89,249.87,0.7877,-1,-1,-1
467,5,1556.02,623.08,63.24,227.03,0.1202,-1,-1,-1
467,2,811.48,584.78,95.05,244.65,0.7365,-1,-1,-1
467,43,811.48,584.78,95.06,244.65,0.7365,-1,-1,-1
467,56,1811.53,369.74,77.96,207.91,0.3932,-1,-1,-1
468,3,1026.58,922.55,81.46,155.79,0.7187,-1,-1,-1
468,4,1721.07,455.58,72.66,212.34,0.5397,-1,-1,-1
468,19,446.62,190.66,70.90,189.28,0.5440,-1,-1,-1
468,8,237.08,681.66,89.35,251.97,0.7835,-1,-1,-1
468,28,906.26,622.71,78.92,233.65,0.6928,-1,-1,-1
468,35,937.53,3.75,52.60,141.35,0.4520,-1,-1,-1
468,41,1005.99,3.70,56.22,149.63,0.4190,-1,-1,-1
468,21,799.10,143.53,52.44,176.31,0.3716,-1,-1,-1
468,50,991.18,640.40,76.24,219.01,0.5687,-1,-1,-1
468,26,334.02,708.65,71.58,247.29,0.7651,-1,-1,-1
468,5,1557.25,629.03,61.83,218.40,0.1733,-1,-1,-1
468,2,810.79,584.86,97.52,246.47,0.7377,-1,-1,-1
468,43,810.79,584.86,97.53,246.47,0.7377,-1,-1,-1
468,56,1808.23,368.31,79.10,210.10,0.4680,-1,-1,-1
469,3,1027.36,922.73,79.90,155.54,0.7272,-1,-1,-1
469,4,1721.24,454.49,72.41,212.61,0.5332,-1,-1,-1
469,19,448.49,189.48,69.60,188.82,0.5631,-1,-1,-1
469,8,234.76,683.47,91.19,252.18,0.7806,-1,-1,-1
469,28,907.82,623.61,78.51,231.26,0.6868,-1,-1,-1
469,35,937.04,3.67,53.88,140.83,0.4317,-1,-1,-1
469,41,1005.41,3.10,57.23,150.24,0.3837,-1,-1,-1
469,21,800.17,142.73,51.52,177.26,0.3490,-1,-1,-1
469,50,989.86,642.59,78.21,212.87,0.5474,-1,-1,-1
469,26,333.15,710.50,72.50,247.05,0.7775,-1,-1,-1
469,5,1558.75,631.40,60.82,213.30,0.1931,-1,-1,-1
469,2,810.27,584.92,99.72,248.70,0.7287,-1,-1,-1
469,43,810.27,584.92,99.73,248.71,0.7287,-1,-1,-1
469,56,1805.29,366.57,79.78,211.47,0.4944,-1,-1,-1
470,3,1026.51,922.41,80.20,156.03,0.7225,-1,-1,-1
470,4,1721.52,455.21,72.25,211.77,0.5311,-1,-1,-1
470,19,448.27,188.34,70.54,189.49,0.5750,-1,-1,-1
470,8,233.48,685.73,91.65,254.28,0.7879,-1,-1,-1
470,28,910.00,624.69,77.44,228.49,0.6452,-1,-1,-1
470,35,936.70,3.00,54.30,141.43,0.3947,-1,-1,-1
470,41,1005.12,1.84,57.36,151.10,0.3838,-1,-1,-1
470,21,799.68,142.49,51.98,177.50,0.3894,-1,-1,-1
470,50,990.24,644.37,77.46,215.72,0.4770,-1,-1,-1
470,26,331.73,712.11,73.06,245.88,0.7976,-1,-1,-1
470,5,1557.90,628.13,58.52,215.03,0.1944,-1,-1,-1
470,2,809.48,585.03,101.31,251.82,0.7260,-1,-1,-1
470,43,809.48,585.03,101.32,251.82,0.7260,-1,-1,-1
470,56,1803.99,365.02,79.46,210.20,0.4617,-1,-1,-1
471,3,1025.83,923.45,79.96,156.06,0.7271,-1,-1,-1
471,4,1721.21,455.23,72.73,212.86,0.5355,-1,-1,-1
471,19,449.74,185.84,69.25,192.45,0.5805,-1,-1,-1
471,8,231.53,687.84,93.59,258.48,0.7879,-1,-1,-1
471,28,911.57,625.35,77.74,223.16,0.5912,-1,-1,-1
471,35,937.26,3.10,53.58,140.66,0.4088,-1,-1,-1
471,41,1004.74,1.65,56.34,150.75,0.4061,-1,-1,-1
471,21,799.74,142.61,52.01,177.87,0.3667,-1,-1,-1
471,50,989.30,646.44,79.02,220.28,0.4884,-1,-1,-1
471,26,329.05,714.27,74.86,245.01,0.8037,-1,-1,-1
471,5,1559.15,627.10,55.78,216.20,0.1932,-1,-1,-1
471,2,809.07,585.57,103.22,254.85,0.7076,-1,-1,-1
471,43,809.07,585.57,103.23,254.86,0.7076,-1,-1,-1
471,56,1801.84,364.81,80.60,209.02,0.5075,-1,-1,-1
472,3,1025.70,924.14,79.18,155.73,0.7042,-1,-1,-1
472,4,1720.39,455.36,73.70,213.38,0.5548,-1,-1,-1
472,19,451.22,184.23,67.75,194.31,0.5978,-1,-1,-1
472,8,230.03,690.09,94.18,262.85,0.7863,-1,-1,-1
472,28,913.27,626.17,76.91,221.63,0.6320,-1,-1,-1
472,35,936.53,3.09,54.25,140.31,0.3718,-1,-1,-1
472,41,1004.15,0.44,55.74,151.65,0.4107,-1,-1,-1
472,21,799.80,142.05,52.89,178.30,0.3948,-1,-1,-1
472,50,989.36,647.72,79.30,223.24,0.5033,-1,-1,-1
472,26,327.61,716.40,76.05,245.68,0.8164,-1,-1,-1
472,2,809.12,586.45,102.64,256.95,0.7262,-1,-1,-1
472,43,809.12,586.45,102.64,256.95,0.7262,-1,-1,-1
472,56,1801.04,364.60,79.95,207.21,0.4954,-1,-1,-1
473,3,1024.51,925.27,80.04,154.82,0.7215,-1,-1,-1
473,4,1719.47,454.64,75.07,215.41,0.5501,-1,-1,-1
473,19,451.38,181.87,68.14,192.17,0.5696,-1,-1,-1
473,8,228.11,693.20,95.02,264.52,0.7660,-1,-1,-1
473,28,914.09,627.34,77.54,225.53,0.6851,-1,-1,-1
473,35,936.49,3.33,54.09,139.77,0.3647,-1,-1,-1
473,41,1003.57,-0.07,56.57,152.42,0.3402,-1,-1,-1
473,21,801.06,144.13,51.09,176.14,0.3748,-1,-1,-1
473,50,989.93,648.98,78.64,223.90,0.5336,-1,-1,-1
473,26,325.38,720.16,77.47,247.23,0.8012,-1,-1,-1
473,2,808.76,587.12,101.13,257.80,0.7552,-1,-1,-1
473,43,808.76,587.12,101.13,257.80,0.7552,-1,-1,-1
473,56,1798.51,363.61,82.01,207.53,0.4842,-1,-1,-1
474,3,1024.69,925.14,79.39,154.63,0.7101,-1,-1,-1
474,4,1717.79,454.93,76.57,215.32,0.5399,-1,-1,-1
474,19,452.97,179.42,67.16,190.63,0.5176,-1,-1,-1
474,8,226.42,694.82,95.81,267.56,0.7615,-1,-1,-1
474,28,914.24,628.07,79.13,226.30,0.6430,-1,-1,-1
474,35,936.71,3.19,54.05,139.95,0.3696,-1,-1,-1
474,41,1002.86,-0.19,57.04,152.47,0.3794,-1,-1,-1
474,21,800.79,143.49,51.14,177.04,0.3932,-1,-1,-1
474,50,990.78,650.19,77.77,225.89,0.5512,-1,-1,-1
474,26,323.75,723.16,78.34,249.88,0.7889,-1,-1,-1
474,2,808.53,587.75,99.73,257.65,0.7578,-1,-1,-1
474,43,808.53,587.75,99.74,257.65,0.7578,-1,-1,-1
474,56,1794.62,363.04,84.72,206.92,0.4751,-1,-1,-1
475,3,1024.94,925.38,78.13,154.36,0.7104,-1,-1,-1
475,4,1715.99,455.38,79.97,214.85,0.5218,-1,-1,-1
475,19,453.91,179.90,65.26,186.80,0.5141,-1,-1,-1
475,8,224.86,697.05,95.69,269.82,0.7566,-1,-1,-1
475,28,915.87,629.62,78.00,231.24,0.6726,-1,-1,-1
475,35,936.65,3.11,53.79,140.94,0.3579,-1,-1,-1
475,41,1002.47,-0.26,56.01,151.13,0.3840,-1,-1,-1
475,21,801.75,143.59,50.28,177.01,0.3915,-1,-1,-1
475,50,991.95,652.31,77.40,225.25,0.5985,-1,-1,-1
475,26,322.29,726.14,78.82,251.19,0.7796,-1,-1,-1
475,2,808.49,588.53,97.67,256.77,0.7549,-1,-1,-1
475,43,808.49,588.53,97.67,256.77,0.7549,-1,-1,-1
475,56,1792.21,363.08,85.72,206.87,0.4788,-1,-1,-1
476,3,1024.36,926.18,78.36,153.53,0.7218,-1,-1,-1
476,4,1713.54,455.93,82.82,214.12,0.4998,-1,-1,-1
476,19,453.86,179.51,65.20,185.09,0.5311,-1,-1,-1
476,8,223.83,699.90,95.55,269.42,0.7453,-1,-1,-1
476,28,916.24,631.17,78.42,231.11,0.6058,-1,-1,-1
476,35,936.78,3.24,53.52,141.33,0.3197,-1,-1,-1
476,41,1001.87,-0.25,55.56,148.39,0.3118,-1,-1,-1
476,21,802.37,142.91,49.71,177.08,0.4350,-1,-1,-1
476,50,994.94,654.33,74.44,223.43,0.5613,-1,-1,-1
476,26,321.40,728.22,78.52,250.48,0.7718,-1,-1,-1
476,2,808.25,589.05,94.87,256.43,0.7432,-1,-1,-1
476,43,808.25,589.05,94.87,256.43,0.7432,-1,-1,-1
476,56,1787.68,362.47,87.64,207.87,0.4429,-1,-1,-1
477,3,1023.90,926.71,78.46,153.13,0.7135,-1,-1,-1
477,4,1712.97,456.88,83.74,212.68,0.5110,-1,-1,-1
477,19,451.89,176.01,67.84,187.91,0.5386,-1,-1,-1
477,8,222.73,701.80,95.05,267.65,0.7464,-1,-1,-1
477,28,916.30,633.28,79.90,230.54,0.6560,-1,-1,-1
477,35,936.84,3.15,52.98,140.79,0.2788,-1,-1,-1
477,41,1001.61,1.80,54.33,146.64,0.2707,-1,-1,-1
477,21,802.17,144.64,50.20,175.50,0.4651,-1,-1,-1
477,50,996.95,656.02,72.13,222.28,0.5793,-1,-1,-1
477,26,320.24,730.30,78.07,251.63,0.7649,-1,-1,-1
477,2,808.45,589.76,92.08,255.45,0.7750,-1,-1,-1
477,43,808.45,589.76,92.08,255.45,0.7750,-1,-1,-1
477,56,1786.99,361.82,86.59,207.47,0.5018,-1,-1,-1
478,3,1023.35,928.13,78.26,151.90,0.7246,-1,-1,-1
478,4,1710.54,457.02,86.46,212.05,0.4684,-1,-1,-1
478,19,453.13,176.99,66.70,185.54,0.5338,-1,-1,-1
478,8,220.57,703.50,95.70,266.49,0.7401,-1,-1,-1
478,28,914.53,635.24,81.98,229.60,0.6714,-1,-1,-1
478,35,937.51,4.24,52.03,139.69,0.3251,-1,-1,-1
478,41,1001.62,1.43,53.67,146.24,0.3082,-1,-1,-1
478,21,802.25,145.44,50.35,174.87,0.4709,-1,-1,-1
478,50,998.42,656.83,71.25,220.93,0.5603,-1,-1,-1
478,26,319.91,732.83,77.75,252.67,0.7587,-1,-1,-1
478,2,807.93,590.39,89.32,255.15,0.7848,-1,-1,-1
478,43,807.93,590.39,89.32,255.15,0.7848,-1,-1,-1
478,56,1789.18,360.34,82.51,206.63,0.4611,-1,-1,-1
479,3,1022.38,929.32,77.93,150.71,0.7199,-1,-1,-1
479,4,1710.78,457.40,86.64,211.05,0.4743,-1,-1,-1
479,19,452.38,176.63,67.69,185.88,0.5666,-1,-1,-1
479,8,220.01,704.45,96.63,265.26,0.7293,-1,-1,-1
479,28,914.86,638.43,81.17,231.48,0.7042,-1,-1,-1
479,35,937.44,4.35,50.98,139.08,0.3325,-1,-1,-1
479,41,1001.62,1.10,51.61,144.69,0.2898,-1,-1,-1
479,21,803.59,145.83,49.19,175.16,0.4562,-1,-1,-1
479,50,997.76,657.20,72.35,222.13,0.6304,-1,-1,-1
479,26,317.91,734.80,79.49,254.34,0.7569,-1,-1,-1
479,2,807.19,591.10,86.50,254.42,0.7851,-1,-1,-1
479,43,807.19,591.10,86.50,254.42,0.7851,-1,-1,-1
479,56,1787.08,360.07,82.88,206.36,0.5366,-1,-1,-1
480,3,1020.80,931.63,78.31,148.55,0.7371,-1,-1,-1
480,4,1700.03,456.99,98.46,210.44,0.3887,-1,-1,-1
480,19,447.60,173.52,73.29,190.48,0.5275,-1,-1,-1
480,8,219.20,705.00,94.83,263.83,0.7455,-1,-1,-1
480,28,913.16,640.97,83.23,237.12,0.6699,-1,-1,-1
480,35,936.22,2.56,51.29,139.12,0.3027,-1,-1,-1
480,41,1001.35,1.29,50.85,142.14,0.2767,-1,-1,-1
480,21,804.94,146.25,47.47,175.22,0.4214,-1,-1,-1
480,50,998.84,658.32,70.82,220.78,0.6105,-1,-1,-1
480,26,313.69,736.82,82.04,253.71,0.7508,-1,-1,-1
480,2,805.99,592.08,85.47,254.04,0.7775,-1,-1,-1
480,43,805.99,592.08,85.47,254.04,0.7775,-1,-1,-1
480,56,1787.01,359.44,78.71,206.68,0.5201,-1,-1,-1
480,54,1730.23,169.79,60.46,169.22,0.3439,-1,-1,-1
481,3,1019.76,931.37,78.63,148.70,0.7375,-1,-1,-1
481,4,1702.88,457.73,96.32,210.22,0.3960,-1,-1,-1
481,19,446.27,171.60,75.03,192.49,0.5352,-1,-1,-1
481,8,218.98,705.16,93.02,263.23,0.7620,-1,-1,-1
481,28,910.76,643.80,85.17,236.71,0.6780,-1,-1,-1
481,35,934.43,1.42,52.31,138.46,0.3851,-1,-1,-1
481,41,1000.66,0.48,52.38,142.83,0.3817,-1,-1,-1
481,21,804.57,144.60,47.86,176.19,0.4373,-1,-1,-1
481,50,995.03,660.08,74.18,220.86,0.5935,-1,-1,-1
481,26,307.44,737.81,86.45,254.76,0.7765,-1,-1,-1
481,2,805.41,593.22,83.90,253.52,0.7920,-1,-1,-1
481,43,805.41,593.22,83.90,253.52,0.7920,-1,-1,-1
481,56,1787.63,358.26,74.71,205.20,0.5711,-1,-1,-1
481,54,1730.24,170.35,61.84,170.07,0.4173,-1,-1,-1
482,3,1019.42,932.60,78.67,147.49,0.7318,-1,-1,-1
482,4,1705.62,458.55,92.83,210.01,0.4341,-1,-1,-1
482,19,449.02,174.37,72.42,188.16,0.5106,-1,-1,-1
482,8,219.12,706.50,91.43,261.70,0.7567,-1,-1,-1
482,28,908.44,645.95,87.83,244.39,0.6959,-1,-1,-1
482,35,933.67,1.23,52.37,135.92,0.3260,-1,-1,-1
482,41,999.81,0.54,52.40,142.65,0.3558,-1,-1,-1
482,21,805.26,144.32,47.43,176.99,0.4877,-1,-1,-1
482,50,995.64,662.41,73.79,221.64,0.6288,-1,-1,-1
482,26,305.93,738.82,86.55,255.74,0.7730,-1,-1,-1
482,2,804.47,594.18,83.29,253.34,0.7817,-1,-1,-1
482,43,804.47,594.18,83.29,253.34,0.7817,-1,-1,-1
482,56,1786.59,356.71,72.78,205.86,0.5449,-1,-1,-1
482,54,1729.85,172.09,63.22,169.96,0.4141,-1,-1,-1
483,3,1019.02,933.06,78.95,146.96,0.7341,-1,-1,-1
483,4,1698.57,458.21,100.51,209.87,0.3725,-1,-1,-1
483,19,452.26,173.36,69.36,188.49,0.5149,-1,-1,-1
483,8,218.74,707.54,91.37,259.83,0.7560,-1,-1,-1
483,28,908.75,648.44,87.21,246.16,0.7108,-1,-1,-1
483,35,933.45,1.39,52.06,134.58,0.3301,-1,-1,-1
483,41,999.26,0.12,52.97,144.17,0.3856,-1,-1,-1
483,21,805.66,143.63,47.21,176.77,0.4693,-1,-1,-1
483,50,997.85,664.33,72.34,221.86,0.6214,-1,-1,-1
483,26,303.34,739.75,86.72,255.84,0.7747,-1,-1,-1
483,2,802.59,595.18,83.70,252.48,0.7749,-1,-1,-1
483,43,802.59,595.18,83.70,252.48,0.7749,-1,-1,-1
483,56,1784.83,355.59,72.83,206.47,0.5061,-1,-1,-1
483,54,1729.68,171.17,62.51,171.33,0.4124,-1,-1,-1
484,3,1018.34,933.45,79.91,146.48,0.7211,-1,-1,-1
484,4,1695.00,458.39,104.09,210.34,0.3799,-1,-1,-1
484,19,455.57,172.80,65.02,188.80,0.5114,-1,-1,-1
484,8,218.52,708.97,90.65,257.64,0.7553,-1,-1,-1
484,28,909.49,649.44,86.43,249.34,0.7006,-1,-1,-1
484,35,933.16,2.29,51.98,131.40,0.3277,-1,-1,-1
484,41,999.65,-0.04,52.58,144.70,0.4211,-1,-1,-1
484,21,807.28,144.61,45.74,175.48,0.4644,-1,-1,-1
484,50,998.79,667.08,72.17,223.29,0.6051,-1,-1,-1
484,26,302.33,740.85,85.91,254.82,0.7661,-1,-1,-1
484,2,801.12,596.22,85.31,251.35,0.7704,-1,-1,-1
484,43,801.12,596.22,85.31,251.35,0.7704,-1,-1,-1
484,56,1785.75,354.06,68.23,205.49,0.5102,-1,-1,-1
484,54,1729.87,170.47,63.78,172.67,0.4064,-1,-1,-1
485,3,1018.02,933.91,80.70,146.07,0.7110,-1,-1,-1
485,4,1683.04,457.91,116.17,209.37,0.3766,-1,-1,-1
485,19,456.41,171.05,63.84,190.23,0.5326,-1,-1,-1
485,8,218.05,710.84,90.61,256.70,0.7631,-1,-1,-1
485,28,910.97,650.44,84.10,248.18,0.7237,-1,-1,-1
485,35,931.87,2.35,52.51,128.89,0.3161,-1,-1,-1
485,41,999.64,-0.09,52.04,143.85,0.4202,-1,-1,-1
485,21,808.18,144.90,44.92,175.71,0.4741,-1,-1,-1
485,50,999.17,668.79,72.81,225.66,0.6333,-1,-1,-1
485,26,300.64,742.23,85.89,253.16,0.7637,-1,-1,-1
485,2,799.75,597.08,86.84,250.72,0.7825,-1,-1,-1
485,43,799.75,597.08,86.84,250.72,0.7825,-1,-1,-1
485,56,1784.17,353.16,67.82,200.57,0.4362,-1,-1,-1
485,54,1729.55,170.50,65.41,174.62,0.3886,-1,-1,-1
486,3,1017.16,934.34,81.71,145.66,0.7146,-1,-1,-1
486,4,1677.13,456.98,118.59,211.11,0.2663,-1,-1,-1
486,19,458.50,165.01,61.77,196.11,0.5532,-1,-1,-1
486,8,216.99,712.70,90.77,258.52,0.7752,-1,-1,-1
486,28,910.87,651.38,83.82,246.22,0.7323,-1,-1,-1
486,35,931.99,2.47,51.82,128.29,0.3431,-1,-1,-1
486,41,999.50,-0.09,51.34,143.62,0.4080,-1,-1,-1
486,21,808.51,145.43,45.27,175.14,0.4851,-1,-1,-1
486,50,1000.83,671.04,71.40,223.11,0.6571,-1,-1,-1
486,26,299.77,742.90,85.41,252.02,0.7718,-1,-1,-1
486,2,799.02,597.58,88.36,251.12,0.7894,-1,-1,-1
486,43,799.02,597.58,88.36,251.12,0.7894,-1,-1,-1
486,56,1782.46,351.43,67.35,200.54,0.4604,-1,-1,-1
486,54,1729.40,175.86,66.06,171.53,0.3636,-1,-1,-1
487,3,1017.42,935.10,81.93,145.02,0.7063,-1,-1,-1
487,4,1681.52,456.64,113.22,210.68,0.3792,-1,-1,-1
487,19,459.38,163.42,59.75,196.14,0.5256,-1,-1,-1
487,8,216.80,713.92,91.13,262.31,0.7684,-1,-1,-1
487,28,911.02,652.25,84.09,242.89,0.7372,-1,-1,-1
487,35,932.35,2.36,51.12,128.17,0.2979,-1,-1,-1
487,41,999.59,-0.14,50.76,142.75,0.3556,-1,-1,-1
487,21,808.11,145.72,46.57,175.63,0.4553,-1,-1,-1
487,50,1003.90,673.22,69.08,223.62,0.6621,-1,-1,-1
487,26,300.73,744.50,83.11,250.71,0.7635,-1,-1,-1
487,2,798.09,598.33,91.40,251.13,0.7921,-1,-1,-1
487,43,798.09,598.33,91.40,251.13,0.7921,-1,-1,-1
487,56,1780.82,351.17,67.27,199.59,0.3960,-1,-1,-1
487,54,1730.26,176.08,65.17,174.93,0.3079,-1,-1,-1
487,55,1632.93,326.06,56.88,188.62,0.4469,-1,-1,-1
488,3,1017.69,936.11,82.04,143.98,0.7178,-1,-1,-1
488,4,1679.91,456.55,113.75,210.71,0.3558,-1,-1,-1
488,19,461.94,160.76,56.23,195.68,0.4915,-1,-1,-1
488,8,216.61,715.87,91.54,268.54,0.7674,-1,-1,-1
488,28,911.49,653.30,85.19,241.29,0.7077,-1,-1,-1
488,35,931.90,2.51,51.73,128.39,0.3154,-1,-1,-1
488,41,1000.08,-0.08,50.34,142.02,0.3833,-1,-1,-1
488,21,808.23,146.27,47.40,175.49,0.4589,-1,-1,-1
488,50,1006.18,675.48,68.43,224.05,0.6982,-1,-1,-1
488,26,299.75,747.78,82.53,247.74,0.7647,-1,-1,-1
488,2,797.28,599.76,93.16,249.94,0.7807,-1,-1,-1
488,43,797.28,599.76,93.16,249.94,0.7807,-1,-1,-1
488,56,1778.65,356.39,67.25,198.71,0.2393,-1,-1,-1
488,54,1730.55,176.54,65.20,176.02,0.3470,-1,-1,-1
488,55,1632.03,328.37,56.69,186.36,0.3776,-1,-1,-1
489,3,1017.35,936.54,82.85,143.48,0.7169,-1,-1,-1
489,4,1686.41,455.53,106.61,212.04,0.3644,-1,-1,-1
489,19,463.19,159.81,53.91,192.43,0.4754,-1,-1,-1
489,8,216.30,717.96,91.23,271.50,0.7681,-1,-1,-1
489,28,911.92,654.29,86.47,239.21,0.6961,-1,-1,-1
489,35,931.44,2.52,51.81,127.81,0.3422,-1,-1,-1
489,41,1001.04,2.00,49.06,139.85,0.3570,-1,-1,-1
489,21,809.14,145.21,47.09,175.15,0.4409,-1,-1,-1
489,50,1008.01,677.10,68.58,225.20,0.6841,-1,-1,-1
489,26,299.43,749.97,82.13,249.78,0.7600,-1,-1,-1
489,2,797.21,600.65,93.30,251.47,0.7879,-1,-1,-1
489,43,797.21,600.65,93.30,251.47,0.7879,-1,-1,-1
489,56,1776.27,361.41,66.75,195.56,0.2218,-1,-1,-1
489,54,1731.56,178.07,64.72,174.86,0.3642,-1,-1,-1
489,55,1633.30,332.61,54.00,182.02,0.3795,-1,-1,-1
490,3,1015.71,937.09,84.88,142.98,0.6999,-1,-1,-1
490,4,1694.26,455.09,97.92,212.90,0.3644,-1,-1,-1
490,19,464.60,159.88,52.59,187.03,0.4464,-1,-1,-1
490,8,215.08,720.54,92.82,274.82,0.7642,-1,-1,-1
490,28,914.07,655.66,85.42,234.49,0.6985,-1,-1,-1
490,35,930.94,2.53,51.95,127.14,0.3175,-1,-1,-1
490,41,1001.64,3.58,48.28,136.22,0.2836,-1,-1,-1
490,21,810.55,144.74,46.30,175.69,0.3722,-1,-1,-1
490,50,1009.78,678.28,68.88,226.54,0.7207,-1,-1,-1
490,26,299.46,751.86,80.62,251.61,0.7510,-1,-1,-1
490,2,796.99,601.23,94.17,254.65,0.7887,-1,-1,-1
490,43,796.99,601.23,94.17,254.65,0.7887,-1,-1,-1
490,56,1774.03,363.91,67.42,192.93,0.1570,-1,-1,-1
490,54,1732.20,180.15,63.55,171.60,0.4089,-1,-1,-1
490,55,1632.37,329.27,54.23,186.52,0.4461,-1,-1,-1
491,3,1016.45,937.74,84.43,142.28,0.6963,-1,-1,-1
491,4,1703.14,455.77,89.22,214.45,0.4162,-1,-1,-1
491,19,462.51,158.02,56.17,186.38,0.4018,-1,-1,-1
491,8,214.19,722.92,93.30,277.37,0.7583,-1,-1,-1
491,28,918.58,659.60,81.87,238.26,0.7045,-1,-1,-1
491,35,930.86,2.61,51.76,126.29,0.2642,-1,-1,-1
491,41,1001.99,5.79,47.84,133.00,0.3247,-1,-1,-1
491,21,809.43,145.83,49.42,174.17,0.3810,-1,-1,-1
491,50,1011.14,679.71,69.67,226.22,0.6897,-1,-1,-1
491,26,297.86,754.03,81.83,257.48,0.7472,-1,-1,-1
491,2,797.30,602.11,94.81,257.80,0.7815,-1,-1,-1
491,43,797.30,602.11,94.81,257.80,0.7815,-1,-1,-1
491,54,1733.03,181.57,62.52,170.17,0.3437,-1,-1,-1
491,55,1631.02,332.26,54.90,183.92,0.3466,-1,-1,-1
492,3,1016.81,938.11,84.17,141.91,0.7052,-1,-1,-1
492,4,1703.57,457.20,89.20,211.20,0.4302,-1,-1,-1
492,19,464.71,157.83,54.50,186.03,0.3149,-1,-1,-1
492,8,213.00,724.86,95.41,279.46,0.7728,-1,-1,-1
492,28,920.24,661.48,80.63,239.63,0.7229,-1,-1,-1
492,35,932.57,1.91,50.56,128.76,0.2303,-1,-1,-1
492,41,1002.31,6.40,46.74,129.54,0.2779,-1,-1,-1
492,21,809.14,146.09,50.92,172.71,0.3526,-1,-1,-1
492,50,1012.21,682.00,71.42,224.71,0.6817,-1,-1,-1
492,26,297.59,756.43,80.83,257.91,0.7411,-1,-1,-1
492,2,798.12,603.37,94.96,258.27,0.7873,-1,-1,-1
492,43,798.12,603.37,94.96,258.27,0.7873,-1,-1,-1
492,54,1733.81,182.33,61.63,168.30,0.4372,-1,-1,-1
492,55,1629.56,328.80,55.62,186.92,0.4029,-1,-1,-1
493,3,1016.82,938.27,84.47,141.73,0.6854,-1,-1,-1
493,4,1708.78,457.51,85.62,211.81,0.4885,-1,-1,-1
493,19,467.10,158.60,52.80,184.88,0.2130,-1,-1,-1
493,8,212.26,727.80,95.37,278.40,0.7795,-1,-1,-1
493,28,920.60,663.43,81.07,241.71,0.7047,-1,-1,-1
493,35,932.87,1.45,50.71,129.02,0.2273,-1,-1,-1
493,41,1002.48,6.40,46.30,129.24,0.2883,-1,-1,-1
493,21,807.85,145.69,53.38,172.86,0.3329,-1,-1,-1
493,50,1014.13,682.47,72.57,226.22,0.6374,-1,-1,-1
493,26,298.41,759.32,80.84,256.01,0.7377,-1,-1,-1
493,2,799.56,604.54,94.53,258.14,0.7696,-1,-1,-1
493,43,799.56,604.54,94.53,258.14,0.7696,-1,-1,-1
493,54,1734.30,184.36,61.33,167.15,0.4839,-1,-1,-1
493,55,1627.94,325.12,57.34,189.51,0.3513,-1,-1,-1
493,59,1812.32,169.88,72.58,183.35,0.3694,-1,-1,-1
494,3,1016.99,938.67,84.50,141.37,0.6785,-1,-1,-1
494,4,1715.31,454.55,79.52,215.87,0.5248,-1,-1,-1
494,19,466.93,159.58,53.99,183.66,0.2070,-1,-1,-1
494,8,212.47,730.11,95.10,278.43,0.7788,-1,-1,-1
494,28,921.62,665.93,81.17,240.43,0.6696,-1,-1,-1
494,35,933.44,1.81,50.29,128.22,0.1356,-1,-1,-1
494,41,1002.29,6.85,46.92,127.03,0.2617,-1,-1,-1
494,21,806.63,145.63,55.65,172.05,0.3061,-1,-1,-1
494,50,1015.46,684.44,74.59,222.23,0.6311,-1,-1,-1
494,26,298.77,762.78,79.57,255.39,0.7432,-1,-1,-1
494,2,800.69,605.84,94.36,256.80,0.7555,-1,-1,-1
494,43,800.69,605.84,94.36,256.80,0.7555,-1,-1,-1
494,54,1735.12,184.88,62.42,167.18,0.4623,-1,-1,-1
494,55,1626.89,323.20,58.09,190.95,0.3999,-1,-1,-1
494,59,1813.67,170.47,75.14,183.12,0.3285,-1,-1,-1
495,3,1017.59,938.10,84.47,141.90,0.6710,-1,-1,-1
495,4,1720.63,452.18,75.14,217.03,0.6053,-1,-1,-1
495,19,468.20,163.63,54.53,178.81,0.1803,-1,-1,-1
495,8,212.10,732.29,94.21,276.79,0.7754,-1,-1,-1
495,28,921.79,667.88,81.53,243.60,0.6567,-1,-1,-1
495,35,933.55,1.81,50.37,127.71,0.1438,-1,-1,-1
495,41,1002.48,7.14,47.07,126.17,0.2684,-1,-1,-1
495,21,806.64,145.31,56.16,172.11,0.3357,-1,-1,-1
495,50,1017.74,685.52,75.11,221.54,0.5849,-1,-1,-1
495,26,298.73,766.46,78.82,258.29,0.7373,-1,-1,-1
495,2,803.25,606.36,91.64,254.81,0.7531,-1,-1,-1
495,43,803.25,606.36,91.64,254.81,0.7531,-1,-1,-1
495,54,1734.67,186.27,63.81,170.89,0.4903,-1,-1,-1
495,55,1626.05,323.26,58.55,190.57,0.4025,-1,-1,-1
495,59,1815.00,172.92,77.47,182.36,0.3452,-1,-1,-1
496,3,1019.00,939.00,83.43,141.00,0.6835,-1,-1,-1
496,4,1724.20,451.93,72.59,217.28,0.5829,-1,-1,-1
496,19,467.78,165.55,57.42,176.99,0.1942,-1,-1,-1
496,8,211.50,735.34,94.28,274.14,0.7731,-1,-1,-1
496,28,922.43,670.72,81.85,239.14,0.6905,-1,-1,-1
496,35,933.96,1.95,49.88,129.36,0.1582,-1,-1,-1
496,41,1002.58,6.46,47.01,124.44,0.2779,-1,-1,-1
496,21,805.79,144.77,56.78,171.93,0.3310,-1,-1,-1
496,50,1018.72,686.88,75.09,221.00,0.5953,-1,-1,-1
496,26,297.25,768.71,80.08,259.12,0.7489,-1,-1,-1
496,2,807.56,606.39,86.97,251.14,0.7422,-1,-1,-1
496,43,807.56,606.39,86.97,251.15,0.7422,-1,-1,-1
496,54,1734.37,187.66,64.92,172.18,0.4689,-1,-1,-1
496,55,1624.87,322.22,58.26,189.49,0.4355,-1,-1,-1
496,59,1817.06,175.14,79.31,182.45,0.2570,-1,-1,-1
496,61,1630.15,584.39,104.56,227.65,0.5684,-1,-1,-1
496,5,1538.95,610.17,87.27,220.12,0.4056,-1,-1,-1
497,3,1020.50,939.08,81.95,140.86,0.6768,-1,-1,-1
497,4,1726.30,452.40,70.07,217.14,0.5619,-1,-1,-1
497,19,467.60,162.87,59.44,180.32,0.2757,-1,-1,-1
497,8,212.65,736.89,91.89,270.75,0.7466,-1,-1,-1
497,28,923.27,673.45,81.54,237.77,0.6546,-1,-1,-1
497,35,934.12,2.04,49.99,130.08,0.1717,-1,-1,-1
497,41,1002.94,6.04,46.95,125.48,0.3033,-1,-1,-1
497,21,805.76,145.05,56.30,172.42,0.3695,-1,-1,-1
497,50,1020.51,687.78,73.78,221.18,0.5564,-1,-1,-1
497,26,294.90,770.46,82.13,259.23,0.7609,-1,-1,-1
497,2,812.66,606.55,82.11,248.77,0.7183,-1,-1,-1
497,43,812.66,606.55,82.11,248.77,0.7183,-1,-1,-1
497,54,1734.26,188.35,65.68,172.16,0.4950,-1,-1,-1
497,55,1623.92,321.95,59.20,188.85,0.3741,-1,-1,-1
497,59,1818.28,175.65,81.18,183.80,0.3811,-1,-1,-1
497,61,1635.97,590.88,97.71,221.37,0.2905,-1,-1,-1
497,5,1538.67,609.57,87.82,220.61,0.4271,-1,-1,-1
498,3,1020.79,938.45,81.84,141.47,0.6604,-1,-1,-1
498,4,1728.11,453.22,69.03,215.88,0.5067,-1,-1,-1
498,19,467.93,163.31,59.30,179.66,0.2866,-1,-1,-1
498,8,212.89,738.54,90.85,267.59,0.7399,-1,-1,-1
498,28,924.68,675.52,81.02,239.07,0.6437,-1,-1,-1
498,35,934.65,2.20,49.51,128.24,0.1449,-1,-1,-1
498,41,1002.78,5.78,47.33,124.92,0.2653,-1,-1,-1
498,21,804.53,145.45,56.72,172.48,0.3527,-1,-1,-1
498,50,1020.20,689.32,76.94,220.98,0.5130,-1,-1,-1
498,26,294.61,772.19,82.21,258.00,0.7493,-1,-1,-1
498,2,815.45,606.67,80.11,247.25,0.7065,-1,-1,-1
498,43,815.45,606.67,80.11,247.25,0.7065,-1,-1,-1
498,54,1733.44,188.78,66.76,172.36,0.4556,-1,-1,-1
498,55,1623.55,321.42,58.42,189.72,0.3610,-1,-1,-1
498,59,1819.54,176.30,81.04,186.66,0.3462,-1,-1,-1
498,61,1640.95,593.47,94.82,220.59,0.4391,-1,-1,-1
498,5,1539.01,609.06,87.88,221.43,0.4614,-1,-1,-1
498,62,410.65,164.93,52.88,182.06,0.4127,-1,-1,-1
499,3,1022.45,937.82,80.12,142.11,0.6733,-1,-1,-1
499,4,1728.65,451.06,68.39,216.31,0.2574,-1,-1,-1
499,19,468.92,163.38,59.27,176.32,0.3281,-1,-1,-1
499,8,212.39,740.68,90.81,265.87,0.7516,-1,-1,-1
499,28,925.37,677.79,81.09,238.34,0.6096,-1,-1,-1
499,35,934.61,2.23,49.58,127.70,0.1640,-1,-1,-1
499,41,1002.71,5.45,47.34,125.28,0.2728,-1,-1,-1
499,21,802.70,143.60,56.62,173.95,0.3382,-1,-1,-1
499,50,1023.09,693.20,74.10,218.94,0.5118,-1,-1,-1
499,26,293.89,773.28,82.49,256.97,0.7413,-1,-1,-1
499,2,819.13,607.48,77.01,246.31,0.6843,-1,-1,-1
499,43,819.13,607.48,77.01,246.31,0.6843,-1,-1,-1
499,54,1732.62,188.87,67.95,170.37,0.4907,-1,-1,-1
499,55,1623.78,318.55,57.81,191.00,0.2791,-1,-1,-1
499,59,1820.53,177.58,81.42,186.68,0.3901,-1,-1,-1
499,61,1645.22,591.19,88.24,222.71,0.3680,-1,-1,-1
499,5,1538.83,609.60,87.99,220.48,0.4849,-1,-1,-1
499,62,408.87,165.27,56.14,182.16,0.4461,-1,-1,-1
500,3,1024.72,936.43,78.50,143.50,0.6737,-1,-1,-1
500,4,1728.91,450.49,67.15,217.54,0.4888,-1,-1,-1
500,19,466.79,164.73,60.77,172.34,0.3283,-1,-1,-1
500,8,209.89,742.11,92.80,266.62,0.7710,-1,-1,-1
500,28,924.94,679.30,83.85,245.66,0.6173,-1,-1,-1
500,35,934.73,2.21,49.21,127.59,0.1962,-1,-1,-1
500,41,1002.44,5.23,47.89,125.12,0.2600,-1,-1,-1
500,21,802.42,142.47,55.90,175.75,0.3537,-1,-1,-1
500,50,1024.22,696.88,72.25,213.12,0.4809,-1,-1,-1
500,26,293.45,774.10,81.80,255.87,0.7339,-1,-1,-1
500,2,821.10,607.86,75.78,245.02,0.6898,-1,-1,-1
500,43,821.10,607.86,75.78,245.02,0.6898,-1,-1,-1
500,54,1732.17,189.35,69.04,169.30,0.4945,-1,-1,-1
500,55,1623.27,315.34,58.86,180.19,0.3241,-1,-1,-1
500,59,1821.64,178.80,81.54,188.14,0.3858,-1,-1,-1
500,61,1654.61,594.45,78.49,219.62,0.4562,-1,-1,-1
500,5,1537.94,610.23,89.51,218.84,0.4108,-1,-1,-1
500,62,407.38,166.04,57.78,180.31,0.4762,-1,-1,-1
501,3,1027.51,935.56,76.66,144.37,0.6431,-1,-1,-1
501,4,1728.58,449.08,66.50,218.83,0.4562,-1,-1,-1
501,19,465.72,162.51,62.78,174.36,0.3619,-1,-1,-1
501,8,208.78,743.40,93.41,263.73,0.7791,-1,-1,-1
501,28,927.49,680.04,82.67,250.54,0.6007,-1,-1,-1
501,35,934.59,2.09,49.42,126.92,0.1481,-1,-1,-1
501,41,1002.39,4.86,48.00,124.39,0.2560,-1,-1,-1
501,21,802.15,143.70,54.74,174.09,0.3575,-1,-1,-1
501,50,1024.29,698.80,72.95,212.09,0.5119,-1,-1,-1
501,26,293.29,774.93,80.60,255.41,0.7207,-1,-1,-1
501,2,822.52,608.60,74.80,244.96,0.7016,-1,-1,-1
501,43,822.52,608.60,74.80,244.96,0.7016,-1,-1,-1
501,54,1731.76,189.37,70.00,169.78,0.4953,-1,-1,-1
501,55,1622.58,312.91,59.26,180.93,0.3598,-1,-1,-1
501,59,1823.05,179.87,81.24,191.07,0.3555,-1,-1,-1
501,61,1659.58,593.33,73.05,220.36,0.5209,-1,-1,-1
501,5,1538.25,610.86,88.22,215.24,0.3794,-1,-1,-1
501,62,407.18,167.82,58.29,178.92,0.5121,-1,-1,-1
502,3,1029.03,934.97,76.51,145.01,0.6754,-1,-1,-1
502,4,1729.56,449.27,64.48,219.44,0.4434,-1,-1,-1
502,19,467.17,160.85,62.94,175.01,0.3315,-1,-1,-1
502,8,208.24,745.01,93.72,262.68,0.7750,-1,-1,-1
502,28,927.67,681.73,83.65,254.62,0.6319,-1,-1,-1
502,35,934.43,2.89,49.46,122.86,0.1527,-1,-1,-1
502,41,1002.14,4.66,48.37,123.09,0.1985,-1,-1,-1
502,21,800.70,144.20,54.50,174.52,0.3099,-1,-1,-1
502,50,1025.40,701.19,73.34,208.72,0.5835,-1,-1,-1
502,26,292.57,775.64,80.80,254.33,0.7334,-1,-1,-1
502,2,822.94,609.12,74.50,245.98,0.7026,-1,-1,-1
502,43,822.94,609.12,74.50,245.98,0.7026,-1,-1,-1
502,54,1731.82,190.01,70.10,167.86,0.4923,-1,-1,-1
502,55,1621.45,310.92,58.69,179.66,0.1996,-1,-1,-1
502,59,1825.63,180.45,79.38,193.96,0.3009,-1,-1,-1
502,61,1663.18,595.75,69.38,219.82,0.4939,-1,-1,-1
502,5,1538.41,609.94,87.33,215.36,0.3928,-1,-1,-1
502,62,406.53,169.38,58.60,177.17,0.4810,-1,-1,-1
503,3,1030.42,934.22,76.36,145.74,0.6440,-1,-1,-1
503,4,1730.19,446.55,63.30,222.25,0.4008,-1,-1,-1
503,19,469.77,159.87,60.85,173.67,0.3056,-1,-1,-1
503,8,208.29,746.53,93.09,263.50,0.7599,-1,-1,-1
503,28,928.61,683.13,84.25,253.72,0.6169,-1,-1,-1
503,35,934.09,3.09,49.82,121.63,0.1441,-1,-1,-1
503,41,1001.86,4.34,49.15,123.20,0.2223,-1,-1,-1
503,21,800.20,145.12,52.78,174.33,0.3193,-1,-1,-1
503,50,1026.33,703.70,73.09,203.43,0.5887,-1,-1,-1
503,26,289.69,776.43,80.94,254.51,0.7495,-1,-1,-1
503,2,822.73,609.35,74.73,246.42,0.7175,-1,-1,-1
503,43,822.73,609.35,74.73,246.42,0.7175,-1,-1,-1
503,54,1732.51,190.50,69.67,168.33,0.4667,-1,-1,-1
503,55,1621.13,308.42,59.00,180.47,0.3396,-1,-1,-1
503,59,1827.91,180.17,78.03,197.76,0.2995,-1,-1,-1
503,61,1667.96,600.25,64.82,214.18,0.4717,-1,-1,-1
503,5,1536.33,611.42,90.26,215.25,0.4742,-1,-1,-1
503,62,404.94,170.44,61.16,175.65,0.4872,-1,-1,-1
504,3,1032.42,933.40,75.26,146.54,0.6368,-1,-1,-1
504,4,1730.02,446.69,63.19,223.45,0.3405,-1,-1,-1
504,19,471.52,157.44,60.89,173.25,0.3164,-1,-1,-1
504,8,209.58,747.89,91.33,268.00,0.7556,-1,-1,-1
504,28,927.85,684.26,86.61,252.11,0.5844,-1,-1,-1
504,35,933.91,3.13,49.98,118.79,0.1527,-1,-1,-1
504,41,1001.42,4.26,49.42,123.83,0.1996,-1,-1,-1
504,21,800.58,146.07,50.81,173.88,0.2664,-1,-1,-1
504,50,1028.65,705.02,70.77,211.37,0.5908,-1,-1,-1
504,26,286.87,777.46,81.29,253.51,0.7734,-1,-1,-1
504,2,822.71,609.68,74.36,247.33,0.6927,-1,-1,-1
504,43,822.71,609.68,74.36,247.33,0.6927,-1,-1,-1
504,54,1733.40,191.14,68.53,169.64,0.4795,-1,-1,-1
504,55,1620.33,306.23,59.50,183.48,0.2655,-1,-1,-1
504,59,1829.42,180.99,76.63,200.57,0.2853,-1,-1,-1
504,61,1671.31,604.64,65.15,211.74,0.2574,-1,-1,-1
504,5,1534.77,611.56,92.17,214.92,0.3537,-1,-1,-1
504,62,403.75,170.78,64.20,174.14,0.4742,-1,-1,-1
505,3,1033.38,933.73,74.89,146.25,0.6742,-1,-1,-1
505,4,1729.86,451.87,62.65,218.08,0.3928,-1,-1,-1
505,19,470.23,152.98,62.37,176.11,0.4156,-1,-1,-1
505,8,209.40,749.82,89.66,272.59,0.7347,-1,-1,-1
505,28,928.26,684.82,86.65,251.81,0.5511,-1,-1,-1
505,35,934.05,3.30,50.44,117.01,0.1689,-1,-1,-1
505,41,1001.02,3.81,50.68,124.10,0.2086,-1,-1,-1
505,21,800.69,146.74,48.74,174.77,0.2531,-1,-1,-1
505,50,1030.27,706.52,69.68,215.85,0.6070,-1,-1,-1
505,26,283.20,778.94,84.67,253.34,0.7731,-1,-1,-1
505,2,822.85,610.05,74.15,248.71,0.6718,-1,-1,-1
505,43,822.85,610.05,74.15,248.71,0.6718,-1,-1,-1
505,54,1736.63,190.81,65.25,170.55,0.4989,-1,-1,-1
505,55,1620.01,305.18,60.26,184.70,0.3245,-1,-1,-1
505,59,1830.96,181.70,78.30,202.19,0.2327,-1,-1,-1
505,61,1672.58,610.86,68.77,208.84,0.1662,-1,-1,-1
505,5,1534.37,617.57,92.65,209.58,0.2783,-1,-1,-1
505,62,402.36,170.81,66.55,174.20,0.4757,-1,-1,-1
506,3,1034.86,932.93,74.56,147.04,0.6656,-1,-1,-1
506,4,1729.53,456.86,62.60,212.47,0.4967,-1,-1,-1
506,19,470.60,148.30,62.16,180.19,0.3819,-1,-1,-1
506,8,209.26,751.47,87.93,277.38,0.7277,-1,-1,-1
506,28,922.14,686.44,93.87,248.64,0.6131,-1,-1,-1
506,35,934.46,3.24,49.87,115.36,0.1455,-1,-1,-1
506,41,1000.62,2.84,50.89,123.65,0.1741,-1,-1,-1
506,21,800.15,147.31,47.81,175.59,0.3007,-1,-1,-1
506,50,1030.98,707.60,70.25,219.43,0.6350,-1,-1,-1
506,26,279.95,780.42,87.60,254.93,0.7597,-1,-1,-1
506,2,822.64,610.19,74.93,250.21,0.6797,-1,-1,-1
506,43,822.64,610.19,74.93,250.21,0.6797,-1,-1,-1
506,54,1738.57,193.57,63.64,167.95,0.4964,-1,-1,-1
506,55,1619.84,304.67,59.78,185.65,0.4622,-1,-1,-1
506,59,1831.74,183.40,81.85,201.31,0.2666,-1,-1,-1
506,5,1534.12,621.26,92.95,202.75,0.2125,-1,-1,-1
506,62,401.14,170.94,67.72,175.47,0.4545,-1,-1,-1
507,3,1036.31,933.73,74.90,146.31,0.6482,-1,-1,-1
507,4,1728.69,458.04,63.08,211.48,0.3478,-1,-1,-1
507,19,469.91,151.42,60.64,174.74,0.3046,-1,-1,-1
507,8,208.80,753.48,87.04,278.95,0.7257,-1,-1,-1
507,28,927.07,687.50,90.57,246.25,0.6068,-1,-1,-1
507,35,934.43,3.36,49.93,115.23,0.1209,-1,-1,-1
507,41,999.03,2.71,52.21,123.12,0.1905,-1,-1,-1
507,21,799.98,147.38,46.86,173.46,0.2692,-1,-1,-1
507,50,1030.77,708.87,71.07,222.42,0.6134,-1,-1,-1
507,26,278.33,782.15,89.30,259.31,0.7620,-1,-1,-1
507,2,823.61,611.26,73.49,249.56,0.6979,-1,-1,-1
507,43,823.61,611.26,73.49,249.56,0.6979,-1,-1,-1
507,54,1739.51,194.29,62.50,166.30,0.4658,-1,-1,-1
507,55,1619.13,303.12,60.38,187.67,0.4307,-1,-1,-1
507,59,1831.99,184.28,82.96,201.03,0.2609,-1,-1,-1
507,5,1535.54,620.09,93.40,209.48,0.2464,-1,-1,-1
507,62,399.71,168.75,68.52,179.59,0.3865,-1,-1,-1
508,3,1037.38,933.51,75.49,146.50,0.6493,-1,-1,-1
508,4,1728.07,459.82,62.24,208.13,0.3725,-1,-1,-1
508,19,468.14,147.32,61.15,176.71,0.2809,-1,-1,-1
508,8,208.08,755.51,87.53,279.08,0.7430,-1,-1,-1
508,28,924.86,688.59,93.81,247.51,0.6068,-1,-1,-1
508,35,934.89,3.30,49.83,114.88,0.1079,-1,-1,-1
508,41,998.38,2.22,53.63,123.22,0.2129,-1,-1,-1
508,21,799.94,147.74,45.74,173.64,0.2839,-1,-1,-1
508,50,1030.74,710.27,71.89,223.70,0.6238,-1,-1,-1
508,26,277.02,784.02,91.25,263.13,0.7674,-1,-1,-1
508,2,825.02,611.60,72.21,249.20,0.7005,-1,-1,-1
508,43,825.02,611.60,72.21,249.20,0.7005,-1,-1,-1
508,54,1741.11,195.46,60.79,165.14,0.5248,-1,-1,-1
508,55,1618.83,303.43,60.96,187.20,0.4918,-1,-1,-1
508,59,1836.25,187.16,75.95,197.54,0.2735,-1,-1,-1
508,5,1535.11,621.83,94.34,208.21,0.1227,-1,-1,-1
508,62,398.10,172.22,67.64,180.84,0.2452,-1,-1,-1
509,3,1038.76,933.27,75.52,146.76,0.6428,-1,-1,-1
509,4,1727.54,459.49,63.56,206.98,0.3603,-1,-1,-1
509,19,464.90,147.21,64.82,176.63,0.2821,-1,-1,-1
509,8,206.85,758.21,86.52,275.88,0.7324,-1,-1,-1
509,28,928.77,690.35,92.00,248.77,0.6219,-1,-1,-1
509,41,997.15,1.93,53.39,122.87,0.1936,-1,-1,-1
509,21,798.64,146.68,46.64,173.92,0.2684,-1,-1,-1
509,50,1031.16,710.74,74.19,228.09,0.6290,-1,-1,-1
509,26,278.24,787.50,88.30,261.13,0.7676,-1,-1,-1
509,2,825.88,611.75,71.64,249.63,0.7007,-1,-1,-1
509,43,825.88,611.75,71.64,249.63,0.7007,-1,-1,-1
509,54,1742.94,197.65,58.97,164.03,0.4763,-1,-1,-1
509,55,1618.92,301.25,58.83,188.04,0.4190,-1,-1,-1
509,59,1835.56,186.53,78.28,196.59,0.2572,-1,-1,-1
509,62,399.13,169.64,66.51,182.09,0.2529,-1,-1,-1
510,3,1039.87,934.14,76.19,145.91,0.6352,-1,-1,-1
510,4,1727.46,459.61,62.66,202.57,0.3777,-1,-1,-1
510,19,464.02,148.41,65.90,175.75,0.2363,-1,-1,-1
510,8,206.26,761.35,82.69,275.84,0.7396,-1,-1,-1
510,28,928.69,692.04,93.65,249.68,0.6185,-1,-1,-1
510,41,996.22,1.71,54.66,120.90,0.1970,-1,-1,-1
510,21,796.16,146.21,47.77,175.20,0.2312,-1,-1,-1
510,50,1029.74,711.89,78.84,228.22,0.5969,-1,-1,-1
510,26,278.96,791.08,86.86,257.66,0.7570,-1,-1,-1
510,2,826.50,611.86,70.87,249.90,0.7005,-1,-1,-1
510,43,826.50,611.86,70.87,249.90,0.7005,-1,-1,-1
510,54,1744.75,199.95,57.78,163.31,0.5357,-1,-1,-1
510,55,1618.60,300.71,57.96,189.11,0.4571,-1,-1,-1
510,59,1839.10,187.11,70.48,199.48,0.3133,-1,-1,-1
510,62,400.21,172.24,64.96,184.67,0.2656,-1,-1,-1
511,3,1041.40,932.53,75.54,147.53,0.6252,-1,-1,-1
511,4,1725.41,459.63,64.26,202.10,0.3957,-1,-1,-1
511,19,460.80,148.15,69.99,175.78,0.2723,-1,-1,-1
511,8,204.52,763.37,86.25,276.77,0.7621,-1,-1,-1
511,28,932.60,694.88,92.06,255.87,0.6370,-1,-1,-1
511,41,995.01,1.73,54.81,119.21,0.1962,-1,-1,-1
511,21,792.74,146.97,51.16,173.70,0.2592,-1,-1,-1
511,50,1030.65,713.70,78.86,220.39,0.5886,-1,-1,-1
511,26,280.02,795.99,83.83,255.29,0.7810,-1,-1,-1
511,2,826.94,612.15,70.86,249.73,0.6950,-1,-1,-1
511,43,826.94,612.15,70.86,249.73,0.6950,-1,-1,-1
511,54,1747.58,202.07,55.82,162.74,0.5114,-1,-1,-1
511,55,1617.66,298.81,57.03,191.13,0.3588,-1,-1,-1
511,59,1841.86,188.02,66.49,199.25,0.2779,-1,-1,-1
511,62,401.57,171.19,64.00,189.58,0.2558,-1,-1,-1
512,3,1042.02,931.86,75.40,148.16,0.6333,-1,-1,-1
512,4,1724.78,458.12,64.35,204.14,0.3420,-1,-1,-1
512,19,458.96,149.69,71.20,175.69,0.1441,-1,-1,-1
512,8,202.86,765.95,89.91,276.13,0.7600,-1,-1,-1
512,28,934.49,697.47,91.77,260.60,0.6314,-1,-1,-1
512,41,994.08,1.80,54.79,119.07,0.2016,-1,-1,-1
512,21,788.82,144.86,53.60,176.13,0.2636,-1,-1,-1
512,50,1031.96,715.45,77.65,215.57,0.5685,-1,-1,-1
512,26,280.15,798.56,82.19,258.45,0.7715,-1,-1,-1
512,2,827.30,612.30,70.44,249.41,0.6945,-1,-1,-1
512,43,827.30,612.30,70.44,249.41,0.6945,-1,-1,-1
512,54,1750.37,203.44,53.66,163.04,0.5362,-1,-1,-1
512,55,1616.53,299.44,56.63,190.14,0.3388,-1,-1,-1
512,59,1843.27,190.65,66.79,199.74,0.2192,-1,-1,-1
512,62,401.06,173.23,63.74,192.64,0.2318,-1,-1,-1
513,3,1042.03,932.67,76.03,146.88,0.6101,-1,-1,-1
513,4,1724.39,458.25,63.27,202.59,0.3492,-1,-1,-1
513,19,459.30,152.85,69.13,171.44,0.1755,-1,-1,-1
513,8,201.47,767.45,91.41,275.70,0.7576,-1,-1,-1
513,28,937.06,700.85,88.22,260.52,0.6128,-1,-1,-1
513,41,992.94,1.90,55.31,118.71,0.1726,-1,-1,-1
513,21,786.45,141.71,55.11,178.61,0.2804,-1,-1,-1
513,50,1034.55,717.35,75.94,222.87,0.5635,-1,-1,-1
513,26,280.04,800.64,80.58,262.39,0.7784,-1,-1,-1
513,2,827.61,611.98,69.75,250.20,0.6786,-1,-1,-1
513,43,827.61,611.98,69.75,250.20,0.6786,-1,-1,-1
513,54,1751.76,203.87,53.00,165.44,0.5080,-1,-1,-1
513,55,1615.69,299.97,55.92,189.74,0.3846,-1,-1,-1
513,59,1844.32,194.71,70.25,197.38,0.1546,-1,-1,-1
513,62,401.50,175.32,61.89,192.51,0.2791,-1,-1,-1
514,3,1042.62,932.24,75.39,147.03,0.6357,-1,-1,-1
514,4,1724.46,460.67,62.26,198.98,0.3388,-1,-1,-1
514,19,458.66,151.26,68.89,172.97,0.2173,-1,-1,-1
514,8,198.92,769.76,92.56,275.01,0.7548,-1,-1,-1
514,28,942.39,703.92,83.08,260.67,0.6248,-1,-1,-1
514,41,992.48,1.81,56.01,119.60,0.1834,-1,-1,-1
514,21,786.21,140.04,54.45,179.87,0.2373,-1,-1,-1
514,50,1035.88,718.81,74.93,225.31,0.5792,-1,-1,-1
514,26,278.90,801.45,79.29,263.65,0.7985,-1,-1,-1
514,2,827.43,611.84,69.88,250.43,0.6590,-1,-1,-1
514,43,827.43,611.84,69.88,250.43,0.6590,-1,-1,-1
514,54,1753.77,204.37,52.65,167.66,0.4573,-1,-1,-1
514,55,1615.56,300.80,54.29,189.43,0.3324,-1,-1,-1
514,59,1844.90,200.33,73.14,193.36,0.1338,-1,-1,-1
514,62,401.73,173.84,60.99,194.49,0.2278,-1,-1,-1
515,3,1043.21,932.27,75.18,146.78,0.6428,-1,-1,-1
515,4,1724.36,460.00,61.21,198.76,0.3413,-1,-1,-1
515,19,457.71,149.51,68.99,173.50,0.2216,-1,-1,-1
515,8,197.09,771.18,94.33,273.18,0.7595,-1,-1,-1
515,28,938.81,706.22,87.88,257.39,0.5981,-1,-1,-1
515,41,992.15,1.81,57.13,117.65,0.1978,-1,-1,-1
515,21,785.28,138.57,55.45,181.89,0.1253,-1,-1,-1
515,50,1035.19,719.99,76.36,229.60,0.6182,-1,-1,-1
515,26,276.45,802.18,80.59,263.85,0.8024,-1,-1,-1
515,2,827.83,611.90,69.24,250.23,0.6516,-1,-1,-1
515,43,827.83,611.90,69.24,250.23,0.6516,-1,-1,-1
515,54,1755.26,205.60,52.70,167.74,0.4316,-1,-1,-1
515,55,1613.66,301.00,53.80,187.22,0.3133,-1,-1,-1
515,59,1845.26,203.69,74.39,194.42,0.2152,-1,-1,-1
515,62,401.26,178.97,59.89,189.21,0.2593,-1,-1,-1
516,3,1044.15,932.34,74.52,146.85,0.6137,-1,-1,-1
516,4,1722.43,459.33,63.56,202.49,0.4058,-1,-1,-1
516,19,459.29,148.70,67.11,172.69,0.1833,-1,-1,-1
516,8,194.27,772.81,96.18,270.83,0.7638,-1,-1,-1
516,28,938.97,708.89,89.21,253.86,0.6531,-1,-1,-1
516,41,991.87,1.76,58.02,117.50,0.1513,-1,-1,-1
516,21,785.02,138.98,55.69,182.12,0.1578,-1,-1,-1
516,50,1036.50,721.52,75.14,237.87,0.6360,-1,-1,-1
516,26,274.15,802.67,81.26,263.06,0.8159,-1,-1,-1
516,2,828.44,612.26,68.17,249.85,0.6382,-1,-1,-1
516,43,828.44,612.26,68.17,249.85,0.6382,-1,-1,-1
516,54,1756.24,205.52,52.86,165.75,0.4432,-1,-1,-1
516,55,1612.68,299.28,52.77,188.47,0.2078,-1,-1,-1
516,59,1846.55,207.09,73.35,192.43,0.1568,-1,-1,-1
516,62,399.97,181.81,59.42,185.87,0.2449,-1,-1,-1
517,3,1044.75,931.71,74.07,147.26,0.6179,-1,-1,-1
517,4,1723.23,457.42,63.55,206.07,0.3170,-1,-1,-1
517,19,460.45,145.04,66.83,174.98,0.2460,-1,-1,-1
517,8,192.99,775.08,94.57,266.17,0.7599,-1,-1,-1
517,28,938.71,711.15,90.69,253.88,0.6462,-1,-1,-1
517,41,991.27,1.81,58.47,117.21,0.1825,-1,-1,-1
517,50,1038.04,723.69,72.73,238.73,0.6404,-1,-1,-1
517,26,273.27,803.70,81.30,262.59,0.8187,-1,-1,-1
517,2,827.70,611.73,69.00,250.58,0.6499,-1,-1,-1
517,43,827.70,611.73,69.00,250.58,0.6499,-1,-1,-1
517,54,1758.42,204.94,52.68,159.50,0.4174,-1,-1,-1
517,55,1611.57,299.64,49.98,185.63,0.2637,-1,-1,-1
517,59,1848.32,208.74,71.54,193.52,0.1879,-1,-1,-1
517,62,399.21,180.36,59.47,187.64,0.1940,-1,-1,-1
518,3,1044.95,930.14,73.14,148.64,0.6506,-1,-1,-1
518,4,1723.10,456.84,63.24,205.98,0.3666,-1,-1,-1
518,19,464.00,141.16,63.40,177.35,0.2768,-1,-1,-1
518,8,191.53,776.67,92.64,263.82,0.7939,-1,-1,-1
518,28,940.99,712.82,90.19,257.46,0.6353,-1,-1,-1
518,41,991.54,1.77,58.07,116.65,0.1550,-1,-1,-1
518,50,1039.72,726.20,70.87,233.32,0.6212,-1,-1,-1
518,26,271.60,804.14,82.24,261.58,0.8227,-1,-1,-1
518,2,827.81,611.16,68.30,251.06,0.6394,-1,-1,-1
518,43,827.81,611.16,68.30,251.06,0.6394,-1,-1,-1
518,54,1760.43,205.25,52.39,155.57,0.3887,-1,-1,-1
518,55,1610.69,297.69,49.01,185.91,0.2646,-1,-1,-1
518,59,1851.83,211.02,67.87,190.66,0.1704,-1,-1,-1
518,62,397.64,174.26,60.66,194.26,0.2206,-1,-1,-1
519,3,1044.90,929.16,72.72,149.49,0.6273,-1,-1,-1
519,4,1722.70,458.91,65.82,206.32,0.3301,-1,-1,-1
519,19,463.89,137.98,62.59,177.91,0.3591,-1,-1,-1
519,8,190.10,778.42,92.31,262.11,0.7920,-1,-1,-1
519,28,943.04,714.16,88.58,259.02,0.6377,-1,-1,-1
519,41,992.06,1.72,57.36,116.11,0.1770,-1,-1,-1
519,50,1038.70,730.24,71.57,226.45,0.5525,-1,-1,-1
519,26,270.34,805.33,82.79,260.48,0.8200,-1,-1,-1
519,2,827.92,610.76,67.54,251.08,0.6207,-1,-1,-1
519,43,827.92,610.76,67.54,251.08,0.6207,-1,-1,-1
519,54,1759.85,204.96,56.00,164.41,0.3801,-1,-1,-1
519,55,1609.33,292.69,48.54,191.84,0.2034,-1,-1,-1
519,59,1854.47,213.29,65.30,189.97,0.1663,-1,-1,-1
519,62,396.79,181.28,60.04,187.62,0.2832,-1,-1,-1
519,61,1727.79,629.33,82.03,218.18,0.3593,-1,-1,-1
520,3,1044.84,926.95,72.75,151.92,0.6478,-1,-1,-1
520,4,1721.01,459.00,67.62,209.33,0.3657,-1,-1,-1
520,19,465.97,136.83,59.72,174.64,0.3062,-1,-1,-1
520,8,189.08,779.96,92.33,261.73,0.7899,-1,-1,-1
520,28,943.98,715.13,87.16,259.54,0.6922,-1,-1,-1
520,41,992.75,1.84,56.44,116.48,0.2052,-1,-1,-1
520,50,1038.87,733.40,74.19,211.52,0.5963,-1,-1,-1
520,26,268.78,807.58,84.03,259.09,0.8219,-1,-1,-1
520,2,827.76,608.65,67.95,251.89,0.5866,-1,-1,-1
520,43,827.76,608.65,67.95,251.89,0.5866,-1,-1,-1
520,54,1760.12,205.43,58.49,167.33,0.3053,-1,-1,-1
520,55,1606.36,289.90,51.25,193.55,0.2034,-1,-1,-1
520,59,1856.91,215.26,62.74,178.95,0.1480,-1,-1,-1
520,62,395.41,190.35,58.70,178.98,0.2749,-1,-1,-1
520,61,1732.01,629.84,81.94,222.09,0.4432,-1,-1,-1
521,3,1044.81,927.29,72.74,151.99,0.6577,-1,-1,-1
521,4,1718.34,460.12,69.75,209.73,0.3698,-1,-1,-1
521,19,467.14,143.67,56.65,163.16,0.3294,-1,-1,-1
521,8,188.33,780.70,94.14,266.37,0.7921,-1,-1,-1
521,28,947.42,717.63,84.90,257.91,0.6590,-1,-1,-1
521,41,992.43,1.93,55.53,114.97,0.1940,-1,-1,-1
521,50,1039.75,735.62,75.15,203.65,0.6012,-1,-1,-1
521,26,267.21,810.10,84.60,258.17,0.8145,-1,-1,-1
521,2,828.39,607.97,67.03,253.08,0.6094,-1,-1,-1
521,43,828.39,607.97,67.03,253.08,0.6094,-1,-1,-1
521,54,1761.35,206.67,59.59,170.63,0.2776,-1,-1,-1
521,55,1604.64,288.89,51.42,191.14,0.1177,-1,-1,-1
521,59,1859.69,214.78,59.86,185.35,0.1918,-1,-1,-1
521,62,394.27,196.77,57.36,173.50,0.2622,-1,-1,-1
521,61,1733.87,632.73,86.54,217.08,0.5698,-1,-1,-1
522,3,1044.69,928.45,72.51,151.13,0.6439,-1,-1,-1
522,4,1716.81,461.66,71.12,208.35,0.3256,-1,-1,-1
522,19,468.03,143.63,55.05,161.24,0.3567,-1,-1,-1
522,8,188.17,781.96,95.47,270.28,0.7774,-1,-1,-1
522,28,947.99,719.16,85.24,256.38,0.6857,-1,-1,-1
522,41,992.72,2.01,54.58,114.17,0.1999,-1,-1,-1
522,50,1040.70,738.69,76.08,202.80,0.6260,-1,-1,-1
522,26,267.48,812.89,83.94,256.53,0.7974,-1,-1,-1
522,2,828.40,607.05,66.59,254.07,0.6268,-1,-1,-1
522,43,828.40,607.05,66.59,254.07,0.6268,-1,-1,-1
522,54,1763.20,207.38,59.99,171.26,0.3364,-1,-1,-1
522,55,1603.17,286.86,51.56,192.23,0.1616,-1,-1,-1
522,59,1860.89,213.58,58.66,189.79,0.2431,-1,-1,-1
522,62,391.90,199.72,58.31,171.36,0.2048,-1,-1,-1
522,61,1737.24,635.12,89.65,215.00,0.5509,-1,-1,-1
523,3,1044.55,929.15,72.20,150.25,0.6096,-1,-1,-1
523,4,1717.63,461.32,69.58,207.08,0.3884,-1,-1,-1
523,19,467.73,134.74,56.37,170.85,0.3464,-1,-1,-1
523,8,187.64,783.51,96.58,273.63,0.7728,-1,-1,-1
523,28,949.76,720.05,85.35,256.10,0.6343,-1,-1,-1
523,41,993.17,2.23,53.09,113.82,0.2016,-1,-1,-1
523,50,1043.57,740.27,74.02,206.02,0.6184,-1,-1,-1
523,26,266.11,816.24,84.83,255.68,0.8006,-1,-1,-1
523,2,828.56,607.37,66.28,254.12,0.6329,-1,-1,-1
523,43,828.56,607.37,66.28,254.12,0.6329,-1,-1,-1
523,54,1764.97,209.23,59.85,168.30,0.3791,-1,-1,-1
523,55,1601.42,285.79,52.59,188.53,0.2262,-1,-1,-1
523,59,1861.38,213.50,58.08,192.38,0.2766,-1,-1,-1
523,62,391.38,201.83,58.18,171.50,0.1794,-1,-1,-1
523,61,1742.35,636.98,89.81,215.06,0.4890,-1,-1,-1
523,56,1711.90,313.08,76.33,180.82,0.3923,-1,-1,-1
524,3,1044.56,929.95,71.59,149.33,0.5853,-1,-1,-1
524,4,1719.55,461.74,68.06,206.11,0.3746,-1,-1,-1
524,19,466.89,129.38,56.18,175.93,0.2143,-1,-1,-1
524,8,188.40,785.11,93.27,275.51,0.7695,-1,-1,-1
524,28,952.60,720.68,83.52,251.17,0.5977,-1,-1,-1
524,41,993.24,2.21,52.29,113.41,0.2128,-1,-1,-1
524,50,1044.61,742.61,74.44,216.18,0.6168,-1,-1,-1
524,26,262.86,819.21,87.14,256.55,0.8094,-1,-1,-1
524,2,827.69,607.93,66.09,253.43,0.6287,-1,-1,-1
524,43,827.69,607.93,66.09,253.43,0.6287,-1,-1,-1
524,54,1766.96,210.84,59.83,171.24,0.3880,-1,-1,-1
524,55,1601.63,284.41,50.51,184.03,0.1652,-1,-1,-1
524,59,1862.18,213.93,57.17,193.14,0.2598,-1,-1,-1
524,62,390.18,204.03,58.67,171.38,0.1626,-1,-1,-1
524,61,1743.42,640.24,92.62,215.89,0.3405,-1,-1,-1
524,56,1710.93,309.49,74.54,189.86,0.4368,-1,-1,-1
525,3,1044.27,931.24,72.22,148.44,0.5426,-1,-1,-1
525,4,1717.27,461.49,70.59,205.84,0.4629,-1,-1,-1
525,19,465.41,125.47,57.86,179.80,0.2525,-1,-1,-1
525,8,188.13,786.17,94.30,280.03,0.7708,-1,-1,-1
525,28,957.28,721.34,80.34,240.35,0.5087,-1,-1,-1
525,41,993.13,2.36,51.63,112.14,0.1883,-1,-1,-1
525,50,1045.48,743.67,75.45,224.27,0.6214,-1,-1,-1
525,26,263.03,822.07,86.52,256.60,0.8099,-1,-1,-1
525,2,827.30,607.81,66.22,253.28,0.6574,-1,-1,-1
525,43,827.30,607.81,66.22,253.28,0.6574,-1,-1,-1
525,54,1767.62,212.22,60.21,170.32,0.4597,-1,-1,-1
525,55,1602.60,284.07,48.29,181.84,0.1945,-1,-1,-1
525,59,1862.65,215.34,56.78,193.93,0.2441,-1,-1,-1
525,62,390.65,205.11,57.07,171.54,0.1636,-1,-1,-1
525,61,1751.30,642.94,87.73,219.32,0.3483,-1,-1,-1
525,56,1709.72,307.49,73.35,190.45,0.4013,-1,-1,-1
526,3,1044.06,929.98,72.01,149.92,0.6021,-1,-1,-1
526,4,1715.13,460.69,73.35,206.09,0.4467,-1,-1,-1
526,19,465.31,125.87,57.61,178.89,0.2723,-1,-1,-1
526,8,188.40,788.12,92.97,281.00,0.7714,-1,-1,-1
526,28,959.69,719.63,76.52,245.35,0.4979,-1,-1,-1
526,41,993.34,2.26,51.38,111.71,0.1566,-1,-1,-1
526,50,1049.00,743.97,74.41,217.10,0.5205,-1,-1,-1
526,26,260.82,824.72,88.22,254.91,0.8044,-1,-1,-1
526,2,826.84,606.71,66.63,254.67,0.6678,-1,-1,-1
526,43,826.84,606.71,66.63,254.67,0.6678,-1,-1,-1
526,54,1767.88,211.97,61.93,177.40,0.4270,-1,-1,-1
526,59,1862.69,216.47,56.79,195.29,0.2067,-1,-1,-1
526,62,389.02,202.16,58.71,176.00,0.2460,-1,-1,-1
526,61,1755.79,644.92,84.48,221.45,0.2062,-1,-1,-1
526,56,1707.31,305.94,73.54,188.92,0.3913,-1,-1,-1
527,3,1043.59,927.84,71.90,152.16,0.6514,-1,-1,-1
527,4,1714.73,460.56,74.47,206.07,0.4663,-1,-1,-1
527,19,465.60,125.19,57.53,180.31,0.3049,-1,-1,-1
527,8,188.59,789.13,92.80,283.05,0.7836,-1,-1,-1
527,28,959.84,722.72,76.77,244.02,0.4360,-1,-1,-1
527,41,994.29,2.54,50.59,110.81,0.1693,-1,-1,-1
527,50,1051.60,744.63,74.89,205.42,0.5252,-1,-1,-1
527,26,259.46,827.14,89.05,252.36,0.7869,-1,-1,-1
527,2,826.52,606.07,66.77,252.92,0.6680,-1,-1,-1
527,43,826.52,606.07,66.77,252.92,0.6680,-1,-1,-1
527,54,1767.40,213.61,64.27,176.83,0.4472,-1,-1,-1
527,59,1867.01,216.66,52.44,197.27,0.1281,-1,-1,-1
527,62,386.73,200.15,61.32,180.63,0.3043,-1,-1,-1
527,61,1760.06,647.60,84.78,220.68,0.2673,-1,-1,-1
527,56,1703.86,305.26,75.61,187.64,0.4029,-1,-1,-1
527,21,778.08,140.40,56.19,179.78,0.3455,-1,-1,-1
528,3,1043.43,924.73,70.58,155.29,0.6971,-1,-1,-1
528,4,1714.54,460.22,76.42,206.56,0.5019,-1,-1,-1
528,19,466.91,125.27,56.42,181.35,0.3319,-1,-1,-1
528,8,189.05,790.64,90.42,282.99,0.7786,-1,-1,-1
528,28,963.28,726.26,75.27,251.19,0.3585,-1,-1,-1
528,41,994.25,2.53,49.79,109.85,0.1226,-1,-1,-1
528,50,1053.58,745.44,75.40,199.42,0.5259,-1,-1,-1
528,26,257.64,828.57,90.11,250.61,0.7950,-1,-1,-1
528,2,826.22,605.55,66.98,252.59,0.6926,-1,-1,-1
528,43,826.22,605.55,66.98,252.59,0.6926,-1,-1,-1
528,54,1768.21,214.73,65.55,170.98,0.5166,-1,-1,-1
528,59,1867.97,218.70,51.47,198.54,0.1028,-1,-1,-1
528,62,387.04,203.05,61.21,180.58,0.3118,-1,-1,-1
528,61,1765.16,651.05,82.83,216.02,0.1060,-1,-1,-1
528,56,1700.87,305.16,76.61,186.60,0.4187,-1,-1,-1
528,63,961.93,725.96,75.57,153.89,0.4188,-1,-1,-1
528,21,777.81,140.59,55.97,179.58,0.3187,-1,-1,-1
529,3,1042.12,924.79,70.93,155.21,0.7088,-1,-1,-1
529,4,1714.57,460.37,77.42,206.68,0.5138,-1,-1,-1
529,19,466.66,124.98,57.20,182.21,0.3412,-1,-1,-1
529,8,190.31,791.92,88.37,282.14,0.7743,-1,-1,-1
529,28,964.34,728.57,76.63,256.25,0.4716,-1,-1,-1
529,41,994.52,2.31,49.34,109.41,0.1466,-1,-1,-1
529,50,1055.75,746.17,75.40,201.32,0.5672,-1,-1,-1
529,26,256.90,829.62,89.60,248.55,0.7873,-1,-1,-1
529,2,825.65,605.50,67.28,252.12,0.7107,-1,-1,-1
529,43,825.65,605.50,67.28,252.12,0.7107,-1,-1,-1
529,54,1767.63,213.83,67.19,173.90,0.5195,-1,-1,-1
529,59,1870.87,222.65,48.58,199.09,0.1993,-1,-1,-1
529,62,387.35,202.99,60.81,185.70,0.3331,-1,-1,-1
529,61,1770.70,653.19,76.58,210.14,0.1573,-1,-1,-1
529,56,1697.46,305.03,78.52,186.55,0.3176,-1,-1,-1
529,63,963.20,727.40,76.63,152.91,0.3820,-1,-1,-1
529,21,774.82,141.91,60.03,178.79,0.3109,-1,-1,-1
530,3,1040.69,926.45,71.84,153.51,0.6416,-1,-1,-1
530,4,1714.52,459.58,77.60,208.08,0.5285,-1,-1,-1
530,19,464.96,124.74,59.00,178.44,0.2810,-1,-1,-1
530,8,190.96,793.04,87.50,281.61,0.7637,-1,-1,-1
530,28,965.26,731.57,77.35,254.61,0.6288,-1,-1,-1
530,41,993.70,2.34,50.04,108.09,0.1757,-1,-1,-1
530,50,1056.45,747.79,76.40,199.48,0.5644,-1,-1,-1
530,26,256.12,831.55,90.16,246.36,0.7871,-1,-1,-1
530,2,824.20,604.94,67.15,251.93,0.7131,-1,-1,-1
530,43,824.20,604.94,67.15,251.93,0.7131,-1,-1,-1
530,54,1766.55,214.01,69.33,174.44,0.5135,-1,-1,-1
530,59,1872.43,226.62,46.98,197.51,0.1825,-1,-1,-1
530,62,387.16,202.17,60.83,188.53,0.3470,-1,-1,-1
530,56,1695.39,306.20,78.54,183.14,0.3620,-1,-1,-1
530,63,964.77,731.34,77.53,150.73,0.2399,-1,-1,-1
530,21,774.83,139.88,60.23,179.95,0.2862,-1,-1,-1
531,3,1039.67,928.82,72.03,151.12,0.6540,-1,-1,-1
531,4,1714.83,460.29,77.24,207.28,0.5389,-1,-1,-1
531,19,467.20,124.33,57.68,177.21,0.3103,-1,-1,-1
531,8,191.43,794.72,86.98,280.09,0.7521,-1,-1,-1
531,28,966.09,733.08,77.81,253.90,0.6366,-1,-1,-1
531,41,993.37,2.43,50.23,105.82,0.1896,-1,-1,-1
531,50,1058.24,749.23,75.77,204.50,0.5973,-1,-1,-1
531,26,256.21,832.91,89.65,245.25,0.7844,-1,-1,-1
531,2,821.98,604.14,68.05,252.72,0.7079,-1,-1,-1
531,43,821.98,604.14,68.05,252.72,0.7079,-1,-1,-1
531,54,1765.23,214.47,71.14,173.94,0.5200,-1,-1,-1
531,59,1872.38,228.79,47.00,198.20,0.1359,-1,-1,-1
531,62,378.91,198.57,68.90,193.39,0.4177,-1,-1,-1
531,56,1694.64,305.54,77.58,183.03,0.3705,-1,-1,-1
531,63,966.07,733.07,76.57,150.89,0.1641,-1,-1,-1
531,21,775.17,138.01,59.69,180.97,0.2518,-1,-1,-1
532,3,1039.58,934.40,71.50,145.53,0.6097,-1,-1,-1
532,4,1714.32,459.89,76.31,210.25,0.6018,-1,-1,-1
532,19,468.23,122.55,57.44,179.89,0.3334,-1,-1,-1
532,8,191.65,796.50,86.89,277.29,0.7768,-1,-1,-1
532,28,966.98,735.80,81.33,254.11,0.6743,-1,-1,-1
532,41,993.19,2.65,50.21,103.91,0.1981,-1,-1,-1
532,50,1058.84,750.62,76.32,208.64,0.6405,-1,-1,-1
532,26,256.34,833.94,89.59,244.54,0.7899,-1,-1,-1
532,2,819.08,603.28,69.41,251.80,0.7099,-1,-1,-1
532,43,819.08,603.28,69.41,251.80,0.7099,-1,-1,-1
532,54,1764.66,215.34,73.01,174.60,0.5165,-1,-1,-1
532,62,376.92,195.91,71.16,195.33,0.4117,-1,-1,-1
532,56,1695.66,304.85,75.73,184.63,0.3386,-1,-1,-1
532,63,967.75,736.15,78.72,151.56,0.1086,-1,-1,-1
532,21,773.92,142.24,61.47,177.22,0.2502,-1,-1,-1
533,3,1039.21,942.32,71.39,137.62,0.5311,-1,-1,-1
533,4,1714.25,458.93,75.52,211.11,0.6038,-1,-1,-1
533,19,467.83,123.29,57.94,179.99,0.2682,-1,-1,-1
533,8,190.71,797.97,89.12,274.96,0.7658,-1,-1,-1
533,28,968.42,738.67,84.62,250.33,0.6902,-1,-1,-1
533,41,993.18,2.62,50.17,103.08,0.2090,-1,-1,-1
533,50,1060.31,752.98,76.78,210.15,0.6015,-1,-1,-1
533,26,256.23,835.24,89.48,243.74,0.7916,-1,-1,-1
533,2,814.86,602.63,69.84,253.59,0.7122,-1,-1,-1
533,43,814.86,602.63,69.84,253.59,0.7122,-1,-1,-1
533,54,1765.16,217.87,73.29,173.15,0.4868,-1,-1,-1
533,62,376.23,196.09,71.61,195.87,0.3674,-1,-1,-1
533,56,1697.02,304.67,72.66,184.43,0.3674,-1,-1,-1
533,63,969.16,738.45,80.59,152.82,0.1371,-1,-1,-1
533,21,772.36,143.46,62.95,175.66,0.2567,-1,-1,-1
534,3,1038.19,947.37,72.20,132.60,0.4488,-1,-1,-1
534,4,1713.39,458.83,76.37,210.89,0.5888,-1,-1,-1
534,19,467.57,122.89,57.10,176.45,0.3688,-1,-1,-1
534,8,190.00,799.47,91.18,271.71,0.7755,-1,-1,-1
534,28,968.01,740.62,87.64,248.71,0.6799,-1,-1,-1
534,41,992.98,2.74,50.70,102.17,0.1934,-1,-1,-1
534,50,1063.21,754.91,74.65,213.51,0.5560,-1,-1,-1
534,26,256.30,836.55,89.93,242.09,0.7829,-1,-1,-1
534,2,810.73,601.53,70.65,255.90,0.7300,-1,-1,-1
534,43,810.73,601.53,70.65,255.90,0.7300,-1,-1,-1
534,54,1765.73,219.60,74.20,171.49,0.5252,-1,-1,-1
534,62,379.79,197.69,69.09,193.80,0.3665,-1,-1,-1
534,56,1696.18,303.50,71.81,184.64,0.4167,-1,-1,-1
534,63,969.56,740.35,83.62,161.66,0.1300,-1,-1,-1
534,21,772.98,145.00,62.77,173.43,0.2544,-1,-1,-1
535,3,1037.39,953.28,72.83,126.66,0.2571,-1,-1,-1
535,4,1713.67,457.58,75.63,212.45,0.6176,-1,-1,-1
535,19,466.02,119.91,59.38,175.32,0.2768,-1,-1,-1
535,8,189.56,799.92,93.55,271.62,0.7963,-1,-1,-1
535,28,968.64,742.85,88.29,247.13,0.6599,-1,-1,-1
535,41,992.74,2.52,51.41,102.23,0.1857,-1,-1,-1
535,50,1062.02,757.30,77.10,222.98,0.4514,-1,-1,-1
535,26,256.47,837.59,90.28,240.48,0.7887,-1,-1,-1
535,2,806.07,600.20,72.52,255.14,0.7457,-1,-1,-1
535,43,806.07,600.20,72.52,255.14,0.7457,-1,-1,-1
535,54,1766.03,221.75,73.82,169.69,0.4699,-1,-1,-1
535,62,384.67,200.28,65.53,190.45,0.4037,-1,-1,-1
535,56,1694.58,300.68,72.66,186.70,0.3237,-1,-1,-1
535,63,970.38,742.28,84.68,162.76,0.1149,-1,-1,-1
535,21,773.92,149.13,61.94,169.96,0.2678,-1,-1,-1
536,3,1036.87,955.34,72.62,124.63,0.1576,-1,-1,-1
536,4,1714.16,458.43,75.31,211.15,0.6237,-1,-1,-1
536,19,466.05,123.26,59.03,169.70,0.2824,-1,-1,-1
536,8,189.79,800.66,94.05,273.98,0.8008,-1,-1,-1
536,28,971.78,743.47,87.32,250.05,0.6402,-1,-1,-1
536,41,992.91,2.48,51.49,102.41,0.1958,-1,-1,-1
536,50,1062.39,760.63,77.66,222.34,0.4686,-1,-1,-1
536,26,256.93,838.83,89.14,239.36,0.7894,-1,-1,-1
536,2,802.99,599.72,73.11,254.07,0.7305,-1,-1,-1
536,43,802.99,599.72,73.11,254.07,0.7305,-1,-1,-1
536,54,1765.87,222.95,73.87,168.39,0.5121,-1,-1,-1
536,62,388.02,199.61,63.31,191.22,0.3940,-1,-1,-1
536,56,1693.88,299.92,72.17,187.20,0.3111,-1,-1,-1
536,63,972.69,745.11,84.07,161.53,0.1464,-1,-1,-1
536,21,774.91,147.44,61.91,171.41,0.2402,-1,-1,-1
537,3,1036.02,960.76,73.56,119.25,0.1110,-1,-1,-1
537,4,1715.28,459.71,74.48,210.37,0.6184,-1,-1,-1
537,19,466.32,121.30,58.03,169.49,0.2304,-1,-1,-1
537,8,190.97,801.59,93.30,276.93,0.7857,-1,-1,-1
537,28,972.67,745.75,89.30,248.52,0.6561,-1,-1,-1
537,41,992.28,2.52,52.20,102.10,0.1812,-1,-1,-1
537,50,1064.43,762.66,76.35,226.30,0.5254,-1,-1,-1
537,26,257.25,840.90,87.66,237.75,0.7763,-1,-1,-1
537,2,798.84,599.68,75.75,254.99,0.7274,-1,-1,-1
537,43,798.84,599.68,75.75,254.99,0.7274,-1,-1,-1
537,54,1767.27,223.65,73.38,167.85,0.5019,-1,-1,-1
537,62,388.98,200.04,62.73,190.39,0.4261,-1,-1,-1
537,56,1692.90,297.63,71.27,189.74,0.2925,-1,-1,-1
537,63,972.91,746.42,88.40,219.65,0.6561,-1,-1,-1
537,21,775.47,142.93,61.78,176.01,0.2523,-1,-1,-1
537,65,142.02,309.57,90.95,189.59,0.4440,-1,-1,-1
538,3,1032.71,949.80,77.29,130.22,0.3105,-1,-1,-1
538,4,1716.48,460.49,73.06,209.35,0.6259,-1,-1,-1
538,19,465.23,120.35,58.46,167.35,0.2201,-1,-1,-1
538,8,192.27,802.98,92.45,277.06,0.7956,-1,-1,-1
538,28,974.53,747.64,90.17,246.25,0.6989,-1,-1,-1
538,41,991.64,2.38,52.69,101.90,0.1706,-1,-1,-1
538,50,1063.13,764.85,77.86,226.39,0.5723,-1,-1,-1
538,26,256.41,843.72,87.73,235.78,0.7830,-1,-1,-1
538,2,796.96,600.01,77.30,254.61,0.7362,-1,-1,-1
538,43,796.96,600.01,77.30,254.61,0.7362,-1,-1,-1
538,54,1770.30,223.91,69.59,167.42,0.5207,-1,-1,-1
538,62,389.75,197.08,61.89,193.85,0.3624,-1,-1,-1
538,56,1690.79,296.33,69.26,190.53,0.3831,-1,-1,-1
538,63,974.52,748.01,90.13,238.25,0.6989,-1,-1,-1
538,21,775.58,138.87,63.03,181.59,0.2247,-1,-1,-1
538,65,144.10,309.60,90.43,188.82,0.3817,-1,-1,-1
539,3,1030.11,943.82,79.95,136.18,0.5008,-1,-1,-1
539,4,1716.24,460.37,73.43,209.15,0.6110,-1,-1,-1
539,19,464.83,123.16,58.13,160.91,0.1558,-1,-1,-1
539,8,193.00,804.68,92.06,275.84,0.7848,-1,-1,-1
539,28,975.77,748.95,89.85,244.58,0.7038,-1,-1,-1
539,41,991.79,2.61,53.89,101.35,0.2053,-1,-1,-1
539,50,1061.46,767.25,80.62,228.02,0.6095,-1,-1,-1
539,26,254.80,846.34,88.30,233.49,0.7834,-1,-1,-1
539,2,794.84,599.81,77.87,254.93,0.7297,-1,-1,-1
539,43,794.84,599.81,77.87,254.93,0.7297,-1,-1,-1
539,54,1773.68,224.72,66.11,166.57,0.4939,-1,-1,-1
539,62,389.92,192.71,61.30,198.91,0.4182,-1,-1,-1
539,56,1688.78,294.19,70.55,193.86,0.3624,-1,-1,-1
539,63,975.68,749.20,90.11,245.42,0.7038,-1,-1,-1
539,21,776.41,130.25,64.88,190.32,0.2544,-1,-1,-1
539,65,145.80,309.41,89.98,188.32,0.2825,-1,-1,-1
540,3,1029.20,944.19,80.72,135.80,0.3970,-1,-1,-1
540,4,1716.16,459.63,73.48,209.82,0.6306,-1,-1,-1
540,19,463.93,121.14,58.38,162.73,0.2355,-1,-1,-1
540,8,193.05,806.12,92.06,273.98,0.7671,-1,-1,-1
540,28,977.60,749.45,89.60,242.84,0.6745,-1,-1,-1
540,41,991.72,2.51,54.44,101.26,0.1902,-1,-1,-1
540,50,1061.99,769.31,81.29,223.24,0.5426,-1,-1,-1
540,26,254.11,848.71,87.41,230.10,0.7685,-1,-1,-1
540,2,792.53,599.66,79.10,254.40,0.7462,-1,-1,-1
540,43,792.53,599.66,79.10,254.40,0.7462,-1,-1,-1
540,54,1775.12,225.18,64.27,166.45,0.4509,-1,-1,-1
540,62,390.58,188.14,59.96,203.76,0.4420,-1,-1,-1
540,56,1685.19,291.51,71.49,196.15,0.4186,-1,-1,-1
540,63,977.49,749.68,89.94,246.90,0.6745,-1,-1,-1
540,21,776.21,109.18,67.37,211.57,0.2270,-1,-1,-1
540,65,145.95,308.50,90.41,188.95,0.2890,-1,-1,-1
541,3,1027.69,940.92,82.18,139.09,0.5404,-1,-1,-1
541,4,1716.33,458.95,73.33,209.90,0.6412,-1,-1,-1
541,19,462.26,116.80,60.13,165.87,0.2130,-1,-1,-1
541,8,195.63,808.80,90.47,271.44,0.7777,-1,-1,-1
541,28,981.16,751.02,86.65,239.27,0.6863,-1,-1,-1
541,41,991.41,2.56,55.11,101.43,0.1972,-1,-1,-1
541,50,1056.72,770.30,86.74,223.35,0.6325,-1,-1,-1
541,26,254.41,850.56,86.82,228.36,0.7680,-1,-1,-1
541,2,791.64,599.74,79.05,252.58,0.7224,-1,-1,-1
541,43,791.64,599.74,79.05,252.58,0.7224,-1,-1,-1
541,54,1776.40,225.76,63.39,166.31,0.4483,-1,-1,-1
541,62,390.24,187.19,60.02,206.43,0.4692,-1,-1,-1
541,56,1679.92,288.64,74.90,198.20,0.4099,-1,-1,-1
541,63,981.04,751.19,86.99,244.33,0.6863,-1,-1,-1
541,21,775.65,95.80,70.89,226.12,0.3055,-1,-1,-1
541,65,146.37,307.98,90.96,187.35,0.2084,-1,-1,-1
542,3,1029.72,946.49,79.43,133.52,0.3613,-1,-1,-1
542,4,1715.97,458.16,73.63,210.67,0.5984,-1,-1,-1
542,19,462.18,113.47,59.21,168.82,0.2737,-1,-1,-1
542,8,199.35,810.55,87.68,269.88,0.7557,-1,-1,-1
542,28,984.86,751.47,82.54,239.02,0.6710,-1,-1,-1
542,41,991.27,2.30,55.86,101.23,0.1622,-1,-1,-1
542,50,1064.90,771.63,79.78,224.01,0.5655,-1,-1,-1
542,26,255.69,852.68,84.75,226.73,0.7469,-1,-1,-1
542,2,790.20,599.21,78.80,252.09,0.7132,-1,-1,-1
542,43,790.20,599.21,78.80,252.09,0.7132,-1,-1,-1
542,54,1777.64,227.08,62.61,165.27,0.4327,-1,-1,-1
542,62,390.67,189.33,58.36,205.46,0.3987,-1,-1,-1
542,56,1676.44,285.31,78.30,201.42,0.4371,-1,-1,-1
542,63,984.76,751.64,82.84,243.98,0.6710,-1,-1,-1
542,21,775.36,91.74,73.39,230.16,0.3005,-1,-1,-1
542,65,146.44,307.52,92.12,189.74,0.2081,-1,-1,-1
543,3,1029.67,945.84,79.19,134.20,0.4403,-1,-1,-1
543,4,1715.13,457.09,74.82,211.68,0.5699,-1,-1,-1
543,19,461.95,111.43,59.41,169.67,0.2242,-1,-1,-1
543,8,202.38,811.88,86.01,268.61,0.7123,-1,-1,-1
543,28,988.20,753.15,81.46,233.24,0.6377,-1,-1,-1
543,41,989.63,2.07,56.64,100.89,0.1689,-1,-1,-1
543,50,1069.09,772.58,76.77,227.39,0.5949,-1,-1,-1
543,26,256.12,856.69,82.80,223.11,0.7136,-1,-1,-1
543,2,788.03,599.14,80.27,251.66,0.7077,-1,-1,-1
543,43,788.03,599.14,80.27,251.66,0.7077,-1,-1,-1
543,54,1779.44,227.59,61.62,165.74,0.4199,-1,-1,-1
543,62,390.75,202.84,56.34,193.48,0.3006,-1,-1,-1
543,56,1672.70,283.76,81.54,202.63,0.4385,-1,-1,-1
543,63,988.12,753.28,81.71,238.05,0.6377,-1,-1,-1
543,21,776.91,89.04,73.31,232.38,0.3138,-1,-1,-1
543,65,151.92,307.11,88.37,191.34,0.2112,-1,-1,-1
544,3,1027.94,944.58,80.97,135.42,0.4525,-1,-1,-1
544,4,1714.42,456.92,75.60,212.11,0.5608,-1,-1,-1
544,19,460.99,110.19,59.79,170.66,0.2310,-1,-1,-1
544,8,205.52,813.12,84.37,267.29,0.7178,-1,-1,-1
544,28,988.20,755.16,84.49,227.53,0.6524,-1,-1,-1
544,41,988.70,2.11,58.39,101.19,0.1661,-1,-1,-1
544,50,1070.89,773.14,76.84,227.40,0.5996,-1,-1,-1
544,26,256.11,861.47,82.36,217.70,0.6976,-1,-1,-1
544,2,784.68,598.86,82.36,252.12,0.7251,-1,-1,-1
544,43,784.68,598.86,82.36,252.12,0.7251,-1,-1,-1
544,54,1780.54,228.07,61.05,166.12,0.4219,-1,-1,-1
544,62,390.79,202.15,56.48,194.79,0.3186,-1,-1,-1
544,56,1669.73,283.14,84.32,202.89,0.4205,-1,-1,-1
544,63,988.14,755.26,84.71,231.92,0.6524,-1,-1,-1
544,21,778.24,86.21,72.81,234.54,0.3591,-1,-1,-1
544,65,162.96,303.92,80.32,194.46,0.1768,-1,-1,-1
545,3,1021.08,943.14,87.26,136.89,0.5469,-1,-1,-1
545,4,1713.69,457.88,75.97,209.87,0.6114,-1,-1,-1
545,19,460.94,110.70,59.00,170.41,0.1815,-1,-1,-1
545,8,207.98,814.73,82.81,265.69,0.6978,-1,-1,-1
545,28,990.97,756.92,83.37,225.16,0.6540,-1,-1,-1
545,41,987.43,2.46,58.11,99.52,0.1719,-1,-1,-1
545,50,1070.60,775.53,78.68,226.11,0.5953,-1,-1,-1
545,26,254.17,865.47,83.36,213.64,0.7242,-1,-1,-1
545,2,777.95,598.46,88.05,253.05,0.7364,-1,-1,-1
545,43,777.95,598.46,88.05,253.05,0.7364,-1,-1,-1
545,54,1783.44,227.96,59.35,169.16,0.4187,-1,-1,-1
545,62,390.85,209.48,56.36,189.86,0.3657,-1,-1,-1
545,56,1666.49,282.76,86.77,203.51,0.3899,-1,-1,-1
545,63,990.91,757.01,83.58,229.02,0.6540,-1,-1,-1
545,21,777.75,85.09,73.14,235.87,0.3533,-1,-1,-1
546,3,1020.69,942.83,86.83,137.18,0.5612,-1,-1,-1
546,4,1711.86,457.55,78.02,210.83,0.6235,-1,-1,-1
546,19,460.99,110.69,57.67,170.21,0.1417,-1,-1,-1
546,8,209.69,815.84,82.44,264.49,0.6788,-1,-1,-1
546,28,992.62,759.21,84.21,225.08,0.6304,-1,-1,-1
546,41,987.06,2.47,57.47,98.71,0.1785,-1,-1,-1
546,50,1072.49,776.93,78.64,227.60,0.6101,-1,-1,-1
546,26,252.50,868.56,83.46,210.97,0.7188,-1,-1,-1
546,2,772.44,598.32,92.05,253.04,0.7461,-1,-1,-1
546,43,772.44,598.32,92.05,253.04,0.7461,-1,-1,-1
546,54,1786.40,229.35,57.38,170.14,0.3927,-1,-1,-1
546,62,391.27,190.02,56.34,211.52,0.2912,-1,-1,-1
546,56,1665.64,283.27,87.28,202.21,0.3893,-1,-1,-1
546,63,992.57,759.27,84.38,228.44,0.6304,-1,-1,-1
546,21,778.80,83.82,72.19,236.44,0.4338,-1,-1,-1
547,3,1024.81,944.09,82.54,135.93,0.5319,-1,-1,-1
547,4,1711.67,457.15,81.75,211.19,0.5921,-1,-1,-1
547,19,462.27,106.67,55.27,173.88,0.1619,-1,-1,-1
547,8,211.15,817.33,82.53,262.97,0.6817,-1,-1,-1
547,28,994.87,761.54,85.21,220.37,0.6357,-1,-1,-1
547,41,986.21,2.31,57.68,97.80,0.1313,-1,-1,-1
547,50,1074.16,779.04,78.55,229.74,0.6291,-1,-1,-1
547,26,251.93,872.15,83.73,207.75,0.6903,-1,-1,-1
547,2,770.48,597.95,93.32,254.63,0.7605,-1,-1,-1
547,43,770.48,597.95,93.32,254.63,0.7605,-1,-1,-1
547,54,1788.25,231.34,57.91,171.38,0.3923,-1,-1,-1
547,62,389.57,207.98,57.07,195.60,0.2810,-1,-1,-1
547,56,1661.45,284.35,90.41,199.00,0.3394,-1,-1,-1
547,63,994.82,761.59,85.36,223.40,0.6357,-1,-1,-1
547,21,778.73,83.60,72.63,236.74,0.4511,-1,-1,-1
548,3,1025.71,940.28,81.33,139.76,0.5494,-1,-1,-1
548,4,1714.68,458.21,76.87,210.90,0.5886,-1,-1,-1
548,19,462.30,104.21,53.27,175.73,0.1993,-1,-1,-1
548,8,212.61,818.59,81.55,261.71,0.6488,-1,-1,-1
548,28,994.87,765.11,86.61,217.05,0.6599,-1,-1,-1
548,50,1069.67,781.34,85.28,235.71,0.6415,-1,-1,-1
548,26,251.83,875.25,81.66,204.82,0.6880,-1,-1,-1
548,2,768.87,598.00,94.20,255.62,0.7462,-1,-1,-1
548,43,768.87,598.00,94.20,255.62,0.7462,-1,-1,-1
548,54,1789.22,234.33,59.80,173.09,0.4258,-1,-1,-1
548,62,385.73,215.39,60.39,190.51,0.3724,-1,-1,-1
548,56,1659.91,284.78,91.99,197.28,0.3616,-1,-1,-1
548,63,994.83,765.13,86.75,219.69,0.6599,-1,-1,-1
548,21,779.11,82.70,72.49,238.90,0.4320,-1,-1,-1
549,3,1024.59,936.30,82.46,143.71,0.5255,-1,-1,-1
549,4,1719.21,458.88,71.24,209.35,0.6295,-1,-1,-1
549,8,213.77,820.00,81.63,260.24,0.5254,-1,-1,-1
549,28,996.83,768.17,84.34,212.41,0.5850,-1,-1,-1
549,50,1069.02,783.31,86.92,241.45,0.6419,-1,-1,-1
549,26,249.88,874.67,81.13,205.41,0.6309,-1,-1,-1
549,2,768.41,598.78,93.90,254.71,0.7488,-1,-1,-1
549,43,768.41,598.78,93.90,254.71,0.7488,-1,-1,-1
549,54,1790.40,236.32,61.11,174.25,0.3902,-1,-1,-1
549,62,386.32,223.10,57.88,184.72,0.4233,-1,-1,-1
549,56,1658.61,284.49,94.25,198.21,0.3832,-1,-1,-1
549,63,996.80,768.18,84.47,214.73,0.5850,-1,-1,-1
549,21,779.59,83.13,71.61,237.94,0.4413,-1,-1,-1
550,3,1023.83,935.07,82.63,144.96,0.5165,-1,-1,-1
550,4,1718.91,458.63,71.27,209.76,0.6131,-1,-1,-1
550,8,215.11,821.87,82.30,258.36,0.4100,-1,-1,-1
550,28,999.02,772.25,81.07,201.11,0.5128,-1,-1,-1
550,50,1068.47,786.33,88.93,244.21,0.5967,-1,-1,-1
550,26,247.63,874.75,81.16,205.36,0.5721,-1,-1,-1
550,2,766.86,599.58,94.69,253.44,0.7335,-1,-1,-1
550,43,766.86,599.58,94.69,253.44,0.7335,-1,-1,-1
550,54,1793.34,236.41,59.51,175.21,0.4180,-1,-1,-1
550,62,384.24,228.00,59.77,179.86,0.3811,-1,-1,-1
550,56,1658.05,283.83,94.35,197.58,0.4002,-1,-1,-1
550,63,998.99,772.26,81.18,203.19,0.5128,-1,-1,-1
550,21,781.49,83.60,70.70,237.75,0.4438,-1,-1,-1
551,3,1020.32,935.84,85.51,144.15,0.5713,-1,-1,-1
551,4,1720.54,459.06,69.39,209.30,0.6051,-1,-1,-1
551,8,217.33,823.43,84.47,256.71,0.3523,-1,-1,-1
551,28,1002.23,773.52,79.39,190.37,0.4895,-1,-1,-1
551,50,1073.76,789.49,86.84,242.92,0.5681,-1,-1,-1
551,26,241.66,874.94,86.57,205.11,0.5715,-1,-1,-1
551,2,766.17,598.83,93.75,254.66,0.7295,-1,-1,-1
551,43,766.17,598.83,93.75,254.66,0.7295,-1,-1,-1
551,54,1795.57,236.40,58.56,175.97,0.4389,-1,-1,-1
551,62,381.98,226.98,61.84,181.24,0.4695,-1,-1,-1
551,56,1659.01,282.32,93.41,201.37,0.4083,-1,-1,-1
551,63,1002.20,773.54,79.48,192.14,0.4895,-1,-1,-1
551,21,781.96,83.64,70.78,237.87,0.4775,-1,-1,-1
552,3,1014.64,934.60,90.01,145.36,0.5270,-1,-1,-1
552,4,1723.42,458.58,66.13,208.78,0.6062,-1,-1,-1
552,8,220.89,825.02,86.71,255.06,0.3871,-1,-1,-1
552,28,1006.55,775.56,77.03,178.58,0.4712,-1,-1,-1
552,50,1073.63,792.59,90.12,241.83,0.5720,-1,-1,-1
552,26,235.94,875.41,91.62,204.60,0.6563,-1,-1,-1
552,2,765.78,598.15,92.92,254.31,0.7420,-1,-1,-1
552,43,765.78,598.15,92.92,254.31,0.7420,-1,-1,-1
552,54,1797.07,236.96,57.94,176.60,0.3951,-1,-1,-1
552,62,380.47,226.55,63.68,181.62,0.4154,-1,-1,-1
552,56,1660.36,281.08,90.30,207.87,0.3966,-1,-1,-1
552,63,1006.53,775.58,77.11,180.09,0.4712,-1,-1,-1
552,21,783.84,82.84,70.60,238.59,0.4573,-1,-1,-1
553,3,1001.84,929.99,102.94,149.85,0.5364,-1,-1,-1
553,4,1722.88,458.75,66.50,208.25,0.5768,-1,-1,-1
553,8,224.41,826.32,86.30,253.77,0.3545,-1,-1,-1
553,28,1010.00,777.88,74.17,167.69,0.5104,-1,-1,-1
553,50,1073.30,794.93,94.19,243.42,0.5789,-1,-1,-1
553,26,234.31,876.08,91.97,203.94,0.6737,-1,-1,-1
553,2,765.51,596.48,92.46,254.41,0.7524,-1,-1,-1
553,43,765.51,596.48,92.46,254.41,0.7524,-1,-1,-1
553,54,1799.00,237.24,57.77,176.23,0.3755,-1,-1,-1
553,62,379.93,224.33,64.69,183.33,0.4120,-1,-1,-1
553,56,1660.70,279.17,89.83,216.62,0.3751,-1,-1,-1
553,63,1009.98,777.89,74.23,168.94,0.5104,-1,-1,-1
553,21,785.69,83.61,70.99,236.42,0.4183,-1,-1,-1
554,3,999.28,920.46,105.82,159.49,0.2587,-1,-1,-1
554,4,1722.88,458.98,66.49,207.88,0.5985,-1,-1,-1
554,8,230.21,831.19,92.17,248.91,0.6351,-1,-1,-1
554,28,1004.30,781.05,75.42,205.48,0.1928,-1,-1,-1
554,50,1079.34,797.17,92.20,242.99,0.5158,-1,-1,-1
554,26,232.29,847.88,94.31,232.16,0.6351,-1,-1,-1
554,2,765.68,595.84,89.74,252.44,0.7511,-1,-1,-1
554,43,765.68,595.84,89.74,252.44,0.7511,-1,-1,-1
554,54,1802.43,236.90,56.41,176.17,0.3026,-1,-1,-1
554,62,377.89,221.35,66.34,185.69,0.5271,-1,-1,-1
554,56,1662.46,277.07,85.56,210.51,0.4109,-1,-1,-1
554,63,1010.20,781.08,72.27,166.76,0.3104,-1,-1,-1
554,21,787.81,84.30,71.42,234.88,0.4258,-1,-1,-1
555,3,1002.28,924.92,103.08,155.07,0.3213,-1,-1,-1
555,4,1723.09,457.71,66.13,208.96,0.6001,-1,-1,-1
555,8,232.68,833.92,95.28,246.20,0.7003,-1,-1,-1
555,28,1010.77,783.51,71.91,175.34,0.3537,-1,-1,-1
555,50,1085.30,799.05,87.90,240.30,0.6162,-1,-1,-1
555,26,231.93,838.68,96.13,241.39,0.7003,-1,-1,-1
555,2,764.61,595.80,89.17,251.49,0.7344,-1,-1,-1
555,43,764.61,595.80,89.17,251.49,0.7344,-1,-1,-1
555,54,1804.49,236.90,57.74,176.64,0.2968,-1,-1,-1
555,62,376.85,219.25,66.36,187.94,0.5312,-1,-1,-1
555,56,1666.15,275.80,80.90,201.44,0.4645,-1,-1,-1
555,63,1012.99,783.54,70.75,159.08,0.3537,-1,-1,-1
555,21,787.65,83.94,73.65,235.18,0.3998,-1,-1,-1
556,4,1723.47,456.46,65.16,208.26,0.6181,-1,-1,-1
556,8,236.49,863.55,93.48,216.35,0.6131,-1,-1,-1
556,28,1014.23,784.53,86.52,258.72,0.4625,-1,-1,-1
556,50,1092.90,799.76,83.66,239.51,0.5739,-1,-1,-1
556,26,234.79,862.49,93.79,217.38,0.6131,-1,-1,-1
556,2,762.99,594.30,88.16,250.55,0.7562,-1,-1,-1
556,43,762.99,594.30,88.16,250.55,0.7562,-1,-1,-1
556,54,1806.75,236.97,59.95,175.66,0.3256,-1,-1,-1
556,62,377.03,220.17,66.20,189.10,0.5016,-1,-1,-1
556,56,1666.79,274.02,77.49,196.38,0.4873,-1,-1,-1
556,63,1015.49,784.94,70.63,176.29,0.3027,-1,-1,-1
556,21,787.99,84.89,74.56,233.73,0.4121,-1,-1,-1
557,4,1724.32,457.36,66.47,207.24,0.6170,-1,-1,-1
557,8,239.00,846.61,94.66,233.42,0.7365,-1,-1,-1
557,28,1013.90,786.16,89.32,281.56,0.4499,-1,-1,-1
557,50,1099.44,800.99,79.99,236.95,0.5541,-1,-1,-1
557,26,237.13,845.36,94.76,234.64,0.7365,-1,-1,-1
557,2,760.90,593.79,87.35,247.98,0.7159,-1,-1,-1
557,43,760.90,593.79,87.35,247.98,0.7159,-1,-1,-1
557,54,1807.00,237.32,61.33,174.41,0.3461,-1,-1,-1
557,62,375.80,222.20,67.40,187.22,0.5111,-1,-1,-1
557,56,1667.95,273.44,77.89,194.94,0.5163,-1,-1,-1
557,63,1017.56,785.91,71.27,189.04,0.4140,-1,-1,-1
557,21,789.40,84.47,73.15,233.74,0.4474,-1,-1,-1
558,4,1722.18,456.30,66.86,209.05,0.6835,-1,-1,-1
558,8,240.14,841.65,97.73,238.35,0.7190,-1,-1,-1
558,28,1013.97,786.47,89.82,292.36,0.5358,-1,-1,-1
558,50,1102.04,801.12,80.13,235.07,0.6041,-1,-1,-1
558,26,238.30,839.88,97.77,240.08,0.7190,-1,-1,-1
558,2,757.91,593.83,87.17,245.07,0.7109,-1,-1,-1
558,43,757.91,593.83,87.17,245.07,0.7109,-1,-1,-1
558,54,1810.38,237.27,61.80,174.97,0.3606,-1,-1,-1
558,62,375.48,223.05,67.64,187.61,0.5429,-1,-1,-1
558,56,1668.73,271.73,76.11,193.89,0.5492,-1,-1,-1
558,63,1018.84,786.09,73.33,198.59,0.4129,-1,-1,-1
558,21,791.16,83.88,71.68,235.00,0.4338,-1,-1,-1
559,4,1724.31,457.58,65.62,206.50,0.6567,-1,-1,-1
559,8,240.66,873.55,96.85,206.47,0.7282,-1,-1,-1
559,28,1014.67,787.46,87.04,293.87,0.4233,-1,-1,-1
559,50,1102.52,801.92,83.09,234.06,0.6068,-1,-1,-1
559,26,238.93,871.05,96.86,208.94,0.7282,-1,-1,-1
559,2,755.22,593.41,84.01,243.20,0.6848,-1,-1,-1
559,43,755.22,593.41,84.01,243.20,0.6848,-1,-1,-1
559,54,1813.76,237.28,60.99,174.73,0.3662,-1,-1,-1
559,62,375.00,225.02,67.82,187.19,0.5571,-1,-1,-1
559,56,1669.35,271.47,75.01,193.81,0.5372,-1,-1,-1
559,63,1019.52,786.41,74.31,198.92,0.4999,-1,-1,-1
559,21,792.05,82.86,70.18,236.75,0.3929,-1,-1,-1
560,4,1725.52,458.46,64.87,203.66,0.6607,-1,-1,-1
560,8,241.22,887.28,94.95,192.76,0.7417,-1,-1,-1
560,28,1011.42,787.37,92.49,296.91,0.2718,-1,-1,-1
560,50,1103.43,802.40,84.15,232.98,0.5581,-1,-1,-1
560,26,239.67,885.11,94.94,194.91,0.7417,-1,-1,-1
560,2,752.62,591.47,80.94,243.89,0.6902,-1,-1,-1
560,43,752.62,591.47,80.94,243.89,0.6902,-1,-1,-1
560,54,1816.89,237.37,59.36,175.66,0.3580,-1,-1,-1
560,62,373.84,225.76,67.52,188.62,0.5476,-1,-1,-1
560,56,1668.45,270.88,74.70,192.95,0.5489,-1,-1,-1
560,63,1019.60,786.98,77.97,199.06,0.5257,-1,-1,-1
560,21,793.82,90.04,67.44,229.02,0.4046,-1,-1,-1
561,4,1724.82,458.25,63.87,203.32,0.6692,-1,-1,-1
561,8,243.16,894.50,92.68,185.45,0.6748,-1,-1,-1
561,28,1011.30,788.33,90.65,292.06,0.4544,-1,-1,-1
561,50,1105.01,803.27,83.16,232.47,0.5990,-1,-1,-1
561,26,241.79,892.68,92.66,187.26,0.6748,-1,-1,-1
561,2,749.91,590.93,76.04,242.37,0.6932,-1,-1,-1
561,43,749.91,590.93,76.04,242.37,0.6932,-1,-1,-1
561,54,1818.63,237.75,60.49,176.79,0.3352,-1,-1,-1
561,62,373.52,227.64,67.26,188.10,0.5728,-1,-1,-1
561,56,1667.16,270.78,75.11,192.73,0.5644,-1,-1,-1
561,63,1019.49,788.02,78.60,199.46,0.4826,-1,-1,-1
561,21,794.78,83.95,66.47,234.79,0.4365,-1,-1,-1
561,19,462.33,92.72,56.87,174.61,0.3462,-1,-1,-1
562,4,1723.62,457.29,63.75,205.37,0.6457,-1,-1,-1
562,8,257.68,859.33,85.04,215.51,0.3436,-1,-1,-1
562,28,1015.77,790.75,84.80,233.28,0.6257,-1,-1,-1
562,50,1105.87,805.17,85.25,234.13,0.6008,-1,-1,-1
562,26,243.49,897.66,92.21,181.91,0.6623,-1,-1,-1
562,2,747.38,592.31,72.42,237.68,0.6951,-1,-1,-1
562,43,747.38,592.31,72.42,237.68,0.6951,-1,-1,-1
562,54,1820.35,238.07,61.74,179.26,0.3342,-1,-1,-1
562,62,373.22,230.34,67.71,186.85,0.5958,-1,-1,-1
562,56,1664.75,270.44,76.42,192.13,0.5677,-1,-1,-1
562,63,1018.76,790.59,80.43,198.37,0.6257,-1,-1,-1
562,21,794.47,80.31,67.06,237.84,0.4263,-1,-1,-1
562,19,463.86,92.71,55.56,170.17,0.2766,-1,-1,-1
562,3,991.91,937.82,104.10,141.50,0.6194,-1,-1,-1
563,4,1721.71,456.61,69.54,206.79,0.6362,-1,-1,-1
563,8,265.37,847.82,84.20,224.71,0.5089,-1,-1,-1
563,28,1017.16,793.16,85.30,227.14,0.5468,-1,-1,-1
563,50,1106.71,808.53,87.58,235.94,0.5827,-1,-1,-1
563,26,244.65,901.95,85.56,177.77,0.6873,-1,-1,-1
563,2,742.16,591.16,74.08,239.93,0.7023,-1,-1,-1
563,43,742.16,591.16,74.08,239.93,0.7023,-1,-1,-1
563,54,1820.74,241.03,62.47,177.89,0.3142,-1,-1,-1
563,62,374.47,233.51,67.01,185.38,0.5617,-1,-1,-1
563,56,1663.58,270.20,75.89,189.87,0.5080,-1,-1,-1
563,63,1018.17,793.01,83.83,215.52,0.5468,-1,-1,-1
563,21,795.38,79.04,66.50,239.41,0.3966,-1,-1,-1
563,19,465.55,90.96,53.99,169.78,0.2636,-1,-1,-1
563,3,989.47,936.73,105.79,142.08,0.5193,-1,-1,-1
564,4,1720.78,454.65,69.33,208.16,0.6452,-1,-1,-1
564,8,268.73,844.12,85.75,228.38,0.5922,-1,-1,-1
564,28,1019.71,796.04,83.25,244.87,0.5989,-1,-1,-1
564,50,1106.91,811.32,87.41,240.45,0.5645,-1,-1,-1
564,26,245.88,905.55,81.44,174.35,0.7043,-1,-1,-1
564,2,736.66,590.01,76.86,241.67,0.6926,-1,-1,-1
564,43,736.66,590.01,76.86,241.67,0.6926,-1,-1,-1
564,54,1822.08,242.36,65.20,178.85,0.3452,-1,-1,-1
564,62,374.80,234.51,66.50,188.24,0.6126,-1,-1,-1
564,56,1663.29,269.52,74.91,189.07,0.5098,-1,-1,-1
564,63,1019.94,795.88,82.94,240.36,0.5989,-1,-1,-1
564,21,796.13,77.36,67.06,241.54,0.4446,-1,-1,-1
564,19,466.59,90.45,53.50,168.53,0.2923,-1,-1,-1
564,3,986.76,936.40,108.62,142.22,0.5763,-1,-1,-1
565,4,1719.55,455.93,73.37,207.74,0.6391,-1,-1,-1
565,8,270.11,843.52,89.95,230.90,0.5832,-1,-1,-1
565,28,1020.13,798.09,85.83,260.57,0.6417,-1,-1,-1
565,50,1106.96,813.88,88.98,242.38,0.6163,-1,-1,-1
565,26,247.63,907.31,79.85,172.45,0.7141,-1,-1,-1
565,2,733.50,589.37,78.35,242.11,0.6092,-1,-1,-1
565,43,733.50,589.37,78.35,242.11,0.6092,-1,-1,-1
565,54,1823.55,244.65,66.54,177.13,0.3827,-1,-1,-1
565,62,375.14,235.77,65.10,190.31,0.6520,-1,-1,-1
565,56,1664.05,268.77,73.49,189.58,0.4923,-1,-1,-1
565,63,1020.11,797.97,85.87,259.12,0.6417,-1,-1,-1
565,21,796.81,75.97,67.70,243.58,0.4424,-1,-1,-1
565,19,469.66,90.04,51.16,168.46,0.2753,-1,-1,-1
565,3,985.02,936.85,107.82,141.37,0.4413,-1,-1,-1
566,4,1718.33,456.03,75.36,208.20,0.6350,-1,-1,-1
566,8,271.33,844.90,95.91,232.13,0.6399,-1,-1,-1
566,28,1021.58,800.81,85.94,266.05,0.5945,-1,-1,-1
566,50,1103.63,816.76,93.42,243.68,0.6226,-1,-1,-1
566,26,248.49,909.29,79.35,170.61,0.7456,-1,-1,-1
566,2,732.78,590.10,76.98,240.88,0.6116,-1,-1,-1
566,43,732.78,590.10,76.98,240.88,0.6116,-1,-1,-1
566,54,1824.96,246.43,67.51,173.49,0.4078,-1,-1,-1
566,62,375.31,235.75,64.24,191.38,0.6633,-1,-1,-1
566,56,1666.32,269.29,69.74,184.46,0.5109,-1,-1,-1
566,63,1021.46,800.70,86.13,266.08,0.5945,-1,-1,-1
566,21,797.35,75.79,68.02,243.46,0.4446,-1,-1,-1
566,19,472.16,89.66,49.43,168.02,0.2928,-1,-1,-1
566,3,984.21,934.25,105.57,144.51,0.5274,-1,-1,-1
567,4,1717.01,456.61,78.39,209.44,0.6463,-1,-1,-1
567,8,271.66,846.57,101.81,232.24,0.6446,-1,-1,-1
567,28,1025.42,804.60,83.30,262.33,0.4887,-1,-1,-1
567,50,1110.28,819.62,87.82,241.66,0.4847,-1,-1,-1
567,26,249.02,911.41,78.87,168.54,0.7539,-1,-1,-1
567,2,730.22,590.34,77.84,242.00,0.5696,-1,-1,-1
567,43,730.22,590.34,77.84,242.00,0.5696,-1,-1,-1
567,54,1825.80,248.72,67.78,171.42,0.4119,-1,-1,-1
567,62,374.97,236.53,63.82,191.57,0.6653,-1,-1,-1
567,56,1667.86,269.73,66.18,181.91,0.5393,-1,-1,-1
567,63,1025.24,804.46,83.56,263.10,0.4887,-1,-1,-1
567,21,796.72,76.35,69.61,242.82,0.4445,-1,-1,-1
567,19,473.64,89.68,48.96,167.71,0.3047,-1,-1,-1
567,3,984.42,932.48,102.44,145.97,0.6045,-1,-1,-1
568,4,1716.60,456.58,78.16,210.15,0.6965,-1,-1,-1
568,8,272.60,848.04,105.56,231.19,0.6575,-1,-1,-1
568,28,1027.09,808.20,83.61,261.74,0.4812,-1,-1,-1
568,50,1112.86,821.97,85.87,240.71,0.4960,-1,-1,-1
568,26,249.00,913.30,80.00,166.66,0.7605,-1,-1,-1
568,2,729.51,589.35,76.92,243.67,0.6217,-1,-1,-1
568,43,729.51,589.35,76.92,243.67,0.6217,-1,-1,-1
568,54,1825.90,251.33,67.77,171.24,0.3843,-1,-1,-1
568,62,375.25,237.76,63.69,190.80,0.6409,-1,-1,-1
568,56,1668.92,270.13,62.99,181.67,0.5738,-1,-1,-1
568,63,1026.93,808.06,83.85,262.70,0.4812,-1,-1,-1
568,21,795.65,75.65,71.99,243.65,0.4727,-1,-1,-1
568,19,474.61,92.04,48.83,165.54,0.2425,-1,-1,-1
568,3,984.62,933.14,100.50,144.41,0.3815,-1,-1,-1
568,66,1566.93,588.02,110.10,236.95,0.4046,-1,-1,-1
569,4,1715.73,457.16,78.83,209.90,0.6937,-1,-1,-1
569,8,276.91,850.01,106.82,229.57,0.6480,-1,-1,-1
569,28,1031.31,810.26,82.87,263.96,0.5718,-1,-1,-1
569,50,1115.19,824.90,84.02,240.11,0.4755,-1,-1,-1
569,26,249.06,914.84,80.56,165.16,0.7553,-1,-1,-1
569,2,726.42,588.27,78.85,245.28,0.6255,-1,-1,-1
569,43,726.42,588.27,78.85,245.28,0.6255,-1,-1,-1
569,54,1826.76,252.92,67.66,172.34,0.3846,-1,-1,-1
569,62,374.98,237.37,65.19,192.32,0.6382,-1,-1,-1
569,56,1668.16,267.83,61.89,183.40,0.5477,-1,-1,-1
569,63,1032.39,810.96,80.75,187.08,0.3439,-1,-1,-1
569,21,796.01,74.68,72.56,244.79,0.4433,-1,-1,-1
569,19,475.26,90.05,49.96,163.03,0.2707,-1,-1,-1
569,3,986.73,933.93,94.42,143.68,0.2885,-1,-1,-1
569,66,1569.32,594.01,109.46,231.90,0.4364,-1,-1,-1
570,4,1714.93,457.07,79.25,209.55,0.6843,-1,-1,-1
570,8,280.19,851.64,108.36,228.26,0.6638,-1,-1,-1
570,28,1033.90,812.21,82.01,265.21,0.6019,-1,-1,-1
570,50,1118.46,826.60,83.86,241.39,0.5841,-1,-1,-1
570,26,248.99,916.26,80.50,163.77,0.7440,-1,-1,-1
570,2,724.22,586.85,80.17,248.19,0.6121,-1,-1,-1
570,43,724.22,586.85,80.17,248.19,0.6121,-1,-1,-1
570,54,1827.14,254.18,68.69,173.52,0.3345,-1,-1,-1
570,62,375.15,237.51,65.74,192.68,0.6360,-1,-1,-1
570,56,1667.22,266.36,61.51,182.23,0.5398,-1,-1,-1
570,63,1034.19,813.22,81.78,156.27,0.3705,-1,-1,-1
570,21,795.54,73.05,73.92,246.86,0.4924,-1,-1,-1
570,19,476.99,89.92,48.41,160.75,0.2154,-1,-1,-1
570,3,989.17,933.01,88.91,144.96,0.3424,-1,-1,-1
570,66,1569.89,594.14,108.12,231.62,0.5573,-1,-1,-1
571,4,1714.68,456.08,80.53,209.46,0.6716,-1,-1,-1
571,8,283.02,854.21,107.54,225.83,0.6721,-1,-1,-1
571,28,1038.92,814.12,78.95,264.64,0.6702,-1,-1,-1
571,50,1125.82,828.65,78.05,242.38,0.6648,-1,-1,-1
571,26,247.98,918.89,80.99,161.17,0.7474,-1,-1,-1
571,2,720.06,587.26,83.81,247.39,0.5525,-1,-1,-1
571,43,720.06,587.26,83.81,247.39,0.5525,-1,-1,-1
571,54,1828.55,254.74,68.77,175.15,0.2817,-1,-1,-1
571,62,374.97,236.97,66.48,192.23,0.6212,-1,-1,-1
571,56,1665.01,263.81,61.50,180.29,0.5539,-1,-1,-1
571,63,1037.44,814.98,80.22,152.43,0.3293,-1,-1,-1
571,21,794.71,71.45,76.36,247.94,0.4730,-1,-1,-1
571,19,477.95,87.86,47.48,164.39,0.1286,-1,-1,-1
571,3,992.74,931.75,82.56,146.28,0.4004,-1,-1,-1
571,66,1563.06,589.52,114.78,235.74,0.5822,-1,-1,-1
572,4,1714.71,457.19,80.65,208.59,0.6369,-1,-1,-1
572,8,291.37,856.27,102.00,223.79,0.6897,-1,-1,-1
572,28,1041.96,816.85,78.40,261.05,0.6373,-1,-1,-1
572,50,1124.86,830.01,79.33,241.84,0.6073,-1,-1,-1
572,26,248.83,919.61,81.51,160.27,0.7480,-1,-1,-1
572,2,715.56,586.86,87.42,249.17,0.5177,-1,-1,-1
572,43,715.56,586.86,87.42,249.17,0.5177,-1,-1,-1
572,54,1829.98,253.25,69.95,178.38,0.2187,-1,-1,-1
572,62,376.48,238.40,65.09,189.27,0.6144,-1,-1,-1
572,56,1663.67,261.04,62.98,180.22,0.5111,-1,-1,-1
572,63,1040.63,817.77,79.18,161.79,0.3541,-1,-1,-1
572,21,793.39,71.49,78.51,247.58,0.4477,-1,-1,-1
572,19,478.82,85.41,46.29,167.55,0.1264,-1,-1,-1
572,3,992.25,930.14,81.92,148.45,0.5683,-1,-1,-1
572,66,1564.99,590.06,113.08,235.70,0.5144,-1,-1,-1
573,4,1714.68,457.04,81.69,209.84,0.6214,-1,-1,-1
573,8,293.23,858.42,97.34,221.26,0.6913,-1,-1,-1
573,28,1044.58,819.09,79.29,256.72,0.6230,-1,-1,-1
573,50,1125.36,831.68,78.94,244.27,0.6401,-1,-1,-1
573,26,247.71,924.24,82.47,155.76,0.7368,-1,-1,-1
573,2,712.80,586.94,88.18,249.61,0.6433,-1,-1,-1
573,43,712.80,586.94,88.18,249.61,0.6433,-1,-1,-1
573,54,1831.05,253.98,68.89,179.09,0.2505,-1,-1,-1
573,62,377.06,240.04,64.34,185.90,0.6200,-1,-1,-1
573,56,1661.09,258.80,63.81,182.24,0.5203,-1,-1,-1
573,63,1043.77,820.33,78.36,165.77,0.3561,-1,-1,-1
573,21,792.95,70.37,80.25,248.86,0.4695,-1,-1,-1
573,19,478.90,83.87,46.37,175.41,0.1234,-1,-1,-1
573,3,993.15,929.78,80.48,149.01,0.6001,-1,-1,-1
573,66,1563.19,588.21,115.76,237.26,0.4860,-1,-1,-1
574,4,1715.46,457.53,81.02,208.55,0.6429,-1,-1,-1
574,8,296.29,860.22,97.30,219.68,0.6987,-1,-1,-1
574,28,1046.61,820.10,80.51,253.54,0.6010,-1,-1,-1
574,50,1125.48,832.62,80.10,244.90,0.6194,-1,-1,-1
574,26,247.90,927.72,82.58,152.29,0.7365,-1,-1,-1
574,2,709.52,585.78,89.50,249.62,0.6973,-1,-1,-1
574,43,709.52,585.78,89.50,249.62,0.6973,-1,-1,-1
574,54,1832.79,254.83,67.99,176.34,0.2430,-1,-1,-1
574,62,377.67,241.08,63.65,184.68,0.6426,-1,-1,-1
574,56,1660.07,257.11,65.74,183.76,0.5341,-1,-1,-1
574,63,1046.16,821.34,79.10,168.45,0.3498,-1,-1,-1
574,21,791.94,69.46,81.84,250.77,0.4648,-1,-1,-1
574,19,471.80,80.68,53.81,187.61,0.2115,-1,-1,-1
574,3,995.40,929.08,77.62,149.48,0.6000,-1,-1,-1
574,66,1565.01,594.38,115.64,232.18,0.4310,-1,-1,-1
575,4,1715.57,456.77,80.82,208.65,0.6428,-1,-1,-1
575,8,298.16,862.39,95.71,217.60,0.6977,-1,-1,-1
575,28,1047.31,820.93,82.39,253.38,0.6199,-1,-1,-1
575,50,1123.24,834.37,86.02,244.34,0.6431,-1,-1,-1
575,26,248.87,926.83,81.33,153.18,0.7335,-1,-1,-1
575,2,707.94,584.57,89.76,249.53,0.6841,-1,-1,-1
575,43,707.94,584.57,89.76,249.53,0.6841,-1,-1,-1
575,54,1834.31,254.96,67.07,176.13,0.2566,-1,-1,-1
575,62,377.80,240.93,64.10,186.47,0.6438,-1,-1,-1
575,56,1658.73,255.56,67.23,185.50,0.5477,-1,-1,-1
575,63,1047.05,820.64,81.82,164.42,0.2936,-1,-1,-1
575,21,797.52,69.71,76.88,249.68,0.4354,-1,-1,-1
575,19,469.13,79.79,57.07,193.72,0.2179,-1,-1,-1
575,3,998.74,928.55,73.84,149.52,0.5780,-1,-1,-1
575,66,1564.91,598.81,114.19,228.12,0.5406,-1,-1,-1
576,4,1715.87,456.72,81.25,209.52,0.6138,-1,-1,-1
576,8,298.54,864.98,94.34,214.89,0.6981,-1,-1,-1
576,28,1048.22,821.58,81.98,252.72,0.5828,-1,-1,-1
576,50,1124.22,835.45,88.42,242.78,0.5978,-1,-1,-1
576,26,249.01,929.58,81.51,150.37,0.7418,-1,-1,-1
576,2,706.39,583.20,89.99,250.86,0.7062,-1,-1,-1
576,43,706.39,583.20,89.99,250.86,0.7062,-1,-1,-1
576,54,1835.64,254.90,67.70,176.40,0.2580,-1,-1,-1
576,62,377.78,243.46,64.37,187.09,0.6619,-1,-1,-1
576,56,1657.21,254.06,68.90,185.79,0.5612,-1,-1,-1
576,63,1048.29,821.25,81.25,160.36,0.2939,-1,-1,-1
576,21,802.32,69.67,72.31,249.07,0.4033,-1,-1,-1
576,19,465.73,79.24,61.67,198.15,0.2471,-1,-1,-1
576,3,1003.67,927.96,67.12,149.52,0.4797,-1,-1,-1
576,66,1566.35,598.89,111.04,226.78,0.6099,-1,-1,-1
577,4,1716.31,457.48,81.07,208.83,0.5880,-1,-1,-1
577,8,298.80,868.97,96.58,210.76,0.6998,-1,-1,-1
577,28,1049.84,823.19,80.90,249.90,0.5016,-1,-1,-1
577,50,1122.33,837.69,94.07,240.15,0.5126,-1,-1,-1
577,26,248.79,934.35,82.55,145.59,0.7432,-1,-1,-1
577,2,704.51,581.29,89.80,249.64,0.7005,-1,-1,-1
577,43,704.51,581.29,89.80,249.64,0.7005,-1,-1,-1
577,54,1837.59,255.29,66.40,177.04,0.2846,-1,-1,-1
577,62,378.37,246.56,63.80,187.33,0.6273,-1,-1,-1
577,56,1655.45,252.00,70.84,187.17,0.5222,-1,-1,-1
577,63,1050.07,822.79,80.08,159.45,0.2860,-1,-1,-1
577,21,804.75,69.97,70.53,248.16,0.4469,-1,-1,-1
577,19,466.53,76.64,61.50,199.86,0.2355,-1,-1,-1
577,3,1004.89,927.22,66.35,150.04,0.5718,-1,-1,-1
577,66,1564.51,600.19,112.70,226.28,0.5659,-1,-1,-1
578,4,1716.46,458.23,80.89,209.27,0.5575,-1,-1,-1
578,8,298.66,871.52,96.23,207.91,0.6970,-1,-1,-1
578,28,1052.82,824.32,78.91,246.91,0.4853,-1,-1,-1
578,50,1125.24,839.69,86.05,238.57,0.4747,-1,-1,-1
578,26,248.92,939.58,82.44,140.41,0.7391,-1,-1,-1
578,2,702.93,578.02,89.05,247.37,0.6775,-1,-1,-1
578,43,702.93,578.02,89.05,247.37,0.6775,-1,-1,-1
578,54,1839.70,254.97,64.36,175.05,0.2687,-1,-1,-1
578,62,377.95,249.06,63.77,188.07,0.6461,-1,-1,-1
578,56,1654.39,250.41,72.42,188.83,0.5596,-1,-1,-1
578,63,1053.84,824.72,76.84,166.69,0.2271,-1,-1,-1
578,21,807.40,70.05,68.39,247.39,0.4341,-1,-1,-1
578,19,460.57,74.14,66.17,203.14,0.1202,-1,-1,-1
578,3,1005.56,926.66,68.00,150.61,0.5379,-1,-1,-1
578,66,1562.88,601.39,112.90,225.86,0.5775,-1,-1,-1
579,4,1716.79,458.87,80.53,209.13,0.5637,-1,-1,-1
579,8,298.54,873.53,95.98,205.37,0.6986,-1,-1,-1
579,28,1053.55,826.15,81.28,247.76,0.4999,-1,-1,-1
579,50,1127.33,840.15,89.64,237.94,0.5749,-1,-1,-1
579,26,248.79,943.65,82.19,136.34,0.7279,-1,-1,-1
579,2,702.45,575.81,84.93,236.77,0.5908,-1,-1,-1
579,43,702.45,575.81,84.93,236.77,0.5908,-1,-1,-1
579,54,1841.73,255.69,63.15,174.17,0.3459,-1,-1,-1
579,62,377.88,250.46,63.64,187.97,0.6678,-1,-1,-1
579,56,1651.12,248.68,76.46,191.65,0.5490,-1,-1,-1
579,63,1054.49,826.97,78.74,163.06,0.2090,-1,-1,-1
579,21,808.57,69.35,67.16,248.10,0.4626,-1,-1,-1
579,19,471.60,78.30,56.10,192.48,0.1463,-1,-1,-1
579,3,1006.99,925.73,70.13,151.10,0.5378,-1,-1,-1
579,66,1562.87,602.04,113.05,225.26,0.6078,-1,-1,-1
580,4,1716.92,459.01,80.08,210.81,0.5831,-1,-1,-1
580,8,296.79,874.68,96.31,204.93,0.7240,-1,-1,-1
580,28,1055.25,828.33,80.71,246.73,0.4887,-1,-1,-1
580,50,1128.90,841.57,85.37,237.96,0.5564,-1,-1,-1
580,26,247.48,946.14,82.81,133.47,0.7220,-1,-1,-1
580,2,702.83,575.12,80.76,245.23,0.5795,-1,-1,-1
580,43,702.83,575.12,80.76,245.23,0.5795,-1,-1,-1
580,54,1844.03,256.00,64.51,175.43,0.3610,-1,-1,-1
580,62,377.70,252.43,63.34,187.36,0.6868,-1,-1,-1
580,56,1649.14,248.10,78.33,191.20,0.5543,-1,-1,-1
580,63,1056.85,828.46,77.42,161.23,0.1461,-1,-1,-1
580,21,807.80,67.83,67.67,250.01,0.4907,-1,-1,-1
580,19,472.47,74.07,55.87,195.13,0.2261,-1,-1,-1
580,3,1006.52,925.64,74.46,150.91,0.5670,-1,-1,-1
580,66,1561.64,602.24,114.89,225.35,0.6064,-1,-1,-1
581,4,1717.68,458.31,78.20,210.75,0.5733,-1,-1,-1
581,8,295.41,875.99,98.63,203.83,0.7253,-1,-1,-1
581,28,1058.00,831.06,80.74,243.17,0.5535,-1,-1,-1
581,50,1130.69,841.96,92.79,238.22,0.5224,-1,-1,-1
581,26,248.07,948.09,82.04,131.59,0.7270,-1,-1,-1
581,2,702.94,573.91,76.13,248.33,0.6000,-1,-1,-1
581,43,702.94,573.91,76.13,248.33,0.6000,-1,-1,-1
581,54,1847.33,255.67,62.68,178.94,0.3798,-1,-1,-1
581,62,377.21,254.64,63.62,185.52,0.6495,-1,-1,-1
581,56,1647.73,246.78,78.84,191.44,0.4979,-1,-1,-1
581,63,1059.28,831.36,77.46,167.68,0.2397,-1,-1,-1
581,21,807.79,68.05,67.17,249.46,0.4384,-1,-1,-1
581,19,466.08,69.55,62.15,199.68,0.2301,-1,-1,-1
581,3,1006.42,925.34,77.03,151.12,0.5918,-1,-1,-1
581,66,1561.84,601.68,114.90,225.67,0.5761,-1,-1,-1
582,4,1719.23,458.11,77.23,208.65,0.5333,-1,-1,-1
582,8,296.32,877.61,100.02,202.39,0.7379,-1,-1,-1
582,28,1060.48,834.44,79.96,237.25,0.5550,-1,-1,-1
582,50,1130.26,844.63,96.60,235.91,0.5294,-1,-1,-1
582,26,247.64,949.16,82.01,130.59,0.7115,-1,-1,-1
582,2,702.79,571.80,73.51,242.69,0.4719,-1,-1,-1
582,43,702.79,571.80,73.51,242.69,0.4719,-1,-1,-1
582,54,1850.12,255.51,61.94,181.64,0.2854,-1,-1,-1
582,62,376.36,255.83,64.24,186.06,0.6421,-1,-1,-1
582,56,1646.58,246.50,79.29,191.73,0.4698,-1,-1,-1
582,63,1061.96,834.22,76.52,169.91,0.2712,-1,-1,-1
582,21,808.04,67.23,66.78,250.18,0.4474,-1,-1,-1
582,19,463.87,65.07,63.33,204.99,0.1837,-1,-1,-1
582,3,1005.22,925.46,81.91,152.03,0.6060,-1,-1,-1
582,66,1562.86,602.95,113.98,223.98,0.5262,-1,-1,-1
583,4,1719.78,457.82,76.48,208.63,0.5856,-1,-1,-1
583,8,297.74,879.51,98.61,200.52,0.7513,-1,-1,-1
583,28,1063.57,837.97,78.93,237.54,0.6572,-1,-1,-1
583,50,1138.00,845.86,91.92,234.75,0.6566,-1,-1,-1
583,26,246.76,949.70,82.25,130.19,0.7088,-1,-1,-1
583,2,702.21,570.35,69.70,234.09,0.4284,-1,-1,-1
583,43,702.21,570.35,69.70,234.09,0.4284,-1,-1,-1
583,54,1851.48,256.86,63.21,182.49,0.3632,-1,-1,-1
583,62,375.12,256.89,65.57,187.93,0.6739,-1,-1,-1
583,56,1645.75,246.40,80.22,190.84,0.4968,-1,-1,-1
583,63,1064.77,837.34,74.62,173.95,0.1562,-1,-1,-1
583,21,808.13,65.83,66.68,251.55,0.4598,-1,-1,-1
583,19,463.08,62.35,64.31,207.71,0.2387,-1,-1,-1
583,3,1005.22,926.03,80.62,152.08,0.5773,-1,-1,-1
583,66,1560.33,605.32,112.71,223.85,0.4246,-1,-1,-1
584,4,1718.88,455.14,78.27,211.57,0.6184,-1,-1,-1
584,8,299.30,881.23,96.94,198.80,0.7555,-1,-1,-1
584,28,1062.42,841.43,81.46,237.49,0.6877,-1,-1,-1
584,50,1139.52,847.99,91.37,232.61,0.6701,-1,-1,-1
584,26,246.00,950.46,81.72,129.50,0.7005,-1,-1,-1
584,2,701.56,568.94,64.81,233.70,0.2693,-1,-1,-1
584,54,1853.51,256.15,64.88,184.40,0.2572,-1,-1,-1
584,62,373.44,257.64,66.41,189.44,0.6968,-1,-1,-1
584,56,1645.25,246.73,80.44,189.40,0.5106,-1,-1,-1
584,63,1062.80,841.13,79.98,215.96,0.6877,-1,-1,-1
584,21,809.82,66.27,64.98,250.90,0.4434,-1,-1,-1
584,19,464.42,61.85,64.55,207.92,0.2034,-1,-1,-1
584,3,1004.53,926.23,69.73,152.24,0.5637,-1,-1,-1
584,66,1560.92,603.58,112.41,224.41,0.5065,-1,-1,-1
585,4,1719.76,456.06,76.60,209.06,0.6331,-1,-1,-1
585,8,299.85,883.24,95.91,196.86,0.7540,-1,-1,-1
585,28,1062.45,843.91,80.06,235.90,0.7316,-1,-1,-1
585,50,1140.83,851.14,90.58,229.43,0.7216,-1,-1,-1
585,26,245.79,951.58,81.45,128.29,0.7086,-1,-1,-1
585,2,700.02,568.34,62.32,238.91,0.2955,-1,-1,-1
585,54,1853.06,257.36,65.69,185.51,0.2863,-1,-1,-1
585,62,372.49,258.29,66.49,189.24,0.7123,-1,-1,-1
585,56,1644.16,246.89,82.27,188.40,0.5317,-1,-1,-1
585,63,1062.57,843.74,79.60,229.76,0.7316,-1,-1,-1
585,21,809.30,67.60,65.33,249.87,0.4724,-1,-1,-1
585,19,466.68,59.94,64.04,210.90,0.1580,-1,-1,-1
585,3,1003.74,927.04,65.57,151.10,0.5902,-1,-1,-1
585,66,1559.81,605.61,112.20,223.96,0.4350,-1,-1,-1
586,4,1719.79,456.54,74.90,207.01,0.6221,-1,-1,-1
586,8,300.97,885.87,94.79,194.22,0.7595,-1,-1,-1
586,28,1062.89,846.17,80.31,232.97,0.7109,-1,-1,-1
586,50,1144.53,854.22,89.17,226.27,0.6960,-1,-1,-1
586,26,244.41,952.96,82.58,126.91,0.7044,-1,-1,-1
586,54,1854.35,257.14,64.64,186.36,0.2871,-1,-1,-1
586,62,372.16,258.52,65.80,189.61,0.7196,-1,-1,-1
586,56,1645.12,247.25,81.46,187.24,0.5339,-1,-1,-1
586,63,1062.90,846.07,80.22,233.28,0.7109,-1,-1,-1
586,21,809.29,68.46,64.86,249.58,0.4833,-1,-1,-1
586,19,467.45,58.85,62.15,212.40,0.1476,-1,-1,-1
586,3,1004.38,927.88,61.59,150.31,0.6019,-1,-1,-1
586,66,1562.23,604.17,113.26,223.94,0.5337,-1,-1,-1
587,4,1721.13,455.45,73.71,209.06,0.6410,-1,-1,-1
587,8,302.29,888.27,94.38,191.67,0.7587,-1,-1,-1
587,28,1065.26,847.90,79.15,230.56,0.7135,-1,-1,-1
587,50,1148.26,857.67,88.83,222.76,0.6704,-1,-1,-1
587,26,245.78,954.98,81.74,124.99,0.7236,-1,-1,-1
587,54,1854.92,257.37,64.58,186.29,0.3107,-1,-1,-1
587,62,371.39,258.87,65.70,189.49,0.7010,-1,-1,-1
587,56,1645.52,247.09,81.09,186.24,0.5087,-1,-1,-1
587,63,1065.22,847.87,79.21,233.18,0.7135,-1,-1,-1
587,21,808.63,69.97,64.92,248.87,0.4748,-1,-1,-1
587,19,468.22,60.12,62.18,210.90,0.2144,-1,-1,-1
587,3,1003.40,928.90,61.86,149.31,0.6297,-1,-1,-1
587,66,1561.17,603.41,112.70,226.43,0.5409,-1,-1,-1
588,4,1721.65,453.63,69.48,212.36,0.6281,-1,-1,-1
588,8,302.85,890.85,93.95,189.16,0.7552,-1,-1,-1
588,28,1066.90,849.76,77.67,227.82,0.7055,-1,-1,-1
588,50,1149.77,858.43,91.64,221.93,0.6634,-1,-1,-1
588,26,246.30,957.47,81.72,122.54,0.7202,-1,-1,-1
588,54,1856.92,257.06,62.84,186.26,0.3220,-1,-1,-1
588,62,371.18,259.03,65.67,189.56,0.7073,-1,-1,-1
588,56,1647.07,245.68,79.47,186.71,0.4996,-1,-1,-1
588,63,1066.86,849.75,77.77,231.12,0.7055,-1,-1,-1
588,21,808.62,70.02,64.56,248.71,0.4542,-1,-1,-1
588,19,469.33,61.61,62.31,208.63,0.2226,-1,-1,-1
588,3,1002.15,929.87,62.52,149.46,0.6196,-1,-1,-1
588,66,1562.42,603.04,112.67,225.11,0.5299,-1,-1,-1
589,4,1723.26,455.11,69.61,209.45,0.6433,-1,-1,-1
589,8,302.91,894.26,93.85,185.77,0.7672,-1,-1,-1
589,28,1067.42,851.06,78.35,226.82,0.7150,-1,-1,-1
589,50,1153.61,858.72,91.36,221.59,0.6849,-1,-1,-1
589,26,246.65,960.61,82.15,119.41,0.7211,-1,-1,-1
589,54,1858.36,255.53,61.24,187.50,0.2400,-1,-1,-1
589,62,370.56,260.02,65.53,187.86,0.7045,-1,-1,-1
589,56,1649.58,243.44,77.17,183.73,0.5037,-1,-1,-1
589,63,1067.38,851.07,78.45,230.08,0.7150,-1,-1,-1
589,21,809.25,74.50,63.35,243.31,0.4087,-1,-1,-1
589,19,469.76,66.49,62.20,202.85,0.2106,-1,-1,-1
589,3,1002.34,930.55,61.35,149.27,0.6252,-1,-1,-1
589,66,1560.39,603.47,112.60,226.16,0.5504,-1,-1,-1
590,4,1723.00,455.55,71.34,209.15,0.6039,-1,-1,-1
590,8,304.73,895.92,92.75,183.71,0.7620,-1,-1,-1
590,28,1068.01,852.51,80.19,225.87,0.7313,-1,-1,-1
590,50,1156.70,861.39,90.33,218.86,0.6945,-1,-1,-1
590,26,246.40,963.11,82.14,116.90,0.6994,-1,-1,-1
590,54,1857.34,253.80,62.49,190.10,0.2621,-1,-1,-1
590,62,370.05,261.42,65.26,186.43,0.7152,-1,-1,-1
590,56,1652.62,241.15,74.62,183.60,0.5250,-1,-1,-1
590,63,1067.97,852.54,80.28,228.92,0.7313,-1,-1,-1
590,21,809.07,73.28,62.71,244.63,0.3700,-1,-1,-1
590,19,470.99,65.52,61.15,203.28,0.2303,-1,-1,-1
590,3,1001.77,931.01,61.19,148.97,0.6389,-1,-1,-1
590,66,1559.69,603.84,112.33,226.05,0.5481,-1,-1,-1
590,67,284.89,118.78,58.96,176.49,0.3605,-1,-1,-1
591,4,1723.25,457.04,71.37,207.31,0.6259,-1,-1,-1
591,8,306.16,897.92,91.87,180.39,0.7609,-1,-1,-1
591,28,1068.97,853.49,81.77,225.21,0.7235,-1,-1,-1
591,50,1158.74,863.06,90.41,217.12,0.6913,-1,-1,-1
591,26,246.17,966.18,82.20,113.75,0.7018,-1,-1,-1
591,54,1858.65,254.31,61.22,191.61,0.2876,-1,-1,-1
591,62,369.09,262.62,66.00,185.30,0.7217,-1,-1,-1
591,56,1654.63,239.81,73.35,183.00,0.5817,-1,-1,-1
591,63,1068.93,853.53,81.85,227.97,0.7235,-1,-1,-1
591,21,808.73,76.29,60.96,241.28,0.3316,-1,-1,-1
591,19,472.81,64.28,60.80,202.41,0.2202,-1,-1,-1
591,3,1001.39,931.88,59.68,148.12,0.6280,-1,-1,-1
591,66,1560.00,603.81,112.21,225.79,0.5709,-1,-1,-1
591,67,284.29,120.28,58.87,175.57,0.3591,-1,-1,-1
592,4,1722.79,457.24,71.39,206.86,0.6256,-1,-1,-1
592,8,307.77,901.36,90.72,177.05,0.7391,-1,-1,-1
592,28,1070.06,854.76,81.39,222.95,0.7154,-1,-1,-1
592,50,1158.25,865.61,92.68,214.55,0.6864,-1,-1,-1
592,26,247.64,968.83,82.24,111.16,0.7213,-1,-1,-1
592,54,1860.84,252.74,59.05,194.63,0.2183,-1,-1,-1
592,62,368.35,264.27,65.93,182.83,0.7176,-1,-1,-1
592,56,1655.93,237.92,73.61,185.36,0.6350,-1,-1,-1
592,63,1070.03,854.79,81.47,225.45,0.7154,-1,-1,-1
592,21,809.01,81.66,59.03,235.41,0.3065,-1,-1,-1
592,19,474.03,64.06,59.96,201.32,0.2282,-1,-1,-1
592,3,1000.72,932.72,59.42,147.32,0.5837,-1,-1,-1
592,66,1560.21,603.32,112.35,226.50,0.5074,-1,-1,-1
592,67,284.66,118.82,57.82,176.39,0.3563,-1,-1,-1
593,4,1721.34,455.37,70.44,211.20,0.6501,-1,-1,-1
593,8,308.37,906.66,91.12,172.80,0.7728,-1,-1,-1
593,28,1071.60,855.77,80.65,221.36,0.7240,-1,-1,-1
593,50,1161.26,868.13,91.07,212.01,0.6762,-1,-1,-1
593,26,248.91,971.42,82.27,108.61,0.7289,-1,-1,-1
593,54,1864.74,255.60,55.16,191.49,0.2377,-1,-1,-1
593,62,367.63,265.25,66.23,183.60,0.7253,-1,-1,-1
593,56,1656.12,235.76,73.21,185.45,0.6653,-1,-1,-1
593,63,1071.57,855.81,80.72,223.57,0.7240,-1,-1,-1
593,21,809.48,83.40,58.35,233.68,0.3156,-1,-1,-1
593,19,474.53,65.85,59.65,196.50,0.2558,-1,-1,-1
593,3,1000.72,933.31,59.00,146.44,0.5825,-1,-1,-1
593,66,1560.63,603.34,111.49,226.38,0.4749,-1,-1,-1
593,67,283.92,118.06,58.44,177.59,0.3425,-1,-1,-1
594,4,1720.82,455.02,69.97,212.48,0.6487,-1,-1,-1
594,8,309.31,909.95,92.67,169.90,0.7756,-1,-1,-1
594,28,1072.91,856.91,79.72,221.55,0.7187,-1,-1,-1
594,50,1163.14,870.37,90.07,209.78,0.6682,-1,-1,-1
594,26,249.75,974.85,84.54,105.18,0.7218,-1,-1,-1
594,54,1866.82,254.22,52.89,191.13,0.2186,-1,-1,-1
594,62,367.23,266.72,65.66,185.41,0.7209,-1,-1,-1
594,56,1657.08,233.38,71.91,186.42,0.6364,-1,-1,-1
594,63,1072.88,856.95,79.78,223.49,0.7187,-1,-1,-1
594,21,809.36,88.65,57.77,228.39,0.2782,-1,-1,-1
594,19,475.79,66.50,58.44,192.79,0.2116,-1,-1,-1
594,3,1000.97,934.69,58.17,145.27,0.5750,-1,-1,-1
594,66,1561.41,605.08,110.12,224.29,0.4861,-1,-1,-1
594,67,283.48,117.07,58.75,179.16,0.3426,-1,-1,-1
595,4,1720.85,454.01,70.32,213.30,0.6796,-1,-1,-1
595,8,310.26,911.86,94.41,168.10,0.7620,-1,-1,-1
595,28,1074.11,858.76,80.18,220.87,0.7198,-1,-1,-1
595,50,1165.28,872.12,88.86,208.02,0.6596,-1,-1,-1
595,26,250.29,978.26,83.44,101.75,0.7018,-1,-1,-1
595,54,1869.80,255.42,49.81,188.82,0.1721,-1,-1,-1
595,62,366.34,269.07,65.94,187.64,0.7235,-1,-1,-1
595,56,1657.88,231.26,71.05,187.99,0.6287,-1,-1,-1
595,63,1074.09,858.79,80.24,222.59,0.7198,-1,-1,-1
595,21,809.91,91.81,56.57,225.41,0.2650,-1,-1,-1
595,19,476.94,68.65,58.55,188.51,0.2766,-1,-1,-1
595,3,1000.63,935.42,57.37,144.60,0.5936,-1,-1,-1
595,66,1562.07,605.34,109.55,223.94,0.4457,-1,-1,-1
595,67,282.99,115.18,59.24,180.49,0.3436,-1,-1,-1
596,4,1719.32,453.33,72.27,214.53,0.7018,-1,-1,-1
596,8,311.81,913.13,94.73,166.89,0.7688,-1,-1,-1
596,28,1074.55,860.91,81.26,219.16,0.7210,-1,-1,-1
596,50,1169.16,873.95,85.26,206.19,0.6872,-1,-1,-1
596,26,251.01,981.13,83.46,98.89,0.7023,-1,-1,-1
596,54,1871.57,260.05,48.09,186.36,0.1030,-1,-1,-1
596,62,365.46,269.99,66.11,190.70,0.7263,-1,-1,-1
596,56,1657.81,229.73,70.68,187.79,0.6107,-1,-1,-1
596,63,1074.53,860.93,81.31,220.68,0.7210,-1,-1,-1
596,21,810.02,120.63,54.71,196.75,0.2139,-1,-1,-1
596,19,478.33,68.71,57.49,187.60,0.2600,-1,-1,-1
596,3,1000.01,935.36,57.60,143.34,0.5730,-1,-1,-1
596,66,1562.31,606.08,109.25,223.78,0.4586,-1,-1,-1
596,67,283.02,116.78,59.27,178.90,0.3265,-1,-1,-1
597,4,1717.99,454.00,73.89,213.68,0.6876,-1,-1,-1
597,8,313.73,913.73,94.52,166.31,0.7388,-1,-1,-1
597,28,1076.12,863.25,79.12,216.95,0.6754,-1,-1,-1
597,50,1171.77,875.75,83.48,204.36,0.6498,-1,-1,-1
597,26,251.31,982.76,83.93,97.26,0.6963,-1,-1,-1
597,62,364.51,271.68,66.49,191.17,0.7106,-1,-1,-1
597,56,1658.38,227.72,70.22,188.62,0.5942,-1,-1,-1
597,63,1076.11,863.26,79.17,218.29,0.6754,-1,-1,-1
597,21,808.56,105.06,56.10,212.62,0.2373,-1,-1,-1
597,19,478.99,69.36,57.26,186.88,0.2971,-1,-1,-1
597,3,999.41,935.83,58.39,142.10,0.6177,-1,-1,-1
597,66,1561.31,608.18,110.21,221.91,0.4109,-1,-1,-1
597,67,281.97,116.55,60.14,179.40,0.2911,-1,-1,-1
598,4,1716.23,453.85,75.83,213.50,0.7063,-1,-1,-1
598,8,314.20,914.21,97.18,165.13,0.7353,-1,-1,-1
598,28,1077.33,865.02,79.50,215.18,0.6628,-1,-1,-1
598,50,1170.29,877.67,86.49,202.40,0.6631,-1,-1,-1
598,26,251.90,984.33,83.96,95.65,0.6773,-1,-1,-1
598,62,363.98,272.68,66.65,190.91,0.7063,-1,-1,-1
598,56,1657.65,226.62,69.82,189.21,0.5918,-1,-1,-1
598,63,1077.32,865.03,79.53,216.35,0.6628,-1,-1,-1
598,21,808.71,127.61,55.48,189.65,0.2294,-1,-1,-1
598,19,481.24,66.78,55.79,189.99,0.2096,-1,-1,-1
598,3,999.42,936.42,60.60,141.24,0.6250,-1,-1,-1
598,66,1560.27,610.63,111.14,219.66,0.3846,-1,-1,-1
598,67,281.05,115.68,60.78,180.84,0.2910,-1,-1,-1
599,4,1714.52,453.81,78.24,213.20,0.7033,-1,-1,-1
599,8,314.06,915.97,100.12,162.86,0.7269,-1,-1,-1
599,28,1078.46,867.22,81.18,212.96,0.6202,-1,-1,-1
599,50,1171.62,880.41,86.38,199.64,0.6585,-1,-1,-1
599,26,253.10,985.47,81.20,94.50,0.6593,-1,-1,-1
599,62,364.38,273.13,66.16,191.63,0.6714,-1,-1,-1
599,56,1655.13,226.93,70.32,188.59,0.5505,-1,-1,-1
599,63,1078.44,867.23,81.21,213.99,0.6202,-1,-1,-1
599,21,807.31,116.98,57.04,200.35,0.2477,-1,-1,-1
599,19,481.87,66.25,55.48,190.94,0.1587,-1,-1,-1
599,3,998.76,936.82,60.62,140.77,0.6461,-1,-1,-1
599,66,1559.86,609.39,112.04,221.21,0.3645,-1,-1,-1
599,67,280.97,114.94,60.89,181.66,0.3122,-1,-1,-1
600,4,1714.11,453.89,79.01,212.06,0.7201,-1,-1,-1
600,8,314.58,918.01,103.32,160.10,0.7043,-1,-1,-1
600,28,1079.89,869.39,81.64,210.82,0.6532,-1,-1,-1
600,50,1176.35,883.94,82.29,196.15,0.6587,-1,-1,-1
600,26,253.32,986.53,82.68,93.50,0.6489,-1,-1,-1
600,62,364.80,274.77,65.81,192.03,0.6770,-1,-1,-1
600,56,1652.61,226.65,70.95,186.08,0.5433,-1,-1,-1
600,63,1079.88,869.40,81.67,211.72,0.6532,-1,-1,-1
600,21,808.08,136.37,55.87,180.85,0.2057,-1,-1,-1
600,19,481.92,63.35,55.96,194.74,0.2192,-1,-1,-1
600,3,998.58,938.28,60.44,139.45,0.6405,-1,-1,-1
600,66,1560.31,608.10,112.33,221.26,0.3525,-1,-1,-1
600,67,281.47,114.19,59.92,182.50,0.2716,-1,-1,-1
600,68,429.58,74.29,53.97,160.66,0.3705,-1,-1,-1
601,4,1713.95,453.94,80.03,212.91,0.7016,-1,-1,-1
601,8,314.87,919.72,103.85,158.38,0.7216,-1,-1,-1
601,28,1081.02,871.93,84.18,208.24,0.6059,-1,-1,-1
601,50,1176.11,886.43,83.18,193.63,0.6561,-1,-1,-1
601,26,253.44,986.87,84.10,93.13,0.6263,-1,-1,-1
601,62,364.22,274.95,65.54,195.73,0.7021,-1,-1,-1
601,56,1649.11,226.41,72.38,186.34,0.5767,-1,-1,-1
601,63,1081.01,871.93,84.21,209.03,0.6059,-1,-1,-1
601,21,807.84,145.67,56.27,171.72,0.2301,-1,-1,-1
601,19,482.40,59.34,55.79,198.71,0.1992,-1,-1,-1
601,3,998.54,939.55,59.06,138.16,0.6213,-1,-1,-1
601,66,1561.46,603.94,111.34,224.11,0.3923,-1,-1,-1
601,67,281.50,114.02,59.03,183.21,0.2341,-1,-1,-1
601,68,430.95,71.76,52.91,163.84,0.2830,-1,-1,-1
602,4,1712.39,454.94,82.00,212.23,0.6954,-1,-1,-1
602,8,315.95,921.41,104.57,156.12,0.7223,-1,-1,-1
602,28,1080.28,874.86,86.93,205.26,0.6725,-1,-1,-1
602,50,1175.76,888.52,84.45,191.50,0.6497,-1,-1,-1
602,26,253.61,988.53,84.72,91.42,0.6100,-1,-1,-1
602,62,364.89,274.78,64.30,196.61,0.6821,-1,-1,-1
602,56,1648.00,226.89,72.04,184.10,0.5898,-1,-1,-1
602,63,1080.27,874.87,86.95,205.94,0.6725,-1,-1,-1
602,21,807.75,147.57,56.15,169.91,0.2863,-1,-1,-1
602,19,482.97,56.76,55.08,199.66,0.2221,-1,-1,-1
602,3,996.75,940.28,59.78,137.51,0.6516,-1,-1,-1
602,66,1562.11,600.56,113.94,225.89,0.5916,-1,-1,-1
602,67,280.38,114.20,60.19,183.28,0.2540,-1,-1,-1
602,68,431.94,69.34,52.88,168.68,0.2638,-1,-1,-1
603,4,1711.17,455.18,83.72,213.68,0.7157,-1,-1,-1
603,8,316.66,924.20,104.64,153.81,0.7365,-1,-1,-1
603,28,1080.85,877.75,87.66,202.37,0.6606,-1,-1,-1
603,50,1176.47,890.86,83.52,189.17,0.6049,-1,-1,-1
603,26,254.08,990.97,84.69,89.00,0.6235,-1,-1,-1
603,62,363.99,276.28,65.44,195.69,0.6959,-1,-1,-1
603,56,1647.29,227.56,70.36,183.13,0.6220,-1,-1,-1
603,63,1080.85,877.75,87.69,202.97,0.6606,-1,-1,-1
603,21,807.76,145.68,56.22,171.45,0.2882,-1,-1,-1
603,19,483.32,55.52,55.48,199.86,0.2593,-1,-1,-1
603,3,996.08,940.92,59.38,136.91,0.6627,-1,-1,-1
603,66,1562.85,600.10,112.93,226.69,0.4890,-1,-1,-1
603,67,279.23,113.70,61.13,183.24,0.2624,-1,-1,-1
603,68,432.29,68.18,53.60,172.51,0.1933,-1,-1,-1
604,4,1709.74,454.79,85.23,212.33,0.7131,-1,-1,-1
604,8,317.77,926.91,104.64,151.30,0.7546,-1,-1,-1
604,28,1080.61,880.64,90.42,199.44,0.6017,-1,-1,-1
604,50,1178.52,893.15,80.85,186.86,0.5312,-1,-1,-1
604,26,254.59,992.81,84.91,87.18,0.6277,-1,-1,-1
604,62,364.68,276.86,64.76,196.27,0.6813,-1,-1,-1
604,56,1648.55,227.46,67.00,182.22,0.6060,-1,-1,-1
604,63,1080.60,880.65,90.44,199.96,0.6017,-1,-1,-1
604,21,807.67,145.16,56.57,171.96,0.2737,-1,-1,-1
604,19,483.25,53.16,55.44,201.46,0.1898,-1,-1,-1
604,3,996.32,942.16,59.27,136.01,0.6399,-1,-1,-1
604,66,1563.18,599.07,112.72,227.79,0.4353,-1,-1,-1
604,67,278.43,111.83,62.17,184.46,0.2299,-1,-1,-1
604,68,434.02,66.96,52.67,178.56,0.1190,-1,-1,-1
605,4,1710.22,454.31,85.19,213.24,0.7033,-1,-1,-1
605,8,319.72,929.76,102.30,148.69,0.7468,-1,-1,-1
605,28,1083.94,883.08,89.83,197.00,0.5588,-1,-1,-1
605,50,1182.03,895.90,75.34,184.12,0.5162,-1,-1,-1
605,26,254.66,994.68,85.44,85.32,0.6278,-1,-1,-1
605,62,363.64,276.99,66.27,196.04,0.6851,-1,-1,-1
605,56,1648.23,227.93,66.19,179.60,0.5553,-1,-1,-1
605,63,1083.93,883.09,89.85,197.45,0.5588,-1,-1,-1
605,21,807.12,146.85,56.79,170.58,0.2441,-1,-1,-1
605,19,483.17,51.75,55.23,202.52,0.1998,-1,-1,-1
605,3,996.43,943.36,59.11,135.30,0.6214,-1,-1,-1
605,66,1563.98,601.42,109.64,225.55,0.3535,-1,-1,-1
605,67,278.18,111.58,62.41,185.05,0.2464,-1,-1,-1
605,68,434.42,70.10,51.36,175.64,0.2553,-1,-1,-1
606,4,1711.01,454.70,84.95,213.05,0.6995,-1,-1,-1
606,8,321.73,932.87,99.70,146.47,0.7544,-1,-1,-1
606,28,1088.50,885.83,86.70,194.24,0.5627,-1,-1,-1
606,50,1181.69,898.16,75.72,181.86,0.5178,-1,-1,-1
606,26,254.34,997.34,85.32,82.65,0.6128,-1,-1,-1
606,62,363.06,277.46,66.77,195.49,0.6935,-1,-1,-1
606,56,1647.16,228.06,66.15,178.10,0.5478,-1,-1,-1
606,63,1088.49,885.84,86.72,194.63,0.5627,-1,-1,-1
606,21,807.03,146.04,57.46,170.49,0.2842,-1,-1,-1
606,19,484.33,50.99,53.06,197.66,0.1416,-1,-1,-1
606,3,996.09,944.55,58.69,134.76,0.5915,-1,-1,-1
606,66,1562.15,605.51,109.83,223.49,0.5028,-1,-1,-1
606,67,278.00,111.12,62.71,185.76,0.2706,-1,-1,-1
606,68,434.53,73.32,49.01,171.43,0.2852,-1,-1,-1
607,4,1710.13,455.05,86.30,212.61,0.7107,-1,-1,-1
607,8,322.96,935.68,97.42,144.11,0.7348,-1,-1,-1
607,28,1093.46,887.42,84.61,192.63,0.5634,-1,-1,-1
607,50,1182.11,898.37,75.94,181.64,0.4722,-1,-1,-1
607,26,254.12,1000.05,84.17,79.93,0.6117,-1,-1,-1
607,62,363.35,278.18,66.42,194.49,0.6974,-1,-1,-1
607,56,1646.44,227.40,65.60,177.67,0.5484,-1,-1,-1
607,63,1093.45,887.43,84.63,192.97,0.5634,-1,-1,-1
607,21,806.71,144.79,57.72,172.33,0.2859,-1,-1,-1
607,19,485.61,49.26,51.74,196.14,0.1931,-1,-1,-1
607,3,995.52,945.32,58.81,134.21,0.5981,-1,-1,-1
607,66,1562.97,608.82,108.80,220.77,0.4497,-1,-1,-1
607,67,276.74,109.13,63.99,187.84,0.2864,-1,-1,-1
607,68,434.05,72.54,50.50,172.65,0.4022,-1,-1,-1
608,4,1709.94,454.61,86.70,213.17,0.7104,-1,-1,-1
608,8,323.25,939.95,97.27,140.04,0.7450,-1,-1,-1
608,28,1097.98,889.37,81.86,190.69,0.5824,-1,-1,-1
608,50,1183.73,899.35,74.03,180.67,0.5002,-1,-1,-1
608,26,253.52,1002.29,84.58,77.73,0.6197,-1,-1,-1
608,62,362.45,278.14,66.64,193.75,0.6765,-1,-1,-1
608,56,1645.84,226.35,64.10,180.11,0.5322,-1,-1,-1
608,63,1097.97,889.38,81.87,190.98,0.5824,-1,-1,-1
608,21,806.43,143.28,58.46,173.66,0.3172,-1,-1,-1
608,19,485.90,47.36,51.88,198.90,0.1784,-1,-1,-1
608,3,995.17,945.76,59.30,134.12,0.5930,-1,-1,-1
608,66,1562.71,610.30,108.60,219.12,0.4514,-1,-1,-1
608,67,275.46,109.05,64.92,187.96,0.2691,-1,-1,-1
608,68,434.60,71.94,50.79,174.23,0.3617,-1,-1,-1
609,4,1711.03,454.48,85.24,212.59,0.7434,-1,-1,-1
609,8,321.75,942.75,98.26,135.12,0.7327,-1,-1,-1
609,28,1100.52,890.31,80.97,189.74,0.5874,-1,-1,-1
609,50,1183.34,900.33,78.84,179.69,0.5185,-1,-1,-1
609,26,253.58,1005.10,84.06,74.74,0.6135,-1,-1,-1
609,62,362.43,277.73,66.34,193.97,0.6860,-1,-1,-1
609,56,1642.99,223.82,66.14,185.02,0.5487,-1,-1,-1
609,63,1100.51,890.32,80.98,190.00,0.5874,-1,-1,-1
609,21,806.83,139.31,58.35,177.30,0.2570,-1,-1,-1
609,19,486.01,46.18,51.84,201.62,0.1516,-1,-1,-1
609,3,994.03,946.58,60.37,133.44,0.6183,-1,-1,-1
609,66,1562.54,608.55,108.21,221.39,0.4508,-1,-1,-1
609,67,274.80,110.66,66.20,186.29,0.2701,-1,-1,-1
609,68,435.25,70.89,50.98,175.93,0.3797,-1,-1,-1
610,4,1711.40,454.32,84.82,212.26,0.7385,-1,-1,-1
610,8,321.51,945.42,97.49,131.69,0.7272,-1,-1,-1
610,28,1101.81,890.63,80.73,189.39,0.5694,-1,-1,-1
610,50,1183.43,900.73,79.64,179.26,0.5102,-1,-1,-1
610,26,253.64,1008.21,81.48,71.17,0.5548,-1,-1,-1
610,62,361.83,278.33,66.48,193.81,0.6984,-1,-1,-1
610,56,1640.87,221.96,66.75,183.77,0.5339,-1,-1,-1
610,63,1101.81,890.63,80.74,189.62,0.5694,-1,-1,-1
610,21,807.85,138.23,57.50,177.68,0.2594,-1,-1,-1
610,3,992.70,946.55,61.10,133.48,0.6246,-1,-1,-1
610,66,1563.84,600.98,110.58,226.24,0.3978,-1,-1,-1
610,67,276.00,111.55,65.11,185.16,0.2397,-1,-1,-1
610,68,435.46,72.20,51.40,174.62,0.3620,-1,-1,-1
610,69,592.42,552.93,85.50,228.51,0.5013,-1,-1,-1
611,4,1710.93,454.51,85.33,212.96,0.7411,-1,-1,-1
611,8,320.26,948.10,96.76,130.82,0.7304,-1,-1,-1
611,28,1102.94,891.28,82.12,188.71,0.5769,-1,-1,-1
611,50,1183.34,902.07,81.03,177.90,0.5078,-1,-1,-1
611,26,254.10,1011.47,77.46,67.64,0.5000,-1,-1,-1
611,62,360.93,279.92,67.40,193.03,0.7044,-1,-1,-1
611,56,1639.70,219.16,66.49,184.05,0.5441,-1,-1,-1
611,63,1102.94,891.29,82.13,188.91,0.5769,-1,-1,-1
611,21,805.65,131.47,58.73,186.31,0.2657,-1,-1,-1
611,3,991.54,946.35,61.76,133.66,0.6313,-1,-1,-1
611,66,1564.83,596.57,111.59,228.95,0.5345,-1,-1,-1
611,67,274.04,105.75,67.08,190.89,0.2919,-1,-1,-1
611,68,436.19,74.52,51.65,172.37,0.3355,-1,-1,-1
611,69,586.63,549.46,91.31,232.73,0.5637,-1,-1,-1
612,4,1709.92,453.90,86.45,213.13,0.7544,-1,-1,-1
612,8,319.71,949.43,96.79,130.22,0.7591,-1,-1,-1
612,28,1105.75,892.45,80.20,187.55,0.5754,-1,-1,-1
612,50,1181.78,903.99,82.96,175.99,0.5083,-1,-1,-1
612,26,253.45,1014.56,76.81,65.04,0.4775,-1,-1,-1
612,62,359.84,282.22,67.84,192.29,0.6710,-1,-1,-1
612,56,1637.95,216.52,67.09,185.42,0.5590,-1,-1,-1
612,63,1105.75,892.46,80.20,187.72,0.5754,-1,-1,-1
612,21,804.72,130.35,59.49,187.74,0.3187,-1,-1,-1
612,3,990.75,946.27,62.31,133.76,0.6087,-1,-1,-1
612,66,1565.87,600.19,109.77,225.78,0.4832,-1,-1,-1
612,67,273.27,108.75,67.66,187.94,0.2585,-1,-1,-1
612,68,437.23,75.83,50.71,171.59,0.2587,-1,-1,-1
612,69,580.71,548.20,97.35,234.67,0.6284,-1,-1,-1
613,4,1710.91,453.49,85.03,213.43,0.7486,-1,-1,-1
613,8,319.80,951.66,95.82,128.16,0.7302,-1,-1,-1
613,28,1106.80,893.55,80.04,186.42,0.5127,-1,-1,-1
613,50,1183.19,906.61,83.21,173.34,0.3367,-1,-1,-1
613,26,253.51,1017.12,75.94,62.62,0.3951,-1,-1,-1
613,62,359.82,285.19,66.88,192.95,0.6754,-1,-1,-1
613,56,1636.52,213.78,67.49,187.97,0.5704,-1,-1,-1
613,63,1106.80,893.55,80.04,186.57,0.5127,-1,-1,-1
613,21,804.59,134.24,59.82,184.26,0.3800,-1,-1,-1
613,3,989.59,946.98,63.03,133.01,0.6227,-1,-1,-1
613,66,1564.49,604.61,108.59,223.50,0.5298,-1,-1,-1
613,67,271.45,98.71,69.63,197.59,0.2087,-1,-1,-1
613,68,438.68,77.21,49.88,170.99,0.2056,-1,-1,-1
613,69,578.92,547.85,99.81,235.43,0.6566,-1,-1,-1
614,4,1711.72,453.12,83.91,213.41,0.7400,-1,-1,-1
614,8,319.77,953.08,95.93,126.91,0.7285,-1,-1,-1
614,28,1107.66,896.24,81.99,183.78,0.5913,-1,-1,-1
614,50,1185.65,909.98,81.36,170.01,0.4906,-1,-1,-1
614,26,254.00,1020.07,74.83,59.86,0.3781,-1,-1,-1
614,62,358.80,285.80,67.19,196.09,0.6760,-1,-1,-1
614,56,1634.65,212.14,68.18,185.97,0.5782,-1,-1,-1
614,63,1107.66,896.24,81.99,183.91,0.5913,-1,-1,-1
614,21,806.07,137.22,58.48,181.08,0.3854,-1,-1,-1
614,3,988.06,946.49,64.09,133.54,0.6450,-1,-1,-1
614,66,1563.33,607.78,108.61,221.66,0.4839,-1,-1,-1
614,67,275.99,108.59,65.45,186.94,0.1484,-1,-1,-1
614,68,439.91,80.43,49.50,168.36,0.1183,-1,-1,-1
614,69,576.47,548.21,101.70,236.06,0.6421,-1,-1,-1
615,4,1712.14,452.52,83.28,214.74,0.7523,-1,-1,-1
615,8,319.91,955.67,94.82,124.39,0.7235,-1,-1,-1
615,28,1107.69,898.32,81.89,181.72,0.5788,-1,-1,-1
615,50,1189.12,913.49,79.98,166.53,0.4067,-1,-1,-1
615,26,252.23,1023.69,72.28,56.32,0.3560,-1,-1,-1
615,62,357.53,286.66,67.60,197.40,0.6712,-1,-1,-1
615,56,1632.41,210.39,69.15,185.13,0.5846,-1,-1,-1
615,63,1107.69,898.32,81.89,181.84,0.5788,-1,-1,-1
615,21,806.08,140.75,58.27,178.46,0.3922,-1,-1,-1
615,3,987.20,946.25,64.05,133.80,0.6479,-1,-1,-1
615,66,1562.50,607.21,109.25,222.49,0.4943,-1,-1,-1
615,67,277.37,113.38,64.47,182.20,0.1461,-1,-1,-1
615,68,440.13,78.00,50.54,170.74,0.1144,-1,-1,-1
615,69,575.87,548.13,100.89,235.85,0.6234,-1,-1,-1
616,4,1712.89,452.25,82.50,215.77,0.7282,-1,-1,-1
616,8,320.19,958.37,93.96,121.60,0.7305,-1,-1,-1
616,28,1109.04,900.93,83.14,179.06,0.6107,-1,-1,-1
616,50,1194.38,915.62,77.90,164.14,0.4821,-1,-1,-1
616,26,254.72,1023.85,70.03,56.08,0.3791,-1,-1,-1
616,62,356.17,287.16,68.92,197.45,0.6786,-1,-1,-1
616,56,1630.76,209.70,70.05,183.93,0.5463,-1,-1,-1
616,63,1109.04,900.93,83.14,179.16,0.6107,-1,-1,-1
616,21,805.80,142.72,58.59,176.99,0.3829,-1,-1,-1
616,3,985.41,946.95,64.23,133.05,0.6756,-1,-1,-1
616,66,1561.62,606.14,110.43,223.68,0.5195,-1,-1,-1
616,67,279.36,120.14,63.00,175.30,0.1974,-1,-1,-1
616,69,576.44,547.22,97.39,233.30,0.5548,-1,-1,-1
617,4,1713.21,452.62,82.35,215.01,0.7014,-1,-1,-1
617,8,320.73,960.66,94.05,119.38,0.7207,-1,-1,-1
617,28,1110.01,902.95,81.81,177.08,0.6094,-1,-1,-1
617,50,1194.51,918.18,78.74,161.76,0.3866,-1,-1,-1
617,26,254.08,1025.98,67.91,54.02,0.3569,-1,-1,-1
617,62,355.28,289.87,68.21,196.37,0.6572,-1,-1,-1
617,56,1629.30,208.95,71.15,185.33,0.5325,-1,-1,-1
617,63,1110.01,902.95,81.82,177.17,0.6094,-1,-1,-1
617,21,806.18,144.22,58.38,176.29,0.3680,-1,-1,-1
617,3,983.09,946.14,65.32,133.90,0.6921,-1,-1,-1
617,66,1560.79,602.73,112.09,226.86,0.5699,-1,-1,-1
617,67,280.23,120.63,62.57,175.19,0.1635,-1,-1,-1
617,69,577.30,545.51,81.13,232.64,0.4812,-1,-1,-1
618,4,1714.21,453.23,80.88,212.88,0.6878,-1,-1,-1
618,8,320.47,963.26,94.74,116.82,0.7010,-1,-1,-1
618,28,1111.70,906.48,79.46,173.55,0.6349,-1,-1,-1
618,50,1193.85,920.37,79.79,159.63,0.4311,-1,-1,-1
618,26,254.46,1027.36,65.24,52.69,0.3309,-1,-1,-1
618,62,354.47,291.57,67.89,195.97,0.6649,-1,-1,-1
618,56,1627.44,208.60,72.68,185.74,0.4843,-1,-1,-1
618,63,1111.70,906.48,79.47,173.63,0.6349,-1,-1,-1
618,21,806.09,145.22,58.31,174.87,0.3665,-1,-1,-1
618,3,981.45,945.43,65.72,134.63,0.6971,-1,-1,-1
618,66,1561.80,603.18,110.48,226.11,0.4444,-1,-1,-1
618,67,279.56,124.44,63.74,171.20,0.1824,-1,-1,-1
618,69,574.98,542.22,73.86,234.51,0.5767,-1,-1,-1
619,4,1714.86,452.79,80.07,213.55,0.6913,-1,-1,-1
619,8,320.61,965.87,95.25,114.19,0.6981,-1,-1,-1
619,28,1112.42,910.36,79.19,169.66,0.6639,-1,-1,-1
619,50,1193.86,922.10,82.08,157.61,0.5310,-1,-1,-1
619,26,255.10,1028.59,60.87,51.44,0.3195,-1,-1,-1
619,62,353.25,294.12,67.60,195.68,0.6102,-1,-1,-1
619,56,1624.85,208.00,75.22,188.78,0.4458,-1,-1,-1
619,63,1112.42,910.36,79.19,169.73,0.6639,-1,-1,-1
619,21,806.86,146.16,57.43,173.08,0.3631,-1,-1,-1
619,3,978.77,944.22,66.08,135.82,0.7036,-1,-1,-1
619,66,1560.96,607.64,110.48,222.17,0.3766,-1,-1,-1
619,67,279.57,127.21,63.62,168.30,0.2098,-1,-1,-1
619,69,572.59,540.95,70.84,236.59,0.6149,-1,-1,-1
620,4,1715.22,453.10,79.76,212.58,0.6928,-1,-1,-1
620,8,321.23,968.60,95.89,110.96,0.6984,-1,-1,-1
620,28,1113.33,913.65,77.75,166.32,0.6598,-1,-1,-1
620,50,1192.79,922.78,84.59,157.01,0.5654,-1,-1,-1
620,26,257.32,1028.52,55.29,51.01,0.3048,-1,-1,-1
620,62,353.33,294.79,66.38,196.88,0.5667,-1,-1,-1
620,56,1623.03,208.15,77.13,187.94,0.4151,-1,-1,-1
620,63,1113.33,913.65,77.76,166.38,0.6598,-1,-1,-1
620,21,806.98,146.00,59.06,172.27,0.3251,-1,-1,-1
620,3,976.08,943.67,66.44,136.32,0.6942,-1,-1,-1
620,66,1562.68,606.51,108.53,223.39,0.4069,-1,-1,-1
620,67,279.70,128.35,63.31,166.55,0.1829,-1,-1,-1
620,69,570.93,539.51,71.73,237.46,0.6439,-1,-1,-1
621,4,1715.42,452.39,79.50,213.03,0.7084,-1,-1,-1
621,8,320.96,971.69,97.32,107.69,0.6487,-1,-1,-1
621,28,1113.67,916.00,75.97,163.99,0.6781,-1,-1,-1
621,50,1192.59,924.12,85.59,155.38,0.4723,-1,-1,-1
621,26,258.57,1030.22,53.20,49.51,0.3094,-1,-1,-1
621,62,352.08,294.56,66.81,197.61,0.6335,-1,-1,-1
621,56,1621.56,209.00,77.81,185.07,0.4494,-1,-1,-1
621,63,1113.67,916.00,75.97,164.04,0.6781,-1,-1,-1
621,21,806.23,146.07,59.20,172.74,0.3377,-1,-1,-1
621,3,973.87,943.27,66.38,136.75,0.6659,-1,-1,-1
621,66,1562.62,607.52,108.61,221.94,0.4362,-1,-1,-1
621,67,279.46,129.09,63.54,162.92,0.1859,-1,-1,-1
621,69,569.41,538.29,69.36,237.89,0.6566,-1,-1,-1
622,4,1716.55,452.25,78.13,212.59,0.6977,-1,-1,-1
622,8,321.21,974.91,97.33,104.72,0.6335,-1,-1,-1
622,28,1114.29,917.71,73.93,162.07,0.6790,-1,-1,-1
622,50,1193.58,925.06,85.04,153.96,0.3598,-1,-1,-1
622,26,259.28,1035.75,52.73,44.19,0.3253,-1,-1,-1
622,62,351.17,294.76,66.84,197.66,0.5798,-1,-1,-1
622,56,1621.13,209.48,78.11,183.26,0.4798,-1,-1,-1
622,63,1114.29,917.71,73.93,162.11,0.6790,-1,-1,-1
622,21,806.61,144.98,59.64,174.10,0.3439,-1,-1,-1
622,3,971.59,943.04,65.28,136.98,0.6660,-1,-1,-1
622,66,1562.70,609.83,108.41,219.27,0.3877,-1,-1,-1
622,67,279.50,128.88,63.19,164.58,0.1989,-1,-1,-1
622,69,566.69,537.25,63.88,238.41,0.7016,-1,-1,-1
623,4,1717.60,452.36,77.27,212.60,0.6935,-1,-1,-1
623,8,321.75,978.81,96.07,101.19,0.6840,-1,-1,-1
623,28,1114.84,919.11,75.30,160.44,0.6545,-1,-1,-1
623,50,1194.09,926.28,87.99,152.39,0.3888,-1,-1,-1
623,26,260.37,1039.80,49.79,40.07,0.3110,-1,-1,-1
623,62,348.50,294.18,67.38,197.75,0.5878,-1,-1,-1
623,56,1621.04,209.83,77.24,182.11,0.4723,-1,-1,-1
623,63,1114.84,919.11,75.30,160.48,0.6545,-1,-1,-1
623,21,806.55,146.00,58.53,173.54,0.3250,-1,-1,-1
623,3,969.46,943.52,64.48,136.57,0.6761,-1,-1,-1
623,66,1562.07,612.16,108.69,217.27,0.3152,-1,-1,-1
623,67,279.77,128.44,62.88,165.28,0.1888,-1,-1,-1
623,69,562.92,537.56,61.23,241.72,0.6762,-1,-1,-1
624,4,1718.02,452.14,76.97,212.95,0.6891,-1,-1,-1
624,8,323.07,981.94,94.33,98.08,0.6977,-1,-1,-1
624,28,1114.91,920.45,75.89,159.39,0.6740,-1,-1,-1
624,50,1195.13,927.59,88.76,150.55,0.4411,-1,-1,-1
624,26,260.93,1043.00,47.79,36.24,0.2828,-1,-1,-1
624,62,346.17,294.49,68.80,196.96,0.5785,-1,-1,-1
624,56,1621.54,208.70,76.45,182.25,0.4558,-1,-1,-1
624,63,1114.91,920.45,75.89,159.42,0.6740,-1,-1,-1
624,21,806.59,144.68,59.12,174.85,0.3645,-1,-1,-1
624,3,965.25,942.61,65.33,137.45,0.6751,-1,-1,-1
624,66,1561.74,610.68,109.58,218.80,0.4427,-1,-1,-1
624,67,280.38,129.29,62.51,165.15,0.1698,-1,-1,-1
624,69,559.95,537.16,61.27,242.40,0.6919,-1,-1,-1
625,4,1718.30,452.22,77.40,214.11,0.6915,-1,-1,-1
625,8,323.55,984.88,93.35,95.16,0.6973,-1,-1,-1
625,28,1115.54,922.15,76.13,157.82,0.6685,-1,-1,-1
625,50,1196.52,930.87,87.73,147.17,0.5396,-1,-1,-1
625,26,261.23,1046.40,46.64,32.86,0.2134,-1,-1,-1
625,62,345.52,294.39,68.42,196.75,0.5616,-1,-1,-1
625,56,1622.10,207.96,74.86,184.27,0.4251,-1,-1,-1
625,63,1115.54,922.15,76.13,157.85,0.6685,-1,-1,-1
625,21,807.02,143.93,58.85,175.19,0.3862,-1,-1,-1
625,3,962.48,939.92,65.17,140.13,0.6794,-1,-1,-1
625,66,1562.07,608.65,109.11,220.88,0.3744,-1,-1,-1
625,67,280.67,130.14,62.30,163.14,0.1799,-1,-1,-1
625,69,555.10,537.32,62.62,242.41,0.7065,-1,-1,-1
626,4,1718.60,451.96,77.31,213.98,0.6842,-1,-1,-1
626,8,323.68,987.88,93.51,92.16,0.6837,-1,-1,-1
626,28,1115.27,922.22,77.92,157.78,0.6546,-1,-1,-1
626,50,1196.48,932.32,88.24,146.08,0.4685,-1,-1,-1
626,26,261.26,1049.79,46.26,30.00,0.1686,-1,-1,-1
626,62,343.83,294.71,68.73,196.70,0.6188,-1,-1,-1
626,56,1622.76,206.06,73.99,181.88,0.4388,-1,-1,-1
626,63,1115.27,922.22,77.93,157.81,0.6546,-1,-1,-1
626,21,806.16,143.08,59.75,176.37,0.3895,-1,-1,-1
626,3,959.01,938.66,65.72,141.37,0.6710,-1,-1,-1
626,66,1562.27,606.73,108.71,222.85,0.4676,-1,-1,-1
626,67,280.92,130.71,61.62,162.94,0.1660,-1,-1,-1
626,69,547.94,537.97,66.75,241.24,0.6980,-1,-1,-1
627,4,1718.61,452.80,77.62,213.57,0.6828,-1,-1,-1
627,8,324.74,990.78,93.36,89.18,0.6585,-1,-1,-1
627,28,1115.84,923.32,77.75,156.66,0.6883,-1,-1,-1
627,50,1194.31,933.75,91.52,144.71,0.6068,-1,-1,-1
627,26,261.62,1051.62,46.23,28.27,0.1397,-1,-1,-1
627,62,342.99,295.37,69.02,195.99,0.6238,-1,-1,-1
627,56,1625.15,205.77,70.73,181.94,0.4339,-1,-1,-1
627,63,1115.84,923.32,77.75,156.68,0.6883,-1,-1,-1
627,21,806.30,142.61,59.45,176.09,0.3768,-1,-1,-1
627,3,957.91,937.52,64.20,142.46,0.6849,-1,-1,-1
627,66,1562.06,605.24,108.13,224.23,0.3559,-1,-1,-1
627,67,280.54,128.64,61.98,164.21,0.1488,-1,-1,-1
627,69,531.18,538.59,83.71,241.80,0.6546,-1,-1,-1
628,4,1718.36,452.06,77.02,215.25,0.6621,-1,-1,-1
628,8,325.02,992.35,93.99,87.64,0.6304,-1,-1,-1
628,28,1115.40,924.38,79.89,155.62,0.6672,-1,-1,-1
628,50,1195.38,934.89,91.27,144.07,0.5781,-1,-1,-1
628,62,342.42,295.59,69.02,195.92,0.6479,-1,-1,-1
628,56,1625.91,202.33,69.59,186.93,0.3919,-1,-1,-1
628,63,1115.40,924.38,79.89,155.63,0.6672,-1,-1,-1
628,21,806.73,142.64,59.18,175.29,0.3741,-1,-1,-1
628,3,956.13,936.29,62.59,143.71,0.6828,-1,-1,-1
628,66,1563.20,604.10,106.87,225.13,0.3661,-1,-1,-1
628,67,280.47,129.50,61.82,161.81,0.1356,-1,-1,-1
628,69,516.53,538.51,98.09,241.37,0.7207,-1,-1,-1
629,4,1718.69,451.68,76.89,215.75,0.6913,-1,-1,-1
629,8,324.72,994.84,94.65,85.18,0.6706,-1,-1,-1
629,28,1115.25,924.93,81.59,155.08,0.7073,-1,-1,-1
629,50,1194.58,936.34,94.68,143.19,0.6305,-1,-1,-1
629,62,342.34,296.47,68.56,195.54,0.6597,-1,-1,-1
629,56,1625.99,202.25,70.05,187.13,0.4385,-1,-1,-1
629,63,1115.25,924.93,81.59,155.09,0.7073,-1,-1,-1
629,21,806.65,142.71,58.34,175.62,0.3713,-1,-1,-1
629,3,954.07,934.97,61.95,145.04,0.6795,-1,-1,-1
629,66,1563.93,601.71,106.48,227.61,0.4912,-1,-1,-1
629,67,280.10,129.94,62.26,160.80,0.1301,-1,-1,-1
629,69,506.10,538.06,108.76,240.64,0.7400,-1,-1,-1
630,4,1717.95,450.94,78.35,215.73,0.6904,-1,-1,-1
630,8,324.28,997.68,95.72,82.28,0.6843,-1,-1,-1
630,28,1115.09,926.24,83.73,153.73,0.7034,-1,-1,-1
630,50,1195.01,939.77,95.59,139.54,0.5785,-1,-1,-1
630,62,341.15,296.72,69.04,196.90,0.6676,-1,-1,-1
630,56,1626.16,201.03,69.26,186.72,0.5137,-1,-1,-1
630,63,1115.09,926.24,83.73,153.75,0.7034,-1,-1,-1
630,21,808.15,143.01,56.32,174.84,0.4160,-1,-1,-1
630,3,952.59,933.56,60.27,146.41,0.6849,-1,-1,-1
630,66,1564.10,603.77,106.10,225.07,0.4069,-1,-1,-1
630,67,281.39,128.97,60.32,161.54,0.1005,-1,-1,-1
630,69,499.61,537.76,114.38,239.29,0.7698,-1,-1,-1
631,4,1717.55,450.89,78.66,216.64,0.6824,-1,-1,-1
631,8,324.39,998.93,96.15,81.05,0.6658,-1,-1,-1
631,28,1115.28,927.71,86.18,152.27,0.6888,-1,-1,-1
631,50,1196.77,942.53,93.57,135.73,0.5439,-1,-1,-1
631,62,340.34,297.73,69.52,199.82,0.6773,-1,-1,-1
631,56,1626.60,199.70,68.70,184.05,0.5342,-1,-1,-1
631,63,1115.28,927.71,86.18,152.28,0.6888,-1,-1,-1
631,21,808.34,142.72,56.12,173.62,0.3792,-1,-1,-1
631,3,950.56,932.17,59.67,147.55,0.6879,-1,-1,-1
631,66,1563.48,603.40,107.00,224.93,0.4547,-1,-1,-1
631,67,281.25,128.75,60.54,163.60,0.1285,-1,-1,-1
631,69,497.11,538.94,116.73,237.37,0.7585,-1,-1,-1
631,70,1440.75,1001.70,76.29,77.01,0.3643,-1,-1,-1
632,4,1717.17,451.36,79.77,216.33,0.7065,-1,-1,-1
632,8,323.92,1001.30,97.20,78.69,0.6477,-1,-1,-1
632,28,1115.11,930.29,91.54,149.36,0.7012,-1,-1,-1
632,50,1197.89,944.44,91.39,133.00,0.5040,-1,-1,-1
632,62,339.61,298.16,69.55,202.96,0.6922,-1,-1,-1
632,56,1627.03,197.07,67.97,182.16,0.5563,-1,-1,-1
632,63,1115.11,930.29,91.54,149.38,0.7012,-1,-1,-1
632,21,807.22,143.69,57.22,173.22,0.4202,-1,-1,-1
632,3,948.65,930.77,59.56,149.11,0.7065,-1,-1,-1
632,66,1563.49,606.40,106.65,222.11,0.3836,-1,-1,-1
632,67,281.43,128.06,59.87,164.57,0.1226,-1,-1,-1
632,69,492.73,539.74,121.59,237.28,0.7760,-1,-1,-1
632,70,1438.19,995.86,76.37,82.80,0.3548,-1,-1,-1
632,71,1512.44,979.32,94.66,97.93,0.3799,-1,-1,-1
633,4,1717.51,451.18,79.71,216.13,0.7134,-1,-1,-1
633,8,324.87,1002.29,96.26,77.40,0.6305,-1,-1,-1
633,28,1115.36,933.54,95.85,145.77,0.6815,-1,-1,-1
633,50,1201.02,947.83,87.00,128.79,0.3319,-1,-1,-1
633,62,339.37,299.07,68.86,204.29,0.6827,-1,-1,-1
633,56,1627.68,194.69,66.19,182.26,0.5706,-1,-1,-1
633,63,1115.36,933.54,95.85,145.78,0.6815,-1,-1,-1
633,21,805.97,144.46,58.39,173.35,0.3769,-1,-1,-1
633,3,947.01,929.68,59.36,150.32,0.6643,-1,-1,-1
633,66,1564.65,603.64,107.21,223.66,0.4567,-1,-1,-1
633,67,281.44,128.00,60.10,163.67,0.1298,-1,-1,-1
633,69,490.99,540.03,121.93,236.97,0.7857,-1,-1,-1
633,70,1436.56,989.61,75.57,90.05,0.3082,-1,-1,-1
633,71,1508.36,976.09,96.74,101.78,0.4561,-1,-1,-1
634,4,1717.05,450.40,80.34,215.96,0.7251,-1,-1,-1
634,8,324.96,1004.52,96.30,74.75,0.6331,-1,-1,-1
634,28,1114.75,937.53,98.81,141.71,0.7034,-1,-1,-1
634,50,1203.88,950.93,82.40,125.94,0.3175,-1,-1,-1
634,62,339.01,299.97,68.63,205.16,0.7077,-1,-1,-1
634,56,1627.95,192.70,65.38,182.85,0.5690,-1,-1,-1
634,63,1114.75,937.53,98.81,141.72,0.7034,-1,-1,-1
634,21,806.63,144.95,57.72,173.24,0.3950,-1,-1,-1
634,3,945.54,928.65,58.96,151.31,0.6844,-1,-1,-1
634,66,1563.38,601.74,107.83,226.84,0.4650,-1,-1,-1
634,67,281.01,126.36,60.74,167.62,0.1189,-1,-1,-1
634,69,490.53,540.07,122.41,236.86,0.7749,-1,-1,-1
634,70,1434.17,988.21,75.13,91.80,0.2582,-1,-1,-1
634,71,1503.17,972.15,98.35,106.57,0.3793,-1,-1,-1
635,4,1716.70,450.58,80.64,215.41,0.7383,-1,-1,-1
635,8,325.27,1007.31,95.70,71.71,0.6349,-1,-1,-1
635,28,1114.05,940.17,101.33,139.45,0.6974,-1,-1,-1
635,50,1203.16,954.38,81.76,123.30,0.3275,-1,-1,-1
635,62,339.14,302.03,67.54,205.38,0.7039,-1,-1,-1
635,56,1626.99,191.92,65.36,182.67,0.5665,-1,-1,-1
635,63,1114.05,940.17,101.33,139.45,0.6974,-1,-1,-1
635,21,806.60,145.03,57.89,173.18,0.4201,-1,-1,-1
635,3,941.74,928.32,61.14,151.71,0.6760,-1,-1,-1
635,66,1563.00,603.79,107.38,225.51,0.3776,-1,-1,-1
635,69,490.17,538.87,122.60,238.31,0.7706,-1,-1,-1
635,70,1431.03,984.93,76.98,95.22,0.2535,-1,-1,-1
635,71,1500.71,968.26,96.43,110.81,0.4734,-1,-1,-1
636,4,1716.37,450.92,81.22,215.61,0.7288,-1,-1,-1
636,8,326.45,1010.45,93.33,68.78,0.6310,-1,-1,-1
636,28,1113.71,943.10,102.76,136.83,0.6897,-1,-1,-1
636,50,1201.90,956.89,81.55,121.55,0.4316,-1,-1,-1
636,62,338.59,305.25,68.08,204.69,0.7111,-1,-1,-1
636,56,1626.28,190.66,65.08,183.32,0.5488,-1,-1,-1
636,63,1113.71,943.10,102.76,136.84,0.6897,-1,-1,-1
636,21,806.89,145.53,57.34,173.74,0.3971,-1,-1,-1
636,3,940.39,928.53,60.07,151.22,0.6554,-1,-1,-1
636,66,1562.41,605.01,108.13,224.56,0.3686,-1,-1,-1
636,69,491.70,538.87,118.45,237.83,0.7661,-1,-1,-1
636,70,1427.32,980.01,78.50,100.17,0.4346,-1,-1,-1
636,71,1497.37,963.90,97.34,115.98,0.5061,-1,-1,-1
637,4,1716.45,450.78,81.21,216.29,0.7386,-1,-1,-1
637,8,327.72,1014.17,91.07,65.65,0.6051,-1,-1,-1
637,28,1113.62,946.59,105.23,133.47,0.6872,-1,-1,-1
637,50,1202.28,957.83,79.77,120.58,0.4507,-1,-1,-1
637,62,338.85,307.38,67.92,204.30,0.7040,-1,-1,-1
637,56,1625.48,189.61,64.74,184.22,0.5964,-1,-1,-1
637,63,1113.62,946.59,105.23,133.48,0.6872,-1,-1,-1
637,21,806.82,145.36,57.58,174.81,0.4155,-1,-1,-1
637,3,937.83,928.68,61.02,150.37,0.6502,-1,-1,-1
637,66,1562.61,606.93,107.30,221.99,0.2855,-1,-1,-1
637,69,493.72,538.89,115.34,236.98,0.7360,-1,-1,-1
637,70,1425.37,977.99,78.21,102.21,0.3235,-1,-1,-1
637,71,1495.45,959.31,94.69,119.91,0.5610,-1,-1,-1
638,4,1716.72,451.00,80.30,215.68,0.7214,-1,-1,-1
638,8,328.80,1019.02,88.20,60.96,0.5722,-1,-1,-1
638,28,1114.02,949.47,107.89,130.60,0.6372,-1,-1,-1
638,50,1201.84,960.00,76.82,119.15,0.3872,-1,-1,-1
638,62,338.69,308.79,68.08,205.43,0.7074,-1,-1,-1
638,56,1625.15,190.29,63.74,182.98,0.5917,-1,-1,-1
638,63,1114.02,949.47,107.89,130.61,0.6372,-1,-1,-1
638,21,806.76,145.28,57.82,174.76,0.4126,-1,-1,-1
638,3,936.56,928.86,60.47,150.42,0.6523,-1,-1,-1
638,66,1562.32,606.24,108.80,221.75,0.2695,-1,-1,-1
638,69,495.06,539.23,107.05,236.46,0.7293,-1,-1,-1
638,70,1422.25,977.24,76.76,102.94,0.5275,-1,-1,-1
638,71,1494.67,956.26,93.85,122.51,0.5613,-1,-1,-1
639,4,1716.95,451.66,79.88,215.91,0.7479,-1,-1,-1
639,8,330.59,1023.77,83.68,56.26,0.5290,-1,-1,-1
639,28,1115.08,951.62,112.78,128.44,0.5282,-1,-1,-1
639,50,1201.29,961.71,74.53,118.08,0.3352,-1,-1,-1
639,62,338.63,309.92,67.79,205.87,0.7234,-1,-1,-1
639,56,1624.85,190.57,63.15,182.40,0.6118,-1,-1,-1
639,63,1115.08,951.62,112.78,128.45,0.5282,-1,-1,-1
639,21,806.32,144.23,58.19,176.19,0.4030,-1,-1,-1
639,3,934.28,928.46,60.47,151.09,0.6439,-1,-1,-1
639,66,1563.13,611.84,105.40,215.17,0.2096,-1,-1,-1
639,69,497.23,539.79,98.54,235.84,0.7100,-1,-1,-1
639,70,1418.30,977.35,77.28,102.79,0.5720,-1,-1,-1
639,71,1492.48,952.48,94.78,126.40,0.4894,-1,-1,-1
640,4,1716.55,451.90,80.29,215.24,0.7387,-1,-1,-1
640,8,333.24,1027.74,74.64,52.28,0.4231,-1,-1,-1
640,28,1116.57,954.10,109.61,125.92,0.5273,-1,-1,-1
640,50,1199.05,963.11,75.09,116.86,0.3441,-1,-1,-1
640,62,338.46,310.51,68.44,206.58,0.7183,-1,-1,-1
640,56,1625.25,190.82,61.53,182.12,0.6058,-1,-1,-1
640,63,1116.57,954.10,109.61,125.92,0.5273,-1,-1,-1
640,21,806.50,144.56,58.22,176.05,0.4137,-1,-1,-1
640,3,931.91,928.14,61.25,151.70,0.6263,-1,-1,-1
640,66,1564.11,608.87,106.86,218.15,0.3068,-1,-1,-1
640,69,498.59,539.81,90.02,236.05,0.7166,-1,-1,-1
640,70,1414.75,976.48,77.85,103.60,0.5615,-1,-1,-1
640,71,1490.64,950.10,95.45,128.88,0.4893,-1,-1,-1
641,4,1716.33,452.15,80.81,214.43,0.7378,-1,-1,-1
641,8,338.42,1031.86,56.21,48.11,0.2843,-1,-1,-1
641,28,1118.61,956.31,101.57,123.70,0.6075,-1,-1,-1
641,50,1197.44,962.96,75.72,116.74,0.4449,-1,-1,-1
641,62,338.05,311.41,68.61,205.36,0.7134,-1,-1,-1
641,56,1624.81,189.32,61.24,182.20,0.5626,-1,-1,-1
641,63,1118.61,956.31,101.58,123.70,0.6075,-1,-1,-1
641,21,806.37,144.10,58.59,176.35,0.4100,-1,-1,-1
641,3,930.09,927.77,61.80,152.07,0.6147,-1,-1,-1
641,66,1564.60,605.61,107.80,221.52,0.3198,-1,-1,-1
641,69,498.83,539.51,83.52,236.14,0.7124,-1,-1,-1
641,70,1412.24,974.72,77.76,105.35,0.5778,-1,-1,-1
641,71,1486.22,948.01,98.16,130.68,0.5458,-1,-1,-1
641,73,209.98,249.30,61.26,175.50,0.3862,-1,-1,-1
642,4,1716.26,452.52,80.51,214.41,0.7294,-1,-1,-1
642,8,343.77,1034.55,44.00,45.43,0.3240,-1,-1,-1
642,28,1121.53,957.86,92.22,122.14,0.6291,-1,-1,-1
642,50,1194.53,964.33,78.07,115.60,0.5282,-1,-1,-1
642,62,337.95,311.64,68.99,204.95,0.7162,-1,-1,-1
642,56,1625.21,189.85,59.40,180.39,0.5612,-1,-1,-1
642,63,1121.53,957.86,92.22,122.15,0.6291,-1,-1,-1
642,21,806.03,144.76,59.05,175.59,0.4088,-1,-1,-1
642,3,927.21,927.55,62.30,152.39,0.6153,-1,-1,-1
642,66,1562.78,609.18,108.98,218.13,0.2903,-1,-1,-1
642,69,496.15,539.01,77.72,237.35,0.7326,-1,-1,-1
642,70,1410.25,972.34,76.52,107.71,0.6042,-1,-1,-1
642,71,1484.66,945.90,96.12,132.76,0.5385,-1,-1,-1
642,73,211.54,243.43,58.54,180.86,0.3441,-1,-1,-1
643,4,1715.66,453.62,80.89,213.47,0.7248,-1,-1,-1
643,8,345.20,1037.51,39.64,42.44,0.2228,-1,-1,-1
643,28,1123.52,959.01,86.26,120.98,0.5928,-1,-1,-1
643,50,1194.07,966.32,77.84,113.41,0.3805,-1,-1,-1
643,62,337.88,312.56,69.19,203.88,0.6934,-1,-1,-1
643,56,1624.45,189.61,58.80,182.30,0.5622,-1,-1,-1
643,63,1123.52,959.01,86.26,120.98,0.5928,-1,-1,-1
643,21,805.94,145.32,59.10,175.16,0.4266,-1,-1,-1
643,3,925.49,927.37,62.06,151.89,0.6340,-1,-1,-1
643,66,1563.17,616.87,106.24,210.64,0.2649,-1,-1,-1
643,69,492.05,539.03,71.37,236.53,0.7055,-1,-1,-1
643,70,1407.13,969.73,78.01,110.28,0.6171,-1,-1,-1
643,71,1482.35,943.93,94.56,134.23,0.6202,-1,-1,-1
643,73,212.58,251.31,55.92,170.62,0.2100,-1,-1,-1
644,4,1715.36,452.82,81.22,213.82,0.7200,-1,-1,-1
644,8,344.86,1040.19,37.56,39.56,0.1813,-1,-1,-1
644,28,1123.34,960.16,85.84,119.82,0.5938,-1,-1,-1
644,50,1196.60,966.81,75.07,113.12,0.3692,-1,-1,-1
644,62,337.20,313.38,70.05,202.68,0.7101,-1,-1,-1
644,56,1624.05,188.78,57.74,180.60,0.6121,-1,-1,-1
644,63,1123.34,960.16,85.84,119.82,0.5938,-1,-1,-1
644,21,805.91,145.60,58.99,175.71,0.4295,-1,-1,-1
644,3,923.58,927.91,61.64,151.51,0.6790,-1,-1,-1
644,66,1563.09,617.81,106.26,210.95,0.2640,-1,-1,-1
644,69,485.83,539.25,66.76,237.24,0.7517,-1,-1,-1
644,70,1403.48,966.32,79.55,113.69,0.6073,-1,-1,-1
644,71,1479.76,943.15,94.38,135.12,0.5813,-1,-1,-1
644,73,214.37,253.28,54.59,169.38,0.2800,-1,-1,-1
645,4,1715.66,452.86,81.10,213.85,0.7229,-1,-1,-1
645,8,344.22,1043.32,34.85,34.61,0.1197,-1,-1,-1
645,28,1122.39,961.06,89.39,118.87,0.4906,-1,-1,-1
645,50,1197.36,965.95,73.89,113.99,0.2513,-1,-1,-1
645,62,337.14,314.56,70.16,200.73,0.6924,-1,-1,-1
645,56,1623.45,188.14,57.10,179.23,0.6223,-1,-1,-1
645,63,1122.39,961.06,89.39,118.88,0.4906,-1,-1,-1
645,21,805.85,145.54,58.96,175.54,0.4718,-1,-1,-1
645,3,921.49,928.35,62.10,150.86,0.6906,-1,-1,-1
645,66,1563.59,619.47,105.73,208.43,0.2435,-1,-1,-1
645,69,477.91,539.59,68.17,238.12,0.7676,-1,-1,-1
645,70,1400.33,963.37,79.53,116.60,0.6027,-1,-1,-1
645,71,1475.23,942.59,95.83,136.02,0.5267,-1,-1,-1
645,73,215.25,251.91,52.78,170.76,0.2893,-1,-1,-1
646,4,1715.44,453.77,81.64,213.35,0.7332,-1,-1,-1
646,8,343.18,1046.61,34.54,31.24,0.1559,-1,-1,-1
646,28,1124.10,962.47,82.25,117.49,0.5773,-1,-1,-1
646,50,1196.40,968.73,74.69,111.27,0.4398,-1,-1,-1
646,62,336.62,316.84,70.38,198.67,0.7010,-1,-1,-1
646,56,1622.67,186.51,57.64,178.53,0.6405,-1,-1,-1
646,63,1124.10,962.47,82.25,117.49,0.5773,-1,-1,-1
646,21,806.28,145.69,58.51,174.68,0.4739,-1,-1,-1
646,3,919.40,928.28,62.60,150.82,0.6762,-1,-1,-1
646,66,1562.70,610.55,106.86,218.81,0.3774,-1,-1,-1
646,69,470.71,538.96,72.55,239.05,0.7732,-1,-1,-1
646,70,1395.30,959.56,82.33,120.43,0.6705,-1,-1,-1
646,71,1470.17,941.31,97.38,137.50,0.4550,-1,-1,-1
646,73,214.80,247.17,53.14,176.94,0.1841,-1,-1,-1
647,4,1715.41,453.30,82.04,213.87,0.7302,-1,-1,-1
647,8,342.12,1047.49,34.83,30.11,0.1363,-1,-1,-1
647,28,1125.51,963.70,76.16,116.27,0.5147,-1,-1,-1
647,50,1197.53,971.59,73.38,108.42,0.3710,-1,-1,-1
647,62,336.02,319.60,69.92,197.29,0.7115,-1,-1,-1
647,56,1622.09,184.43,58.30,180.62,0.6471,-1,-1,-1
647,63,1125.51,963.70,76.16,116.27,0.5147,-1,-1,-1
647,21,806.48,145.77,58.21,174.09,0.4338,-1,-1,-1
647,3,915.07,928.46,64.96,150.22,0.6718,-1,-1,-1
647,66,1562.25,612.24,107.66,217.95,0.3846,-1,-1,-1
647,69,466.51,538.52,74.54,239.43,0.7619,-1,-1,-1
647,70,1389.98,955.43,86.62,124.32,0.7061,-1,-1,-1
647,71,1467.98,939.51,94.78,140.06,0.5775,-1,-1,-1
647,73,216.51,251.44,50.20,170.98,0.1900,-1,-1,-1
648,4,1716.01,453.10,81.23,213.04,0.7300,-1,-1,-1
648,28,1125.46,965.64,76.19,114.30,0.5521,-1,-1,-1
648,50,1198.17,975.22,72.21,104.75,0.4518,-1,-1,-1
648,62,336.00,320.50,68.96,197.78,0.7189,-1,-1,-1
648,56,1620.84,182.70,59.14,177.68,0.6567,-1,-1,-1
648,63,1125.46,965.64,76.19,114.30,0.5521,-1,-1,-1
648,21,806.51,145.71,58.00,173.85,0.4485,-1,-1,-1
648,3,911.38,929.05,67.88,149.50,0.6892,-1,-1,-1
648,66,1562.81,608.51,107.04,221.33,0.3636,-1,-1,-1
648,69,461.98,537.94,77.27,239.60,0.7499,-1,-1,-1
648,70,1386.69,951.99,88.42,127.36,0.7037,-1,-1,-1
648,71,1466.54,937.42,92.39,141.56,0.6301,-1,-1,-1
648,73,217.49,253.15,49.56,167.70,0.2361,-1,-1,-1
649,4,1716.53,453.52,82.32,213.20,0.7300,-1,-1,-1
649,28,1124.97,967.90,78.58,112.04,0.5285,-1,-1,-1
649,50,1196.72,977.66,73.03,102.32,0.4520,-1,-1,-1
649,62,335.26,321.38,68.48,199.54,0.7241,-1,-1,-1
649,56,1619.50,181.39,60.31,178.14,0.6595,-1,-1,-1
649,63,1124.97,967.90,78.58,112.04,0.5285,-1,-1,-1
649,21,806.50,145.42,58.23,174.00,0.4677,-1,-1,-1
649,3,907.36,929.40,69.87,149.16,0.7042,-1,-1,-1
649,66,1562.89,605.56,107.44,222.96,0.2829,-1,-1,-1
649,69,458.97,538.45,78.70,238.30,0.7665,-1,-1,-1
649,70,1383.28,950.22,88.89,128.58,0.6953,-1,-1,-1
649,71,1462.26,933.70,94.07,144.32,0.6274,-1,-1,-1
649,73,218.36,252.68,48.44,168.55,0.2633,-1,-1,-1
650,4,1717.19,453.40,80.75,212.91,0.7358,-1,-1,-1
650,28,1125.68,970.78,74.82,108.84,0.4842,-1,-1,-1
650,50,1194.57,981.36,74.68,98.67,0.4099,-1,-1,-1
650,62,334.91,322.55,67.40,202.97,0.7115,-1,-1,-1
650,56,1618.46,180.06,61.53,178.96,0.6244,-1,-1,-1
650,63,1125.68,970.78,74.82,108.84,0.4842,-1,-1,-1
650,21,806.31,144.62,58.26,175.57,0.4638,-1,-1,-1
650,3,904.43,931.03,70.79,147.54,0.7192,-1,-1,-1
650,66,1562.73,605.30,109.40,223.01,0.3270,-1,-1,-1
650,69,455.13,537.36,80.98,238.81,0.7775,-1,-1,-1
650,70,1379.00,947.43,88.30,131.14,0.7016,-1,-1,-1
650,71,1456.91,929.92,95.72,148.13,0.6492,-1,-1,-1
650,73,218.73,251.03,50.11,171.89,0.1692,-1,-1,-1
651,4,1717.39,453.69,80.40,212.53,0.7262,-1,-1,-1
651,28,1125.22,972.69,77.33,107.19,0.5221,-1,-1,-1
651,50,1193.52,983.24,75.01,96.79,0.4304,-1,-1,-1
651,62,334.05,323.31,67.35,204.61,0.7222,-1,-1,-1
651,56,1617.14,177.90,63.22,178.32,0.6217,-1,-1,-1
651,63,1125.22,972.69,77.33,107.19,0.5221,-1,-1,-1
651,21,805.64,143.81,59.00,176.85,0.4501,-1,-1,-1
651,3,902.11,931.25,71.41,147.64,0.7264,-1,-1,-1
651,66,1561.60,603.29,111.50,224.90,0.3183,-1,-1,-1
651,69,453.18,537.18,81.94,238.66,0.7802,-1,-1,-1
651,70,1372.66,945.57,89.91,133.12,0.6956,-1,-1,-1
651,71,1455.59,927.25,94.23,151.75,0.6642,-1,-1,-1
651,73,219.40,248.92,49.99,174.31,0.1579,-1,-1,-1
652,4,1717.46,453.74,79.48,212.41,0.7171,-1,-1,-1
652,28,1125.82,975.58,69.62,104.39,0.4874,-1,-1,-1
652,50,1188.31,987.01,78.65,93.02,0.4591,-1,-1,-1
652,62,333.44,325.24,66.81,205.26,0.7090,-1,-1,-1
652,56,1616.41,175.34,63.89,178.59,0.6510,-1,-1,-1
652,63,1125.82,975.58,69.62,104.39,0.4874,-1,-1,-1
652,21,806.93,143.98,58.05,176.16,0.4759,-1,-1,-1
652,3,900.10,931.04,71.30,147.24,0.6997,-1,-1,-1
652,66,1561.01,602.02,109.97,227.10,0.3287,-1,-1,-1
652,69,451.41,536.78,83.22,238.63,0.7725,-1,-1,-1
652,70,1368.46,943.57,91.48,135.13,0.6665,-1,-1,-1
652,71,1454.42,923.89,92.37,154.81,0.6132,-1,-1,-1
652,73,221.65,250.49,46.97,171.31,0.1318,-1,-1,-1
653,4,1718.16,453.19,79.11,212.94,0.7314,-1,-1,-1
653,28,1124.69,979.52,71.37,100.26,0.5599,-1,-1,-1
653,50,1189.71,989.16,77.19,90.14,0.5711,-1,-1,-1
653,62,333.49,326.97,65.69,205.52,0.7245,-1,-1,-1
653,56,1615.76,174.55,65.02,176.22,0.6819,-1,-1,-1
653,63,1124.69,979.52,71.37,100.26,0.5599,-1,-1,-1
653,21,806.49,144.77,58.20,175.43,0.5210,-1,-1,-1
653,3,898.56,931.55,69.71,146.24,0.6970,-1,-1,-1
653,66,1560.95,598.86,111.08,229.46,0.3987,-1,-1,-1
653,69,449.78,536.58,85.02,238.34,0.7784,-1,-1,-1
653,70,1364.99,941.54,92.36,136.80,0.7052,-1,-1,-1
653,71,1451.08,918.46,92.25,160.67,0.6484,-1,-1,-1
653,73,222.99,251.96,46.19,169.67,0.1260,-1,-1,-1
654,4,1718.74,452.79,78.88,212.83,0.7316,-1,-1,-1
654,28,1124.00,982.71,69.15,96.73,0.5158,-1,-1,-1
654,50,1194.04,991.44,73.01,86.97,0.5471,-1,-1,-1
654,62,333.83,328.56,64.13,206.11,0.7105,-1,-1,-1
654,56,1614.98,173.58,66.41,176.88,0.6421,-1,-1,-1
654,63,1124.00,982.71,69.15,96.73,0.5158,-1,-1,-1
654,21,806.62,145.09,58.06,174.08,0.5031,-1,-1,-1
654,3,898.03,932.16,66.47,145.49,0.6881,-1,-1,-1
654,66,1560.98,597.97,111.26,229.82,0.4418,-1,-1,-1
654,69,450.59,536.26,84.69,238.48,0.7813,-1,-1,-1
654,70,1361.22,939.78,92.28,137.50,0.6924,-1,-1,-1
654,71,1448.96,914.90,91.54,164.43,0.6315,-1,-1,-1
654,73,222.56,252.73,47.40,168.38,0.1242,-1,-1,-1
655,4,1718.58,452.58,78.95,213.22,0.7276,-1,-1,-1
655,28,1123.05,985.84,74.76,93.50,0.5832,-1,-1,-1
655,50,1198.40,993.72,70.03,84.31,0.5787,-1,-1,-1
655,62,333.29,330.22,63.67,205.27,0.6950,-1,-1,-1
655,56,1614.33,169.36,67.92,180.82,0.5920,-1,-1,-1
655,63,1123.05,985.84,74.76,93.50,0.5832,-1,-1,-1
655,21,806.45,144.62,58.36,174.96,0.4859,-1,-1,-1
655,3,895.30,932.20,66.06,145.28,0.6859,-1,-1,-1
655,66,1562.15,598.37,110.58,229.95,0.4130,-1,-1,-1
655,69,451.33,536.09,83.25,238.60,0.7840,-1,-1,-1
655,70,1359.12,938.04,92.09,139.26,0.6731,-1,-1,-1
655,71,1445.76,914.16,91.64,165.58,0.6456,-1,-1,-1
655,73,222.56,253.51,49.07,166.33,0.1231,-1,-1,-1
656,4,1718.78,452.19,78.53,213.88,0.7408,-1,-1,-1
656,28,1122.79,988.26,72.85,90.35,0.5592,-1,-1,-1
656,50,1199.87,995.32,70.19,82.89,0.5795,-1,-1,-1
656,62,332.08,331.54,64.51,206.02,0.6912,-1,-1,-1
656,56,1613.69,167.04,69.05,181.32,0.5936,-1,-1,-1
656,63,1122.79,988.26,72.85,90.35,0.5592,-1,-1,-1
656,21,807.24,144.72,57.41,175.06,0.4742,-1,-1,-1
656,3,892.00,932.36,66.65,144.93,0.7028,-1,-1,-1
656,66,1561.30,595.86,110.51,231.99,0.3194,-1,-1,-1
656,69,453.00,535.07,81.09,239.40,0.7881,-1,-1,-1
656,70,1357.91,935.79,91.70,141.48,0.6797,-1,-1,-1
656,71,1441.07,911.16,93.92,168.60,0.6134,-1,-1,-1
657,4,1718.67,452.11,79.03,213.91,0.7387,-1,-1,-1
657,28,1122.13,990.07,68.71,88.22,0.5343,-1,-1,-1
657,50,1198.01,996.75,73.18,81.68,0.5637,-1,-1,-1
657,62,330.50,332.91,64.95,205.99,0.6783,-1,-1,-1
657,56,1612.62,167.72,70.83,178.77,0.6008,-1,-1,-1
657,63,1122.13,990.07,68.71,88.22,0.5343,-1,-1,-1
657,21,805.66,145.21,59.10,175.53,0.4420,-1,-1,-1
657,3,888.29,932.06,67.87,145.60,0.6986,-1,-1,-1
657,66,1562.21,593.75,110.31,233.68,0.3849,-1,-1,-1
657,69,453.94,534.99,79.45,239.62,0.7761,-1,-1,-1
657,70,1357.85,933.08,90.69,144.57,0.6722,-1,-1,-1
657,71,1435.58,907.91,96.44,171.37,0.6414,-1,-1,-1
658,4,1719.04,451.93,78.20,214.69,0.7164,-1,-1,-1
658,28,1119.54,990.69,70.54,87.46,0.5450,-1,-1,-1
658,50,1196.03,998.23,76.92,80.48,0.5983,-1,-1,-1
658,62,328.84,333.70,65.22,205.78,0.6805,-1,-1,-1
658,56,1611.44,167.42,72.65,177.03,0.5999,-1,-1,-1
658,63,1119.54,990.69,70.54,87.46,0.5450,-1,-1,-1
658,21,805.97,144.36,59.10,175.28,0.4296,-1,-1,-1
658,3,885.43,932.37,68.78,145.71,0.7055,-1,-1,-1
658,66,1561.69,594.91,110.57,232.70,0.3064,-1,-1,-1
658,69,453.09,533.99,78.92,240.55,0.7578,-1,-1,-1
658,70,1355.09,929.62,90.91,147.67,0.6750,-1,-1,-1
658,71,1432.22,905.71,96.26,173.18,0.6657,-1,-1,-1
659,4,1718.45,452.11,79.33,214.68,0.7405,-1,-1,-1
659,28,1117.95,991.85,75.44,86.56,0.6017,-1,-1,-1
659,50,1195.25,999.58,80.03,79.97,0.6217,-1,-1,-1
659,62,325.72,333.10,67.63,206.40,0.7248,-1,-1,-1
659,56,1611.10,167.06,74.11,176.50,0.6066,-1,-1,-1
659,63,1117.95,991.85,75.44,86.56,0.6017,-1,-1,-1
659,21,806.18,143.86,58.95,176.63,0.4360,-1,-1,-1
659,3,882.79,932.60,68.46,145.24,0.7052,-1,-1,-1
659,66,1563.88,597.92,105.27,229.39,0.2880,-1,-1,-1
659,69,451.89,531.72,79.18,241.72,0.7662,-1,-1,-1
659,70,1352.41,926.78,91.20,150.60,0.6723,-1,-1,-1
659,71,1429.38,904.63,95.99,173.63,0.6155,-1,-1,-1
660,4,1718.21,451.81,79.05,214.59,0.7281,-1,-1,-1
660,28,1115.99,993.53,77.32,84.94,0.6365,-1,-1,-1
660,50,1194.22,1001.85,82.91,77.97,0.6206,-1,-1,-1
660,62,323.33,333.37,68.89,205.87,0.7227,-1,-1,-1
660,56,1612.04,166.44,74.10,177.89,0.6504,-1,-1,-1
660,63,1115.99,993.53,77.32,84.94,0.6365,-1,-1,-1
660,21,805.74,144.43,59.12,176.06,0.4491,-1,-1,-1
660,3,880.58,932.21,67.76,145.29,0.6978,-1,-1,-1
660,66,1562.47,598.59,108.00,228.67,0.2810,-1,-1,-1
660,69,449.85,530.55,77.59,240.56,0.7579,-1,-1,-1
660,70,1350.12,923.52,91.62,153.01,0.6752,-1,-1,-1
660,71,1426.79,902.56,98.09,175.39,0.6228,-1,-1,-1
661,4,1718.26,451.88,79.50,213.61,0.7519,-1,-1,-1
661,28,1113.37,994.25,75.48,84.48,0.5997,-1,-1,-1
661,50,1192.69,1004.83,85.86,75.18,0.5822,-1,-1,-1
661,62,321.81,333.81,69.26,204.81,0.6933,-1,-1,-1
661,56,1613.38,166.42,74.33,175.89,0.6517,-1,-1,-1
661,63,1113.37,994.25,75.48,84.48,0.5997,-1,-1,-1
661,21,806.38,144.36,58.66,175.48,0.4406,-1,-1,-1
661,3,878.77,931.45,66.26,146.98,0.6722,-1,-1,-1
661,66,1560.07,601.69,112.37,225.23,0.3076,-1,-1,-1
661,69,447.97,530.50,71.79,239.67,0.7663,-1,-1,-1
661,70,1348.31,920.79,90.39,155.40,0.6756,-1,-1,-1
661,71,1425.06,900.82,98.93,176.84,0.6329,-1,-1,-1
662,4,1717.99,451.76,79.86,213.68,0.7496,-1,-1,-1
662,28,1111.80,996.15,74.95,82.61,0.6012,-1,-1,-1
662,50,1192.69,1005.82,86.78,73.87,0.5335,-1,-1,-1
662,62,320.72,333.96,69.30,204.61,0.7002,-1,-1,-1
662,56,1613.49,165.83,75.18,175.72,0.6382,-1,-1,-1
662,63,1111.80,996.15,74.95,82.61,0.6012,-1,-1,-1
662,21,806.23,143.37,58.61,175.55,0.4638,-1,-1,-1
662,3,876.24,930.30,65.34,148.71,0.6624,-1,-1,-1
662,66,1560.36,597.25,114.10,230.39,0.3862,-1,-1,-1
662,69,443.82,530.18,70.38,240.03,0.7829,-1,-1,-1
662,70,1345.84,916.33,87.95,159.95,0.6168,-1,-1,-1
662,71,1423.12,898.48,100.21,179.52,0.4911,-1,-1,-1
663,4,1717.90,452.26,81.25,212.98,0.7377,-1,-1,-1
663,28,1110.64,997.77,70.21,80.91,0.5350,-1,-1,-1
663,50,1192.92,1007.81,85.88,71.44,0.5120,-1,-1,-1
663,62,320.49,334.24,68.71,204.15,0.7130,-1,-1,-1
663,56,1615.20,164.86,74.25,175.16,0.6153,-1,-1,-1
663,63,1110.64,997.77,70.21,80.91,0.5350,-1,-1,-1
663,21,806.81,143.27,58.01,175.15,0.4405,-1,-1,-1
663,3,874.54,929.64,63.76,149.21,0.6632,-1,-1,-1
663,66,1562.19,599.71,112.82,227.18,0.3749,-1,-1,-1
663,69,439.55,529.28,68.92,239.60,0.8057,-1,-1,-1
663,70,1342.55,911.62,87.23,165.71,0.6731,-1,-1,-1
663,71,1421.81,895.96,98.63,183.30,0.6283,-1,-1,-1
664,4,1717.77,452.55,82.09,213.36,0.7252,-1,-1,-1
664,28,1109.19,1000.25,66.46,78.59,0.5255,-1,-1,-1
664,50,1193.41,1009.69,84.57,69.80,0.4593,-1,-1,-1
664,62,320.14,335.09,68.21,203.17,0.7015,-1,-1,-1
664,56,1616.23,163.89,74.04,178.04,0.6268,-1,-1,-1
664,63,1109.19,1000.25,66.46,78.59,0.5255,-1,-1,-1
664,21,805.89,143.10,58.49,175.31,0.4364,-1,-1,-1
664,3,872.09,929.52,64.05,148.67,0.6802,-1,-1,-1
664,66,1560.51,611.47,111.30,216.59,0.3208,-1,-1,-1
664,69,435.16,528.18,67.62,240.70,0.7957,-1,-1,-1
664,70,1340.46,907.77,86.01,170.42,0.6328,-1,-1,-1
664,71,1420.89,892.91,95.77,186.83,0.6074,-1,-1,-1
665,4,1718.05,452.46,82.08,213.25,0.7288,-1,-1,-1
665,28,1106.50,1001.99,73.59,77.50,0.5655,-1,-1,-1
665,50,1194.85,1012.41,76.56,67.47,0.4696,-1,-1,-1
665,62,317.93,335.04,69.43,203.14,0.6931,-1,-1,-1
665,56,1617.60,162.51,73.18,182.14,0.5983,-1,-1,-1
665,63,1106.50,1001.99,73.59,77.50,0.5655,-1,-1,-1
665,21,806.81,143.20,57.63,175.17,0.4678,-1,-1,-1
665,3,869.12,930.28,64.98,148.47,0.6747,-1,-1,-1
665,66,1560.61,602.80,112.57,224.21,0.3465,-1,-1,-1
665,69,431.75,526.78,63.99,243.12,0.7424,-1,-1,-1
665,70,1338.32,904.38,83.48,173.95,0.6500,-1,-1,-1
665,71,1417.57,886.96,97.43,193.03,0.6325,-1,-1,-1
666,4,1717.93,452.20,81.85,213.97,0.7037,-1,-1,-1
666,28,1104.61,1004.57,76.98,74.73,0.5717,-1,-1,-1
666,50,1194.83,1014.72,72.40,65.29,0.4931,-1,-1,-1
666,62,314.20,335.67,72.33,203.66,0.6713,-1,-1,-1
666,56,1618.61,161.15,72.66,182.99,0.6059,-1,-1,-1
666,63,1104.61,1004.57,76.98,74.73,0.5717,-1,-1,-1
666,21,807.42,143.13,56.77,173.86,0.4453,-1,-1,-1
666,3,866.98,930.20,65.56,148.27,0.6917,-1,-1,-1
666,66,1559.96,600.96,114.42,226.42,0.3517,-1,-1,-1
666,69,428.58,526.53,62.90,246.16,0.7489,-1,-1,-1
666,70,1334.66,902.45,82.36,175.79,0.6548,-1,-1,-1
666,71,1413.85,883.01,100.47,197.05,0.6420,-1,-1,-1
667,4,1717.23,452.66,82.61,214.11,0.6936,-1,-1,-1
667,28,1103.49,1007.09,72.73,71.59,0.5468,-1,-1,-1
667,50,1195.70,1017.25,68.17,62.83,0.5358,-1,-1,-1
667,62,309.46,337.84,77.25,203.50,0.7022,-1,-1,-1
667,56,1619.80,159.70,72.15,183.96,0.6140,-1,-1,-1
667,63,1103.49,1007.09,72.73,71.59,0.5468,-1,-1,-1
667,21,807.11,144.19,57.08,173.49,0.4432,-1,-1,-1
667,3,864.47,930.02,66.06,148.41,0.6827,-1,-1,-1
667,66,1559.71,599.43,114.19,227.32,0.4136,-1,-1,-1
667,69,425.87,526.26,62.62,247.70,0.7494,-1,-1,-1
667,70,1331.80,899.77,81.67,179.07,0.6582,-1,-1,-1
667,71,1409.37,880.25,99.73,199.86,0.6887,-1,-1,-1
668,4,1717.06,452.70,83.47,214.08,0.7211,-1,-1,-1
668,28,1103.32,1009.74,70.80,68.16,0.5577,-1,-1,-1
668,50,1195.80,1020.00,64.09,59.81,0.5497,-1,-1,-1
668,62,309.29,340.70,77.11,204.02,0.6965,-1,-1,-1
668,56,1621.44,157.31,72.14,183.29,0.5986,-1,-1,-1
668,63,1103.32,1009.74,70.80,68.16,0.5577,-1,-1,-1
668,21,807.91,143.29,56.15,173.66,0.4508,-1,-1,-1
668,3,862.27,929.72,66.37,148.56,0.6842,-1,-1,-1
668,66,1559.77,600.84,114.36,226.45,0.3893,-1,-1,-1
668,69,422.93,526.62,63.29,246.26,0.7642,-1,-1,-1
668,70,1330.09,898.41,81.83,180.45,0.6540,-1,-1,-1
668,71,1406.51,876.83,99.24,203.26,0.6790,-1,-1,-1
668,68,479.08,122.36,51.90,166.13,0.3398,-1,-1,-1
669,4,1717.61,452.04,83.09,215.37,0.6930,-1,-1,-1
669,28,1104.11,1012.79,63.12,64.22,0.4825,-1,-1,-1
669,50,1196.05,1024.46,60.88,55.31,0.4728,-1,-1,-1
669,62,310.21,344.40,76.17,203.98,0.7222,-1,-1,-1
669,56,1622.35,154.26,72.42,184.27,0.6092,-1,-1,-1
669,63,1104.11,1012.79,63.12,64.22,0.4825,-1,-1,-1
669,21,807.52,144.34,56.66,173.23,0.4310,-1,-1,-1
669,3,859.56,930.07,67.10,148.42,0.6618,-1,-1,-1
669,66,1560.01,601.36,114.55,226.04,0.3875,-1,-1,-1
669,69,417.96,526.97,67.31,246.48,0.7522,-1,-1,-1
669,70,1328.89,897.39,80.75,181.35,0.6975,-1,-1,-1
669,71,1404.27,874.42,98.87,205.65,0.7231,-1,-1,-1
669,68,479.42,124.27,53.25,164.21,0.3489,-1,-1,-1
670,4,1717.00,452.19,84.10,214.97,0.7121,-1,-1,-1
670,28,1104.39,1016.01,62.74,60.75,0.4967,-1,-1,-1
670,50,1196.54,1028.12,57.88,51.07,0.4299,-1,-1,-1
670,62,310.92,346.31,74.57,205.18,0.7317,-1,-1,-1
670,56,1623.74,153.17,71.99,184.14,0.6214,-1,-1,-1
670,63,1104.39,1016.01,62.74,60.75,0.4967,-1,-1,-1
670,21,806.43,144.72,57.78,173.96,0.4429,-1,-1,-1
670,3,857.40,929.66,67.71,149.03,0.6724,-1,-1,-1
670,66,1561.54,599.75,112.39,226.84,0.3952,-1,-1,-1
670,69,411.38,527.43,72.84,245.71,0.7736,-1,-1,-1
670,70,1326.71,896.01,80.22,182.86,0.7181,-1,-1,-1
670,71,1401.47,871.07,101.36,208.99,0.6869,-1,-1,-1
670,68,479.40,118.25,54.41,170.13,0.3427,-1,-1,-1
671,4,1716.71,452.59,84.97,214.54,0.7191,-1,-1,-1
671,28,1103.80,1019.82,55.68,57.41,0.5073,-1,-1,-1
671,50,1197.31,1031.77,52.97,47.74,0.3961,-1,-1,-1
671,62,310.92,347.73,73.97,207.59,0.7608,-1,-1,-1
671,56,1625.13,152.11,70.90,182.70,0.6195,-1,-1,-1
671,63,1103.80,1019.82,55.68,57.41,0.5073,-1,-1,-1
671,21,806.65,144.62,57.43,174.03,0.4940,-1,-1,-1
671,3,855.43,929.98,68.11,148.67,0.6828,-1,-1,-1
671,66,1561.80,601.01,113.12,226.31,0.4000,-1,-1,-1
671,69,406.29,527.43,76.67,245.67,0.7843,-1,-1,-1
671,70,1324.83,894.98,78.65,184.00,0.7093,-1,-1,-1
671,71,1400.04,866.85,101.40,213.07,0.6959,-1,-1,-1
671,68,478.88,117.69,55.77,171.06,0.3796,-1,-1,-1
672,4,1716.66,452.03,84.88,214.75,0.7041,-1,-1,-1
672,28,1105.53,1024.35,49.47,54.03,0.4839,-1,-1,-1
672,50,1197.42,1034.47,49.44,45.29,0.3781,-1,-1,-1
672,62,311.28,348.96,72.87,207.69,0.7650,-1,-1,-1
672,56,1626.78,154.81,69.02,177.14,0.5869,-1,-1,-1
672,63,1105.53,1024.35,49.47,54.03,0.4839,-1,-1,-1
672,21,806.29,143.98,57.65,175.46,0.4744,-1,-1,-1
672,3,854.19,929.40,67.61,149.10,0.6779,-1,-1,-1
672,66,1560.79,599.87,113.77,227.60,0.3610,-1,-1,-1
672,69,402.81,528.40,79.46,244.47,0.7850,-1,-1,-1
672,70,1320.09,894.10,80.94,185.44,0.7340,-1,-1,-1
672,71,1399.89,862.44,100.69,217.60,0.7246,-1,-1,-1
672,68,480.09,123.28,53.60,166.49,0.3251,-1,-1,-1
673,4,1716.42,452.59,85.82,214.79,0.7261,-1,-1,-1
673,28,1107.34,1028.98,45.57,50.37,0.4311,-1,-1,-1
673,50,1197.24,1036.19,44.86,43.66,0.3754,-1,-1,-1
673,62,311.54,350.85,71.98,207.92,0.7739,-1,-1,-1
673,56,1627.50,155.69,68.15,175.90,0.5827,-1,-1,-1
673,63,1107.34,1028.98,45.57,50.37,0.4311,-1,-1,-1
673,21,807.22,144.12,56.69,175.62,0.4711,-1,-1,-1
673,3,853.30,929.63,66.69,149.40,0.6823,-1,-1,-1
673,66,1560.29,600.26,112.94,226.94,0.3480,-1,-1,-1
673,69,400.25,529.96,81.65,243.49,0.7856,-1,-1,-1
673,70,1316.79,892.05,81.67,187.89,0.7126,-1,-1,-1
673,71,1400.97,860.73,96.69,219.35,0.6946,-1,-1,-1
673,68,480.67,126.87,53.04,164.68,0.3662,-1,-1,-1
673,74,428.72,134.76,45.41,153.34,0.3555,-1,-1,-1
673,73,228.28,233.89,59.72,173.47,0.3534,-1,-1,-1
674,4,1715.87,452.64,87.34,215.02,0.7271,-1,-1,-1
674,28,1108.66,1031.62,42.77,48.29,0.4071,-1,-1,-1
674,50,1196.81,1037.40,42.84,42.61,0.3225,-1,-1,-1
674,62,311.11,351.85,72.26,208.79,0.7630,-1,-1,-1
674,56,1628.04,156.14,67.48,173.99,0.5283,-1,-1,-1
674,63,1108.66,1031.62,42.77,48.29,0.4071,-1,-1,-1
674,21,807.21,144.48,56.75,175.09,0.4518,-1,-1,-1
674,3,851.31,929.26,65.89,150.31,0.6870,-1,-1,-1
674,66,1563.21,599.51,106.61,227.52,0.4025,-1,-1,-1
674,69,397.46,530.38,83.89,243.57,0.7802,-1,-1,-1
674,70,1313.11,889.23,82.20,190.82,0.7251,-1,-1,-1
674,71,1399.80,858.92,93.80,221.21,0.5804,-1,-1,-1
674,68,480.12,128.60,52.85,166.00,0.4240,-1,-1,-1
674,74,428.99,134.44,45.56,154.98,0.3380,-1,-1,-1
674,73,228.63,232.25,61.95,173.75,0.2758,-1,-1,-1
675,4,1715.68,452.60,87.78,214.02,0.7088,-1,-1,-1
675,28,1109.14,1035.59,41.31,44.52,0.3530,-1,-1,-1
675,50,1196.37,1041.05,42.48,39.03,0.3339,-1,-1,-1
675,62,311.57,353.19,72.02,209.87,0.7547,-1,-1,-1
675,56,1627.95,156.10,67.13,174.08,0.5498,-1,-1,-1
675,63,1109.14,1035.59,41.31,44.52,0.3530,-1,-1,-1
675,21,806.61,144.54,57.49,175.38,0.4834,-1,-1,-1
675,3,850.76,930.17,63.83,149.81,0.6792,-1,-1,-1
675,66,1561.26,609.54,109.82,218.99,0.4194,-1,-1,-1
675,69,393.97,529.41,87.27,244.91,0.7812,-1,-1,-1
675,70,1307.12,886.45,84.32,193.32,0.7486,-1,-1,-1
675,71,1394.67,860.65,102.82,219.48,0.5470,-1,-1,-1
675,68,479.62,127.67,53.66,170.23,0.4519,-1,-1,-1
675,74,429.63,134.48,45.59,158.05,0.3502,-1,-1,-1
675,73,229.94,231.12,63.24,176.51,0.3060,-1,-1,-1
676,4,1716.27,453.16,87.03,213.09,0.7210,-1,-1,-1
676,28,1109.42,1038.89,40.34,41.30,0.2579,-1,-1,-1
676,50,1196.03,1043.32,43.48,36.81,0.3280,-1,-1,-1
676,62,311.78,355.19,71.21,209.37,0.7454,-1,-1,-1
676,56,1627.95,155.25,66.51,178.52,0.5772,-1,-1,-1
676,21,807.18,144.88,56.93,174.88,0.4157,-1,-1,-1
676,3,849.39,930.65,62.29,149.51,0.6678,-1,-1,-1
676,66,1561.06,623.71,108.32,205.14,0.2864,-1,-1,-1
676,69,390.26,530.49,90.74,244.41,0.7890,-1,-1,-1
676,70,1302.80,883.52,84.41,196.55,0.7680,-1,-1,-1
676,71,1385.00,860.96,105.66,219.22,0.6201,-1,-1,-1
676,68,480.24,128.86,54.71,171.45,0.4885,-1,-1,-1
676,74,428.30,139.44,47.65,154.31,0.3067,-1,-1,-1
676,73,232.10,232.52,65.57,173.02,0.2951,-1,-1,-1
677,4,1716.07,453.23,87.29,213.20,0.7146,-1,-1,-1
677,28,1109.20,1041.78,40.07,38.20,0.2353,-1,-1,-1
677,50,1195.83,1045.31,45.60,34.74,0.3254,-1,-1,-1
677,62,311.52,355.69,71.90,209.40,0.7470,-1,-1,-1
677,56,1627.25,156.03,65.93,175.81,0.5569,-1,-1,-1
677,21,806.57,145.39,57.13,173.47,0.4295,-1,-1,-1
677,3,847.95,930.51,62.18,149.48,0.6736,-1,-1,-1
677,66,1561.24,608.98,108.99,218.94,0.2913,-1,-1,-1
677,69,384.74,530.82,95.57,244.38,0.7918,-1,-1,-1
677,70,1299.68,879.79,84.72,199.40,0.7790,-1,-1,-1
677,71,1376.31,859.36,106.37,220.73,0.6728,-1,-1,-1
677,68,479.59,129.64,55.86,173.49,0.4870,-1,-1,-1
677,74,426.59,141.54,48.38,153.95,0.3163,-1,-1,-1
677,73,232.88,230.18,65.68,175.55,0.3570,-1,-1,-1
678,4,1716.15,453.31,87.34,213.41,0.6945,-1,-1,-1
678,28,1108.32,1043.45,40.47,36.22,0.2319,-1,-1,-1
678,50,1194.93,1047.74,48.21,32.29,0.3037,-1,-1,-1
678,62,311.50,356.73,71.76,209.23,0.7369,-1,-1,-1
678,56,1625.86,156.35,66.60,174.05,0.5405,-1,-1,-1
678,21,806.60,144.97,57.07,173.33,0.4275,-1,-1,-1
678,3,846.47,929.62,62.65,150.15,0.6766,-1,-1,-1
678,66,1559.75,619.47,109.68,209.46,0.3366,-1,-1,-1
678,69,379.14,531.37,101.04,243.83,0.7888,-1,-1,-1
678,70,1293.62,876.77,86.37,202.98,0.7790,-1,-1,-1
678,71,1371.06,859.03,107.37,221.03,0.6415,-1,-1,-1
678,68,479.95,130.61,56.33,173.70,0.4901,-1,-1,-1
678,74,425.88,143.34,48.95,152.17,0.2848,-1,-1,-1
678,73,234.66,232.17,61.08,172.88,0.3683,-1,-1,-1
679,4,1715.94,452.72,86.60,212.97,0.6947,-1,-1,-1
679,28,1107.16,1045.23,41.08,34.23,0.2603,-1,-1,-1
679,50,1194.95,1049.35,50.37,30.68,0.2803,-1,-1,-1
679,62,311.98,356.45,70.11,209.73,0.7147,-1,-1,-1
679,56,1625.27,156.56,66.59,173.58,0.5725,-1,-1,-1
679,21,806.21,145.17,57.22,173.22,0.4359,-1,-1,-1
679,3,844.59,927.82,64.64,152.14,0.6984,-1,-1,-1
679,66,1560.92,606.30,110.93,221.63,0.4542,-1,-1,-1
679,69,373.29,531.41,106.14,243.91,0.7829,-1,-1,-1
679,70,1288.31,873.98,88.76,205.97,0.7926,-1,-1,-1
679,71,1369.80,857.85,105.31,222.21,0.6364,-1,-1,-1
679,68,480.67,131.65,55.58,173.78,0.5016,-1,-1,-1
679,74,425.30,145.33,49.55,150.13,0.2634,-1,-1,-1
679,73,236.37,233.40,58.30,169.59,0.3749,-1,-1,-1
680,4,1715.92,453.04,87.46,213.37,0.7332,-1,-1,-1
680,28,1105.90,1046.72,40.84,33.14,0.2703,-1,-1,-1
680,50,1194.90,1050.86,50.37,29.17,0.2332,-1,-1,-1
680,62,311.04,356.95,71.18,208.56,0.7214,-1,-1,-1
680,56,1624.80,155.50,66.51,172.88,0.5885,-1,-1,-1
680,21,806.00,145.29,56.59,173.47,0.4524,-1,-1,-1
680,3,843.72,927.49,64.15,152.56,0.7235,-1,-1,-1
680,66,1560.31,615.20,109.62,213.57,0.3474,-1,-1,-1
680,69,368.17,530.80,109.96,244.61,0.7842,-1,-1,-1
680,70,1284.97,871.11,88.88,208.93,0.7654,-1,-1,-1
680,71,1367.56,856.92,102.49,223.13,0.6466,-1,-1,-1
680,68,479.77,132.86,57.16,173.55,0.4887,-1,-1,-1
680,74,425.60,144.45,47.97,151.45,0.1914,-1,-1,-1
680,73,238.05,233.07,56.16,167.98,0.3297,-1,-1,-1
681,4,1716.63,453.23,86.85,213.28,0.7224,-1,-1,-1
681,28,1104.70,1047.76,40.88,32.20,0.2723,-1,-1,-1
681,50,1195.09,1052.91,49.19,27.08,0.1532,-1,-1,-1
681,62,311.38,357.13,70.92,207.57,0.7005,-1,-1,-1
681,56,1623.93,156.33,66.09,171.98,0.6201,-1,-1,-1
681,21,807.72,145.19,54.59,172.42,0.4537,-1,-1,-1
681,3,841.75,926.17,66.91,153.47,0.7214,-1,-1,-1
681,66,1559.78,621.54,110.01,207.34,0.3382,-1,-1,-1
681,69,360.98,530.65,116.21,244.79,0.8075,-1,-1,-1
681,70,1280.14,868.34,89.76,211.23,0.7400,-1,-1,-1
681,71,1367.80,854.42,97.78,225.59,0.6771,-1,-1,-1
681,68,479.33,132.71,57.36,174.32,0.4733,-1,-1,-1
681,74,425.16,143.58,47.63,151.61,0.1910,-1,-1,-1
681,73,239.20,233.37,55.55,165.71,0.4024,-1,-1,-1
682,4,1716.45,453.29,86.70,213.52,0.7354,-1,-1,-1
682,28,1103.40,1048.84,40.61,31.12,0.2520,-1,-1,-1
682,62,310.46,357.94,71.95,207.14,0.7168,-1,-1,-1
682,56,1623.54,155.52,66.30,173.37,0.5939,-1,-1,-1
682,21,807.30,144.83,54.52,173.10,0.4277,-1,-1,-1
682,3,839.15,924.65,69.74,154.85,0.7307,-1,-1,-1
682,66,1561.24,610.05,108.92,217.82,0.3477,-1,-1,-1
682,69,357.51,530.58,119.43,244.32,0.8010,-1,-1,-1
682,70,1276.91,865.46,90.40,214.09,0.7595,-1,-1,-1
682,71,1369.26,851.04,92.73,228.93,0.7170,-1,-1,-1
682,68,479.32,132.30,57.83,174.59,0.4573,-1,-1,-1
682,74,426.05,144.91,46.58,150.44,0.2178,-1,-1,-1
682,73,238.82,231.87,59.29,168.84,0.3068,-1,-1,-1
683,4,1716.72,453.72,86.54,213.17,0.7296,-1,-1,-1
683,28,1101.94,1050.53,39.46,29.42,0.2115,-1,-1,-1
683,62,310.44,357.59,71.21,207.26,0.7243,-1,-1,-1
683,56,1622.21,155.25,65.87,175.70,0.5770,-1,-1,-1
683,21,808.48,145.05,53.35,171.97,0.4263,-1,-1,-1
683,3,836.67,924.08,72.20,155.34,0.7290,-1,-1,-1
683,66,1562.03,605.40,109.98,222.35,0.3797,-1,-1,-1
683,69,353.52,530.37,122.51,244.79,0.7991,-1,-1,-1
683,70,1272.19,863.46,92.90,215.97,0.7655,-1,-1,-1
683,71,1366.95,846.07,91.50,233.85,0.7204,-1,-1,-1
683,68,480.20,131.57,56.75,175.61,0.4436,-1,-1,-1
683,74,426.81,145.30,45.82,150.00,0.2644,-1,-1,-1
683,73,240.01,230.01,59.33,171.55,0.2757,-1,-1,-1
684,4,1716.26,453.39,86.15,213.82,0.7205,-1,-1,-1
684,28,1099.93,1052.48,38.85,27.53,0.1711,-1,-1,-1
684,62,310.07,357.91,70.51,206.99,0.7256,-1,-1,-1
684,56,1620.99,155.22,65.00,177.32,0.5948,-1,-1,-1
684,21,807.26,145.10,54.10,173.00,0.4360,-1,-1,-1
684,3,834.28,923.45,74.37,156.08,0.7274,-1,-1,-1
684,66,1560.87,613.56,109.02,215.31,0.3500,-1,-1,-1
684,69,351.73,528.59,122.28,246.65,0.7919,-1,-1,-1
684,70,1267.52,861.51,94.97,216.80,0.7917,-1,-1,-1
684,71,1361.36,841.28,93.12,238.69,0.7312,-1,-1,-1
684,68,481.17,134.43,56.27,172.54,0.4283,-1,-1,-1
684,74,426.31,143.81,46.34,151.94,0.3502,-1,-1,-1
684,73,241.53,224.81,57.68,176.21,0.2190,-1,-1,-1
685,4,1715.90,452.75,85.52,214.21,0.7321,-1,-1,-1
685,62,310.00,359.18,69.93,206.69,0.7166,-1,-1,-1
685,56,1620.42,154.12,64.05,180.65,0.5787,-1,-1,-1
685,21,807.68,145.10,53.33,172.37,0.3861,-1,-1,-1
685,3,830.58,923.30,77.87,156.09,0.7385,-1,-1,-1
685,66,1561.94,605.95,108.70,222.20,0.4136,-1,-1,-1
685,69,350.68,527.75,121.46,248.09,0.7988,-1,-1,-1
685,70,1265.65,859.63,93.58,217.77,0.7938,-1,-1,-1
685,71,1358.66,838.13,92.09,241.77,0.7493,-1,-1,-1
685,68,480.35,135.35,57.60,171.51,0.4336,-1,-1,-1
685,74,426.09,146.85,46.77,149.19,0.2719,-1,-1,-1
685,73,243.20,223.64,56.75,177.11,0.2314,-1,-1,-1
686,4,1715.62,451.88,85.98,214.79,0.7436,-1,-1,-1
686,62,309.53,362.00,68.73,206.65,0.7138,-1,-1,-1
686,56,1619.28,152.25,64.46,181.60,0.5285,-1,-1,-1
686,21,807.51,145.03,52.86,171.90,0.3854,-1,-1,-1
686,3,828.55,922.37,80.00,156.42,0.7459,-1,-1,-1
686,66,1560.97,612.03,109.05,217.24,0.3928,-1,-1,-1
686,69,350.51,528.26,118.69,248.00,0.8008,-1,-1,-1
686,70,1263.58,857.48,94.04,220.30,0.7990,-1,-1,-1
686,71,1356.35,834.31,91.59,245.33,0.7473,-1,-1,-1
686,68,480.24,136.19,57.24,170.49,0.4760,-1,-1,-1
686,74,424.88,144.79,48.42,153.44,0.3441,-1,-1,-1
686,73,244.62,223.67,57.00,176.61,0.2048,-1,-1,-1
687,4,1715.68,451.80,86.29,214.32,0.7522,-1,-1,-1
687,62,309.85,365.28,67.20,206.81,0.7049,-1,-1,-1
687,56,1618.03,150.41,63.97,182.17,0.5445,-1,-1,-1
687,21,808.08,144.75,51.74,171.21,0.3754,-1,-1,-1
687,3,827.14,922.46,81.04,156.36,0.7347,-1,-1,-1
687,66,1560.37,604.44,110.88,223.71,0.4128,-1,-1,-1
687,69,351.04,528.83,112.92,248.32,0.7980,-1,-1,-1
687,70,1261.62,855.78,92.19,223.32,0.7733,-1,-1,-1
687,71,1353.05,830.58,91.38,248.87,0.7660,-1,-1,-1
687,68,479.59,135.17,58.53,170.90,0.5019,-1,-1,-1
687,74,425.28,147.42,47.82,151.44,0.3644,-1,-1,-1
687,73,244.75,222.79,57.81,176.57,0.2376,-1,-1,-1
688,4,1715.48,452.48,87.49,214.28,0.7611,-1,-1,-1
688,62,310.17,368.06,66.00,206.96,0.7048,-1,-1,-1
688,56,1615.56,147.96,64.24,177.98,0.5620,-1,-1,-1
688,21,807.56,143.83,51.95,171.60,0.3822,-1,-1,-1
688,3,824.83,922.82,83.04,155.93,0.7342,-1,-1,-1
688,66,1560.37,610.01,110.22,218.85,0.4330,-1,-1,-1
688,69,352.01,528.73,108.01,249.06,0.8145,-1,-1,-1
688,70,1260.73,853.44,89.50,226.17,0.7828,-1,-1,-1
688,71,1348.93,829.52,91.32,250.19,0.7935,-1,-1,-1
688,68,480.53,135.19,57.76,170.99,0.4925,-1,-1,-1
688,74,426.90,148.18,46.33,151.52,0.2484,-1,-1,-1
688,73,245.81,224.89,59.31,173.19,0.1716,-1,-1,-1
689,4,1715.28,451.96,86.57,214.85,0.7512,-1,-1,-1
689,62,310.53,369.45,64.35,206.46,0.7069,-1,-1,-1
689,56,1614.46,145.47,64.74,177.82,0.5713,-1,-1,-1
689,21,807.57,143.30,51.20,171.79,0.3374,-1,-1,-1
689,3,822.71,923.46,84.52,155.33,0.7300,-1,-1,-1
689,66,1559.32,601.81,112.71,226.17,0.4635,-1,-1,-1
689,69,354.29,529.24,103.59,248.79,0.8144,-1,-1,-1
689,70,1259.16,851.00,87.36,228.83,0.7728,-1,-1,-1
689,71,1345.23,827.21,93.23,252.62,0.7898,-1,-1,-1
689,68,481.27,133.96,57.38,172.25,0.5106,-1,-1,-1
689,74,426.59,146.79,47.14,154.81,0.3173,-1,-1,-1
689,73,246.70,225.07,58.67,172.71,0.1977,-1,-1,-1
690,4,1715.59,451.26,87.06,216.38,0.7242,-1,-1,-1
690,62,310.36,371.99,63.15,207.23,0.6977,-1,-1,-1
690,56,1612.93,143.74,65.34,178.25,0.5981,-1,-1,-1
690,21,806.32,141.47,50.49,171.41,0.3101,-1,-1,-1
690,3,821.67,924.89,85.87,153.53,0.7442,-1,-1,-1
690,66,1560.73,598.40,112.73,228.86,0.4750,-1,-1,-1
690,69,357.06,529.19,98.47,249.86,0.8186,-1,-1,-1
690,70,1257.71,848.30,86.89,231.66,0.7244,-1,-1,-1
690,71,1341.17,824.34,92.86,255.58,0.7714,-1,-1,-1
690,68,480.99,133.60,57.75,173.49,0.4951,-1,-1,-1
690,74,426.56,148.63,47.30,154.91,0.3625,-1,-1,-1
690,73,247.18,223.62,57.17,175.11,0.1635,-1,-1,-1
691,4,1715.81,451.71,87.35,216.66,0.7420,-1,-1,-1
691,62,309.80,374.64,63.24,207.61,0.7123,-1,-1,-1
691,56,1611.05,141.89,65.27,178.77,0.6323,-1,-1,-1
691,21,804.76,140.75,51.03,171.10,0.3557,-1,-1,-1
691,3,821.96,925.72,85.39,152.26,0.7384,-1,-1,-1
691,66,1563.30,597.86,111.05,229.72,0.5027,-1,-1,-1
691,69,362.25,530.75,91.53,249.41,0.8249,-1,-1,-1
691,70,1256.53,845.47,85.73,233.66,0.7877,-1,-1,-1
691,71,1335.99,823.08,95.89,256.89,0.7799,-1,-1,-1
691,68,479.74,134.02,59.26,175.91,0.4977,-1,-1,-1
691,74,426.38,148.16,47.58,157.65,0.4164,-1,-1,-1
691,73,247.60,219.47,59.62,179.45,0.1646,-1,-1,-1
692,4,1716.13,452.41,87.27,215.54,0.7367,-1,-1,-1
692,62,308.93,375.01,63.59,210.28,0.7244,-1,-1,-1
692,56,1609.37,140.63,65.80,179.22,0.6501,-1,-1,-1
692,21,805.10,141.21,51.05,172.78,0.3667,-1,-1,-1
692,3,822.13,927.44,84.56,149.61,0.7439,-1,-1,-1
692,66,1562.64,599.93,112.07,227.64,0.4431,-1,-1,-1
692,69,367.25,532.85,85.90,249.23,0.8117,-1,-1,-1
692,70,1255.71,842.17,83.79,236.10,0.7949,-1,-1,-1
692,71,1332.37,822.32,95.97,257.67,0.7622,-1,-1,-1
692,68,480.50,135.11,58.77,178.65,0.5239,-1,-1,-1
692,74,427.07,150.40,47.01,157.46,0.4642,-1,-1,-1
692,73,249.75,219.47,57.50,177.21,0.1808,-1,-1,-1
693,4,1716.19,451.61,86.72,216.21,0.7273,-1,-1,-1
693,62,307.72,374.82,63.81,213.40,0.7135,-1,-1,-1
693,56,1608.34,138.78,65.73,178.91,0.6570,-1,-1,-1
693,21,804.98,141.34,50.83,173.00,0.3685,-1,-1,-1
693,3,822.65,927.98,83.85,148.88,0.7416,-1,-1,-1
693,66,1562.43,600.70,112.33,226.78,0.4972,-1,-1,-1
693,69,372.02,534.04,80.27,250.22,0.8112,-1,-1,-1
693,70,1253.88,838.75,82.44,240.51,0.8201,-1,-1,-1
693,71,1329.63,820.58,94.57,259.41,0.7656,-1,-1,-1
693,68,481.09,137.61,57.59,178.85,0.4969,-1,-1,-1
693,74,427.47,153.85,46.61,155.66,0.4494,-1,-1,-1
693,73,251.32,218.72,57.15,177.46,0.2064,-1,-1,-1
694,4,1715.93,451.59,87.10,216.92,0.7418,-1,-1,-1
694,62,306.30,375.07,64.60,215.12,0.7027,-1,-1,-1
694,56,1606.78,136.35,66.10,179.19,0.6390,-1,-1,-1
694,21,805.09,140.78,50.08,173.42,0.3449,-1,-1,-1
694,3,822.43,928.48,84.92,148.29,0.7642,-1,-1,-1
694,66,1562.54,600.43,111.92,227.08,0.5118,-1,-1,-1
694,69,376.41,534.78,75.91,249.80,0.8163,-1,-1,-1
694,70,1252.24,835.22,81.18,243.77,0.8163,-1,-1,-1
694,71,1327.30,818.98,94.18,261.02,0.7709,-1,-1,-1
694,68,481.09,139.79,57.26,178.40,0.5082,-1,-1,-1
694,74,427.39,154.82,46.96,155.83,0.4790,-1,-1,-1
694,73,252.63,217.16,57.05,179.79,0.1782,-1,-1,-1
695,4,1716.70,452.16,86.47,215.91,0.7253,-1,-1,-1
695,62,305.57,375.07,64.98,215.42,0.6669,-1,-1,-1
695,56,1606.29,135.41,65.70,178.94,0.6304,-1,-1,-1
695,21,805.04,138.60,49.07,174.85,0.3660,-1,-1,-1
695,3,822.27,930.07,85.59,147.10,0.7505,-1,-1,-1
695,66,1562.28,599.88,111.66,227.84,0.4231,-1,-1,-1
695,69,379.42,535.17,72.56,249.98,0.8111,-1,-1,-1
695,70,1249.80,831.72,80.85,246.70,0.7898,-1,-1,-1
695,71,1326.56,817.60,93.12,262.34,0.7505,-1,-1,-1
695,68,480.52,142.26,58.63,177.27,0.5267,-1,-1,-1
695,74,428.11,155.60,46.23,154.99,0.4007,-1,-1,-1
695,73,254.25,216.32,52.81,179.04,0.1829,-1,-1,-1
696,4,1717.03,452.17,86.41,215.14,0.7146,-1,-1,-1
696,62,303.59,375.30,66.89,215.03,0.6333,-1,-1,-1
696,56,1605.28,134.62,65.75,179.67,0.6069,-1,-1,-1
696,21,804.98,137.72,48.32,174.97,0.3305,-1,-1,-1
696,3,822.82,931.20,85.32,146.60,0.7368,-1,-1,-1
696,66,1561.70,600.73,112.41,226.43,0.4138,-1,-1,-1
696,69,381.53,535.44,69.52,250.68,0.8032,-1,-1,-1
696,70,1245.59,829.66,81.27,248.34,0.7861,-1,-1,-1
696,71,1325.11,815.51,92.63,264.49,0.7582,-1,-1,-1
696,68,481.20,146.30,58.11,173.86,0.5444,-1,-1,-1
696,74,427.75,157.52,46.72,152.42,0.4005,-1,-1,-1
696,73,254.86,216.20,52.03,178.75,0.2051,-1,-1,-1
697,4,1716.64,452.45,87.02,214.91,0.7071,-1,-1,-1
697,62,300.65,375.84,69.64,214.97,0.6338,-1,-1,-1
697,56,1602.90,134.71,67.28,178.67,0.5440,-1,-1,-1
697,21,804.26,138.31,47.70,176.43,0.3468,-1,-1,-1
697,3,824.00,932.48,84.47,145.66,0.7474,-1,-1,-1
697,66,1561.68,601.20,111.99,225.36,0.4146,-1,-1,-1
697,69,382.68,536.37,68.02,250.29,0.7921,-1,-1,-1
697,70,1242.34,828.09,81.74,250.04,0.7670,-1,-1,-1
697,71,1321.90,812.69,94.15,267.35,0.7815,-1,-1,-1
697,68,480.54,148.80,58.62,172.52,0.5389,-1,-1,-1
697,74,428.05,157.72,47.10,152.52,0.4383,-1,-1,-1
697,73,255.35,215.41,51.51,180.10,0.2065,-1,-1,-1
698,4,1717.25,452.50,86.19,214.65,0.7369,-1,-1,-1
698,62,299.34,376.34,71.04,214.52,0.6217,-1,-1,-1
698,56,1602.42,134.47,67.40,178.33,0.5203,-1,-1,-1
698,21,804.25,138.73,46.87,176.40,0.3735,-1,-1,-1
698,3,825.59,932.10,83.31,146.33,0.7641,-1,-1,-1
698,66,1560.35,606.67,112.86,221.06,0.4400,-1,-1,-1
698,69,383.87,537.22,67.05,249.27,0.7955,-1,-1,-1
698,70,1238.76,826.98,82.24,250.97,0.7712,-1,-1,-1
698,71,1318.55,809.85,95.34,270.16,0.7908,-1,-1,-1
698,68,480.19,150.40,58.20,171.29,0.5220,-1,-1,-1
698,74,427.52,156.11,47.91,154.24,0.4168,-1,-1,-1
698,73,256.27,219.14,51.61,174.29,0.2602,-1,-1,-1
699,4,1717.82,452.35,85.04,215.07,0.7188,-1,-1,-1
699,62,298.34,376.49,72.02,213.55,0.6502,-1,-1,-1
699,56,1600.43,133.79,68.94,180.51,0.4055,-1,-1,-1
699,21,804.59,138.02,46.05,177.70,0.3273,-1,-1,-1
699,3,826.53,932.48,83.13,146.01,0.7653,-1,-1,-1
699,66,1563.32,602.21,111.51,224.54,0.4241,-1,-1,-1
699,69,384.63,537.69,65.14,248.46,0.7807,-1,-1,-1
699,70,1233.94,824.96,84.96,252.69,0.7672,-1,-1,-1
699,71,1316.77,805.88,92.77,273.07,0.8004,-1,-1,-1
699,68,479.59,151.16,59.40,170.76,0.5514,-1,-1,-1
699,74,426.11,154.60,49.71,156.02,0.4545,-1,-1,-1
699,73,257.04,219.30,51.61,172.80,0.2473,-1,-1,-1
700,4,1717.91,452.57,84.73,214.18,0.7238,-1,-1,-1
700,62,297.02,376.41,72.51,213.18,0.6560,-1,-1,-1
700,56,1598.64,133.55,70.55,180.76,0.3628,-1,-1,-1
700,21,803.52,135.50,47.04,179.50,0.3099,-1,-1,-1
700,3,828.24,932.78,82.52,145.90,0.7654,-1,-1,-1
700,66,1561.95,609.42,110.77,217.95,0.4453,-1,-1,-1
700,69,385.16,538.74,64.19,247.65,0.7897,-1,-1,-1
700,70,1230.79,823.08,86.46,253.11,0.7665,-1,-1,-1
700,71,1314.52,802.56,91.35,274.58,0.7930,-1,-1,-1
700,68,479.43,150.60,59.69,171.55,0.5273,-1,-1,-1
700,74,427.06,153.94,49.02,156.59,0.3923,-1,-1,-1
700,73,257.54,214.98,51.06,175.81,0.1939,-1,-1,-1
701,4,1717.41,452.43,85.78,215.26,0.7201,-1,-1,-1
701,62,295.92,377.29,73.71,211.39,0.6498,-1,-1,-1
701,56,1597.40,134.39,71.90,180.45,0.3538,-1,-1,-1
701,21,803.01,136.20,47.41,177.72,0.3478,-1,-1,-1
701,3,829.33,932.40,84.25,146.05,0.7711,-1,-1,-1
701,66,1561.62,603.58,112.70,223.44,0.3881,-1,-1,-1
701,69,385.49,539.23,62.86,246.50,0.7570,-1,-1,-1
701,70,1227.36,820.12,88.86,256.01,0.8024,-1,-1,-1
701,71,1312.70,798.85,92.27,274.43,0.7865,-1,-1,-1
701,68,479.74,150.82,59.49,171.16,0.5429,-1,-1,-1
701,74,428.19,153.77,47.36,156.84,0.3802,-1,-1,-1
701,73,257.42,210.55,51.76,181.56,0.2626,-1,-1,-1
702,4,1717.25,451.71,86.33,215.65,0.7401,-1,-1,-1
702,62,295.59,376.84,74.07,211.95,0.6840,-1,-1,-1
702,56,1597.57,134.69,71.23,180.17,0.3889,-1,-1,-1
702,21,800.15,137.15,50.60,176.88,0.3631,-1,-1,-1
702,3,831.69,933.15,83.39,145.44,0.7707,-1,-1,-1
702,66,1560.87,618.52,111.65,208.91,0.3462,-1,-1,-1
702,69,386.13,539.87,60.82,245.42,0.7414,-1,-1,-1
702,70,1222.27,817.47,92.76,257.67,0.7633,-1,-1,-1
702,71,1310.49,794.04,92.88,266.85,0.7726,-1,-1,-1
702,68,480.36,149.95,58.51,171.43,0.5421,-1,-1,-1
702,74,429.52,152.28,47.10,159.01,0.3210,-1,-1,-1
702,73,258.03,207.78,51.05,183.41,0.2493,-1,-1,-1
703,4,1717.26,451.65,86.35,216.47,0.7372,-1,-1,-1
703,62,295.06,377.17,74.61,213.10,0.6903,-1,-1,-1
703,56,1599.50,131.66,69.21,184.28,0.4385,-1,-1,-1
703,21,799.53,137.75,51.19,175.92,0.3602,-1,-1,-1
703,3,833.76,933.71,83.17,144.68,0.7770,-1,-1,-1
703,66,1560.51,608.10,112.78,219.22,0.3818,-1,-1,-1
703,69,387.06,540.40,58.98,244.83,0.7364,-1,-1,-1
703,70,1220.49,815.68,91.57,258.48,0.7740,-1,-1,-1
703,71,1308.80,789.67,93.14,263.07,0.7814,-1,-1,-1
703,68,479.85,149.45,58.89,170.43,0.5236,-1,-1,-1
703,74,428.32,155.54,47.39,154.13,0.3402,-1,-1,-1
703,73,258.57,206.74,51.08,185.70,0.2740,-1,-1,-1
704,4,1716.97,451.48,87.15,215.23,0.7352,-1,-1,-1
704,62,294.34,378.55,75.14,214.28,0.6915,-1,-1,-1
704,56,1599.21,132.76,68.65,183.14,0.5396,-1,-1,-1
704,21,799.02,138.00,52.13,174.11,0.3669,-1,-1,-1
704,3,835.71,933.96,83.92,144.38,0.7790,-1,-1,-1
704,66,1560.57,604.11,114.08,223.30,0.3536,-1,-1,-1
704,69,387.67,540.71,58.71,245.70,0.7335,-1,-1,-1
704,70,1219.43,814.13,89.70,259.77,0.7759,-1,-1,-1
704,71,1308.69,786.34,91.68,263.64,0.7792,-1,-1,-1
704,68,479.21,149.60,59.57,169.43,0.5279,-1,-1,-1
704,74,427.55,157.01,48.01,155.39,0.3923,-1,-1,-1
704,73,259.24,206.68,51.12,186.59,0.3154,-1,-1,-1
705,4,1717.52,452.14,86.46,213.61,0.7269,-1,-1,-1
705,62,295.19,379.16,75.30,218.19,0.7031,-1,-1,-1
705,56,1600.85,131.80,67.56,184.26,0.5506,-1,-1,-1
705,21,797.79,137.85,53.18,173.96,0.3708,-1,-1,-1
705,3,838.04,934.13,83.80,144.35,0.7726,-1,-1,-1
705,66,1561.82,598.21,114.01,227.00,0.6034,-1,-1,-1
705,69,388.84,540.63,58.32,246.48,0.7420,-1,-1,-1
705,70,1218.52,812.19,87.65,262.21,0.7859,-1,-1,-1
705,71,1309.81,784.30,88.79,265.15,0.7673,-1,-1,-1
705,68,478.53,149.99,61.13,170.01,0.5469,-1,-1,-1
705,74,428.14,157.01,50.02,156.73,0.3687,-1,-1,-1
705,73,259.67,207.32,50.67,184.74,0.2882,-1,-1,-1
706,4,1717.34,452.30,86.44,213.88,0.7145,-1,-1,-1
706,62,293.94,382.43,77.25,219.27,0.7099,-1,-1,-1
706,56,1602.01,130.58,66.15,184.74,0.5993,-1,-1,-1
706,21,796.96,138.71,53.51,173.28,0.3663,-1,-1,-1
706,3,839.71,933.71,83.73,145.15,0.7781,-1,-1,-1
706,66,1562.86,595.95,113.96,228.82,0.4985,-1,-1,-1
706,69,389.38,540.90,58.76,245.59,0.7464,-1,-1,-1
706,70,1216.03,808.88,87.60,266.31,0.7791,-1,-1,-1
706,71,1308.87,782.73,86.48,266.08,0.7691,-1,-1,-1
706,68,478.80,151.53,60.05,168.35,0.5288,-1,-1,-1
706,74,427.26,159.00,50.20,157.59,0.3898,-1,-1,-1
706,73,259.46,207.27,51.55,185.05,0.2892,-1,-1,-1
707,4,1717.86,452.81,85.77,213.41,0.7274,-1,-1,-1
707,62,294.10,386.96,76.32,216.74,0.7153,-1,-1,-1
707,56,1602.51,129.33,65.35,182.41,0.6222,-1,-1,-1
707,21,795.86,138.57,53.68,173.36,0.4003,-1,-1,-1
707,3,841.64,934.13,84.22,145.52,0.7790,-1,-1,-1
707,66,1564.37,596.88,112.81,228.54,0.4590,-1,-1,-1
707,69,389.48,541.31,58.85,245.53,0.7635,-1,-1,-1
707,70,1214.07,806.31,86.42,264.28,0.7616,-1,-1,-1
707,71,1306.58,781.77,85.92,266.49,0.7674,-1,-1,-1
707,68,479.33,151.92,58.37,168.48,0.5194,-1,-1,-1
707,74,425.92,157.90,51.17,161.84,0.4238,-1,-1,-1
707,73,259.54,205.93,52.98,186.64,0.3241,-1,-1,-1
708,4,1717.58,452.74,85.90,213.72,0.7246,-1,-1,-1
708,62,294.54,389.87,74.86,215.35,0.7162,-1,-1,-1
708,56,1602.51,128.61,64.80,177.64,0.6095,-1,-1,-1
708,21,795.09,139.15,54.10,173.19,0.3947,-1,-1,-1
708,3,842.85,934.29,85.08,145.65,0.7764,-1,-1,-1
708,66,1564.60,595.87,112.30,228.71,0.5004,-1,-1,-1
708,69,390.49,541.73,57.83,246.02,0.7498,-1,-1,-1
708,70,1211.83,803.07,86.11,264.13,0.7514,-1,-1,-1
708,71,1303.32,780.46,86.91,265.96,0.7722,-1,-1,-1
708,68,479.34,153.23,57.56,167.77,0.4918,-1,-1,-1
708,74,425.39,156.65,51.12,165.38,0.4017,-1,-1,-1
708,73,260.29,204.17,50.84,183.45,0.3309,-1,-1,-1
709,4,1717.75,451.90,85.93,214.10,0.7199,-1,-1,-1
709,62,294.69,392.25,73.50,214.54,0.7234,-1,-1,-1
709,56,1602.44,127.04,64.96,174.42,0.6340,-1,-1,-1
709,21,795.01,139.31,53.77,173.40,0.4194,-1,-1,-1
709,3,843.90,934.46,85.86,145.64,0.7834,-1,-1,-1
709,66,1564.11,595.32,112.18,230.23,0.4467,-1,-1,-1
709,69,391.26,542.31,58.21,245.01,0.7567,-1,-1,-1
709,70,1209.08,799.94,84.84,261.96,0.7683,-1,-1,-1
709,71,1298.00,780.53,90.87,263.96,0.7591,-1,-1,-1
709,68,479.19,154.99,58.73,167.29,0.4909,-1,-1,-1
709,74,425.25,154.39,52.19,168.88,0.4148,-1,-1,-1
709,73,260.38,202.94,50.19,183.60,0.3041,-1,-1,-1
710,4,1718.28,452.06,85.73,213.93,0.7332,-1,-1,-1
710,62,295.29,393.98,72.33,215.10,0.7364,-1,-1,-1
710,56,1602.53,125.80,64.50,173.90,0.6536,-1,-1,-1
710,21,794.10,139.46,52.94,172.57,0.3810,-1,-1,-1
710,3,845.01,935.36,85.54,144.77,0.7713,-1,-1,-1
710,66,1565.14,593.62,111.80,231.27,0.5031,-1,-1,-1
710,69,391.39,542.73,59.95,243.30,0.7451,-1,-1,-1
710,70,1206.76,796.16,83.28,261.21,0.7846,-1,-1,-1
710,71,1290.15,780.32,96.23,264.13,0.7588,-1,-1,-1
710,68,479.27,158.09,58.48,167.12,0.5061,-1,-1,-1
710,74,425.10,155.18,50.48,169.20,0.3791,-1,-1,-1
710,73,260.85,205.47,51.37,182.30,0.3294,-1,-1,-1
711,4,1718.29,452.40,85.94,213.73,0.7142,-1,-1,-1
711,62,295.50,394.52,71.35,218.36,0.7365,-1,-1,-1
711,56,1602.44,123.43,64.41,173.86,0.6322,-1,-1,-1
711,21,793.85,140.16,50.51,172.76,0.3782,-1,-1,-1
711,3,845.83,934.69,85.47,145.38,0.7832,-1,-1,-1
711,66,1565.26,598.56,109.47,227.24,0.3690,-1,-1,-1
711,69,391.19,543.54,62.92,241.93,0.7452,-1,-1,-1
711,70,1203.45,793.64,83.91,259.96,0.7883,-1,-1,-1
711,71,1279.99,780.06,103.07,265.34,0.7515,-1,-1,-1
711,68,478.80,158.23,58.88,169.29,0.5222,-1,-1,-1
711,74,425.07,163.51,50.27,162.47,0.2809,-1,-1,-1
711,73,261.42,205.62,50.07,183.18,0.2990,-1,-1,-1
712,4,1717.77,451.74,86.93,215.79,0.7092,-1,-1,-1
712,62,296.48,395.74,71.08,219.28,0.7126,-1,-1,-1
712,56,1602.87,122.42,63.87,174.36,0.6190,-1,-1,-1
712,21,793.64,140.27,49.47,171.07,0.3156,-1,-1,-1
712,3,847.26,934.59,85.03,145.52,0.7795,-1,-1,-1
712,66,1565.28,598.93,109.62,226.88,0.4520,-1,-1,-1
712,69,391.48,544.14,65.03,241.12,0.7232,-1,-1,-1
712,70,1200.21,791.47,83.41,257.98,0.7992,-1,-1,-1
712,71,1276.18,779.38,103.21,265.92,0.7513,-1,-1,-1
712,68,478.71,159.27,59.24,170.14,0.5244,-1,-1,-1
712,74,423.89,170.08,50.48,156.94,0.2735,-1,-1,-1
712,73,261.51,206.36,49.26,182.29,0.2607,-1,-1,-1
713,4,1718.04,451.77,86.20,214.85,0.6983,-1,-1,-1
713,62,297.01,398.93,70.37,221.43,0.6889,-1,-1,-1
713,56,1602.84,121.52,63.05,174.72,0.6737,-1,-1,-1
713,21,792.54,139.59,48.89,172.09,0.3766,-1,-1,-1
713,3,848.84,934.39,84.52,145.75,0.7793,-1,-1,-1
713,66,1568.11,598.27,108.07,226.47,0.6165,-1,-1,-1
713,69,392.11,544.59,68.83,239.73,0.6744,-1,-1,-1
713,70,1195.06,790.07,85.60,259.07,0.7920,-1,-1,-1
713,71,1275.22,778.50,100.15,263.77,0.7623,-1,-1,-1
713,68,478.23,161.27,59.64,170.14,0.5193,-1,-1,-1
713,74,423.51,168.43,49.12,158.12,0.3024,-1,-1,-1
713,73,261.22,207.05,52.45,180.98,0.2737,-1,-1,-1
714,4,1718.10,451.68,86.34,214.70,0.6926,-1,-1,-1
714,62,297.07,400.91,71.11,221.63,0.6887,-1,-1,-1
714,56,1602.48,120.51,62.72,175.50,0.6533,-1,-1,-1
714,21,791.91,139.72,48.47,173.18,0.3280,-1,-1,-1
714,3,851.28,934.46,83.17,145.63,0.7793,-1,-1,-1
714,66,1570.86,597.38,105.08,226.89,0.6241,-1,-1,-1
714,69,391.69,544.94,73.32,239.17,0.6888,-1,-1,-1
714,70,1191.13,788.02,87.28,261.73,0.7901,-1,-1,-1
714,71,1273.65,776.58,97.81,259.88,0.7389,-1,-1,-1
714,68,477.82,162.48,59.21,171.42,0.5314,-1,-1,-1
714,74,423.09,166.99,49.63,159.32,0.2874,-1,-1,-1
714,73,261.95,207.60,52.17,181.57,0.3215,-1,-1,-1
715,4,1717.91,452.01,85.91,214.78,0.6745,-1,-1,-1
715,62,297.72,401.82,70.72,221.46,0.6818,-1,-1,-1
715,56,1601.67,119.89,63.23,177.25,0.6154,-1,-1,-1
715,21,791.31,139.58,48.16,173.74,0.3436,-1,-1,-1
715,3,852.55,934.82,82.00,145.25,0.7796,-1,-1,-1
715,66,1572.46,597.73,103.75,226.80,0.6117,-1,-1,-1
715,69,392.11,544.74,77.49,239.55,0.6993,-1,-1,-1
715,70,1189.79,786.57,83.47,262.91,0.7981,-1,-1,-1
715,71,1273.02,772.67,93.88,256.83,0.7946,-1,-1,-1
715,68,478.02,163.95,58.74,172.14,0.5132,-1,-1,-1
715,74,423.11,173.59,49.49,153.04,0.2618,-1,-1,-1
715,73,261.75,206.77,53.16,179.85,0.3238,-1,-1,-1
716,4,1717.26,452.26,86.38,214.05,0.6653,-1,-1,-1
716,62,297.88,402.28,70.98,221.11,0.6748,-1,-1,-1
716,56,1601.30,119.41,62.53,179.12,0.6098,-1,-1,-1
716,21,790.34,139.86,48.54,172.58,0.3872,-1,-1,-1
716,3,853.39,935.32,81.50,144.76,0.7728,-1,-1,-1
716,66,1572.37,598.19,103.26,226.19,0.5770,-1,-1,-1
716,69,392.23,545.72,81.81,239.27,0.7121,-1,-1,-1
716,70,1188.20,785.70,82.03,264.24,0.7998,-1,-1,-1
716,71,1272.03,769.22,91.26,255.76,0.8010,-1,-1,-1
716,68,477.17,164.57,59.58,172.39,0.4758,-1,-1,-1
716,74,423.11,174.89,47.71,153.57,0.2727,-1,-1,-1
716,73,262.38,206.14,52.92,180.71,0.3204,-1,-1,-1
717,4,1718.11,451.74,85.94,214.24,0.6949,-1,-1,-1
717,62,298.34,403.09,71.80,220.08,0.6754,-1,-1,-1
717,56,1600.70,119.10,61.88,179.49,0.5446,-1,-1,-1
717,21,789.64,140.04,48.72,171.55,0.4002,-1,-1,-1
717,3,854.47,935.52,80.32,144.53,0.7801,-1,-1,-1
717,66,1571.51,598.63,105.17,226.05,0.5809,-1,-1,-1
717,69,391.80,546.03,85.49,239.15,0.7082,-1,-1,-1
717,70,1185.96,784.57,82.66,264.59,0.8038,-1,-1,-1
717,71,1270.34,764.13,90.33,257.81,0.7825,-1,-1,-1
717,68,475.36,161.95,61.82,176.94,0.4701,-1,-1,-1
717,74,423.44,172.29,47.35,158.51,0.2793,-1,-1,-1
717,73,262.71,205.68,53.52,179.13,0.2912,-1,-1,-1
718,4,1718.49,450.83,85.75,214.87,0.6957,-1,-1,-1
718,62,298.44,403.56,72.35,219.45,0.6785,-1,-1,-1
718,56,1600.43,118.75,61.07,180.78,0.5508,-1,-1,-1
718,21,789.56,140.61,47.94,169.16,0.4083,-1,-1,-1
718,3,854.31,935.70,80.57,144.33,0.7747,-1,-1,-1
718,66,1571.28,599.44,105.41,224.89,0.5935,-1,-1,-1
718,69,391.78,546.46,87.13,239.41,0.7149,-1,-1,-1
718,70,1184.09,783.35,82.89,265.64,0.7978,-1,-1,-1
718,71,1267.59,759.97,88.27,255.88,0.7455,-1,-1,-1
718,68,474.08,161.59,62.84,178.60,0.5019,-1,-1,-1
718,74,422.77,167.29,48.42,161.10,0.2855,-1,-1,-1
718,73,262.76,203.69,53.98,181.74,0.2910,-1,-1,-1
719,4,1718.05,451.42,85.94,214.55,0.7019,-1,-1,-1
719,62,299.13,403.89,71.99,214.54,0.6651,-1,-1,-1
719,56,1600.55,118.00,59.45,180.88,0.4605,-1,-1,-1
719,21,790.23,140.82,46.67,168.90,0.3422,-1,-1,-1
719,3,853.87,936.11,80.78,143.92,0.7828,-1,-1,-1
719,66,1569.41,596.88,107.20,227.65,0.5237,-1,-1,-1
719,69,391.84,547.01,89.13,240.65,0.6979,-1,-1,-1
719,70,1182.66,782.63,82.53,264.95,0.7967,-1,-1,-1
719,71,1265.38,756.00,87.01,257.38,0.7407,-1,-1,-1
719,68,474.90,162.58,61.57,178.41,0.4774,-1,-1,-1
719,74,421.44,162.50,50.03,165.60,0.3037,-1,-1,-1
719,73,263.83,205.64,52.44,180.69,0.2954,-1,-1,-1
720,4,1718.30,451.61,85.53,214.44,0.7063,-1,-1,-1
720,62,299.41,405.69,72.25,210.68,0.7027,-1,-1,-1
720,56,1600.34,118.11,58.88,179.70,0.4613,-1,-1,-1
720,21,788.00,139.84,48.82,169.52,0.3395,-1,-1,-1
720,3,853.08,937.48,81.23,142.57,0.7854,-1,-1,-1
720,66,1576.53,600.04,97.58,226.27,0.5020,-1,-1,-1
720,69,392.21,547.85,89.66,240.65,0.6963,-1,-1,-1
720,70,1180.99,781.28,82.76,265.60,0.7844,-1,-1,-1
720,71,1263.67,751.45,85.39,260.54,0.7350,-1,-1,-1
720,68,475.36,165.05,60.18,174.34,0.4782,-1,-1,-1
720,74,420.59,160.88,51.08,169.74,0.3319,-1,-1,-1
720,73,264.95,204.86,50.36,179.55,0.2783,-1,-1,-1
721,4,1718.67,451.25,85.94,215.35,0.6963,-1,-1,-1
721,62,299.52,407.66,72.80,210.56,0.7199,-1,-1,-1
721,56,1600.18,118.89,58.28,177.27,0.5483,-1,-1,-1
721,21,788.77,140.21,47.56,169.33,0.3120,-1,-1,-1
721,3,852.50,938.03,81.67,142.02,0.7845,-1,-1,-1
721,66,1571.33,598.55,103.14,226.66,0.5818,-1,-1,-1
721,69,393.31,548.79,92.33,241.45,0.6839,-1,-1,-1
721,70,1179.43,779.39,81.57,265.88,0.7743,-1,-1,-1
721,71,1261.99,748.60,84.65,264.19,0.7339,-1,-1,-1
721,68,475.52,166.02,60.33,172.49,0.5103,-1,-1,-1
721,74,419.43,157.31,52.69,174.59,0.4117,-1,-1,-1
721,73,264.97,211.36,49.92,172.37,0.2946,-1,-1,-1
722,4,1718.36,451.95,86.46,214.24,0.7177,-1,-1,-1
722,62,299.37,409.15,72.89,212.52,0.7359,-1,-1,-1
722,56,1600.32,119.31,57.25,175.48,0.5212,-1,-1,-1
722,21,788.29,138.54,47.71,170.04,0.2901,-1,-1,-1
722,3,851.58,938.49,82.32,141.52,0.7859,-1,-1,-1
722,66,1569.52,596.13,105.75,228.94,0.5764,-1,-1,-1
722,69,394.53,549.97,93.85,241.24,0.7127,-1,-1,-1
722,70,1177.64,774.86,79.61,267.82,0.7862,-1,-1,-1
722,71,1257.30,747.19,86.77,262.30,0.7685,-1,-1,-1
722,68,474.73,164.94,60.73,172.12,0.5146,-1,-1,-1
722,74,419.55,157.08,53.65,175.51,0.4083,-1,-1,-1
722,73,265.18,214.82,49.59,169.29,0.2225,-1,-1,-1
722,76,551.01,114.29,61.50,172.89,0.4480,-1,-1,-1
723,4,1718.52,451.41,85.72,215.38,0.7177,-1,-1,-1
723,62,299.19,410.27,73.19,215.37,0.7556,-1,-1,-1
723,56,1600.24,118.25,56.52,176.26,0.3252,-1,-1,-1
723,21,788.61,138.81,47.56,171.40,0.3044,-1,-1,-1
723,3,851.33,938.59,81.67,141.41,0.7832,-1,-1,-1
723,66,1567.15,594.78,107.76,230.42,0.5543,-1,-1,-1
723,69,395.40,551.01,94.93,242.00,0.7217,-1,-1,-1
723,70,1175.69,771.32,78.67,262.87,0.7740,-1,-1,-1
723,71,1253.87,745.62,87.60,266.45,0.7719,-1,-1,-1
723,68,474.58,165.80,61.21,170.92,0.5331,-1,-1,-1
723,74,419.02,159.84,53.87,173.92,0.4880,-1,-1,-1
723,73,265.14,210.42,50.46,173.90,0.3313,-1,-1,-1
723,76,550.84,111.59,60.67,176.49,0.4181,-1,-1,-1
724,4,1718.94,451.70,85.67,215.39,0.6992,-1,-1,-1
724,62,299.06,411.85,72.98,217.43,0.7636,-1,-1,-1
724,56,1599.64,117.05,56.27,177.77,0.3472,-1,-1,-1
724,21,789.53,140.82,46.38,170.02,0.2148,-1,-1,-1
724,3,849.96,938.99,82.17,141.01,0.7879,-1,-1,-1
724,66,1566.28,593.21,108.65,231.77,0.5174,-1,-1,-1
724,69,396.96,551.60,93.81,242.90,0.7247,-1,-1,-1
724,70,1173.88,768.17,76.61,251.49,0.7736,-1,-1,-1
724,71,1249.63,744.31,86.83,267.31,0.7717,-1,-1,-1
724,68,473.42,165.50,61.66,171.26,0.5628,-1,-1,-1
724,74,418.09,162.45,54.00,174.71,0.4972,-1,-1,-1
724,73,265.15,211.48,50.21,173.26,0.2006,-1,-1,-1
724,76,550.44,116.33,59.46,171.44,0.4557,-1,-1,-1
725,4,1718.54,451.93,85.97,215.01,0.6960,-1,-1,-1
725,62,299.31,414.10,73.00,217.46,0.7556,-1,-1,-1
725,56,1598.95,116.34,56.45,177.08,0.3819,-1,-1,-1
725,3,848.69,940.68,82.47,139.33,0.7785,-1,-1,-1
725,66,1565.78,594.71,108.88,229.97,0.5284,-1,-1,-1
725,69,400.27,551.58,92.84,242.57,0.7175,-1,-1,-1
725,70,1171.75,764.58,76.21,249.06,0.7729,-1,-1,-1
725,71,1244.67,744.11,88.79,267.98,0.7701,-1,-1,-1
725,68,472.35,167.23,63.02,171.10,0.5597,-1,-1,-1
725,74,418.16,164.36,52.71,174.43,0.4807,-1,-1,-1
725,73,264.64,212.11,48.49,173.08,0.2202,-1,-1,-1
725,76,550.23,116.25,59.11,171.14,0.4512,-1,-1,-1
726,4,1717.92,452.20,86.00,214.34,0.6996,-1,-1,-1
726,62,299.34,415.82,72.56,217.58,0.7589,-1,-1,-1
726,56,1598.50,115.56,55.90,176.57,0.4359,-1,-1,-1
726,3,846.86,941.99,83.47,138.02,0.7846,-1,-1,-1
726,66,1564.90,593.76,110.07,230.70,0.5158,-1,-1,-1
726,69,402.81,552.37,93.46,242.71,0.7400,-1,-1,-1
726,70,1170.16,760.57,76.60,247.59,0.7817,-1,-1,-1
726,71,1241.71,743.36,88.83,269.43,0.7933,-1,-1,-1
726,68,472.59,168.93,62.30,172.88,0.5720,-1,-1,-1
726,74,418.24,166.64,52.84,174.08,0.5188,-1,-1,-1
726,73,264.36,213.88,48.62,171.35,0.3035,-1,-1,-1
726,76,549.67,118.84,58.70,168.99,0.4486,-1,-1,-1
727,4,1718.93,451.92,84.88,214.38,0.7039,-1,-1,-1
727,62,299.64,418.30,72.29,216.81,0.7686,-1,-1,-1
727,56,1598.25,113.71,55.24,177.24,0.4516,-1,-1,-1
727,3,845.42,942.86,83.81,137.13,0.7869,-1,-1,-1
727,66,1564.18,596.47,110.56,229.09,0.4516,-1,-1,-1
727,69,403.43,552.74,94.59,244.15,0.7689,-1,-1,-1
727,70,1167.67,756.70,77.63,244.38,0.7972,-1,-1,-1
727,71,1239.15,742.11,90.44,269.20,0.8175,-1,-1,-1
727,68,473.30,170.95,60.89,173.99,0.5438,-1,-1,-1
727,74,417.02,171.78,53.74,169.20,0.5382,-1,-1,-1
727,73,264.04,213.45,49.68,171.42,0.2770,-1,-1,-1
727,76,549.79,119.31,58.26,168.73,0.3396,-1,-1,-1
728,4,1718.83,452.21,85.09,213.52,0.7057,-1,-1,-1
728,62,298.96,419.26,72.98,219.69,0.7556,-1,-1,-1
728,56,1597.86,112.36,55.57,178.82,0.5469,-1,-1,-1
728,3,843.77,942.67,84.44,137.30,0.7851,-1,-1,-1
728,66,1574.70,600.18,99.06,225.57,0.4383,-1,-1,-1
728,69,404.38,552.33,94.29,245.02,0.7877,-1,-1,-1
728,70,1164.40,753.88,78.96,247.14,0.8115,-1,-1,-1
728,71,1237.40,741.71,90.68,268.81,0.8206,-1,-1,-1
728,68,473.58,171.27,59.61,176.15,0.5213,-1,-1,-1
728,74,418.28,173.92,54.30,170.41,0.4940,-1,-1,-1
728,73,263.57,214.58,49.45,170.12,0.3160,-1,-1,-1
728,76,549.30,116.26,58.74,171.47,0.3397,-1,-1,-1
729,4,1718.54,451.51,85.60,214.51,0.7095,-1,-1,-1
729,62,298.84,420.42,72.22,221.27,0.7511,-1,-1,-1
729,56,1597.55,110.34,55.56,178.56,0.5599,-1,-1,-1
729,3,842.03,943.87,85.48,136.14,0.7929,-1,-1,-1
729,66,1568.59,598.22,106.84,227.66,0.4953,-1,-1,-1
729,69,404.40,552.66,93.82,244.07,0.7756,-1,-1,-1
729,70,1162.37,750.93,78.29,251.00,0.8182,-1,-1,-1
729,71,1235.21,740.73,91.19,267.46,0.8278,-1,-1,-1
729,68,473.59,171.56,59.23,178.97,0.5287,-1,-1,-1
729,74,419.63,177.76,52.76,167.43,0.4526,-1,-1,-1
729,73,262.79,216.10,49.96,169.06,0.2356,-1,-1,-1
729,76,549.20,115.86,58.44,171.81,0.3833,-1,-1,-1
730,4,1718.59,451.77,86.20,214.46,0.7111,-1,-1,-1
730,62,298.60,421.35,71.83,222.48,0.7341,-1,-1,-1
730,56,1597.50,108.64,55.31,177.34,0.4597,-1,-1,-1
730,3,840.38,944.09,86.32,135.70,0.7834,-1,-1,-1
730,66,1577.18,598.03,97.07,228.06,0.4972,-1,-1,-1
730,69,405.90,552.86,92.37,243.76,0.7974,-1,-1,-1
730,70,1158.78,749.29,79.00,255.30,0.8185,-1,-1,-1
730,71,1232.48,739.36,92.03,268.67,0.8114,-1,-1,-1
730,68,471.24,169.12,60.86,182.65,0.4243,-1,-1,-1
730,74,418.49,180.68,53.92,165.59,0.4711,-1,-1,-1
730,73,262.30,214.51,51.16,172.79,0.3763,-1,-1,-1
730,76,549.17,116.54,58.58,170.77,0.4118,-1,-1,-1
731,4,1718.82,452.15,85.83,214.16,0.7040,-1,-1,-1
731,62,298.08,421.79,71.67,222.01,0.7149,-1,-1,-1
731,56,1597.94,107.02,54.96,176.98,0.4633,-1,-1,-1
731,3,838.78,944.10,86.77,135.74,0.7831,-1,-1,-1
731,66,1570.40,596.96,105.03,228.00,0.5672,-1,-1,-1
731,69,407.48,553.24,91.06,243.12,0.8102,-1,-1,-1
731,70,1155.83,747.74,78.84,257.50,0.8071,-1,-1,-1
731,71,1230.31,737.22,90.21,269.93,0.7996,-1,-1,-1
731,68,470.36,168.85,61.52,184.12,0.4296,-1,-1,-1
731,74,417.58,182.78,53.88,163.92,0.4705,-1,-1,-1
731,73,262.08,213.04,50.92,173.71,0.3868,-1,-1,-1
731,76,549.17,118.72,58.93,167.76,0.3687,-1,-1,-1
732,4,1717.89,452.02,86.93,214.61,0.6971,-1,-1,-1
732,62,297.55,422.12,72.28,221.76,0.6780,-1,-1,-1
732,56,1599.14,105.50,54.03,176.75,0.5165,-1,-1,-1
732,3,838.25,944.64,85.96,135.24,0.7824,-1,-1,-1
732,66,1567.72,595.67,107.77,229.35,0.5126,-1,-1,-1
732,69,411.37,553.32,88.65,243.32,0.8056,-1,-1,-1
732,70,1153.00,746.25,79.36,259.70,0.8076,-1,-1,-1
732,71,1228.89,734.82,89.43,269.18,0.8156,-1,-1,-1
732,68,470.11,172.08,62.16,182.26,0.4672,-1,-1,-1
732,74,417.22,182.28,53.39,164.97,0.4667,-1,-1,-1
732,73,262.49,213.63,50.04,172.43,0.3595,-1,-1,-1
732,76,549.01,115.29,59.83,171.25,0.4498,-1,-1,-1
732,77,321.70,208.68,58.78,164.16,0.3859,-1,-1,-1
733,4,1717.32,451.95,87.53,215.08,0.6983,-1,-1,-1
733,62,296.75,422.71,72.85,220.90,0.6548,-1,-1,-1
733,56,1600.27,104.67,53.35,175.49,0.4988,-1,-1,-1
733,3,836.94,944.82,86.17,134.86,0.7718,-1,-1,-1
733,66,1566.47,593.61,109.56,231.24,0.5153,-1,-1,-1
733,69,414.43,552.93,86.22,243.75,0.7859,-1,-1,-1
733,70,1150.29,745.35,79.61,262.27,0.7685,-1,-1,-1
733,71,1227.40,730.89,87.25,261.04,0.7856,-1,-1,-1
733,68,471.21,172.80,61.11,182.83,0.4834,-1,-1,-1
733,74,417.11,185.06,51.72,158.91,0.4663,-1,-1,-1
733,73,263.72,213.55,47.94,170.65,0.2892,-1,-1,-1
733,76,549.08,114.09,59.59,172.72,0.3828,-1,-1,-1
733,77,322.44,209.86,57.53,162.09,0.3586,-1,-1,-1
734,4,1717.23,452.05,87.46,216.92,0.7044,-1,-1,-1
734,62,296.20,423.31,73.26,219.76,0.6431,-1,-1,-1
734,56,1600.87,103.89,53.65,175.43,0.3562,-1,-1,-1
734,3,836.15,944.92,86.16,134.61,0.7784,-1,-1,-1
734,66,1575.47,597.38,98.32,228.95,0.4537,-1,-1,-1
734,69,419.23,552.99,82.31,245.12,0.7893,-1,-1,-1
734,70,1147.82,746.08,80.36,261.50,0.7759,-1,-1,-1
734,71,1226.87,727.91,84.50,252.25,0.7810,-1,-1,-1
734,68,471.78,173.22,60.53,182.61,0.4485,-1,-1,-1
734,74,418.98,183.95,49.45,159.24,0.4038,-1,-1,-1
734,73,264.03,213.92,47.29,167.87,0.3283,-1,-1,-1
734,76,549.20,113.15,58.95,174.13,0.4292,-1,-1,-1
734,77,324.02,208.69,57.91,163.73,0.4050,-1,-1,-1
735,4,1718.17,452.33,86.66,215.00,0.6874,-1,-1,-1
735,62,295.27,424.39,73.60,217.65,0.6148,-1,-1,-1
735,56,1600.98,103.15,54.08,174.79,0.2927,-1,-1,-1
735,3,834.88,945.24,86.95,134.31,0.7784,-1,-1,-1
735,66,1583.56,597.81,89.42,229.18,0.5277,-1,-1,-1
735,69,423.86,553.58,79.30,245.25,0.7805,-1,-1,-1
735,70,1144.06,744.66,82.67,262.80,0.7571,-1,-1,-1
735,71,1223.47,722.52,85.02,248.43,0.7750,-1,-1,-1
735,68,471.13,174.51,61.47,181.71,0.4441,-1,-1,-1
735,74,419.25,185.09,48.44,157.02,0.4331,-1,-1,-1
735,73,263.63,213.68,47.00,168.87,0.3011,-1,-1,-1
735,76,549.14,114.30,59.35,172.37,0.3827,-1,-1,-1
735,77,325.15,206.79,57.87,165.10,0.4045,-1,-1,-1
736,4,1718.33,451.73,86.34,214.01,0.6988,-1,-1,-1
736,62,294.68,425.29,73.92,216.48,0.6418,-1,-1,-1
736,56,1600.95,103.44,54.19,173.71,0.2870,-1,-1,-1
736,3,834.04,945.27,87.46,134.54,0.7756,-1,-1,-1
736,66,1573.66,596.67,101.22,228.70,0.5900,-1,-1,-1
736,69,430.54,553.64,74.58,245.83,0.8009,-1,-1,-1
736,70,1141.99,741.90,84.31,261.41,0.7663,-1,-1,-1
736,71,1220.67,717.51,84.85,247.27,0.7765,-1,-1,-1
736,68,472.25,173.71,60.76,183.27,0.4605,-1,-1,-1
736,74,419.10,185.90,48.45,156.27,0.4226,-1,-1,-1
736,73,264.04,212.56,46.85,168.78,0.2746,-1,-1,-1
736,76,548.58,113.02,60.80,174.56,0.4186,-1,-1,-1
736,77,325.82,207.14,57.54,165.91,0.4045,-1,-1,-1
737,4,1718.51,451.57,86.27,214.02,0.7115,-1,-1,-1
737,62,294.66,426.40,73.43,214.55,0.6173,-1,-1,-1
737,56,1600.73,103.16,54.60,173.53,0.2985,-1,-1,-1
737,3,834.16,946.26,87.04,133.51,0.7825,-1,-1,-1
737,66,1580.76,596.18,93.92,230.19,0.5005,-1,-1,-1
737,69,435.50,554.19,71.95,246.10,0.7951,-1,-1,-1
737,70,1139.19,739.61,85.75,260.82,0.7509,-1,-1,-1
737,71,1220.12,712.54,83.37,250.58,0.7644,-1,-1,-1
737,68,472.47,174.59,60.69,181.65,0.4152,-1,-1,-1
737,74,418.60,186.49,48.89,155.93,0.4047,-1,-1,-1
737,73,265.36,214.15,45.12,164.60,0.2273,-1,-1,-1
737,76,548.36,112.64,61.59,175.45,0.4126,-1,-1,-1
737,77,327.04,208.85,57.06,165.46,0.4223,-1,-1,-1
738,4,1718.39,451.43,86.12,213.78,0.7164,-1,-1,-1
738,62,294.35,427.20,73.90,214.28,0.6738,-1,-1,-1
738,56,1600.47,103.24,55.09,171.88,0.2648,-1,-1,-1
738,3,834.30,946.28,86.93,133.32,0.7774,-1,-1,-1
738,66,1573.20,595.36,102.02,229.93,0.5389,-1,-1,-1
738,69,439.54,554.65,69.74,247.46,0.8005,-1,-1,-1
738,70,1136.70,737.34,84.69,263.27,0.7494,-1,-1,-1
738,71,1219.99,709.61,80.89,254.59,0.7669,-1,-1,-1
738,68,471.93,170.57,59.81,185.41,0.3632,-1,-1,-1
738,74,416.88,186.55,49.91,156.94,0.3811,-1,-1,-1
738,73,264.77,216.97,45.13,161.12,0.2200,-1,-1,-1
738,76,548.54,110.62,62.85,177.99,0.4262,-1,-1,-1
738,77,327.82,211.37,57.56,162.71,0.4164,-1,-1,-1
739,4,1719.33,450.76,85.44,214.09,0.7204,-1,-1,-1
739,62,294.34,427.98,74.09,215.05,0.6556,-1,-1,-1
739,56,1600.48,103.51,54.87,170.41,0.2877,-1,-1,-1
739,3,834.19,946.22,87.30,133.61,0.7797,-1,-1,-1
739,66,1572.03,590.90,103.74,233.83,0.5993,-1,-1,-1
739,69,443.18,555.12,68.40,249.43,0.7881,-1,-1,-1
739,70,1135.04,735.43,83.09,260.28,0.7796,-1,-1,-1
739,71,1219.19,707.46,79.89,258.25,0.7537,-1,-1,-1
739,68,471.15,172.15,60.84,183.86,0.4530,-1,-1,-1
739,74,414.87,186.05,50.69,157.83,0.4281,-1,-1,-1
739,73,264.77,219.08,45.44,159.14,0.2408,-1,-1,-1
739,76,548.51,113.61,63.39,175.13,0.4710,-1,-1,-1
739,77,328.10,211.04,58.34,163.21,0.4294,-1,-1,-1
740,4,1718.56,452.05,86.24,213.01,0.7351,-1,-1,-1
740,62,294.18,429.81,75.39,217.17,0.6924,-1,-1,-1
740,56,1600.62,103.07,55.43,170.80,0.2613,-1,-1,-1
740,3,834.40,946.15,87.31,133.70,0.7759,-1,-1,-1
740,66,1571.01,593.39,104.17,230.94,0.6083,-1,-1,-1
740,69,445.75,555.06,68.29,250.29,0.7673,-1,-1,-1
740,70,1132.87,733.14,83.64,255.05,0.7807,-1,-1,-1
740,71,1217.94,706.01,79.03,261.61,0.7534,-1,-1,-1
740,68,470.42,170.24,61.59,185.62,0.4470,-1,-1,-1
740,74,413.28,186.87,52.12,159.39,0.4272,-1,-1,-1
740,73,265.02,217.31,45.62,159.97,0.2153,-1,-1,-1
740,76,548.83,112.38,63.58,176.20,0.5201,-1,-1,-1
740,77,328.69,208.22,58.76,165.88,0.3747,-1,-1,-1
741,4,1718.42,451.97,86.39,213.01,0.7291,-1,-1,-1
741,62,294.20,431.72,75.71,220.00,0.6889,-1,-1,-1
741,56,1600.82,102.72,55.35,170.73,0.2674,-1,-1,-1
741,3,834.94,946.37,87.29,133.65,0.7820,-1,-1,-1
741,66,1572.01,593.54,102.73,230.87,0.6250,-1,-1,-1
741,69,447.93,556.42,67.51,251.20,0.7568,-1,-1,-1
741,70,1130.79,730.71,81.86,250.42,0.7656,-1,-1,-1
741,71,1216.36,705.36,78.85,261.52,0.7452,-1,-1,-1
741,68,469.89,171.02,61.34,185.03,0.4810,-1,-1,-1
741,74,411.63,189.52,53.09,160.95,0.4197,-1,-1,-1
741,73,264.98,218.48,46.48,157.25,0.2092,-1,-1,-1
741,76,549.94,111.70,63.33,176.91,0.4599,-1,-1,-1
741,77,329.99,208.26,57.79,163.98,0.3601,-1,-1,-1
742,4,1718.72,452.38,85.56,213.25,0.7059,-1,-1,-1
742,62,294.88,434.00,73.95,220.10,0.6950,-1,-1,-1
742,56,1600.90,102.89,55.04,169.23,0.2671,-1,-1,-1
742,3,835.55,946.45,87.47,133.62,0.7761,-1,-1,-1
742,66,1572.60,593.46,102.46,231.22,0.6461,-1,-1,-1
742,69,450.06,556.50,67.60,252.10,0.7697,-1,-1,-1
742,70,1127.67,727.56,80.53,248.82,0.7711,-1,-1,-1
742,71,1210.39,704.95,83.47,261.69,0.7565,-1,-1,-1
742,68,469.01,171.54,61.83,184.41,0.4603,-1,-1,-1
742,74,409.72,194.31,55.32,158.61,0.5112,-1,-1,-1
742,73,264.92,218.85,48.29,157.90,0.2155,-1,-1,-1
742,76,551.48,111.60,61.92,177.06,0.3324,-1,-1,-1
742,77,332.14,209.08,55.94,161.01,0.3222,-1,-1,-1
743,4,1719.33,452.19,83.85,213.47,0.7183,-1,-1,-1
743,62,295.29,436.85,73.66,219.94,0.7118,-1,-1,-1
743,56,1600.14,102.12,55.79,169.96,0.1981,-1,-1,-1
743,3,836.48,946.67,87.15,133.35,0.7722,-1,-1,-1
743,66,1571.78,591.98,103.50,232.48,0.5904,-1,-1,-1
743,69,452.87,557.20,71.96,251.37,0.7574,-1,-1,-1
743,70,1124.48,723.68,80.33,249.08,0.7671,-1,-1,-1
743,71,1204.95,704.88,86.19,261.13,0.7493,-1,-1,-1
743,68,468.45,169.52,59.81,187.64,0.3448,-1,-1,-1
743,74,409.69,198.72,55.00,156.13,0.5356,-1,-1,-1
743,73,266.15,217.31,48.44,159.36,0.1583,-1,-1,-1
743,76,552.06,106.81,61.66,181.66,0.3088,-1,-1,-1
743,77,333.58,210.01,55.26,158.50,0.2961,-1,-1,-1
744,4,1719.59,453.09,83.83,213.27,0.7285,-1,-1,-1
744,62,296.02,439.78,72.80,219.39,0.7045,-1,-1,-1
744,56,1600.35,101.50,55.44,167.67,0.1629,-1,-1,-1
744,3,837.49,947.38,86.73,132.61,0.7752,-1,-1,-1
744,66,1571.65,592.95,102.85,231.47,0.6367,-1,-1,-1
744,69,454.57,558.96,78.98,248.80,0.7515,-1,-1,-1
744,70,1122.73,721.18,79.50,248.82,0.7697,-1,-1,-1
744,71,1201.05,704.43,86.29,260.65,0.7383,-1,-1,-1
744,68,466.91,173.99,59.74,185.24,0.3913,-1,-1,-1
744,74,409.75,200.78,54.58,156.06,0.5225,-1,-1,-1
744,73,266.22,216.47,49.70,161.61,0.1604,-1,-1,-1
744,76,552.44,110.08,61.62,178.96,0.3502,-1,-1,-1
744,77,334.01,209.87,54.96,159.06,0.3413,-1,-1,-1
745,4,1719.02,452.87,84.74,213.35,0.7261,-1,-1,-1
745,62,296.84,442.06,72.12,220.12,0.6978,-1,-1,-1
745,56,1599.82,100.18,54.95,167.83,0.1320,-1,-1,-1
745,3,838.58,947.86,86.90,132.22,0.7741,-1,-1,-1
745,66,1572.26,592.91,102.58,231.65,0.6408,-1,-1,-1
745,69,455.99,560.47,86.00,245.88,0.7883,-1,-1,-1
745,70,1121.67,719.11,79.07,251.51,0.7687,-1,-1,-1
745,71,1198.53,704.74,86.31,258.44,0.7429,-1,-1,-1
745,68,465.21,175.58,60.46,187.57,0.4127,-1,-1,-1
745,74,409.79,202.77,53.63,157.43,0.5489,-1,-1,-1
745,73,267.28,217.83,51.69,157.80,0.1574,-1,-1,-1
745,76,552.69,110.42,61.30,178.86,0.3844,-1,-1,-1
745,77,334.63,211.52,53.98,157.75,0.3424,-1,-1,-1
746,4,1719.14,453.36,85.58,212.51,0.7104,-1,-1,-1
746,62,297.78,444.01,71.41,221.65,0.6974,-1,-1,-1
746,56,1600.36,99.59,53.74,165.19,0.1075,-1,-1,-1
746,3,840.03,948.14,86.58,131.84,0.7822,-1,-1,-1
746,66,1573.53,595.13,101.45,229.49,0.6676,-1,-1,-1
746,69,456.89,561.47,92.88,244.73,0.8045,-1,-1,-1
746,70,1119.41,717.83,80.02,253.28,0.7647,-1,-1,-1
746,71,1195.45,702.94,86.91,259.00,0.7508,-1,-1,-1
746,68,463.74,179.64,63.65,185.13,0.5114,-1,-1,-1
746,74,409.42,202.31,51.68,159.92,0.5130,-1,-1,-1
746,73,265.93,219.45,50.31,157.66,0.2065,-1,-1,-1
746,76,553.12,109.95,60.65,178.76,0.2568,-1,-1,-1
746,77,334.88,213.92,54.58,154.21,0.3258,-1,-1,-1
747,4,1719.33,453.04,85.11,212.72,0.7109,-1,-1,-1
747,62,298.85,445.13,70.76,223.55,0.7232,-1,-1,-1
747,3,841.91,948.29,86.02,131.68,0.7861,-1,-1,-1
747,66,1571.63,592.35,104.00,232.33,0.5972,-1,-1,-1
747,69,457.64,562.01,97.16,245.46,0.8200,-1,-1,-1
747,70,1117.56,715.79,78.85,255.19,0.7762,-1,-1,-1
747,71,1190.60,700.90,88.07,262.41,0.7580,-1,-1,-1
747,68,464.27,183.12,62.48,182.83,0.5620,-1,-1,-1
747,74,409.30,203.65,51.72,157.93,0.5429,-1,-1,-1
747,73,265.83,221.69,49.39,155.50,0.2125,-1,-1,-1
747,76,553.55,109.48,61.19,179.22,0.2653,-1,-1,-1
747,77,334.88,213.94,55.14,154.21,0.3559,-1,-1,-1
748,4,1718.96,453.76,84.49,212.39,0.6996,-1,-1,-1
748,62,299.04,445.86,71.30,223.14,0.7085,-1,-1,-1
748,3,843.61,948.68,85.39,131.36,0.7901,-1,-1,-1
748,66,1567.61,595.18,105.70,231.17,0.5215,-1,-1,-1
748,69,457.72,563.38,101.46,245.47,0.8213,-1,-1,-1
748,70,1115.86,714.42,77.80,255.72,0.8039,-1,-1,-1
748,71,1187.64,698.73,86.85,260.00,0.8099,-1,-1,-1
748,68,463.66,186.21,62.72,180.72,0.5506,-1,-1,-1
748,74,409.15,203.54,50.74,159.04,0.5541,-1,-1,-1
748,73,264.55,217.52,52.20,158.34,0.2374,-1,-1,-1
748,76,554.11,108.13,60.14,180.29,0.1802,-1,-1,-1
748,77,334.55,209.93,56.69,158.39,0.4271,-1,-1,-1
749,4,1719.30,454.21,83.54,213.27,0.6838,-1,-1,-1
749,62,300.07,446.17,71.42,223.84,0.6980,-1,-1,-1
749,3,845.69,949.72,84.73,130.30,0.7890,-1,-1,-1
749,66,1569.83,590.53,105.10,234.49,0.5857,-1,-1,-1
749,69,458.48,564.66,104.55,246.19,0.8096,-1,-1,-1
749,70,1114.56,712.39,76.35,255.86,0.8258,-1,-1,-1
749,71,1184.72,696.65,86.42,252.08,0.8110,-1,-1,-1
749,68,463.92,187.90,60.42,181.16,0.5753,-1,-1,-1
749,74,409.01,204.52,49.30,157.99,0.5303,-1,-1,-1
749,73,265.54,216.47,50.66,158.95,0.2458,-1,-1,-1
749,76,553.65,109.67,60.97,178.99,0.2188,-1,-1,-1
749,77,334.21,210.03,56.56,159.14,0.3666,-1,-1,-1
750,4,1718.73,453.80,84.58,213.79,0.7083,-1,-1,-1
750,62,300.60,446.86,71.82,223.07,0.6979,-1,-1,-1
750,3,848.32,951.23,83.31,128.79,0.7690,-1,-1,-1
750,66,1571.54,591.51,103.30,233.12,0.6222,-1,-1,-1
750,69,459.18,565.14,106.20,247.10,0.8153,-1,-1,-1
750,70,1112.94,711.44,75.87,257.17,0.8172,-1,-1,-1
750,71,1182.49,693.71,86.18,255.47,0.7882,-1,-1,-1
750,68,463.52,187.26,60.11,184.21,0.5019,-1,-1,-1
750,74,408.39,203.76,50.98,159.67,0.5511,-1,-1,-1
750,73,267.26,214.52,52.60,159.29,0.2948,-1,-1,-1
750,76,552.41,101.52,63.28,187.22,0.1853,-1,-1,-1
750,77,334.26,208.29,55.82,160.57,0.3703,-1,-1,-1
751,4,1717.11,454.65,85.60,212.09,0.6830,-1,-1,-1
751,62,301.17,447.16,73.47,221.95,0.7015,-1,-1,-1
751,3,850.83,952.20,82.87,127.79,0.7662,-1,-1,-1
751,66,1571.66,592.05,103.74,232.33,0.6172,-1,-1,-1
751,69,459.84,565.70,106.88,246.83,0.8109,-1,-1,-1
751,70,1110.51,709.42,73.43,255.19,0.8050,-1,-1,-1
751,71,1180.73,689.37,83.89,248.06,0.7994,-1,-1,-1
751,68,462.74,193.23,60.28,180.93,0.4754,-1,-1,-1
751,74,408.94,203.90,49.68,158.24,0.5034,-1,-1,-1
751,73,266.93,209.37,56.17,163.02,0.4221,-1,-1,-1
751,76,552.78,105.98,62.08,182.70,0.2278,-1,-1,-1
751,77,334.08,206.52,55.71,161.07,0.3877,-1,-1,-1
752,4,1716.83,454.07,85.43,213.06,0.6898,-1,-1,-1
752,62,301.40,447.73,74.85,221.76,0.7224,-1,-1,-1
752,3,852.69,952.25,83.00,127.66,0.7692,-1,-1,-1
752,66,1569.19,594.30,103.93,231.47,0.5349,-1,-1,-1
752,69,463.15,565.84,105.11,246.36,0.7858,-1,-1,-1
752,70,1107.53,709.43,73.86,254.83,0.7866,-1,-1,-1
752,71,1179.17,685.35,82.13,244.05,0.7705,-1,-1,-1
752,68,461.86,194.79,61.32,180.98,0.4693,-1,-1,-1
752,74,408.89,204.49,48.99,158.05,0.4695,-1,-1,-1
752,73,267.09,208.07,56.69,164.10,0.4067,-1,-1,-1
752,76,552.67,107.53,62.64,181.25,0.1278,-1,-1,-1
752,77,334.32,204.91,55.25,162.16,0.3595,-1,-1,-1
753,4,1716.45,453.20,85.09,214.12,0.6771,-1,-1,-1
753,62,301.28,448.62,76.44,220.39,0.7255,-1,-1,-1
753,3,854.57,952.56,82.90,127.41,0.7730,-1,-1,-1
753,66,1570.41,592.43,104.55,232.18,0.5767,-1,-1,-1
753,69,466.92,566.26,102.19,246.10,0.7557,-1,-1,-1
753,70,1106.01,707.85,72.56,255.62,0.7785,-1,-1,-1
753,71,1175.28,680.67,82.77,248.28,0.7472,-1,-1,-1
753,68,460.78,194.65,61.08,182.09,0.4561,-1,-1,-1
753,74,408.43,205.70,48.40,155.42,0.5112,-1,-1,-1
753,73,268.07,206.22,55.89,165.83,0.3659,-1,-1,-1
753,76,551.92,106.17,62.69,183.36,0.2170,-1,-1,-1
753,77,333.31,202.03,56.26,165.11,0.3520,-1,-1,-1
754,4,1715.96,453.75,85.48,212.87,0.6706,-1,-1,-1
754,62,300.97,449.89,77.98,217.67,0.7189,-1,-1,-1
754,3,856.24,952.51,83.31,127.25,0.7783,-1,-1,-1
754,66,1570.09,591.72,104.64,232.90,0.5054,-1,-1,-1
754,69,473.11,566.46,95.83,246.22,0.7266,-1,-1,-1
754,70,1103.93,704.88,72.74,259.66,0.7822,-1,-1,-1
754,71,1172.72,676.91,83.16,250.96,0.7506,-1,-1,-1
754,68,460.77,193.60,60.76,183.65,0.4169,-1,-1,-1
754,74,407.48,205.08,48.18,156.52,0.4999,-1,-1,-1
754,73,268.08,204.68,52.25,169.12,0.3810,-1,-1,-1
754,76,551.62,106.36,63.01,183.25,0.1914,-1,-1,-1
754,77,332.60,201.86,56.70,165.44,0.3110,-1,-1,-1
755,4,1716.47,452.68,83.49,213.76,0.6755,-1,-1,-1
755,62,300.98,451.13,78.92,215.97,0.7352,-1,-1,-1
755,3,858.30,952.41,83.11,127.51,0.7789,-1,-1,-1
755,66,1571.44,590.99,103.56,233.91,0.5949,-1,-1,-1
755,69,479.16,567.41,88.03,246.50,0.7216,-1,-1,-1
755,70,1101.59,702.30,72.85,259.66,0.7652,-1,-1,-1
755,71,1170.21,673.27,83.04,255.40,0.7573,-1,-1,-1
755,68,458.06,192.19,62.85,186.73,0.4008,-1,-1,-1
755,74,406.15,207.17,49.97,154.34,0.4300,-1,-1,-1
755,73,268.49,203.54,55.08,169.21,0.3179,-1,-1,-1
755,76,550.55,105.58,62.64,184.31,0.1490,-1,-1,-1
755,77,332.19,201.40,56.97,165.67,0.2696,-1,-1,-1
756,4,1716.73,453.44,82.48,214.22,0.6730,-1,-1,-1
756,62,301.02,452.49,80.84,215.01,0.7341,-1,-1,-1
756,3,859.07,952.18,84.48,127.57,0.7797,-1,-1,-1
756,66,1571.15,589.89,103.54,234.98,0.5732,-1,-1,-1
756,69,487.63,567.42,78.85,247.24,0.6988,-1,-1,-1
756,70,1099.85,698.27,72.71,252.66,0.7612,-1,-1,-1
756,71,1168.37,671.58,83.06,257.93,0.7702,-1,-1,-1
756,68,457.37,192.66,62.95,185.06,0.4601,-1,-1,-1
756,74,404.66,207.14,50.79,154.47,0.4654,-1,-1,-1
756,73,269.01,202.38,55.90,169.20,0.3257,-1,-1,-1
756,76,549.98,105.76,62.95,183.99,0.2471,-1,-1,-1
756,77,331.83,200.45,56.97,166.16,0.2869,-1,-1,-1
757,4,1717.50,453.42,80.92,213.64,0.6811,-1,-1,-1
757,62,300.98,454.79,81.45,216.54,0.7444,-1,-1,-1
757,3,859.91,953.15,85.56,126.77,0.7813,-1,-1,-1
757,66,1570.68,593.31,103.58,232.35,0.4594,-1,-1,-1
757,69,496.93,567.28,72.08,246.04,0.7099,-1,-1,-1
757,70,1097.63,694.50,74.07,248.56,0.7604,-1,-1,-1
757,71,1167.50,670.59,82.76,258.81,0.7719,-1,-1,-1
757,68,454.46,190.82,65.78,186.63,0.5039,-1,-1,-1
757,74,403.99,205.39,50.90,157.84,0.4464,-1,-1,-1
757,73,270.04,204.96,55.52,166.70,0.2699,-1,-1,-1
757,76,548.86,106.74,64.16,183.21,0.2797,-1,-1,-1
757,77,330.82,200.23,54.93,165.34,0.2902,-1,-1,-1
758,4,1717.97,453.05,79.68,213.32,0.7091,-1,-1,-1
758,62,300.70,457.72,81.55,218.82,0.7483,-1,-1,-1
758,3,860.91,953.52,86.26,126.47,0.7724,-1,-1,-1
758,66,1569.72,591.33,105.99,233.34,0.4381,-1,-1,-1
758,69,502.52,566.06,70.02,247.53,0.7178,-1,-1,-1
758,70,1095.19,691.03,76.08,240.32,0.7667,-1,-1,-1
758,71,1165.68,670.42,84.38,258.94,0.7700,-1,-1,-1
758,68,453.87,189.34,65.84,189.44,0.4780,-1,-1,-1
758,74,404.08,205.09,49.88,161.19,0.4706,-1,-1,-1
758,73,271.19,202.12,54.51,169.26,0.3164,-1,-1,-1
758,76,546.55,107.76,66.85,182.61,0.2296,-1,-1,-1
758,77,331.73,200.51,55.16,165.34,0.2261,-1,-1,-1
759,4,1718.36,452.92,78.59,213.24,0.6912,-1,-1,-1
759,62,300.73,459.04,81.40,221.95,0.7500,-1,-1,-1
759,3,862.51,954.34,87.15,125.63,0.7556,-1,-1,-1
759,66,1569.52,593.14,106.26,231.11,0.5469,-1,-1,-1
759,69,507.60,565.47,68.26,248.79,0.7153,-1,-1,-1
759,70,1093.48,688.11,76.23,240.18,0.7500,-1,-1,-1
759,71,1162.62,670.16,87.68,259.79,0.7585,-1,-1,-1
759,68,452.78,188.82,66.86,189.38,0.4775,-1,-1,-1
759,74,404.30,205.63,49.40,162.54,0.5147,-1,-1,-1
759,73,272.99,205.28,52.41,165.66,0.2907,-1,-1,-1
759,76,544.70,109.60,68.49,180.98,0.2334,-1,-1,-1
759,77,332.16,201.30,54.69,164.03,0.2236,-1,-1,-1
760,4,1718.52,452.97,77.87,212.96,0.6993,-1,-1,-1
760,62,300.93,461.88,81.22,223.50,0.7340,-1,-1,-1
760,3,864.03,954.69,88.82,125.31,0.7562,-1,-1,-1
760,66,1570.70,593.86,104.95,230.26,0.6334,-1,-1,-1
760,69,511.82,565.16,68.77,249.52,0.7246,-1,-1,-1
760,70,1091.58,686.49,76.83,242.85,0.7463,-1,-1,-1
760,71,1160.58,669.14,88.86,259.61,0.7646,-1,-1,-1
760,68,451.27,187.27,68.22,189.27,0.4787,-1,-1,-1
760,74,404.47,206.87,50.57,165.72,0.4920,-1,-1,-1
760,73,274.43,205.26,50.86,165.91,0.3733,-1,-1,-1
760,76,542.66,111.04,71.18,179.98,0.2040,-1,-1,-1
760,77,333.42,207.79,53.75,158.15,0.2347,-1,-1,-1
761,4,1717.03,453.12,78.72,212.14,0.7148,-1,-1,-1
761,62,300.88,464.39,81.08,223.19,0.7136,-1,-1,-1
761,3,865.37,954.78,90.27,125.23,0.7727,-1,-1,-1
761,66,1570.26,594.49,105.14,229.56,0.6087,-1,-1,-1
761,69,515.22,565.37,70.14,248.89,0.7487,-1,-1,-1
761,70,1089.51,685.12,76.83,243.42,0.7419,-1,-1,-1
761,71,1158.09,667.87,89.67,260.96,0.7653,-1,-1,-1
761,68,450.05,189.22,69.64,186.56,0.4992,-1,-1,-1
761,74,404.29,207.86,51.55,167.57,0.4128,-1,-1,-1
761,73,275.37,203.32,49.86,167.69,0.2960,-1,-1,-1
761,76,541.09,110.47,73.35,180.96,0.2580,-1,-1,-1
761,77,333.61,212.92,52.66,153.61,0.2158,-1,-1,-1
762,4,1717.22,453.67,78.50,210.88,0.7040,-1,-1,-1
762,62,301.13,466.83,80.37,223.05,0.7273,-1,-1,-1
762,3,866.90,955.23,89.66,124.80,0.7772,-1,-1,-1
762,66,1570.78,594.29,104.72,230.23,0.6259,-1,-1,-1
762,69,518.07,566.87,72.50,247.35,0.7712,-1,-1,-1
762,70,1087.97,683.23,75.85,244.92,0.7445,-1,-1,-1
762,71,1156.11,666.84,89.55,261.88,0.7527,-1,-1,-1
762,68,450.64,191.48,69.17,185.86,0.5033,-1,-1,-1
762,74,404.60,208.92,52.76,169.40,0.5095,-1,-1,-1
762,73,276.09,203.87,48.71,166.46,0.3849,-1,-1,-1
762,76,540.65,109.92,73.00,181.82,0.1768,-1,-1,-1
762,77,333.16,213.06,53.49,154.05,0.2607,-1,-1,-1
763,4,1718.14,454.44,78.56,211.53,0.7112,-1,-1,-1
763,62,301.14,468.85,78.79,224.04,0.7418,-1,-1,-1
763,3,867.73,955.76,89.53,124.34,0.7777,-1,-1,-1
763,66,1570.48,594.36,104.59,230.16,0.6032,-1,-1,-1
763,69,520.47,567.75,74.18,246.26,0.7638,-1,-1,-1
763,70,1083.08,682.27,78.89,246.64,0.7471,-1,-1,-1
763,71,1154.60,664.75,87.23,261.03,0.7501,-1,-1,-1
763,68,452.67,199.21,65.11,179.95,0.4843,-1,-1,-1
763,74,405.02,209.58,52.48,170.27,0.5250,-1,-1,-1
763,73,276.96,201.17,48.44,168.70,0.4184,-1,-1,-1
763,76,540.40,111.15,72.71,180.64,0.2806,-1,-1,-1
763,77,331.78,206.43,55.10,160.93,0.3031,-1,-1,-1
764,4,1718.30,453.99,78.78,211.93,0.7213,-1,-1,-1
764,62,299.97,469.36,77.96,226.64,0.7412,-1,-1,-1
764,3,868.34,956.29,89.14,123.73,0.7730,-1,-1,-1
764,66,1570.58,593.41,104.29,231.05,0.5364,-1,-1,-1
764,69,522.01,568.27,76.01,245.50,0.7563,-1,-1,-1
764,70,1081.36,680.02,77.92,250.78,0.7459,-1,-1,-1
764,71,1152.22,661.02,87.00,261.66,0.7565,-1,-1,-1
764,68,453.80,202.91,62.73,178.88,0.5304,-1,-1,-1
764,74,404.43,208.99,52.83,172.56,0.5257,-1,-1,-1
764,73,277.70,197.27,47.52,172.42,0.3949,-1,-1,-1
764,76,539.91,109.30,72.51,181.73,0.2729,-1,-1,-1
764,77,331.63,204.50,55.22,161.76,0.2967,-1,-1,-1
765,4,1718.77,453.48,78.11,213.02,0.7132,-1,-1,-1
765,62,299.37,469.96,76.58,228.92,0.7123,-1,-1,-1
765,3,868.82,956.92,88.47,123.10,0.7693,-1,-1,-1
765,66,1570.85,593.03,104.30,231.20,0.5511,-1,-1,-1
765,69,522.62,568.49,81.67,245.70,0.7480,-1,-1,-1
765,70,1079.16,678.20,77.44,253.15,0.7335,-1,-1,-1
765,71,1149.98,659.84,86.58,259.85,0.7424,-1,-1,-1
765,68,454.45,204.99,61.53,179.29,0.5461,-1,-1,-1
765,74,402.29,209.26,54.59,173.63,0.5030,-1,-1,-1
765,73,278.55,191.42,47.63,178.32,0.3451,-1,-1,-1
765,76,539.84,108.38,72.97,181.84,0.3543,-1,-1,-1
765,77,331.74,199.12,55.09,166.91,0.2646,-1,-1,-1
766,4,1718.71,454.82,77.61,210.75,0.7407,-1,-1,-1
766,62,298.06,470.74,74.85,228.87,0.6357,-1,-1,-1
766,3,869.56,957.03,87.73,122.99,0.7581,-1,-1,-1
766,66,1570.63,591.67,104.37,232.76,0.6027,-1,-1,-1
766,69,524.01,569.42,88.68,245.53,0.7485,-1,-1,-1
766,70,1076.26,677.28,79.65,255.08,0.7214,-1,-1,-1
766,71,1146.84,657.15,88.35,257.56,0.7226,-1,-1,-1
766,68,454.27,204.18,60.67,183.45,0.4860,-1,-1,-1
766,74,400.83,210.62,55.28,172.40,0.4876,-1,-1,-1
766,73,279.00,196.41,48.86,173.20,0.3799,-1,-1,-1
766,76,541.09,106.42,71.07,183.32,0.2263,-1,-1,-1
766,77,328.19,195.14,56.00,170.61,0.3611,-1,-1,-1
767,4,1718.66,455.22,77.60,211.20,0.7278,-1,-1,-1
767,62,296.59,471.96,74.37,228.00,0.5967,-1,-1,-1
767,3,869.45,957.40,87.97,122.62,0.7592,-1,-1,-1
767,66,1578.75,596.01,94.34,229.77,0.5039,-1,-1,-1
767,69,525.25,569.77,89.67,246.35,0.7563,-1,-1,-1
767,70,1074.25,675.53,80.18,255.50,0.7359,-1,-1,-1
767,71,1144.96,653.94,86.87,253.95,0.7163,-1,-1,-1
767,68,454.04,203.65,60.10,185.66,0.4779,-1,-1,-1
767,74,400.48,211.11,55.49,172.51,0.4535,-1,-1,-1
767,73,279.10,197.02,49.99,171.03,0.3815,-1,-1,-1
767,76,541.89,104.52,69.81,186.70,0.2710,-1,-1,-1
767,77,328.36,193.60,56.18,171.84,0.3797,-1,-1,-1
768,4,1719.71,453.69,76.68,212.77,0.7125,-1,-1,-1
768,62,295.09,472.80,74.22,226.98,0.6006,-1,-1,-1
768,3,869.71,957.48,88.00,122.48,0.7704,-1,-1,-1
768,66,1573.44,592.29,101.06,232.64,0.5467,-1,-1,-1
768,69,525.56,569.85,90.39,246.85,0.7619,-1,-1,-1
768,70,1073.44,673.69,79.64,255.73,0.7416,-1,-1,-1
768,71,1142.53,650.81,85.73,249.05,0.7493,-1,-1,-1
768,68,452.82,200.30,61.13,191.50,0.5080,-1,-1,-1
768,74,401.59,209.76,54.12,174.04,0.3988,-1,-1,-1
768,73,279.59,193.93,50.75,173.31,0.3627,-1,-1,-1
768,76,542.13,108.14,68.16,182.55,0.2511,-1,-1,-1
768,77,327.03,192.88,56.84,170.01,0.3650,-1,-1,-1
769,4,1720.02,453.99,76.20,211.16,0.7260,-1,-1,-1
769,62,294.18,473.28,75.02,226.77,0.6544,-1,-1,-1
769,3,869.55,958.10,88.92,121.87,0.7755,-1,-1,-1
769,66,1574.30,593.90,95.57,232.25,0.3886,-1,-1,-1
769,69,525.67,571.47,91.56,245.06,0.7593,-1,-1,-1
769,70,1070.49,670.93,80.04,254.41,0.7823,-1,-1,-1
769,71,1141.03,648.03,82.91,244.98,0.7915,-1,-1,-1
769,68,452.76,196.72,60.88,195.73,0.4047,-1,-1,-1
769,74,402.25,206.45,54.24,177.51,0.3597,-1,-1,-1
769,73,280.25,195.91,49.93,170.46,0.3346,-1,-1,-1
769,76,541.16,110.28,69.56,181.45,0.2405,-1,-1,-1
769,77,328.54,193.02,55.80,168.33,0.3346,-1,-1,-1
770,4,1720.57,454.82,75.90,209.98,0.7265,-1,-1,-1
770,62,293.77,474.29,75.35,225.30,0.6360,-1,-1,-1
770,3,869.86,957.72,89.77,122.33,0.7877,-1,-1,-1
770,66,1577.36,594.87,93.97,231.35,0.4257,-1,-1,-1
770,69,525.74,571.97,92.85,244.78,0.7694,-1,-1,-1
770,70,1066.84,669.37,80.37,251.72,0.7978,-1,-1,-1
770,71,1139.77,646.10,80.48,241.54,0.8173,-1,-1,-1
770,68,452.27,197.52,61.05,194.98,0.3878,-1,-1,-1
770,74,403.34,207.66,52.73,177.70,0.3622,-1,-1,-1
770,73,280.23,198.44,50.01,167.42,0.3310,-1,-1,-1
770,76,542.25,113.15,68.21,178.57,0.2965,-1,-1,-1
770,77,327.97,192.77,55.60,167.12,0.3093,-1,-1,-1
771,4,1721.96,453.37,75.13,212.52,0.7257,-1,-1,-1
771,62,292.81,474.50,74.95,224.57,0.6694,-1,-1,-1
771,3,870.08,957.71,90.11,122.26,0.7910,-1,-1,-1
771,66,1567.79,598.39,103.74,228.53,0.4342,-1,-1,-1
771,69,526.32,572.16,92.57,244.07,0.7605,-1,-1,-1
771,70,1063.86,667.16,81.01,244.70,0.8046,-1,-1,-1
771,71,1138.07,644.27,79.40,241.90,0.8068,-1,-1,-1
771,68,452.25,199.64,60.10,194.17,0.5155,-1,-1,-1
771,74,403.62,207.54,51.98,178.03,0.3458,-1,-1,-1
771,73,280.80,200.34,49.26,164.17,0.3338,-1,-1,-1
771,76,543.40,113.43,67.08,178.12,0.2775,-1,-1,-1
771,77,329.85,194.55,58.20,166.63,0.3070,-1,-1,-1
772,4,1722.61,453.34,74.88,212.24,0.7253,-1,-1,-1
772,62,292.51,475.61,74.39,223.39,0.6665,-1,-1,-1
772,3,870.37,957.96,91.05,122.01,0.7936,-1,-1,-1
772,66,1568.29,590.54,105.90,234.69,0.5402,-1,-1,-1
772,69,528.03,571.62,91.49,243.52,0.7489,-1,-1,-1
772,70,1061.71,664.68,82.06,241.80,0.8000,-1,-1,-1
772,71,1136.37,642.03,79.35,244.60,0.7853,-1,-1,-1
772,68,452.38,201.75,59.81,192.00,0.5194,-1,-1,-1
772,74,403.65,211.21,51.22,174.49,0.4034,-1,-1,-1
772,73,281.39,199.96,48.48,163.08,0.2694,-1,-1,-1
772,76,544.05,115.24,65.00,174.85,0.2506,-1,-1,-1
772,77,326.50,193.64,58.48,165.91,0.2936,-1,-1,-1
773,4,1722.44,452.29,73.96,212.01,0.7319,-1,-1,-1
773,62,292.22,476.41,74.83,222.75,0.6810,-1,-1,-1
773,3,870.82,958.00,90.78,121.94,0.8031,-1,-1,-1
773,66,1570.66,597.35,101.82,228.64,0.4880,-1,-1,-1
773,69,532.60,570.56,88.44,243.61,0.7279,-1,-1,-1
773,70,1060.52,661.46,79.44,239.10,0.8113,-1,-1,-1
773,71,1134.96,640.62,78.58,245.60,0.7657,-1,-1,-1
773,68,451.99,205.16,60.04,188.04,0.4466,-1,-1,-1
773,74,403.56,212.93,50.64,170.57,0.4178,-1,-1,-1
773,73,281.79,198.56,47.80,165.17,0.2835,-1,-1,-1
773,76,544.64,112.76,65.03,177.78,0.1909,-1,-1,-1
773,77,324.93,193.10,59.07,166.57,0.2765,-1,-1,-1
774,4,1723.35,452.13,72.76,212.01,0.7186,-1,-1,-1
774,62,291.41,477.48,76.56,222.13,0.7174,-1,-1,-1
774,3,871.04,957.94,91.16,122.00,0.7985,-1,-1,-1
774,66,1571.93,599.21,100.11,227.22,0.5101,-1,-1,-1
774,69,536.78,569.86,84.62,244.08,0.7209,-1,-1,-1
774,70,1059.03,660.13,76.54,237.55,0.7758,-1,-1,-1
774,71,1132.65,639.53,79.91,245.95,0.7608,-1,-1,-1
774,68,452.13,204.48,59.52,187.74,0.3814,-1,-1,-1
774,74,402.73,213.11,50.36,171.47,0.3985,-1,-1,-1
774,73,282.61,198.14,48.28,165.34,0.2905,-1,-1,-1
774,76,545.03,110.49,64.66,180.26,0.2316,-1,-1,-1
774,77,329.72,192.87,59.33,167.88,0.2390,-1,-1,-1
775,4,1723.51,452.83,72.34,210.43,0.7300,-1,-1,-1
775,62,290.73,478.63,76.96,222.20,0.7412,-1,-1,-1
775,3,871.31,957.92,91.37,122.07,0.8050,-1,-1,-1
775,66,1568.31,597.47,103.16,229.20,0.4846,-1,-1,-1
775,69,541.83,570.11,80.86,243.74,0.7002,-1,-1,-1
775,70,1056.66,658.14,75.14,237.97,0.7550,-1,-1,-1
775,71,1127.91,638.65,83.55,249.01,0.7753,-1,-1,-1
775,68,451.53,203.65,59.48,187.96,0.4347,-1,-1,-1
775,74,401.76,217.46,51.41,168.81,0.4483,-1,-1,-1
775,73,283.02,195.84,47.71,167.94,0.2513,-1,-1,-1
775,76,545.10,112.09,62.99,178.25,0.2651,-1,-1,-1
775,77,325.73,192.37,58.25,168.97,0.2146,-1,-1,-1
776,4,1723.36,452.53,72.20,210.85,0.7378,-1,-1,-1
776,62,289.99,479.92,77.03,222.69,0.7495,-1,-1,-1
776,3,871.45,958.60,91.04,121.40,0.7918,-1,-1,-1
776,66,1569.21,597.89,102.38,228.65,0.5496,-1,-1,-1
776,69,547.36,570.96,75.85,242.95,0.6930,-1,-1,-1
776,70,1054.53,654.93,73.52,239.86,0.7632,-1,-1,-1
776,71,1127.31,636.97,82.14,251.68,0.7786,-1,-1,-1
776,68,450.76,201.91,60.09,189.47,0.3954,-1,-1,-1
776,74,401.44,216.43,50.44,170.77,0.4295,-1,-1,-1
776,73,282.63,195.89,47.26,166.45,0.2711,-1,-1,-1
776,76,546.07,117.08,60.99,172.62,0.2198,-1,-1,-1
776,77,330.84,191.73,58.39,170.04,0.1588,-1,-1,-1
777,4,1723.84,452.41,71.79,210.40,0.7362,-1,-1,-1
777,62,289.37,480.81,76.97,225.37,0.7678,-1,-1,-1
777,3,872.18,959.17,90.46,120.79,0.7871,-1,-1,-1
777,66,1569.24,596.00,103.13,229.95,0.4930,-1,-1,-1
777,69,552.15,571.32,72.25,243.90,0.7096,-1,-1,-1
777,70,1051.90,652.08,74.31,243.64,0.7512,-1,-1,-1
777,71,1125.63,635.43,81.37,253.59,0.7132,-1,-1,-1
777,68,449.44,202.79,60.57,188.50,0.2716,-1,-1,-1
777,74,401.95,217.96,49.82,169.60,0.3459,-1,-1,-1
777,73,283.04,192.08,48.53,170.82,0.2335,-1,-1,-1
777,76,546.44,118.98,61.90,170.50,0.2221,-1,-1,-1
778,4,1723.69,452.51,72.10,210.37,0.7488,-1,-1,-1
778,62,289.56,483.46,76.19,225.06,0.7582,-1,-1,-1
778,3,872.60,959.28,90.59,120.75,0.7885,-1,-1,-1
778,66,1569.38,592.69,104.64,232.21,0.5973,-1,-1,-1
778,69,559.03,571.75,66.74,244.91,0.7167,-1,-1,-1
778,70,1050.54,649.75,74.11,246.49,0.7582,-1,-1,-1
778,71,1125.31,633.86,80.04,253.46,0.7310,-1,-1,-1
778,68,448.45,203.29,61.22,187.55,0.3153,-1,-1,-1
778,74,401.01,217.83,50.17,170.85,0.2925,-1,-1,-1
778,73,282.95,192.76,47.15,170.20,0.2392,-1,-1,-1
778,76,546.20,119.57,62.37,169.97,0.3344,-1,-1,-1
779,4,1722.97,452.22,72.87,210.88,0.7450,-1,-1,-1
779,62,289.29,486.34,75.43,224.57,0.7575,-1,-1,-1
779,3,873.18,959.24,90.39,120.79,0.7902,-1,-1,-1
779,66,1570.85,589.42,104.03,234.96,0.6000,-1,-1,-1
779,69,564.68,571.99,64.41,248.22,0.7199,-1,-1,-1
779,70,1049.05,646.94,73.91,249.62,0.7556,-1,-1,-1
779,71,1120.04,632.03,83.08,254.22,0.7262,-1,-1,-1
779,68,447.98,209.01,60.53,184.33,0.2516,-1,-1,-1
779,74,399.31,221.44,52.02,171.05,0.3516,-1,-1,-1
779,73,283.05,197.66,46.75,166.53,0.2379,-1,-1,-1
779,76,546.67,121.72,61.01,167.06,0.2134,-1,-1,-1
780,4,1723.13,452.15,72.98,211.38,0.7450,-1,-1,-1
780,62,289.42,489.15,74.72,224.98,0.7532,-1,-1,-1
780,3,873.24,959.36,90.19,120.65,0.7825,-1,-1,-1
780,66,1570.47,588.20,104.52,235.77,0.6142,-1,-1,-1
780,69,568.65,572.53,62.77,247.31,0.7030,-1,-1,-1
780,70,1047.46,645.62,74.27,250.86,0.7531,-1,-1,-1
780,71,1117.54,629.66,83.48,255.51,0.7424,-1,-1,-1
780,68,448.32,216.18,57.33,179.47,0.2784,-1,-1,-1
780,74,399.16,224.32,52.16,170.42,0.3894,-1,-1,-1
780,73,283.29,200.11,46.54,165.31,0.2220,-1,-1,-1
780,76,546.63,118.65,60.08,170.03,0.2338,-1,-1,-1
781,4,1723.60,451.74,72.31,211.38,0.7390,-1,-1,-1
781,62,289.29,490.91,74.40,226.28,0.7640,-1,-1,-1
781,3,873.76,959.12,89.40,120.86,0.7804,-1,-1,-1
781,66,1571.57,589.98,103.30,233.69,0.6602,-1,-1,-1
781,69,571.11,571.22,62.71,252.15,0.6855,-1,-1,-1
781,70,1045.03,647.28,76.25,245.39,0.7498,-1,-1,-1
781,71,1113.84,627.31,83.91,255.53,0.7634,-1,-1,-1
781,68,449.49,216.58,55.52,182.22,0.3346,-1,-1,-1
781,74,399.92,224.47,52.12,171.14,0.3666,-1,-1,-1
781,73,283.24,200.08,47.00,165.68,0.2046,-1,-1,-1
781,76,546.38,121.09,60.73,167.49,0.2019,-1,-1,-1
782,4,1722.95,451.34,72.99,211.16,0.7387,-1,-1,-1
782,62,289.61,492.57,74.07,229.54,0.7719,-1,-1,-1
782,3,874.43,958.81,88.40,121.20,0.7724,-1,-1,-1
782,66,1570.67,591.38,103.76,232.40,0.5852,-1,-1,-1
782,69,571.48,572.04,64.92,256.03,0.6345,-1,-1,-1
782,70,1043.99,645.51,74.86,247.51,0.7432,-1,-1,-1
782,71,1111.13,624.99,82.61,249.07,0.7756,-1,-1,-1
782,68,448.03,216.19,56.96,184.93,0.3242,-1,-1,-1
782,74,399.86,226.48,52.88,169.13,0.3824,-1,-1,-1
782,73,283.14,199.46,47.13,166.09,0.2256,-1,-1,-1
782,76,545.46,123.82,61.80,165.14,0.1801,-1,-1,-1
783,4,1722.94,451.94,74.01,210.97,0.7192,-1,-1,-1
783,62,289.88,493.85,73.76,232.83,0.7752,-1,-1,-1
783,3,875.29,958.41,87.27,121.62,0.7677,-1,-1,-1
783,66,1571.42,592.58,103.55,231.29,0.6506,-1,-1,-1
783,69,573.09,572.62,66.35,258.43,0.6387,-1,-1,-1
783,70,1043.34,644.58,73.91,248.19,0.7380,-1,-1,-1
783,71,1109.81,622.42,80.54,243.99,0.7566,-1,-1,-1
783,68,446.24,216.78,58.56,187.71,0.3801,-1,-1,-1
783,74,398.80,224.54,52.47,169.96,0.3815,-1,-1,-1
783,73,282.92,199.42,47.38,166.56,0.2286,-1,-1,-1
783,76,545.83,123.93,61.51,164.64,0.1769,-1,-1,-1
784,4,1722.74,451.90,74.26,211.95,0.7112,-1,-1,-1
784,62,289.90,495.01,74.00,234.12,0.7647,-1,-1,-1
784,3,876.15,958.32,85.87,121.77,0.7523,-1,-1,-1
784,66,1572.48,595.85,101.88,228.10,0.6964,-1,-1,-1
784,69,575.46,573.14,66.54,249.34,0.5582,-1,-1,-1
784,70,1042.85,643.46,71.48,246.08,0.7439,-1,-1,-1
784,71,1107.08,619.31,79.92,239.59,0.7694,-1,-1,-1
784,68,445.74,217.72,61.13,188.70,0.3650,-1,-1,-1
784,74,399.59,227.05,51.44,168.95,0.4665,-1,-1,-1
784,73,283.56,194.58,46.89,169.54,0.2323,-1,-1,-1
784,76,546.00,123.74,61.20,165.34,0.1812,-1,-1,-1
785,4,1722.62,452.00,74.61,211.64,0.7247,-1,-1,-1
785,62,290.31,495.94,73.81,234.08,0.7665,-1,-1,-1
785,3,877.55,957.13,83.86,122.91,0.7630,-1,-1,-1
785,66,1572.05,594.35,102.19,229.73,0.6273,-1,-1,-1
785,69,579.72,573.53,64.63,245.30,0.5794,-1,-1,-1
785,70,1041.79,642.09,71.19,246.03,0.7484,-1,-1,-1
785,71,1104.78,616.24,79.74,239.29,0.7503,-1,-1,-1
785,68,444.91,218.43,62.71,190.09,0.4171,-1,-1,-1
785,74,399.48,227.47,50.93,169.00,0.4634,-1,-1,-1
785,73,283.88,191.24,47.39,172.41,0.2366,-1,-1,-1
785,76,545.22,120.27,62.65,169.03,0.2084,-1,-1,-1
786,4,1722.83,451.45,73.53,211.78,0.7273,-1,-1,-1
786,62,290.15,497.00,74.27,233.29,0.7664,-1,-1,-1
786,3,878.40,956.52,82.03,123.52,0.7567,-1,-1,-1
786,66,1571.44,594.10,102.12,230.20,0.6485,-1,-1,-1
786,69,582.85,575.17,65.10,241.39,0.5835,-1,-1,-1
786,70,1040.39,640.00,70.84,245.06,0.7315,-1,-1,-1
786,71,1102.71,614.93,77.41,238.25,0.7509,-1,-1,-1
786,68,444.63,220.18,62.57,189.76,0.4394,-1,-1,-1
786,74,399.22,229.15,50.75,167.03,0.4733,-1,-1,-1
786,73,283.89,191.70,46.43,171.16,0.2246,-1,-1,-1
786,76,545.30,120.22,62.13,169.26,0.2277,-1,-1,-1
787,4,1723.02,452.34,74.13,211.31,0.7241,-1,-1,-1
787,62,290.05,498.07,75.46,231.84,0.7491,-1,-1,-1
787,3,879.38,955.91,80.12,124.19,0.7692,-1,-1,-1
787,66,1571.45,594.98,102.62,229.43,0.6592,-1,-1,-1
787,69,584.97,577.16,72.13,238.62,0.5935,-1,-1,-1
787,70,1038.24,637.06,70.77,244.36,0.7424,-1,-1,-1
787,71,1101.83,612.19,75.40,241.88,0.7829,-1,-1,-1
787,68,442.95,221.38,64.52,187.38,0.4268,-1,-1,-1
787,74,398.73,231.87,50.69,164.55,0.4858,-1,-1,-1
787,73,283.46,191.06,46.27,173.44,0.3077,-1,-1,-1
787,76,545.66,115.58,61.94,174.16,0.2909,-1,-1,-1
787,78,468.94,71.97,63.87,178.15,0.4261,-1,-1,-1
788,4,1723.03,452.58,73.91,211.59,0.7080,-1,-1,-1
788,62,289.36,499.38,76.98,230.25,0.7403,-1,-1,-1
788,3,879.20,955.56,79.72,124.60,0.7729,-1,-1,-1
788,66,1572.96,594.59,101.99,229.62,0.6772,-1,-1,-1
788,69,587.62,578.97,73.96,238.02,0.5398,-1,-1,-1
788,70,1035.73,634.34,71.06,239.85,0.7377,-1,-1,-1
788,71,1099.94,610.64,75.16,244.60,0.7646,-1,-1,-1
788,68,443.07,222.52,62.97,187.18,0.4997,-1,-1,-1
788,74,397.21,231.12,52.19,165.28,0.4637,-1,-1,-1
788,73,283.29,190.01,46.19,173.60,0.2719,-1,-1,-1
788,76,545.52,113.19,62.54,177.66,0.3171,-1,-1,-1
788,78,469.19,73.04,63.37,179.31,0.4461,-1,-1,-1
789,4,1723.55,452.87,73.67,212.74,0.7222,-1,-1,-1
789,62,288.45,500.71,78.48,228.37,0.7457,-1,-1,-1
789,3,879.00,955.60,79.38,124.51,0.7685,-1,-1,-1
789,66,1571.37,594.52,103.20,229.95,0.6652,-1,-1,-1
789,69,589.67,580.70,75.70,236.41,0.5916,-1,-1,-1
789,70,1032.36,631.33,73.00,235.86,0.7267,-1,-1,-1
789,71,1096.74,608.88,76.75,248.66,0.7914,-1,-1,-1
789,68,443.61,223.12,60.29,186.53,0.4825,-1,-1,-1
789,74,396.39,229.90,54.07,167.22,0.4556,-1,-1,-1
789,73,283.34,185.77,46.42,177.83,0.2313,-1,-1,-1
789,76,545.51,114.60,61.87,177.65,0.3209,-1,-1,-1
789,78,468.80,73.96,64.45,183.77,0.4624,-1,-1,-1
790,4,1723.59,452.36,72.44,212.52,0.7279,-1,-1,-1
790,62,288.49,501.80,78.80,225.61,0.7442,-1,-1,-1
790,3,878.86,954.24,79.56,125.82,0.7736,-1,-1,-1
790,66,1571.22,594.17,103.19,229.93,0.6712,-1,-1,-1
790,69,591.97,582.15,75.62,235.48,0.5954,-1,-1,-1
790,70,1030.44,629.29,73.51,225.09,0.7179,-1,-1,-1
790,71,1094.90,607.35,77.95,250.70,0.7809,-1,-1,-1
790,68,444.14,224.71,59.13,185.38,0.4171,-1,-1,-1
790,74,397.59,231.49,53.94,167.96,0.4159,-1,-1,-1
790,73,283.65,186.90,45.85,177.39,0.2593,-1,-1,-1
790,76,545.97,114.40,61.91,177.59,0.3036,-1,-1,-1
790,78,470.77,73.77,63.13,183.67,0.4613,-1,-1,-1
791,4,1722.95,452.78,73.63,212.90,0.7326,-1,-1,-1
791,62,288.27,502.67,79.07,225.06,0.7398,-1,-1,-1
791,3,880.02,953.94,77.60,126.13,0.7571,-1,-1,-1
791,66,1570.60,593.62,103.03,230.65,0.7025,-1,-1,-1
791,69,594.62,583.30,75.92,234.05,0.6070,-1,-1,-1
791,70,1028.67,626.91,74.32,224.92,0.7301,-1,-1,-1
791,71,1092.78,606.54,80.41,252.74,0.7685,-1,-1,-1
791,68,442.73,223.78,60.61,185.59,0.4587,-1,-1,-1
791,74,396.90,231.85,54.15,168.81,0.4136,-1,-1,-1
791,73,283.63,186.27,46.46,178.03,0.2701,-1,-1,-1
791,76,546.20,112.81,62.02,178.81,0.3360,-1,-1,-1
791,78,471.45,72.92,62.49,182.99,0.4285,-1,-1,-1
792,4,1722.58,452.57,73.73,212.59,0.7484,-1,-1,-1
792,62,288.01,503.68,79.19,224.53,0.7439,-1,-1,-1
792,3,881.30,953.37,74.89,126.66,0.7580,-1,-1,-1
792,66,1569.58,591.07,103.87,233.21,0.6773,-1,-1,-1
792,69,596.28,584.15,76.35,233.08,0.5912,-1,-1,-1
792,70,1026.95,624.14,74.58,231.43,0.7440,-1,-1,-1
792,71,1091.47,606.10,82.41,254.86,0.7663,-1,-1,-1
792,68,442.19,224.93,60.88,185.30,0.4488,-1,-1,-1
792,74,395.67,233.09,55.58,170.09,0.4270,-1,-1,-1
792,73,283.74,183.67,47.14,180.34,0.2993,-1,-1,-1
792,76,547.18,112.76,60.83,179.07,0.3211,-1,-1,-1
792,78,471.32,72.40,62.71,186.36,0.3986,-1,-1,-1
793,4,1722.90,452.50,73.01,212.22,0.7369,-1,-1,-1
793,62,288.14,506.13,79.11,225.34,0.7209,-1,-1,-1
793,3,881.74,952.62,73.40,127.42,0.7587,-1,-1,-1
793,66,1569.60,591.74,103.73,232.33,0.7006,-1,-1,-1
793,69,598.94,585.33,75.08,229.91,0.5969,-1,-1,-1
793,70,1024.94,620.86,75.00,237.79,0.7594,-1,-1,-1
793,71,1090.43,605.46,83.23,255.73,0.7804,-1,-1,-1
793,68,441.92,225.89,60.11,184.63,0.4411,-1,-1,-1
793,74,394.86,235.44,55.36,169.98,0.4424,-1,-1,-1
793,73,284.04,182.46,46.62,181.94,0.4088,-1,-1,-1
793,76,547.40,113.46,60.03,177.73,0.3214,-1,-1,-1
793,78,470.72,72.34,63.84,191.26,0.3894,-1,-1,-1
794,4,1722.54,452.61,74.33,212.58,0.7553,-1,-1,-1
794,62,288.27,508.87,79.21,227.75,0.7037,-1,-1,-1
794,3,882.14,951.25,70.49,128.77,0.7508,-1,-1,-1
794,66,1569.65,590.30,103.68,233.69,0.6838,-1,-1,-1
794,69,601.58,585.11,73.74,235.69,0.5290,-1,-1,-1
794,70,1023.47,618.71,75.67,241.71,0.7601,-1,-1,-1
794,71,1088.94,605.56,85.24,255.60,0.7447,-1,-1,-1
794,68,440.67,226.94,61.15,184.60,0.4774,-1,-1,-1
794,74,395.52,239.05,53.71,167.32,0.4559,-1,-1,-1
794,73,284.10,183.41,46.73,181.18,0.3825,-1,-1,-1
794,76,548.10,114.53,59.56,176.82,0.2521,-1,-1,-1
794,78,469.64,72.99,65.56,192.00,0.4191,-1,-1,-1
795,4,1722.23,452.70,73.94,211.49,0.7574,-1,-1,-1
795,62,288.38,510.76,78.11,230.75,0.7140,-1,-1,-1
795,3,882.67,949.87,67.48,130.04,0.7325,-1,-1,-1
795,66,1569.29,589.74,104.39,234.57,0.6853,-1,-1,-1
795,69,603.98,584.20,72.82,252.74,0.4698,-1,-1,-1
795,70,1021.19,616.15,76.37,244.27,0.7831,-1,-1,-1
795,71,1087.09,604.14,86.61,256.27,0.7677,-1,-1,-1
795,68,439.28,225.59,62.49,186.43,0.4588,-1,-1,-1
795,74,394.91,235.72,55.27,172.89,0.4297,-1,-1,-1
795,73,284.31,182.90,47.03,181.93,0.3837,-1,-1,-1
795,76,547.85,116.72,61.08,174.34,0.1418,-1,-1,-1
795,78,470.13,73.47,65.67,192.50,0.4335,-1,-1,-1
796,4,1722.93,452.23,73.44,211.75,0.7578,-1,-1,-1
796,62,288.25,513.11,77.88,233.25,0.7402,-1,-1,-1
796,3,882.68,949.26,65.61,130.71,0.7514,-1,-1,-1
796,66,1570.09,588.55,103.73,236.18,0.6230,-1,-1,-1
796,69,607.02,584.79,72.20,271.90,0.4861,-1,-1,-1
796,70,1019.21,615.48,75.62,245.06,0.8021,-1,-1,-1
796,71,1085.85,602.81,85.31,254.96,0.7898,-1,-1,-1
796,68,440.02,226.87,61.59,186.20,0.4974,-1,-1,-1
796,74,394.47,238.48,53.95,171.79,0.4845,-1,-1,-1
796,73,284.28,184.08,47.48,181.17,0.3458,-1,-1,-1
796,76,547.56,117.14,61.00,174.02,0.2321,-1,-1,-1
796,78,469.42,74.77,67.39,189.78,0.3838,-1,-1,-1
796,77,342.26,186.10,48.53,172.07,0.3591,-1,-1,-1
797,4,1723.41,451.61,73.08,213.25,0.7450,-1,-1,-1
797,62,288.00,515.36,76.78,233.33,0.7352,-1,-1,-1
797,3,882.26,948.23,64.81,131.75,0.7461,-1,-1,-1
797,66,1569.62,590.24,102.52,236.04,0.5980,-1,-1,-1
797,69,609.80,584.74,70.68,278.57,0.4508,-1,-1,-1
797,70,1017.30,614.50,74.98,246.84,0.8128,-1,-1,-1
797,71,1085.00,600.69,83.51,255.44,0.8018,-1,-1,-1
797,68,442.87,232.91,55.92,181.92,0.5165,-1,-1,-1
797,74,395.07,240.52,52.80,170.49,0.4827,-1,-1,-1
797,73,284.08,185.43,47.54,177.03,0.3084,-1,-1,-1
797,76,547.35,111.82,61.97,179.43,0.2182,-1,-1,-1
797,78,470.18,75.82,67.03,183.51,0.3105,-1,-1,-1
797,77,342.79,186.86,47.56,171.17,0.3615,-1,-1,-1
798,4,1723.37,451.73,72.92,212.80,0.7493,-1,-1,-1
798,62,287.38,516.49,76.79,235.51,0.7570,-1,-1,-1
798,3,882.18,946.84,63.39,133.13,0.7295,-1,-1,-1
798,66,1571.10,590.53,102.31,234.82,0.6813,-1,-1,-1
798,69,611.91,585.48,68.42,275.68,0.4425,-1,-1,-1
798,70,1016.04,613.58,74.82,247.14,0.8079,-1,-1,-1
798,71,1083.46,598.68,83.26,254.97,0.8042,-1,-1,-1
798,68,443.76,234.84,54.55,182.98,0.5096,-1,-1,-1
798,74,395.17,238.77,54.01,173.84,0.4818,-1,-1,-1
798,73,284.17,184.91,47.37,178.09,0.3240,-1,-1,-1
798,76,546.70,110.95,62.77,180.33,0.2301,-1,-1,-1
798,78,471.66,76.77,64.83,179.04,0.2668,-1,-1,-1
798,77,342.62,186.86,47.88,171.03,0.3554,-1,-1,-1
799,4,1723.92,451.86,71.89,212.37,0.7431,-1,-1,-1
799,62,286.67,518.99,76.65,234.43,0.7684,-1,-1,-1
799,3,882.21,945.48,61.94,134.43,0.7112,-1,-1,-1
799,66,1570.69,586.87,103.03,237.99,0.6099,-1,-1,-1
799,69,612.60,586.30,67.31,280.77,0.1580,-1,-1,-1
799,70,1014.32,614.97,73.49,245.85,0.7762,-1,-1,-1
799,71,1082.17,595.25,82.42,253.20,0.7762,-1,-1,-1
799,68,443.87,236.88,55.30,183.75,0.5635,-1,-1,-1
799,74,395.01,239.63,54.05,173.79,0.5211,-1,-1,-1
799,73,283.70,185.66,47.99,177.47,0.3131,-1,-1,-1
799,76,545.23,106.50,67.13,184.38,0.2150,-1,-1,-1
799,78,473.22,77.69,62.42,173.48,0.2886,-1,-1,-1
799,77,343.22,187.29,47.40,166.81,0.2713,-1,-1,-1
800,4,1723.43,452.05,72.30,211.58,0.7390,-1,-1,-1
800,62,285.40,521.91,76.84,236.23,0.7765,-1,-1,-1
800,3,882.46,944.39,60.95,135.59,0.6971,-1,-1,-1
800,66,1570.95,587.43,103.00,237.62,0.6165,-1,-1,-1
800,69,612.89,586.73,66.32,284.40,0.1231,-1,-1,-1
800,70,1012.20,614.91,73.90,245.08,0.7837,-1,-1,-1
800,71,1081.46,591.66,82.33,245.15,0.7349,-1,-1,-1
800,68,442.30,236.19,56.58,186.86,0.5498,-1,-1,-1
800,74,395.11,239.22,54.14,174.46,0.5141,-1,-1,-1
800,73,283.46,186.10,48.13,175.11,0.2995,-1,-1,-1
800,76,546.54,108.53,64.76,182.77,0.2394,-1,-1,-1
800,78,473.97,79.31,62.35,173.18,0.3130,-1,-1,-1
800,77,344.01,187.95,47.40,166.44,0.3340,-1,-1,-1
801,4,1722.83,452.38,72.78,212.13,0.7339,-1,-1,-1
801,62,283.90,523.22,77.06,236.70,0.8035,-1,-1,-1
801,3,881.89,943.06,61.03,136.94,0.6649,-1,-1,-1
801,66,1570.49,592.62,102.31,234.65,0.5835,-1,-1,-1
801,69,612.99,585.91,66.20,284.88,0.1770,-1,-1,-1
801,70,1009.20,613.28,74.60,244.34,0.7724,-1,-1,-1
801,71,1078.99,588.49,82.29,238.27,0.7592,-1,-1,-1
801,68,442.02,236.83,57.08,188.31,0.5207,-1,-1,-1
801,74,396.34,240.66,52.66,171.85,0.5210,-1,-1,-1
801,73,283.30,185.74,48.44,177.26,0.2863,-1,-1,-1
801,76,547.31,113.92,64.63,177.17,0.1972,-1,-1,-1
801,78,475.50,81.13,60.87,175.28,0.3017,-1,-1,-1
801,77,345.19,188.76,47.25,164.54,0.2844,-1,-1,-1
802,4,1722.73,452.03,72.83,211.77,0.7443,-1,-1,-1
802,62,282.66,524.35,76.51,235.64,0.8037,-1,-1,-1
802,3,882.04,941.82,59.76,138.13,0.6456,-1,-1,-1
802,66,1568.75,594.26,103.39,234.00,0.5782,-1,-1,-1
802,69,611.80,582.61,67.63,287.77,0.1589,-1,-1,-1
802,70,1008.56,611.69,73.23,245.24,0.7646,-1,-1,-1
802,71,1077.18,585.24,80.57,233.10,0.7485,-1,-1,-1
802,68,442.20,236.87,56.94,189.71,0.5692,-1,-1,-1
802,74,395.83,239.75,54.09,173.21,0.4900,-1,-1,-1
802,73,283.23,186.87,48.86,174.59,0.2525,-1,-1,-1
802,76,548.32,117.48,62.29,174.10,0.1623,-1,-1,-1
802,78,476.57,82.74,59.32,170.98,0.2240,-1,-1,-1
802,77,346.19,189.14,46.57,164.33,0.2895,-1,-1,-1
803,4,1722.60,452.57,72.84,211.96,0.7406,-1,-1,-1
803,62,281.64,525.42,76.75,234.99,0.7999,-1,-1,-1
803,3,881.39,942.13,59.09,137.86,0.6701,-1,-1,-1
803,66,1567.95,596.35,103.96,231.48,0.5040,-1,-1,-1
803,69,611.25,584.15,68.72,286.67,0.1519,-1,-1,-1
803,70,1006.63,609.25,73.89,246.64,0.7585,-1,-1,-1
803,71,1076.55,582.72,77.85,234.27,0.7597,-1,-1,-1
803,68,442.26,238.25,56.40,189.42,0.5478,-1,-1,-1
803,74,395.74,239.08,53.82,174.12,0.4962,-1,-1,-1
803,73,283.33,187.95,48.68,174.21,0.2562,-1,-1,-1
803,76,546.34,107.85,67.30,183.17,0.1829,-1,-1,-1
803,78,475.69,83.83,60.12,179.75,0.3117,-1,-1,-1
803,77,347.02,190.50,45.60,161.56,0.2444,-1,-1,-1
804,4,1722.42,452.57,73.01,212.20,0.7466,-1,-1,-1
804,62,280.81,526.79,75.75,233.44,0.7956,-1,-1,-1
804,3,880.71,941.34,59.63,138.67,0.6738,-1,-1,-1
804,66,1567.23,596.26,104.78,231.43,0.5803,-1,-1,-1
804,69,611.35,584.39,68.68,287.22,0.1017,-1,-1,-1
804,70,1004.33,606.27,74.07,245.85,0.7367,-1,-1,-1
804,71,1076.10,579.78,75.57,236.80,0.7574,-1,-1,-1
804,68,442.43,239.29,56.13,189.34,0.5598,-1,-1,-1
804,74,395.77,239.68,53.32,173.31,0.5354,-1,-1,-1
804,73,283.13,187.58,48.78,173.66,0.2703,-1,-1,-1
804,76,546.51,108.56,67.28,182.23,0.2530,-1,-1,-1
804,78,475.98,84.32,59.21,183.69,0.4084,-1,-1,-1
804,77,347.67,192.26,44.86,158.24,0.2692,-1,-1,-1
805,4,1721.72,453.00,73.90,212.34,0.7360,-1,-1,-1
805,62,279.26,527.63,76.36,232.70,0.8018,-1,-1,-1
805,3,880.58,939.76,59.98,140.28,0.6636,-1,-1,-1
805,66,1567.14,595.28,105.21,232.18,0.6026,-1,-1,-1
805,70,1002.31,602.90,72.76,241.70,0.7569,-1,-1,-1
805,71,1075.48,577.46,74.19,240.76,0.7711,-1,-1,-1
805,68,442.69,240.34,56.77,188.30,0.6113,-1,-1,-1
805,74,395.49,241.68,52.32,171.56,0.5300,-1,-1,-1
805,73,282.84,181.25,48.95,180.66,0.2591,-1,-1,-1
805,76,547.51,111.30,66.14,179.99,0.2805,-1,-1,-1
805,78,475.38,83.80,59.49,185.62,0.3924,-1,-1,-1
805,77,347.49,193.12,44.32,155.94,0.2773,-1,-1,-1
806,4,1721.64,452.71,74.16,212.34,0.7467,-1,-1,-1
806,62,277.91,528.60,77.06,231.80,0.8027,-1,-1,-1
806,3,880.41,938.65,60.34,141.44,0.6660,-1,-1,-1
806,66,1568.90,595.71,103.36,232.14,0.6058,-1,-1,-1
806,70,1000.18,600.04,72.08,238.93,0.7663,-1,-1,-1
806,71,1075.65,575.21,72.44,244.02,0.7756,-1,-1,-1
806,68,443.64,239.84,56.02,188.51,0.4956,-1,-1,-1
806,74,394.77,238.46,53.36,175.85,0.4840,-1,-1,-1
806,73,283.16,177.08,49.54,185.66,0.2643,-1,-1,-1
806,76,547.89,112.48,66.95,177.69,0.2888,-1,-1,-1
806,78,474.55,83.71,60.34,187.02,0.4025,-1,-1,-1
806,77,347.82,193.11,44.10,156.85,0.3197,-1,-1,-1
807,4,1721.71,453.73,75.04,212.78,0.7261,-1,-1,-1
807,62,277.22,529.35,77.36,230.51,0.7918,-1,-1,-1
807,3,880.30,937.56,59.84,142.47,0.6362,-1,-1,-1
807,66,1569.38,597.50,102.61,230.32,0.6048,-1,-1,-1
807,70,998.04,597.45,71.78,235.96,0.7667,-1,-1,-1
807,71,1074.81,573.85,72.14,244.98,0.7758,-1,-1,-1
807,68,443.95,239.34,55.59,188.06,0.4908,-1,-1,-1
807,74,393.97,238.46,54.46,178.05,0.4864,-1,-1,-1
807,73,282.90,182.99,49.90,180.04,0.3114,-1,-1,-1
807,76,548.58,110.84,66.05,179.13,0.2752,-1,-1,-1
807,78,475.97,83.55,60.05,188.15,0.3514,-1,-1,-1
807,77,348.02,192.99,43.56,155.34,0.2597,-1,-1,-1
808,4,1721.94,453.91,75.19,212.53,0.7252,-1,-1,-1
808,62,276.90,530.32,76.98,229.36,0.7946,-1,-1,-1
808,3,880.19,936.61,59.55,143.39,0.6371,-1,-1,-1
808,66,1570.24,594.25,103.86,231.69,0.6522,-1,-1,-1
808,70,997.21,595.29,70.40,232.52,0.7692,-1,-1,-1
808,71,1072.49,572.95,73.59,245.05,0.7735,-1,-1,-1
808,68,442.83,240.96,57.60,186.60,0.5661,-1,-1,-1
808,74,393.36,243.99,54.46,173.88,0.4969,-1,-1,-1
808,73,282.89,185.43,50.04,175.98,0.3020,-1,-1,-1
808,76,548.93,106.64,67.76,183.35,0.2211,-1,-1,-1
808,78,475.43,84.78,61.83,190.59,0.3447,-1,-1,-1
808,77,348.89,202.62,42.23,145.41,0.2167,-1,-1,-1
809,4,1721.81,455.10,75.00,210.73,0.7297,-1,-1,-1
809,62,276.04,531.68,77.34,228.63,0.8008,-1,-1,-1
809,3,880.38,936.67,59.14,143.20,0.6370,-1,-1,-1
809,66,1570.10,594.91,103.82,230.14,0.6825,-1,-1,-1
809,70,996.12,593.55,68.84,233.53,0.7697,-1,-1,-1
809,71,1069.95,572.60,75.27,245.76,0.7827,-1,-1,-1
809,68,440.41,240.84,60.56,186.58,0.5266,-1,-1,-1
809,74,392.10,247.11,54.72,174.21,0.4410,-1,-1,-1
809,73,283.04,186.68,49.80,177.01,0.3138,-1,-1,-1
809,76,549.12,103.09,67.71,187.09,0.2155,-1,-1,-1
809,78,473.89,84.32,63.97,192.32,0.2671,-1,-1,-1
809,77,349.05,199.87,42.87,148.75,0.2007,-1,-1,-1
810,4,1722.19,453.26,74.07,212.71,0.7340,-1,-1,-1
810,62,275.58,533.19,77.32,228.76,0.7915,-1,-1,-1
810,3,879.99,936.11,59.73,143.05,0.6510,-1,-1,-1
810,66,1570.07,595.75,104.04,229.22,0.6893,-1,-1,-1
810,70,994.76,592.21,69.11,235.61,0.7627,-1,-1,-1
810,71,1067.23,572.56,76.62,244.72,0.7690,-1,-1,-1
810,68,439.61,243.77,61.57,183.88,0.5847,-1,-1,-1
810,74,388.89,250.24,57.01,174.08,0.4381,-1,-1,-1
810,73,283.46,182.55,49.61,180.20,0.2833,-1,-1,-1
810,76,550.15,111.60,67.38,178.35,0.2318,-1,-1,-1
810,78,473.32,84.65,64.18,190.35,0.3249,-1,-1,-1
810,77,349.91,208.12,41.25,140.64,0.1385,-1,-1,-1
811,4,1722.39,452.65,73.39,212.19,0.7313,-1,-1,-1
811,62,275.08,535.06,77.86,230.56,0.7991,-1,-1,-1
811,3,879.12,935.56,61.96,143.38,0.6637,-1,-1,-1
811,66,1570.77,598.00,103.29,226.50,0.6999,-1,-1,-1
811,70,992.54,591.47,68.84,236.36,0.7654,-1,-1,-1
811,71,1065.71,571.44,77.04,245.54,0.7718,-1,-1,-1
811,68,439.62,244.42,61.93,183.82,0.5261,-1,-1,-1
811,74,390.10,252.07,56.08,175.00,0.4032,-1,-1,-1
811,73,283.87,179.81,49.53,181.12,0.2836,-1,-1,-1
811,76,551.00,107.00,68.12,183.09,0.2285,-1,-1,-1
811,78,473.06,84.40,66.00,193.96,0.3101,-1,-1,-1
811,77,349.67,201.44,42.80,147.07,0.1640,-1,-1,-1
812,4,1723.14,452.10,72.93,213.03,0.7280,-1,-1,-1
812,62,274.77,536.68,77.86,232.60,0.7987,-1,-1,-1
812,3,878.66,935.30,62.51,143.60,0.6738,-1,-1,-1
812,66,1571.26,595.41,102.44,228.79,0.6660,-1,-1,-1
812,70,991.47,590.49,67.54,238.03,0.7566,-1,-1,-1
812,71,1063.89,570.58,76.14,245.33,0.7598,-1,-1,-1
812,68,440.61,244.47,60.79,182.76,0.5487,-1,-1,-1
812,74,390.13,254.37,54.39,172.90,0.4489,-1,-1,-1
812,73,283.81,179.46,50.55,180.75,0.2839,-1,-1,-1
812,76,552.73,115.71,66.39,173.07,0.2161,-1,-1,-1
812,78,471.80,84.89,68.68,192.44,0.2398,-1,-1,-1
812,77,349.03,195.82,43.94,150.89,0.1726,-1,-1,-1
813,4,1723.31,451.99,72.75,213.11,0.7347,-1,-1,-1
813,62,273.92,538.28,78.17,236.12,0.7923,-1,-1,-1
813,3,877.98,935.42,63.48,143.55,0.6733,-1,-1,-1
813,66,1570.88,596.79,103.46,227.49,0.6661,-1,-1,-1
813,70,989.14,590.16,67.75,238.93,0.7701,-1,-1,-1
813,71,1063.11,569.28,74.55,246.87,0.7508,-1,-1,-1
813,68,440.22,242.85,60.93,184.30,0.4710,-1,-1,-1
813,74,389.52,256.08,53.77,173.54,0.4937,-1,-1,-1
813,73,283.62,175.93,50.87,182.10,0.2780,-1,-1,-1
813,76,553.87,117.32,65.02,171.51,0.2352,-1,-1,-1
813,78,472.06,87.31,67.11,187.15,0.2978,-1,-1,-1
813,77,348.98,189.58,43.43,158.04,0.1701,-1,-1,-1
814,4,1723.65,452.41,72.53,212.49,0.7231,-1,-1,-1
814,62,272.96,539.89,78.70,235.59,0.7850,-1,-1,-1
814,3,877.38,935.16,63.71,143.57,0.6511,-1,-1,-1
814,66,1571.09,597.20,103.27,227.45,0.6815,-1,-1,-1
814,70,986.90,589.34,67.30,236.90,0.7690,-1,-1,-1
814,71,1061.90,567.32,73.82,243.67,0.7253,-1,-1,-1
814,68,439.45,244.65,61.60,182.90,0.5469,-1,-1,-1
814,74,388.92,257.47,52.85,175.99,0.4727,-1,-1,-1
814,73,284.03,176.11,50.94,181.12,0.2726,-1,-1,-1
814,76,555.34,117.48,64.82,170.57,0.2048,-1,-1,-1
814,78,472.06,88.89,66.26,185.10,0.3125,-1,-1,-1
814,77,348.20,190.26,44.15,154.73,0.1569,-1,-1,-1
815,4,1723.75,452.76,72.39,211.66,0.7360,-1,-1,-1
815,62,272.37,541.98,78.70,235.46,0.7996,-1,-1,-1
815,3,877.23,934.87,63.85,144.14,0.6604,-1,-1,-1
815,66,1571.35,596.45,103.82,227.96,0.6789,-1,-1,-1
815,70,985.54,589.20,67.04,233.16,0.7668,-1,-1,-1
815,71,1061.10,565.50,71.72,235.71,0.7497,-1,-1,-1
815,68,438.46,244.47,62.75,185.47,0.4968,-1,-1,-1
815,74,388.28,259.81,52.34,174.88,0.4831,-1,-1,-1
815,73,284.38,181.76,51.51,176.50,0.3370,-1,-1,-1
815,76,554.84,111.00,66.88,177.59,0.2079,-1,-1,-1
815,78,471.98,89.69,64.93,184.69,0.3853,-1,-1,-1
815,77,348.21,188.34,43.32,159.02,0.1790,-1,-1,-1
816,4,1724.18,452.30,71.75,212.65,0.7306,-1,-1,-1
816,62,271.45,544.77,79.49,237.55,0.8064,-1,-1,-1
816,3,876.53,934.22,64.14,144.82,0.6881,-1,-1,-1
816,66,1571.82,596.57,103.09,227.92,0.6860,-1,-1,-1
816,70,983.45,588.37,67.97,227.98,0.7578,-1,-1,-1
816,71,1060.12,564.08,69.85,230.86,0.7784,-1,-1,-1
816,68,437.10,247.71,63.50,186.04,0.5220,-1,-1,-1
816,74,386.95,261.53,53.90,174.16,0.4869,-1,-1,-1
816,73,284.65,184.10,52.49,174.12,0.3141,-1,-1,-1
816,76,555.53,115.28,66.24,172.28,0.2071,-1,-1,-1
816,78,472.25,89.89,63.12,183.64,0.3827,-1,-1,-1
816,77,347.71,187.65,43.00,160.34,0.1775,-1,-1,-1
817,4,1723.74,454.20,72.49,210.22,0.7355,-1,-1,-1
817,62,270.94,547.66,80.04,236.45,0.8117,-1,-1,-1
817,3,875.97,933.92,63.60,144.90,0.6947,-1,-1,-1
817,66,1571.12,597.21,103.69,227.24,0.6832,-1,-1,-1
817,70,981.58,586.78,67.84,223.43,0.7637,-1,-1,-1
817,71,1058.45,561.34,67.81,229.62,0.8024,-1,-1,-1
817,68,437.46,250.71,62.37,184.89,0.5880,-1,-1,-1
817,74,386.31,264.03,54.65,170.58,0.5317,-1,-1,-1
817,73,285.27,184.55,53.26,172.85,0.2871,-1,-1,-1
817,76,556.06,118.17,64.23,169.76,0.2295,-1,-1,-1
817,78,472.66,91.33,61.77,184.05,0.4440,-1,-1,-1
817,77,346.48,186.05,43.82,163.54,0.1763,-1,-1,-1
818,4,1723.01,452.75,72.89,212.75,0.7291,-1,-1,-1
818,62,271.28,550.11,79.94,238.45,0.8095,-1,-1,-1
818,3,874.77,933.58,64.36,145.54,0.7191,-1,-1,-1
818,66,1569.94,594.55,104.47,230.31,0.6823,-1,-1,-1
818,70,980.60,585.58,67.17,218.30,0.7787,-1,-1,-1
818,71,1055.98,558.77,67.78,229.84,0.7992,-1,-1,-1
818,68,437.72,254.68,61.45,184.12,0.5598,-1,-1,-1
818,74,385.76,266.35,53.39,167.63,0.5093,-1,-1,-1
818,73,285.61,185.04,53.75,172.49,0.3161,-1,-1,-1
818,76,556.23,120.33,63.75,168.01,0.2659,-1,-1,-1
818,78,473.57,93.16,59.32,183.64,0.3772,-1,-1,-1
818,77,345.32,184.66,44.70,166.79,0.1858,-1,-1,-1
819,4,1723.33,453.43,73.29,212.48,0.7254,-1,-1,-1
819,62,271.84,551.70,79.25,238.92,0.7907,-1,-1,-1
819,3,873.65,934.12,65.81,145.19,0.7204,-1,-1,-1
819,66,1570.50,596.33,103.32,228.52,0.7097,-1,-1,-1
819,70,979.43,583.98,65.34,216.56,0.8196,-1,-1,-1
819,71,1052.09,555.02,70.61,233.34,0.8177,-1,-1,-1
819,68,436.90,255.96,61.28,185.94,0.6077,-1,-1,-1
819,74,384.76,265.57,53.85,167.55,0.5216,-1,-1,-1
819,73,286.20,185.22,55.77,173.02,0.2884,-1,-1,-1
819,76,556.44,122.77,62.96,164.99,0.3194,-1,-1,-1
819,78,473.11,94.70,59.03,186.46,0.4015,-1,-1,-1
819,77,344.46,186.09,46.22,158.14,0.1363,-1,-1,-1
820,4,1722.96,455.18,73.63,210.35,0.7247,-1,-1,-1
820,62,272.66,552.42,78.35,239.58,0.8012,-1,-1,-1
820,3,873.00,934.56,65.20,145.14,0.7121,-1,-1,-1
820,66,1570.65,596.22,103.58,228.39,0.7059,-1,-1,-1
820,70,977.34,580.52,65.51,217.91,0.8336,-1,-1,-1
820,71,1047.47,553.17,73.98,235.01,0.8185,-1,-1,-1
820,68,436.61,259.44,61.69,184.52,0.6611,-1,-1,-1
820,74,383.69,265.56,54.66,168.39,0.5371,-1,-1,-1
820,73,286.57,186.16,56.90,172.75,0.2756,-1,-1,-1
820,76,556.55,121.23,62.94,166.64,0.2927,-1,-1,-1
820,78,473.17,93.85,58.45,190.98,0.5040,-1,-1,-1
820,80,789.36,131.24,64.56,180.14,0.3460,-1,-1,-1
821,4,1723.37,453.38,72.81,212.10,0.7162,-1,-1,-1
821,62,272.81,553.07,78.39,238.82,0.7831,-1,-1,-1
821,3,872.87,934.60,65.16,145.32,0.7218,-1,-1,-1
821,66,1570.59,596.85,103.43,227.81,0.6981,-1,-1,-1
821,70,975.27,577.30,66.21,219.48,0.8350,-1,-1,-1
821,71,1044.28,551.58,77.03,235.83,0.8371,-1,-1,-1
821,68,435.51,260.56,62.84,187.12,0.6443,-1,-1,-1
821,74,382.20,265.26,55.31,169.96,0.5338,-1,-1,-1
821,73,286.91,185.04,57.58,174.67,0.2930,-1,-1,-1
821,76,556.38,121.63,63.77,165.99,0.2483,-1,-1,-1
821,78,472.83,90.45,59.14,198.52,0.4887,-1,-1,-1
821,80,789.20,132.62,64.56,179.28,0.3238,-1,-1,-1
822,4,1722.93,453.31,73.41,212.30,0.7219,-1,-1,-1
822,62,272.87,554.29,78.99,238.13,0.7676,-1,-1,-1
822,3,872.40,935.24,65.56,144.77,0.7199,-1,-1,-1
822,66,1571.67,596.40,102.65,228.07,0.7121,-1,-1,-1
822,70,973.25,574.20,67.28,216.16,0.8115,-1,-1,-1
822,71,1041.68,550.31,79.89,236.90,0.8328,-1,-1,-1
822,68,435.77,261.58,62.72,187.23,0.6091,-1,-1,-1
822,74,382.97,264.78,54.00,170.66,0.4873,-1,-1,-1
822,73,287.54,182.76,56.56,178.07,0.2751,-1,-1,-1
822,76,556.11,121.17,64.08,166.16,0.2478,-1,-1,-1
822,78,472.74,90.05,58.89,201.49,0.4755,-1,-1,-1
822,80,788.50,133.76,65.31,177.36,0.3746,-1,-1,-1
823,4,1722.61,453.31,73.42,212.45,0.7328,-1,-1,-1
823,62,273.02,555.09,79.26,237.17,0.7801,-1,-1,-1
823,3,871.94,936.03,65.22,143.97,0.7138,-1,-1,-1
823,66,1571.22,595.71,102.99,228.59,0.6896,-1,-1,-1
823,70,971.69,570.28,68.06,222.81,0.8126,-1,-1,-1
823,71,1040.48,549.21,82.02,239.58,0.8220,-1,-1,-1
823,68,436.90,262.13,61.45,187.21,0.6339,-1,-1,-1
823,74,381.64,267.39,55.35,168.59,0.5639,-1,-1,-1
823,73,288.18,183.54,57.08,176.90,0.2552,-1,-1,-1
823,76,556.23,121.81,62.97,164.98,0.2733,-1,-1,-1
823,78,471.95,91.01,59.85,201.65,0.4619,-1,-1,-1
823,80,788.37,134.21,65.73,177.27,0.3531,-1,-1,-1
824,4,1722.43,455.34,73.97,210.70,0.7124,-1,-1,-1
824,62,272.76,555.72,80.14,236.57,0.7698,-1,-1,-1
824,3,871.12,936.46,66.01,142.69,0.7265,-1,-1,-1
824,66,1570.81,596.21,103.81,228.33,0.6776,-1,-1,-1
824,70,968.13,568.27,68.95,228.60,0.7732,-1,-1,-1
824,71,1037.37,547.84,86.18,242.38,0.7980,-1,-1,-1
824,68,436.99,262.50,61.07,187.37,0.6669,-1,-1,-1
824,74,382.12,269.93,54.65,167.29,0.5496,-1,-1,-1
824,73,289.44,184.90,55.81,175.49,0.2141,-1,-1,-1
824,76,555.68,115.52,64.88,171.69,0.2213,-1,-1,-1
824,78,472.27,92.02,59.23,201.48,0.4805,-1,-1,-1
824,80,788.30,133.52,66.27,178.08,0.3810,-1,-1,-1
825,4,1721.83,454.66,75.02,211.59,0.7154,-1,-1,-1
825,62,272.30,557.19,80.81,234.78,0.7742,-1,-1,-1
825,3,870.35,937.18,65.95,142.25,0.6985,-1,-1,-1
825,66,1571.51,598.42,102.49,225.96,0.6944,-1,-1,-1
825,70,966.26,566.57,68.42,231.51,0.7745,-1,-1,-1
825,71,1035.93,547.67,90.13,244.07,0.7935,-1,-1,-1
825,68,436.58,262.98,61.23,187.46,0.6560,-1,-1,-1
825,74,381.89,271.30,54.35,168.09,0.5607,-1,-1,-1
825,73,290.49,182.10,55.80,177.81,0.3281,-1,-1,-1
825,76,555.64,117.20,63.51,169.93,0.2567,-1,-1,-1
825,78,471.88,93.64,59.73,200.50,0.4358,-1,-1,-1
825,80,790.01,133.89,64.83,177.93,0.3888,-1,-1,-1
826,4,1720.69,455.48,76.24,209.88,0.7347,-1,-1,-1
826,62,272.08,559.00,81.30,232.82,0.7890,-1,-1,-1
826,3,868.99,937.70,66.94,142.15,0.7043,-1,-1,-1
826,66,1572.13,597.29,102.28,226.74,0.6841,-1,-1,-1
826,70,964.05,565.06,68.41,233.62,0.7712,-1,-1,-1
826,71,1035.06,547.19,91.84,242.78,0.7725,-1,-1,-1
826,68,435.49,263.94,62.07,186.87,0.6904,-1,-1,-1
826,74,381.88,272.13,53.75,167.61,0.5283,-1,-1,-1
826,73,293.25,179.15,53.82,179.80,0.2603,-1,-1,-1
826,76,555.82,116.77,63.50,169.74,0.2582,-1,-1,-1
826,78,471.63,93.27,60.41,200.01,0.4358,-1,-1,-1
826,80,793.60,133.99,60.82,178.83,0.3371,-1,-1,-1
827,4,1720.89,454.74,76.31,210.82,0.7303,-1,-1,-1
827,62,271.79,560.31,81.74,231.55,0.7894,-1,-1,-1
827,3,868.77,938.82,67.32,141.23,0.7118,-1,-1,-1
827,66,1571.61,596.96,103.23,227.15,0.6698,-1,-1,-1
827,70,962.82,563.65,67.79,232.41,0.7662,-1,-1,-1
827,71,1033.72,546.49,92.99,242.13,0.7690,-1,-1,-1
827,68,435.74,264.77,61.51,185.75,0.6709,-1,-1,-1
827,74,380.53,272.37,54.61,168.67,0.5155,-1,-1,-1
827,73,294.93,181.59,55.30,176.59,0.2243,-1,-1,-1
827,76,555.61,115.86,64.68,171.46,0.2414,-1,-1,-1
827,78,471.23,95.58,61.08,197.03,0.4095,-1,-1,-1
827,80,791.69,132.58,63.96,179.79,0.3418,-1,-1,-1
828,4,1721.02,453.77,75.19,211.67,0.7416,-1,-1,-1
828,62,271.81,561.73,81.60,231.05,0.7897,-1,-1,-1
828,3,868.37,939.30,67.35,140.77,0.7060,-1,-1,-1
828,66,1572.45,596.22,102.67,228.02,0.6726,-1,-1,-1
828,70,960.28,562.88,68.76,231.40,0.7608,-1,-1,-1
828,71,1033.07,544.88,93.97,243.31,0.7913,-1,-1,-1
828,68,436.16,264.68,60.89,185.29,0.6805,-1,-1,-1
828,74,377.23,272.27,57.26,171.95,0.5264,-1,-1,-1
828,73,296.65,177.08,59.49,181.10,0.1906,-1,-1,-1
828,76,556.10,117.15,63.95,170.03,0.2252,-1,-1,-1
828,78,471.36,96.58,60.93,195.34,0.4337,-1,-1,-1
828,80,791.37,132.73,64.92,179.25,0.3351,-1,-1,-1
829,4,1721.59,453.14,74.39,212.28,0.7356,-1,-1,-1
829,62,271.73,562.66,81.66,233.03,0.7947,-1,-1,-1
829,3,869.38,939.51,66.04,140.55,0.7155,-1,-1,-1
829,66,1571.99,596.26,103.17,227.67,0.6824,-1,-1,-1
829,70,958.84,561.56,69.07,232.43,0.7777,-1,-1,-1
829,71,1032.03,543.26,93.11,243.90,0.7742,-1,-1,-1
829,68,436.36,264.76,60.71,185.19,0.6978,-1,-1,-1
829,74,377.40,272.74,57.17,174.59,0.5468,-1,-1,-1
829,73,298.45,177.94,61.26,180.81,0.1524,-1,-1,-1
829,76,556.40,118.54,63.65,168.83,0.1871,-1,-1,-1
829,78,471.94,98.49,60.51,195.87,0.4350,-1,-1,-1
829,80,793.01,133.31,64.50,178.73,0.3183,-1,-1,-1
830,4,1721.49,452.77,74.39,212.64,0.7458,-1,-1,-1
830,62,272.31,563.76,80.79,236.82,0.7990,-1,-1,-1
830,3,868.30,940.66,67.23,139.39,0.7040,-1,-1,-1
830,66,1572.21,594.54,102.51,229.36,0.6841,-1,-1,-1
830,70,958.07,561.47,68.26,232.52,0.7996,-1,-1,-1
830,71,1031.95,541.15,92.96,245.25,0.7964,-1,-1,-1
830,68,435.79,265.96,61.15,183.94,0.6679,-1,-1,-1
830,74,373.53,272.81,59.92,176.60,0.5586,-1,-1,-1
830,73,299.85,177.73,63.74,181.48,0.1319,-1,-1,-1
830,76,556.36,118.34,63.05,169.21,0.1646,-1,-1,-1
830,78,472.62,101.62,60.04,194.32,0.3677,-1,-1,-1
830,80,795.36,133.94,62.36,178.65,0.3170,-1,-1,-1
831,4,1721.60,454.84,75.00,210.86,0.7314,-1,-1,-1
831,62,272.37,565.87,80.41,240.93,0.8093,-1,-1,-1
831,3,868.81,941.31,66.53,138.75,0.7115,-1,-1,-1
831,66,1572.90,593.93,101.50,230.15,0.7001,-1,-1,-1
831,70,956.95,561.84,68.10,232.79,0.8019,-1,-1,-1
831,71,1031.39,538.74,92.30,246.58,0.7988,-1,-1,-1
831,68,435.46,266.75,61.36,183.88,0.6207,-1,-1,-1
831,74,371.88,273.73,60.31,179.49,0.5296,-1,-1,-1
831,73,299.72,178.18,66.86,181.49,0.1483,-1,-1,-1
831,76,556.53,117.66,63.40,170.08,0.1998,-1,-1,-1
831,78,471.91,103.39,62.59,194.59,0.3572,-1,-1,-1
831,80,798.07,134.28,59.25,179.49,0.3394,-1,-1,-1
832,4,1721.21,453.53,74.91,212.21,0.7499,-1,-1,-1
832,62,272.04,568.55,80.67,242.28,0.8219,-1,-1,-1
832,3,868.98,942.14,66.88,137.87,0.6851,-1,-1,-1
832,66,1573.25,592.77,101.54,231.25,0.6929,-1,-1,-1
832,70,955.30,561.86,68.23,231.85,0.7728,-1,-1,-1
832,71,1030.76,535.94,88.90,245.85,0.7805,-1,-1,-1
832,68,435.60,267.66,62.45,183.89,0.6227,-1,-1,-1
832,74,371.10,273.87,60.88,181.15,0.5159,-1,-1,-1
832,73,300.55,175.59,67.49,184.60,0.1069,-1,-1,-1
832,76,556.30,116.49,62.69,171.22,0.1941,-1,-1,-1
832,78,472.91,104.93,63.24,171.51,0.2592,-1,-1,-1
832,80,798.41,134.37,60.32,179.41,0.3397,-1,-1,-1
833,4,1720.67,453.09,75.29,212.95,0.7513,-1,-1,-1
833,62,271.13,571.22,81.13,243.64,0.8197,-1,-1,-1
833,3,869.11,943.19,67.20,136.81,0.7041,-1,-1,-1
833,66,1572.75,591.34,101.84,232.70,0.6643,-1,-1,-1
833,70,953.47,560.38,68.51,232.20,0.7714,-1,-1,-1
833,71,1030.30,533.41,86.47,236.53,0.7928,-1,-1,-1
833,68,435.43,267.75,62.90,186.35,0.6191,-1,-1,-1
833,74,369.82,272.68,61.93,183.66,0.4356,-1,-1,-1
833,73,300.80,174.86,66.84,185.75,0.1287,-1,-1,-1
833,76,555.91,114.43,63.41,172.88,0.2353,-1,-1,-1
833,78,473.90,106.21,63.23,152.42,0.2323,-1,-1,-1
833,80,798.71,134.96,60.45,178.17,0.3584,-1,-1,-1
834,4,1719.68,454.56,77.08,211.04,0.7542,-1,-1,-1
834,62,270.31,573.76,81.12,243.88,0.8161,-1,-1,-1
834,3,868.84,943.91,68.79,136.14,0.7142,-1,-1,-1
834,66,1572.17,590.45,102.99,233.71,0.6828,-1,-1,-1
834,70,951.61,555.70,68.88,237.24,0.7566,-1,-1,-1
834,71,1030.60,529.47,83.68,232.96,0.8008,-1,-1,-1
834,68,435.64,268.11,62.41,189.01,0.5849,-1,-1,-1
834,74,368.20,272.79,62.42,183.56,0.3894,-1,-1,-1
834,76,554.64,115.23,64.64,171.49,0.2402,-1,-1,-1
834,78,473.90,106.77,62.13,148.17,0.1746,-1,-1,-1
834,80,799.34,135.23,60.89,178.34,0.3470,-1,-1,-1
835,4,1719.59,453.58,77.72,213.24,0.7453,-1,-1,-1
835,62,270.06,576.09,79.87,244.99,0.8264,-1,-1,-1
835,3,867.90,943.61,71.08,136.41,0.6990,-1,-1,-1
835,66,1571.10,589.15,104.03,234.94,0.6455,-1,-1,-1
835,70,949.41,552.98,69.21,238.28,0.7588,-1,-1,-1
835,71,1030.61,526.37,80.99,231.72,0.7954,-1,-1,-1
835,68,437.25,270.44,61.07,189.27,0.6504,-1,-1,-1
835,74,370.94,277.94,58.94,176.30,0.4340,-1,-1,-1
835,76,554.29,117.20,64.71,169.47,0.2132,-1,-1,-1
835,78,474.47,107.90,63.17,144.13,0.1539,-1,-1,-1
835,80,802.59,135.35,57.80,176.96,0.3550,-1,-1,-1
836,4,1718.76,455.44,78.36,211.07,0.7407,-1,-1,-1
836,62,269.39,578.59,79.80,245.10,0.8160,-1,-1,-1
836,3,865.42,943.31,75.65,136.69,0.7306,-1,-1,-1
836,66,1570.68,590.33,104.20,233.99,0.6672,-1,-1,-1
836,70,948.54,550.39,68.23,230.86,0.7773,-1,-1,-1
836,71,1031.60,523.40,77.22,232.68,0.7916,-1,-1,-1
836,68,438.59,272.94,59.00,189.50,0.6299,-1,-1,-1
836,74,371.88,279.45,57.77,174.29,0.4681,-1,-1,-1
836,76,554.40,117.03,64.79,170.43,0.2072,-1,-1,-1
836,78,474.58,107.77,60.93,147.05,0.1310,-1,-1,-1
836,80,803.85,135.72,57.01,176.37,0.3888,-1,-1,-1
837,4,1719.66,454.45,77.60,212.84,0.7496,-1,-1,-1
837,62,268.60,580.26,79.65,244.70,0.8028,-1,-1,-1
837,3,865.12,943.38,76.72,136.61,0.7275,-1,-1,-1
837,66,1569.45,589.74,106.22,234.82,0.6250,-1,-1,-1
837,70,946.93,547.96,67.97,227.87,0.7744,-1,-1,-1
837,71,1032.41,520.65,73.58,233.51,0.7735,-1,-1,-1
837,68,439.93,276.57,57.10,188.00,0.6277,-1,-1,-1
837,74,371.33,280.10,58.18,173.29,0.4106,-1,-1,-1
837,76,554.80,117.75,64.33,169.77,0.1929,-1,-1,-1
837,78,474.24,107.95,60.01,155.28,0.1446,-1,-1,-1
837,80,801.45,135.20,61.43,177.66,0.3657,-1,-1,-1
838,4,1718.70,455.58,78.60,209.45,0.7585,-1,-1,-1
838,62,267.91,581.75,79.28,243.18,0.7859,-1,-1,-1
838,3,864.97,943.45,77.18,136.49,0.7208,-1,-1,-1
838,66,1570.58,591.23,105.12,233.00,0.6791,-1,-1,-1
838,70,945.00,545.89,67.34,227.53,0.7841,-1,-1,-1
838,71,1033.16,519.11,71.10,234.26,0.7756,-1,-1,-1
838,68,436.72,274.44,60.77,191.90,0.6384,-1,-1,-1
838,74,360.52,277.96,67.67,176.20,0.4528,-1,-1,-1
838,76,554.38,114.24,65.42,174.07,0.1236,-1,-1,-1
838,78,473.56,108.23,60.32,180.33,0.2599,-1,-1,-1
838,80,803.60,135.48,59.59,177.30,0.3662,-1,-1,-1
839,4,1719.40,453.58,76.95,211.49,0.7573,-1,-1,-1
839,62,266.64,583.06,79.80,241.29,0.7657,-1,-1,-1
839,3,864.97,942.79,77.75,136.96,0.7165,-1,-1,-1
839,66,1570.45,591.38,105.60,232.60,0.6137,-1,-1,-1
839,70,944.20,543.50,66.74,228.53,0.7773,-1,-1,-1
839,71,1033.91,518.63,69.81,234.63,0.7686,-1,-1,-1
839,68,436.24,276.28,61.09,191.43,0.6192,-1,-1,-1
839,74,366.45,280.18,60.98,173.43,0.4415,-1,-1,-1
839,76,554.45,115.24,64.16,172.85,0.1378,-1,-1,-1
839,78,473.96,107.38,59.98,193.70,0.2040,-1,-1,-1
839,80,804.36,136.55,60.01,176.49,0.3829,-1,-1,-1
840,4,1719.95,453.03,76.27,211.85,0.7559,-1,-1,-1
840,62,264.48,584.22,80.59,239.88,0.7395,-1,-1,-1
840,3,865.18,943.44,77.87,136.13,0.7148,-1,-1,-1
840,66,1570.01,593.25,106.34,231.00,0.6460,-1,-1,-1
840,70,942.88,541.52,66.54,228.97,0.7689,-1,-1,-1
840,71,1033.80,518.26,69.19,233.87,0.7631,-1,-1,-1
840,68,434.95,275.20,62.48,192.78,0.6562,-1,-1,-1
840,74,357.65,277.19,68.82,176.54,0.5059,-1,-1,-1
840,76,555.64,115.72,63.70,172.15,0.1097,-1,-1,-1
840,78,473.98,109.28,59.84,197.27,0.2684,-1,-1,-1
840,80,806.00,137.14,58.90,175.58,0.4503,-1,-1,-1
841,4,1719.83,452.46,76.50,212.44,0.7449,-1,-1,-1
841,62,263.13,585.37,81.52,237.90,0.7609,-1,-1,-1
841,3,866.35,943.57,78.46,135.94,0.7294,-1,-1,-1
841,66,1570.81,593.75,105.72,230.83,0.6776,-1,-1,-1
841,70,941.47,539.90,66.50,230.36,0.7721,-1,-1,-1
841,71,1032.64,517.87,68.93,233.36,0.7483,-1,-1,-1
841,68,436.53,278.07,59.32,191.32,0.6530,-1,-1,-1
841,74,355.96,276.19,69.74,178.66,0.5058,-1,-1,-1
841,76,556.27,118.04,61.65,169.50,0.1996,-1,-1,-1
841,78,473.29,108.83,60.98,197.44,0.3444,-1,-1,-1
841,80,804.53,136.45,62.47,175.48,0.3898,-1,-1,-1
842,4,1719.54,454.86,77.24,210.26,0.7272,-1,-1,-1
842,62,262.35,585.97,82.29,237.13,0.7748,-1,-1,-1
842,3,866.32,943.51,79.19,136.08,0.7153,-1,-1,-1
842,66,1572.04,594.38,104.75,230.04,0.6518,-1,-1,-1
842,70,939.76,538.91,66.07,231.85,0.7716,-1,-1,-1
842,71,1028.98,516.88,71.32,232.92,0.7373,-1,-1,-1
842,68,437.57,278.72,58.29,190.28,0.6421,-1,-1,-1
842,74,364.40,280.91,60.60,174.55,0.5131,-1,-1,-1
842,76,556.68,118.19,63.02,168.77,0.1563,-1,-1,-1
842,78,472.19,111.29,61.32,199.96,0.2916,-1,-1,-1
842,80,804.73,136.57,62.53,175.04,0.4144,-1,-1,-1
843,4,1718.84,455.61,78.53,209.05,0.7326,-1,-1,-1
843,62,261.08,586.81,83.57,236.07,0.7887,-1,-1,-1
843,3,866.67,943.69,80.08,135.79,0.7209,-1,-1,-1
843,66,1571.18,593.48,105.30,231.36,0.6284,-1,-1,-1
843,70,938.44,538.26,65.90,232.11,0.7837,-1,-1,-1
843,71,1025.23,516.43,74.24,233.19,0.7527,-1,-1,-1
843,68,438.02,280.47,58.43,188.46,0.6733,-1,-1,-1
843,74,366.09,282.69,59.48,175.20,0.5540,-1,-1,-1
843,76,556.41,118.29,63.08,168.55,0.1615,-1,-1,-1
843,78,470.06,111.09,63.26,202.31,0.3011,-1,-1,-1
843,80,805.94,137.09,62.12,174.91,0.3590,-1,-1,-1
844,4,1719.12,454.17,78.44,211.23,0.7412,-1,-1,-1
844,62,261.04,587.78,83.49,235.41,0.7974,-1,-1,-1
844,3,867.05,943.41,80.06,136.13,0.7208,-1,-1,-1
844,66,1571.38,592.70,104.04,232.02,0.6321,-1,-1,-1
844,70,937.65,536.66,65.56,233.26,0.7891,-1,-1,-1
844,71,1022.40,516.15,75.00,232.09,0.7795,-1,-1,-1
844,68,438.16,281.65,58.50,187.41,0.6716,-1,-1,-1
844,74,361.62,281.29,63.90,180.08,0.5285,-1,-1,-1
844,76,556.31,119.14,60.61,169.72,0.2203,-1,-1,-1
844,78,469.54,111.68,63.48,201.36,0.3061,-1,-1,-1
844,80,806.11,137.10,62.53,174.56,0.3834,-1,-1,-1
845,4,1718.26,455.85,78.81,208.85,0.7514,-1,-1,-1
845,62,260.96,588.50,83.61,235.40,0.7995,-1,-1,-1
845,3,866.66,943.49,80.67,136.00,0.7120,-1,-1,-1
845,66,1570.81,592.79,103.84,231.61,0.6418,-1,-1,-1
845,70,936.36,535.85,66.27,233.83,0.7750,-1,-1,-1
845,71,1021.49,516.17,73.52,229.79,0.7743,-1,-1,-1
845,68,438.50,281.37,57.81,188.03,0.6712,-1,-1,-1
845,74,360.91,282.53,64.02,181.42,0.5546,-1,-1,-1
845,76,555.75,120.27,63.16,168.37,0.1399,-1,-1,-1
845,78,468.51,113.12,64.19,202.55,0.1841,-1,-1,-1
845,80,805.85,137.41,63.29,174.29,0.3504,-1,-1,-1
846,4,1718.08,455.90,79.08,208.41,0.7434,-1,-1,-1
846,62,260.71,589.60,84.21,236.39,0.7939,-1,-1,-1
846,3,866.47,944.26,81.14,135.12,0.7197,-1,-1,-1
846,66,1570.26,594.51,104.24,229.86,0.6630,-1,-1,-1
846,70,934.72,535.09,66.79,232.83,0.7835,-1,-1,-1
846,71,1020.22,515.43,73.76,229.15,0.7743,-1,-1,-1
846,68,438.65,282.25,57.25,187.06,0.6581,-1,-1,-1
846,74,359.27,283.97,65.40,181.90,0.5688,-1,-1,-1
846,76,556.03,120.00,60.69,169.05,0.2048,-1,-1,-1
846,78,468.31,115.18,65.23,200.67,0.2123,-1,-1,-1
846,80,805.99,137.40,63.29,174.89,0.3674,-1,-1,-1
847,4,1717.73,454.62,79.93,210.12,0.7454,-1,-1,-1
847,62,260.59,592.57,84.61,236.38,0.7786,-1,-1,-1
847,3,866.70,944.55,81.88,134.94,0.6938,-1,-1,-1
847,66,1569.93,594.04,104.47,230.05,0.6545,-1,-1,-1
847,70,933.56,534.17,66.91,231.16,0.7623,-1,-1,-1
847,71,1018.89,513.26,73.23,232.38,0.7548,-1,-1,-1
847,68,439.06,281.95,56.39,186.49,0.6359,-1,-1,-1
847,74,358.91,287.25,65.52,180.44,0.5599,-1,-1,-1
847,76,556.03,119.56,61.51,169.05,0.1867,-1,-1,-1
847,78,467.72,118.27,67.98,199.15,0.1677,-1,-1,-1
847,80,803.57,137.95,67.32,174.66,0.3744,-1,-1,-1
848,4,1717.65,453.42,79.22,211.19,0.7519,-1,-1,-1
848,62,261.28,595.12,84.04,237.41,0.7984,-1,-1,-1
848,3,866.47,944.63,82.30,134.74,0.7062,-1,-1,-1
848,66,1570.15,593.80,104.60,230.01,0.6401,-1,-1,-1
848,70,932.68,532.71,66.56,230.54,0.7651,-1,-1,-1
848,71,1017.57,511.20,72.03,228.82,0.7525,-1,-1,-1
848,68,437.81,281.09,57.07,187.75,0.6348,-1,-1,-1
848,74,357.87,288.35,65.69,180.47,0.5680,-1,-1,-1
848,76,556.39,121.23,60.93,167.20,0.2265,-1,-1,-1
848,78,468.94,118.48,67.11,190.84,0.2095,-1,-1,-1
848,80,803.85,138.86,68.21,173.49,0.3565,-1,-1,-1
849,4,1717.76,453.49,79.45,211.12,0.7520,-1,-1,-1
849,62,261.53,597.22,84.14,240.92,0.7930,-1,-1,-1
849,3,866.40,945.10,82.97,134.16,0.6869,-1,-1,-1
849,66,1571.97,594.41,102.94,229.84,0.6753,-1,-1,-1
849,70,931.87,530.49,65.77,231.01,0.7692,-1,-1,-1
849,71,1015.79,509.35,69.38,224.13,0.7447,-1,-1,-1
849,68,437.20,280.13,56.95,188.85,0.6427,-1,-1,-1
849,74,356.08,292.54,67.27,178.23,0.6082,-1,-1,-1
849,76,556.16,119.80,61.54,168.02,0.1229,-1,-1,-1
849,78,469.25,117.19,67.07,189.81,0.2018,-1,-1,-1
849,80,805.75,138.04,66.15,174.01,0.3704,-1,-1,-1
850,4,1718.25,453.30,78.98,212.62,0.7482,-1,-1,-1
850,62,261.69,599.32,84.38,241.40,0.7985,-1,-1,-1
850,3,866.90,945.13,82.93,133.80,0.6974,-1,-1,-1
850,66,1572.49,594.86,102.99,229.43,0.6768,-1,-1,-1
850,70,931.41,527.98,64.32,231.95,0.7859,-1,-1,-1
850,71,1013.79,506.69,68.02,224.08,0.8031,-1,-1,-1
850,68,437.60,277.79,59.33,194.10,0.6309,-1,-1,-1
850,74,353.75,295.98,69.55,176.63,0.5993,-1,-1,-1
850,76,555.89,121.86,61.71,165.51,0.1588,-1,-1,-1
850,78,469.15,120.23,65.16,189.18,0.2560,-1,-1,-1
850,80,806.93,137.77,65.14,174.26,0.3724,-1,-1,-1
851,4,1717.76,452.91,78.68,211.50,0.7407,-1,-1,-1
851,62,261.89,600.94,84.59,242.63,0.8083,-1,-1,-1
851,3,867.58,945.14,83.57,133.73,0.7021,-1,-1,-1
851,66,1572.45,593.95,103.15,230.34,0.6590,-1,-1,-1
851,70,929.68,525.81,64.58,234.25,0.7966,-1,-1,-1
851,71,1009.73,504.04,69.28,224.64,0.8157,-1,-1,-1
851,68,437.98,283.02,57.91,191.85,0.6276,-1,-1,-1
851,74,351.81,298.34,70.94,174.82,0.5639,-1,-1,-1
851,76,555.88,121.46,61.01,165.61,0.1863,-1,-1,-1
851,78,469.16,123.02,63.38,189.59,0.3289,-1,-1,-1
851,80,804.95,138.76,67.90,172.91,0.3804,-1,-1,-1
852,4,1717.50,455.29,79.40,209.40,0.7367,-1,-1,-1
852,62,263.46,603.27,83.60,243.51,0.8042,-1,-1,-1
852,3,868.39,945.15,83.59,133.80,0.7008,-1,-1,-1
852,66,1571.35,593.79,104.53,230.39,0.6423,-1,-1,-1
852,70,928.61,523.25,63.81,222.47,0.7426,-1,-1,-1
852,71,1007.38,502.01,69.24,225.66,0.8067,-1,-1,-1
852,68,437.76,287.21,56.14,189.47,0.5885,-1,-1,-1
852,74,349.84,298.93,72.50,175.25,0.5338,-1,-1,-1
852,76,555.84,121.70,59.56,166.32,0.1288,-1,-1,-1
852,78,468.00,124.03,63.87,188.65,0.4052,-1,-1,-1
852,80,807.44,138.03,65.04,173.46,0.3584,-1,-1,-1
853,4,1718.59,454.00,78.87,210.69,0.7236,-1,-1,-1
853,62,264.43,605.88,83.94,243.92,0.8003,-1,-1,-1
853,3,868.64,945.19,83.44,133.98,0.6998,-1,-1,-1
853,66,1570.87,593.34,104.26,230.95,0.6007,-1,-1,-1
853,70,926.97,520.81,65.15,213.84,0.7779,-1,-1,-1
853,71,1003.55,500.41,71.21,226.73,0.8231,-1,-1,-1
853,68,437.12,290.42,57.56,188.95,0.5942,-1,-1,-1
853,74,347.71,298.46,73.88,176.55,0.4830,-1,-1,-1
853,76,555.48,119.82,60.03,168.92,0.1413,-1,-1,-1
853,78,465.53,123.96,65.92,192.31,0.4543,-1,-1,-1
853,80,807.40,137.86,64.56,174.52,0.3890,-1,-1,-1
854,4,1717.56,456.00,79.83,208.46,0.7261,-1,-1,-1
854,62,264.67,607.10,84.58,245.36,0.8175,-1,-1,-1
854,3,868.74,944.97,83.80,133.99,0.7023,-1,-1,-1
854,66,1569.15,593.95,106.05,230.27,0.5999,-1,-1,-1
854,70,926.49,518.22,65.49,217.45,0.7967,-1,-1,-1
854,71,998.67,498.75,75.12,228.66,0.8228,-1,-1,-1
854,68,437.20,289.73,57.59,192.76,0.6084,-1,-1,-1
854,74,347.07,297.50,73.49,177.69,0.4767,-1,-1,-1
854,76,555.55,120.36,61.64,169.03,0.1452,-1,-1,-1
854,78,463.18,122.88,67.93,196.11,0.4866,-1,-1,-1
854,80,807.50,137.81,64.59,174.60,0.3739,-1,-1,-1
855,4,1717.29,456.48,80.07,207.81,0.7336,-1,-1,-1
855,62,266.11,608.72,84.05,246.01,0.8214,-1,-1,-1
855,3,869.58,944.63,83.20,134.24,0.7195,-1,-1,-1
855,66,1569.88,593.11,105.33,231.12,0.6227,-1,-1,-1
855,70,925.97,515.56,65.08,219.95,0.7904,-1,-1,-1
855,71,996.84,496.87,76.48,230.78,0.7963,-1,-1,-1
855,68,436.29,290.74,58.42,194.10,0.6364,-1,-1,-1
855,74,344.43,300.01,74.91,175.58,0.4915,-1,-1,-1
855,76,556.46,120.04,59.57,169.79,0.1728,-1,-1,-1
855,78,464.58,124.14,66.30,197.16,0.5021,-1,-1,-1
855,80,807.15,137.68,65.03,175.85,0.3574,-1,-1,-1
856,4,1717.30,456.98,80.41,208.75,0.7428,-1,-1,-1
856,62,266.99,610.19,83.97,244.31,0.8048,-1,-1,-1
856,3,871.36,944.49,82.06,134.17,0.7284,-1,-1,-1
856,66,1570.87,592.35,105.01,232.13,0.6383,-1,-1,-1
856,70,925.08,512.61,65.26,222.26,0.8040,-1,-1,-1
856,71,995.20,495.27,78.93,232.78,0.8202,-1,-1,-1
856,68,435.73,292.20,58.39,195.18,0.6013,-1,-1,-1
856,74,343.97,299.81,74.28,176.72,0.4824,-1,-1,-1
856,76,555.69,115.64,61.24,173.11,0.1190,-1,-1,-1
856,78,466.45,125.20,63.98,196.26,0.4602,-1,-1,-1
856,80,807.14,137.27,64.70,175.55,0.3599,-1,-1,-1
857,4,1718.04,455.54,79.23,211.55,0.7293,-1,-1,-1
857,62,268.49,611.07,83.17,242.55,0.7872,-1,-1,-1
857,3,872.57,943.91,80.77,134.67,0.7172,-1,-1,-1
857,66,1571.64,592.39,104.70,232.12,0.6289,-1,-1,-1
857,70,922.18,510.89,66.46,224.66,0.7819,-1,-1,-1
857,71,994.64,494.54,80.28,234.26,0.8034,-1,-1,-1
857,68,435.07,293.83,59.10,195.21,0.6069,-1,-1,-1
857,74,347.50,303.34,69.21,171.60,0.5089,-1,-1,-1
857,78,467.83,127.82,62.47,196.44,0.4170,-1,-1,-1
857,80,807.61,137.44,63.96,174.74,0.3360,-1,-1,-1
858,4,1717.14,456.94,80.12,209.46,0.7340,-1,-1,-1
858,62,269.82,611.89,82.80,242.39,0.7962,-1,-1,-1
858,3,873.46,943.59,80.36,135.16,0.7255,-1,-1,-1
858,66,1572.75,594.00,103.34,230.45,0.6804,-1,-1,-1
858,70,920.56,509.74,66.66,224.27,0.7668,-1,-1,-1
858,71,991.59,493.88,83.65,235.12,0.7997,-1,-1,-1
858,68,433.19,294.23,63.47,194.76,0.5712,-1,-1,-1
858,74,346.02,304.23,71.82,172.59,0.5352,-1,-1,-1
858,78,468.05,130.06,62.48,195.82,0.3979,-1,-1,-1
858,80,806.49,137.41,65.05,173.73,0.3390,-1,-1,-1
859,4,1715.78,457.41,81.47,209.63,0.7308,-1,-1,-1
859,62,269.70,611.67,84.18,243.36,0.8008,-1,-1,-1
859,3,874.62,943.78,79.71,135.23,0.7379,-1,-1,-1
859,66,1572.99,593.88,103.51,230.69,0.6460,-1,-1,-1
859,70,918.62,507.28,66.71,226.86,0.7696,-1,-1,-1
859,71,991.36,493.95,84.19,234.69,0.7927,-1,-1,-1
859,68,434.43,298.25,61.13,190.27,0.5971,-1,-1,-1
859,74,345.61,303.93,72.96,173.58,0.5205,-1,-1,-1
859,78,469.46,132.38,61.91,194.93,0.3143,-1,-1,-1
859,80,807.17,137.26,64.31,173.81,0.3454,-1,-1,-1
860,4,1715.62,456.69,81.42,209.91,0.7424,-1,-1,-1
860,62,270.03,612.07,84.70,242.33,0.8106,-1,-1,-1
860,3,875.38,942.76,79.59,136.59,0.7249,-1,-1,-1
860,66,1572.72,593.54,104.19,230.66,0.6052,-1,-1,-1
860,70,916.81,505.47,66.81,228.52,0.7682,-1,-1,-1
860,71,989.10,493.46,86.60,234.96,0.7726,-1,-1,-1
860,68,434.17,300.12,60.08,189.11,0.6099,-1,-1,-1
860,74,345.47,302.02,73.42,176.98,0.5333,-1,-1,-1
860,78,468.92,132.96,63.06,195.18,0.4127,-1,-1,-1
860,80,806.49,137.61,64.88,172.89,0.3372,-1,-1,-1
860,82,1403.41,1017.42,68.76,62.41,0.5021,-1,-1,-1
861,4,1715.13,456.49,82.24,209.73,0.7502,-1,-1,-1
861,62,270.14,613.11,85.67,241.17,0.8141,-1,-1,-1
861,3,876.47,942.91,79.93,136.90,0.7457,-1,-1,-1
861,66,1572.36,597.01,103.34,227.23,0.6541,-1,-1,-1
861,70,915.29,503.27,66.58,231.27,0.7792,-1,-1,-1
861,71,988.15,492.71,87.79,234.77,0.7825,-1,-1,-1
861,68,432.03,300.40,63.08,188.53,0.5885,-1,-1,-1
861,74,347.16,302.46,69.20,178.04,0.5316,-1,-1,-1
861,78,469.08,132.85,63.56,195.82,0.4183,-1,-1,-1
861,80,806.23,137.58,64.92,173.11,0.3155,-1,-1,-1
861,82,1400.65,1015.57,73.78,64.38,0.5852,-1,-1,-1
862,4,1715.64,456.61,82.14,210.26,0.7354,-1,-1,-1
862,62,270.16,613.26,85.52,240.50,0.8133,-1,-1,-1
862,3,877.71,943.55,78.98,136.46,0.7283,-1,-1,-1
862,66,1571.94,597.01,104.32,226.97,0.6380,-1,-1,-1
862,70,914.49,501.91,66.14,233.25,0.7651,-1,-1,-1
862,71,988.05,491.34,86.06,234.49,0.7788,-1,-1,-1
862,68,432.93,300.11,60.88,187.53,0.5818,-1,-1,-1
862,74,347.77,303.20,67.82,180.37,0.4917,-1,-1,-1
862,78,470.29,133.17,64.05,196.32,0.4270,-1,-1,-1
862,80,806.92,137.45,63.88,174.08,0.3178,-1,-1,-1
862,82,1394.48,1012.94,80.10,67.07,0.6171,-1,-1,-1
863,4,1716.10,456.59,81.64,210.33,0.7412,-1,-1,-1
863,62,270.32,613.65,85.74,240.63,0.8160,-1,-1,-1
863,3,879.31,942.77,78.28,136.98,0.7321,-1,-1,-1
863,66,1571.66,595.30,104.79,228.54,0.6396,-1,-1,-1
863,70,913.14,500.81,66.07,233.01,0.7730,-1,-1,-1
863,71,988.44,489.35,85.48,235.00,0.7992,-1,-1,-1
863,68,432.71,301.06,60.61,187.34,0.5948,-1,-1,-1
863,74,346.98,306.68,68.05,180.41,0.5692,-1,-1,-1
863,78,471.31,134.14,64.90,193.87,0.3790,-1,-1,-1
863,80,805.84,138.09,64.83,173.08,0.2907,-1,-1,-1
863,82,1390.50,1009.84,82.89,70.17,0.6324,-1,-1,-1
864,4,1716.20,457.12,82.10,209.98,0.7389,-1,-1,-1
864,62,270.92,614.89,85.67,240.06,0.8133,-1,-1,-1
864,3,880.64,942.55,78.27,137.07,0.7422,-1,-1,-1
864,66,1572.36,594.58,104.53,229.15,0.6338,-1,-1,-1
864,70,912.58,500.14,65.66,232.64,0.7635,-1,-1,-1
864,71,986.53,486.74,85.18,235.96,0.8030,-1,-1,-1
864,68,432.50,302.39,61.54,187.04,0.5664,-1,-1,-1
864,74,346.74,309.22,67.34,179.27,0.5451,-1,-1,-1
864,78,472.36,136.53,64.57,189.80,0.3038,-1,-1,-1
864,80,805.92,138.18,64.95,173.17,0.2932,-1,-1,-1
864,82,1387.13,1005.81,85.56,74.21,0.6629,-1,-1,-1
864,83,1083.80,0.01,57.41,126.59,0.3951,-1,-1,-1
865,4,1716.89,456.82,81.35,208.68,0.7301,-1,-1,-1
865,62,272.39,617.36,84.65,243.11,0.8342,-1,-1,-1
865,3,882.02,942.64,78.52,137.24,0.7300,-1,-1,-1
865,66,1572.01,594.26,104.97,229.57,0.6471,-1,-1,-1
865,70,911.23,498.89,65.49,229.68,0.7620,-1,-1,-1
865,71,985.80,484.46,84.32,235.90,0.7994,-1,-1,-1
865,68,432.23,303.14,62.38,186.91,0.5807,-1,-1,-1
865,74,346.64,311.86,69.06,179.06,0.5938,-1,-1,-1
865,78,472.43,138.20,64.61,186.74,0.2995,-1,-1,-1
865,80,806.71,137.61,63.52,173.63,0.2982,-1,-1,-1
865,82,1384.36,1001.82,88.98,78.14,0.6825,-1,-1,-1
865,83,1084.55,1.11,57.53,127.63,0.3846,-1,-1,-1
866,4,1717.83,456.93,80.44,208.86,0.7195,-1,-1,-1
866,62,273.38,619.51,83.97,246.73,0.8294,-1,-1,-1
866,3,883.28,942.61,79.47,137.37,0.7354,-1,-1,-1
866,66,1572.16,594.31,104.99,229.29,0.6126,-1,-1,-1
866,70,909.66,497.37,66.10,227.42,0.7879,-1,-1,-1
866,71,984.79,481.84,84.03,234.54,0.7924,-1,-1,-1
866,68,432.23,303.99,62.66,186.34,0.5394,-1,-1,-1
866,74,345.33,313.69,70.89,178.17,0.5720,-1,-1,-1
866,78,472.08,138.67,64.39,185.83,0.3209,-1,-1,-1
866,80,805.69,137.55,64.48,172.72,0.3059,-1,-1,-1
866,82,1381.78,998.22,91.63,81.76,0.6804,-1,-1,-1
866,83,1085.54,1.30,57.51,130.99,0.3089,-1,-1,-1
867,4,1718.10,456.95,80.22,209.75,0.7130,-1,-1,-1
867,62,273.92,620.77,84.05,249.85,0.8261,-1,-1,-1
867,3,885.64,941.97,79.03,138.02,0.7371,-1,-1,-1
867,66,1572.40,593.34,104.61,230.30,0.6158,-1,-1,-1
867,70,907.23,496.15,67.73,223.06,0.7791,-1,-1,-1
867,71,984.20,478.75,83.06,230.52,0.7732,-1,-1,-1
867,68,432.39,301.76,60.65,189.55,0.5465,-1,-1,-1
867,74,345.09,317.49,70.20,175.70,0.5582,-1,-1,-1
867,78,471.96,138.14,63.22,185.64,0.3146,-1,-1,-1
867,80,805.08,137.43,64.32,172.47,0.3255,-1,-1,-1
867,82,1380.26,994.26,93.27,85.73,0.6755,-1,-1,-1
867,83,1086.11,0.43,57.34,133.43,0.3158,-1,-1,-1
868,4,1718.31,456.89,79.35,209.16,0.7020,-1,-1,-1
868,62,273.28,622.11,85.31,252.43,0.8356,-1,-1,-1
868,3,888.02,941.57,78.76,138.45,0.7426,-1,-1,-1
868,66,1573.31,592.68,103.05,230.67,0.6526,-1,-1,-1
868,70,904.90,494.71,68.96,219.72,0.7652,-1,-1,-1
868,71,985.71,475.98,79.31,224.41,0.7793,-1,-1,-1
868,68,432.74,300.97,58.84,194.93,0.5583,-1,-1,-1
868,74,344.84,318.33,69.72,175.13,0.5313,-1,-1,-1
868,78,470.63,138.78,64.38,183.02,0.2258,-1,-1,-1
868,80,805.29,137.87,64.21,173.01,0.2842,-1,-1,-1
868,82,1379.11,988.92,94.43,91.07,0.6574,-1,-1,-1
868,83,1087.26,0.11,54.83,135.29,0.3574,-1,-1,-1
869,4,1718.32,457.19,79.79,208.84,0.7088,-1,-1,-1
869,62,273.52,624.66,85.63,250.29,0.8312,-1,-1,-1
869,3,891.57,941.02,77.92,139.00,0.7291,-1,-1,-1
869,66,1573.26,593.76,103.33,229.67,0.6356,-1,-1,-1
869,70,903.17,492.75,70.32,214.86,0.7704,-1,-1,-1
869,71,987.01,473.38,75.91,223.98,0.7588,-1,-1,-1
869,68,432.23,301.83,60.34,198.01,0.4980,-1,-1,-1
869,74,346.11,316.12,68.66,176.95,0.4887,-1,-1,-1
869,78,469.29,139.27,64.98,178.03,0.2411,-1,-1,-1
869,80,805.84,137.59,63.85,174.14,0.2824,-1,-1,-1
869,82,1378.91,984.78,94.10,95.19,0.6839,-1,-1,-1
869,83,1087.76,0.42,53.68,135.09,0.3376,-1,-1,-1
870,4,1718.03,457.79,80.14,206.73,0.7184,-1,-1,-1
870,62,273.94,627.23,85.78,251.24,0.8334,-1,-1,-1
870,3,894.05,940.70,76.91,139.26,0.7350,-1,-1,-1
870,66,1573.95,594.43,102.53,229.30,0.6507,-1,-1,-1
870,70,901.42,490.92,70.44,214.86,0.7288,-1,-1,-1
870,71,988.68,471.99,71.52,223.30,0.7479,-1,-1,-1
870,68,433.86,311.22,57.66,193.33,0.5621,-1,-1,-1
870,74,354.73,318.24,61.49,173.20,0.5095,-1,-1,-1
870,78,467.42,139.39,66.94,175.66,0.2071,-1,-1,-1
870,80,806.86,137.22,62.64,174.87,0.2737,-1,-1,-1
870,82,1378.63,982.32,93.84,97.64,0.7184,-1,-1,-1
870,83,1087.99,0.10,52.43,135.34,0.3204,-1,-1,-1
871,4,1717.66,457.62,80.56,207.88,0.7024,-1,-1,-1
871,62,275.04,630.06,85.69,253.68,0.8329,-1,-1,-1
871,3,896.57,941.40,75.55,138.65,0.7383,-1,-1,-1
871,66,1573.81,594.63,102.23,229.73,0.6152,-1,-1,-1
871,70,899.81,488.71,70.59,215.18,0.7345,-1,-1,-1
871,71,989.24,469.87,68.73,224.64,0.7531,-1,-1,-1
871,68,434.68,314.81,55.87,191.40,0.5787,-1,-1,-1
871,74,355.66,316.81,59.54,175.45,0.4938,-1,-1,-1
871,78,467.93,142.54,67.36,185.25,0.2088,-1,-1,-1
871,80,806.51,137.40,62.48,175.43,0.2903,-1,-1,-1
871,82,1377.40,979.70,94.40,100.32,0.7134,-1,-1,-1
871,83,1088.15,0.05,51.49,134.92,0.3006,-1,-1,-1
872,4,1717.30,457.95,80.83,208.13,0.7101,-1,-1,-1
872,62,276.80,632.70,83.71,254.93,0.8345,-1,-1,-1
872,3,898.13,941.55,76.02,138.53,0.7319,-1,-1,-1
872,66,1572.22,595.55,103.73,228.82,0.6097,-1,-1,-1
872,70,898.26,487.39,70.94,216.43,0.7402,-1,-1,-1
872,71,988.83,468.38,67.47,225.83,0.7477,-1,-1,-1
872,68,434.43,317.38,55.06,191.68,0.5833,-1,-1,-1
872,74,355.90,314.65,58.41,178.35,0.4973,-1,-1,-1
872,78,463.99,142.20,71.66,195.66,0.2777,-1,-1,-1
872,80,806.14,137.90,62.88,175.36,0.2937,-1,-1,-1
872,82,1375.42,976.62,96.13,103.42,0.7117,-1,-1,-1
872,83,1087.63,0.02,51.99,136.88,0.3737,-1,-1,-1
873,4,1717.15,458.12,80.73,207.90,0.7080,-1,-1,-1
873,62,277.10,634.15,83.84,255.43,0.8348,-1,-1,-1
873,3,900.17,941.56,76.19,138.50,0.7335,-1,-1,-1
873,66,1571.38,596.07,104.75,228.11,0.5866,-1,-1,-1
873,70,897.79,486.38,70.72,219.09,0.7343,-1,-1,-1
873,71,989.22,467.64,66.20,225.21,0.7412,-1,-1,-1
873,68,433.78,317.31,56.94,193.39,0.6029,-1,-1,-1
873,74,355.98,314.89,57.99,177.66,0.5168,-1,-1,-1
873,78,464.87,141.64,70.48,198.19,0.2949,-1,-1,-1
873,80,805.91,137.95,62.59,174.25,0.2890,-1,-1,-1
873,82,1373.32,974.54,97.14,105.49,0.7210,-1,-1,-1
873,83,1087.42,1.51,52.81,140.85,0.3505,-1,-1,-1
874,4,1718.09,458.35,79.80,208.04,0.6924,-1,-1,-1
874,62,277.29,635.17,84.97,255.10,0.8304,-1,-1,-1
874,3,900.72,941.01,76.87,138.98,0.7366,-1,-1,-1
874,66,1572.13,596.97,104.45,227.26,0.6298,-1,-1,-1
874,70,897.63,484.13,70.07,221.02,0.7175,-1,-1,-1
874,71,989.58,467.17,65.74,224.96,0.7300,-1,-1,-1
874,68,432.27,315.03,58.72,195.83,0.6155,-1,-1,-1
874,74,355.55,315.26,56.89,177.69,0.5340,-1,-1,-1
874,78,467.11,143.15,69.48,198.00,0.2872,-1,-1,-1
874,80,804.74,137.63,63.02,174.06,0.2804,-1,-1,-1
874,82,1371.31,973.48,97.71,106.54,0.7276,-1,-1,-1
874,83,1087.37,1.20,54.20,141.54,0.3402,-1,-1,-1
875,4,1717.96,458.47,79.55,207.26,0.6881,-1,-1,-1
875,62,279.19,635.87,83.70,253.93,0.8215,-1,-1,-1
875,3,902.28,940.32,76.50,139.69,0.7270,-1,-1,-1
875,66,1572.51,597.28,104.14,226.55,0.6244,-1,-1,-1
875,70,896.28,482.97,69.62,220.99,0.7285,-1,-1,-1
875,71,989.85,466.86,65.31,225.14,0.7283,-1,-1,-1
875,68,431.82,313.45,59.75,197.89,0.5709,-1,-1,-1
875,74,355.18,317.89,57.71,175.67,0.5192,-1,-1,-1
875,78,468.38,144.98,68.81,198.31,0.2619,-1,-1,-1
875,80,804.41,137.74,62.82,174.11,0.2884,-1,-1,-1
875,82,1369.98,971.92,97.43,108.09,0.7072,-1,-1,-1
875,83,1086.91,0.46,55.95,143.56,0.2980,-1,-1,-1
876,4,1718.55,458.07,79.19,207.55,0.6895,-1,-1,-1
876,62,279.89,636.44,84.63,253.75,0.8137,-1,-1,-1
876,3,902.46,940.08,78.08,139.94,0.7458,-1,-1,-1
876,66,1572.95,598.20,102.73,225.58,0.6197,-1,-1,-1
876,70,895.70,482.33,68.83,222.38,0.7299,-1,-1,-1
876,71,989.40,466.95,65.13,225.98,0.7277,-1,-1,-1
876,68,431.84,314.03,59.86,196.77,0.5743,-1,-1,-1
876,74,353.78,319.21,60.65,175.93,0.4857,-1,-1,-1
876,78,468.43,145.75,68.75,195.26,0.2934,-1,-1,-1
876,80,804.28,137.29,62.45,173.35,0.2768,-1,-1,-1
876,82,1367.76,970.62,97.76,109.37,0.7048,-1,-1,-1
876,83,1086.84,0.19,57.13,146.21,0.3061,-1,-1,-1
877,4,1718.56,458.07,79.41,207.59,0.6722,-1,-1,-1
877,62,281.12,637.53,83.04,253.10,0.7987,-1,-1,-1
877,3,903.03,939.45,78.25,140.55,0.7298,-1,-1,-1
877,66,1573.15,597.79,103.04,226.17,0.6011,-1,-1,-1
877,70,895.36,482.16,68.72,223.13,0.7212,-1,-1,-1
877,71,987.72,466.15,66.23,226.90,0.7179,-1,-1,-1
877,68,431.15,314.36,61.09,195.75,0.5503,-1,-1,-1
877,74,353.67,321.06,60.38,177.47,0.5164,-1,-1,-1
877,78,469.09,148.11,68.47,190.85,0.2864,-1,-1,-1
877,80,805.66,136.91,60.66,173.99,0.2806,-1,-1,-1
877,82,1365.56,968.44,98.53,111.56,0.6993,-1,-1,-1
877,83,1086.54,0.06,58.43,148.59,0.3408,-1,-1,-1
878,4,1719.18,457.68,78.41,207.52,0.6348,-1,-1,-1
878,62,282.37,638.88,84.12,251.98,0.7850,-1,-1,-1
878,3,903.87,939.20,79.50,140.79,0.7349,-1,-1,-1
878,66,1573.74,597.32,102.44,226.98,0.5762,-1,-1,-1
878,70,895.08,480.77,67.79,224.06,0.7169,-1,-1,-1
878,71,987.20,465.16,65.87,226.75,0.7103,-1,-1,-1
878,68,430.01,316.28,61.39,194.33,0.5511,-1,-1,-1
878,74,354.88,321.56,58.84,181.13,0.4853,-1,-1,-1
878,78,469.59,148.70,67.97,190.43,0.1958,-1,-1,-1
878,80,806.57,136.53,59.59,174.96,0.2770,-1,-1,-1
878,82,1362.19,966.18,101.19,113.81,0.7178,-1,-1,-1
878,83,1086.01,0.02,59.87,149.71,0.4427,-1,-1,-1
879,4,1719.28,457.23,78.35,207.95,0.6268,-1,-1,-1
879,62,283.17,640.37,85.22,250.56,0.7807,-1,-1,-1
879,3,903.85,938.97,80.45,141.01,0.7361,-1,-1,-1
879,66,1573.84,599.02,101.31,225.60,0.5909,-1,-1,-1
879,70,894.52,480.39,66.90,223.53,0.7189,-1,-1,-1
879,71,985.23,464.43,66.52,226.48,0.6852,-1,-1,-1
879,68,429.18,314.42,61.73,196.58,0.5044,-1,-1,-1
879,74,353.19,323.04,60.49,182.88,0.4128,-1,-1,-1
879,78,470.87,153.44,67.99,173.93,0.1789,-1,-1,-1
879,80,807.67,136.32,58.16,175.45,0.2869,-1,-1,-1
879,82,1361.13,963.65,101.40,116.32,0.7321,-1,-1,-1
879,83,1085.93,0.01,60.47,152.17,0.4383,-1,-1,-1
879,84,1772.22,681.39,66.07,246.06,0.3979,-1,-1,-1
880,4,1719.96,457.28,77.45,207.86,0.6361,-1,-1,-1
880,62,284.36,641.47,84.06,249.57,0.7549,-1,-1,-1
880,3,904.91,938.17,80.10,141.82,0.7403,-1,-1,-1
880,66,1574.24,597.59,101.00,226.46,0.6107,-1,-1,-1
880,70,894.18,478.63,66.79,223.40,0.6963,-1,-1,-1
880,71,984.05,462.74,66.70,225.61,0.6941,-1,-1,-1
880,68,428.34,317.85,62.39,191.96,0.5745,-1,-1,-1
880,74,342.69,323.48,71.54,184.69,0.4249,-1,-1,-1
880,78,470.11,156.30,69.65,162.77,0.1360,-1,-1,-1
880,80,807.24,136.54,58.20,176.61,0.2797,-1,-1,-1
880,82,1361.08,960.42,101.09,119.54,0.7308,-1,-1,-1
880,83,1086.05,0.00,61.17,154.14,0.3934,-1,-1,-1
880,84,1769.33,680.40,67.21,257.22,0.4023,-1,-1,-1
881,4,1719.81,457.52,78.12,208.00,0.6278,-1,-1,-1
881,62,285.02,642.43,85.07,248.54,0.7754,-1,-1,-1
881,3,905.07,937.75,80.66,142.23,0.7478,-1,-1,-1
881,66,1573.60,598.55,102.06,225.78,0.5643,-1,-1,-1
881,70,894.16,477.11,66.01,221.63,0.6613,-1,-1,-1
881,71,982.72,460.33,65.77,224.17,0.7034,-1,-1,-1
881,68,428.32,319.90,61.46,189.50,0.5264,-1,-1,-1
881,74,339.45,324.63,73.88,187.12,0.4006,-1,-1,-1
881,78,469.02,157.98,71.41,163.98,0.1591,-1,-1,-1
881,80,807.16,136.97,57.83,175.12,0.2911,-1,-1,-1
881,82,1360.14,957.26,100.30,122.75,0.7436,-1,-1,-1
881,83,1087.35,0.01,60.18,155.87,0.3398,-1,-1,-1
881,84,1767.25,680.98,69.93,257.62,0.3957,-1,-1,-1
882,4,1720.40,457.74,76.94,208.11,0.6414,-1,-1,-1
882,62,285.58,643.70,85.83,247.36,0.7641,-1,-1,-1
882,3,905.35,937.27,81.48,142.71,0.7535,-1,-1,-1
882,66,1574.44,597.75,101.06,226.54,0.6030,-1,-1,-1
882,70,893.85,474.75,65.31,224.78,0.6657,-1,-1,-1
882,71,980.99,457.18,65.33,222.44,0.6953,-1,-1,-1
882,68,428.59,321.15,60.79,187.85,0.5302,-1,-1,-1
882,74,338.08,328.06,74.13,185.19,0.3440,-1,-1,-1
882,78,469.16,159.07,70.47,158.43,0.1646,-1,-1,-1
882,80,807.50,137.58,57.00,175.30,0.3035,-1,-1,-1
882,82,1358.98,952.86,99.72,127.10,0.7454,-1,-1,-1
882,83,1087.70,0.01,61.75,156.53,0.2642,-1,-1,-1
882,84,1764.15,681.26,71.60,253.15,0.4362,-1,-1,-1
883,4,1721.31,457.84,76.31,207.83,0.6435,-1,-1,-1
883,62,286.13,645.21,86.79,246.15,0.7838,-1,-1,-1
883,3,905.12,937.05,81.74,142.97,0.7434,-1,-1,-1
883,66,1575.04,597.12,99.55,227.13,0.5788,-1,-1,-1
883,70,893.34,471.57,64.16,212.73,0.6735,-1,-1,-1
883,71,979.31,454.71,65.98,219.64,0.7288,-1,-1,-1
883,68,427.38,320.54,61.73,187.98,0.5487,-1,-1,-1
883,74,336.38,331.01,75.46,183.19,0.4039,-1,-1,-1
883,78,468.74,159.97,70.49,175.89,0.2995,-1,-1,-1
883,80,806.56,137.03,57.82,174.00,0.2916,-1,-1,-1
883,82,1358.19,949.14,98.64,130.35,0.7890,-1,-1,-1
883,83,1090.29,0.44,63.90,157.88,0.1528,-1,-1,-1
883,84,1762.77,682.87,73.24,246.13,0.4763,-1,-1,-1
884,4,1722.10,457.72,75.24,207.81,0.6224,-1,-1,-1
884,62,286.98,647.77,86.29,244.31,0.7818,-1,-1,-1
884,3,905.86,937.67,81.74,142.29,0.7342,-1,-1,-1
884,66,1575.91,597.85,98.60,226.50,0.5566,-1,-1,-1
884,70,892.34,467.73,62.98,217.18,0.6513,-1,-1,-1
884,71,976.83,452.06,66.86,219.36,0.6875,-1,-1,-1
884,68,427.60,320.04,60.61,190.28,0.5487,-1,-1,-1
884,74,333.72,334.11,77.24,180.45,0.3963,-1,-1,-1
884,78,468.79,160.25,69.38,183.19,0.2425,-1,-1,-1
884,80,805.54,136.42,58.67,175.82,0.2873,-1,-1,-1
884,82,1356.82,944.35,97.05,134.63,0.7979,-1,-1,-1
884,83,1091.69,0.91,64.12,158.64,0.1553,-1,-1,-1
884,84,1761.68,683.76,73.22,231.44,0.5456,-1,-1,-1
885,4,1722.21,457.83,75.29,207.26,0.6053,-1,-1,-1
885,62,287.31,649.64,85.94,244.33,0.7681,-1,-1,-1
885,3,906.99,937.38,81.11,142.58,0.7217,-1,-1,-1
885,66,1575.24,599.09,99.11,225.31,0.5470,-1,-1,-1
885,70,891.87,464.97,62.34,219.60,0.6925,-1,-1,-1
885,71,974.63,449.52,68.18,219.46,0.7027,-1,-1,-1
885,68,427.52,319.57,60.64,194.75,0.5350,-1,-1,-1
885,74,335.22,333.18,75.95,181.57,0.3670,-1,-1,-1
885,78,468.42,160.34,69.40,190.65,0.2435,-1,-1,-1
885,80,805.42,136.95,58.74,175.60,0.2644,-1,-1,-1
885,82,1356.58,939.89,95.12,139.71,0.8062,-1,-1,-1
885,83,1092.63,0.32,63.69,159.11,0.2335,-1,-1,-1
885,84,1759.56,684.50,75.36,222.55,0.5178,-1,-1,-1
886,4,1721.94,457.58,75.14,207.50,0.6142,-1,-1,-1
886,62,288.23,651.87,85.01,245.67,0.7482,-1,-1,-1
886,3,907.06,936.89,81.50,143.12,0.7281,-1,-1,-1
886,66,1575.33,598.51,100.23,226.08,0.5651,-1,-1,-1
886,70,891.37,461.55,62.34,219.89,0.6868,-1,-1,-1
886,71,971.37,446.63,70.68,221.55,0.7011,-1,-1,-1
886,68,427.42,320.43,59.66,197.28,0.4821,-1,-1,-1
886,74,333.18,335.49,77.86,179.11,0.3752,-1,-1,-1
886,78,470.78,160.69,67.45,193.90,0.1988,-1,-1,-1
886,80,805.53,137.70,58.32,174.87,0.2349,-1,-1,-1
886,82,1355.88,935.71,93.53,143.91,0.8075,-1,-1,-1
886,83,1095.11,0.11,62.27,158.35,0.2044,-1,-1,-1
886,84,1757.80,684.71,78.48,223.08,0.4771,-1,-1,-1
887,4,1721.88,457.19,75.12,207.78,0.6175,-1,-1,-1
887,62,288.77,654.03,84.05,246.43,0.7588,-1,-1,-1
887,3,908.12,937.14,81.21,142.89,0.7179,-1,-1,-1
887,66,1575.23,599.42,100.18,225.00,0.5510,-1,-1,-1
887,70,890.77,461.37,62.54,216.00,0.7270,-1,-1,-1
887,71,970.14,444.77,71.69,223.24,0.7183,-1,-1,-1
887,68,426.60,322.72,61.07,198.99,0.4812,-1,-1,-1
887,74,330.44,337.27,79.54,176.98,0.3580,-1,-1,-1
887,78,468.86,160.93,68.81,196.38,0.2998,-1,-1,-1
887,80,805.75,137.85,58.28,175.39,0.2460,-1,-1,-1
887,82,1354.17,931.65,94.72,146.72,0.7671,-1,-1,-1
887,83,1097.05,0.89,61.54,157.19,0.2487,-1,-1,-1
887,84,1757.59,684.81,77.01,221.79,0.5121,-1,-1,-1
888,4,1721.20,457.99,75.87,206.95,0.6288,-1,-1,-1
888,62,289.89,655.66,82.72,247.80,0.7446,-1,-1,-1
888,3,908.72,936.98,80.55,143.01,0.7097,-1,-1,-1
888,66,1575.46,599.36,100.62,225.56,0.5524,-1,-1,-1
888,70,890.58,458.29,62.86,219.60,0.7330,-1,-1,-1
888,71,968.94,443.82,73.31,223.07,0.7354,-1,-1,-1
888,68,426.84,325.24,61.09,199.72,0.5072,-1,-1,-1
888,74,329.48,338.47,79.36,175.55,0.4270,-1,-1,-1
888,78,469.74,160.75,68.79,199.37,0.3336,-1,-1,-1
888,80,805.17,137.45,58.76,176.45,0.2585,-1,-1,-1
888,82,1353.64,929.57,93.92,149.83,0.7714,-1,-1,-1
888,83,1098.87,1.89,60.77,155.38,0.2758,-1,-1,-1
888,84,1756.28,685.43,77.71,222.27,0.5527,-1,-1,-1
889,4,1720.73,457.22,76.88,207.91,0.6432,-1,-1,-1
889,62,291.48,658.42,80.89,247.44,0.7296,-1,-1,-1
889,3,909.63,937.33,80.44,142.68,0.7265,-1,-1,-1
889,66,1575.60,599.68,99.25,224.89,0.5393,-1,-1,-1
889,70,890.43,456.44,62.74,221.35,0.7350,-1,-1,-1
889,71,967.94,443.24,75.10,224.04,0.7417,-1,-1,-1
889,68,427.10,324.98,60.69,199.97,0.5059,-1,-1,-1
889,74,330.07,340.04,77.90,173.55,0.4198,-1,-1,-1
889,78,468.51,162.21,69.70,199.53,0.3031,-1,-1,-1
889,80,805.81,137.45,58.17,175.83,0.2459,-1,-1,-1
889,82,1350.76,926.16,96.49,153.34,0.7714,-1,-1,-1
889,83,1100.93,1.09,59.74,158.90,0.3401,-1,-1,-1
889,84,1756.48,684.17,77.57,226.86,0.5112,-1,-1,-1
890,4,1720.28,456.65,77.86,209.26,0.6655,-1,-1,-1
890,62,291.82,659.85,80.69,249.95,0.7117,-1,-1,-1
890,3,911.20,937.29,78.88,142.74,0.7379,-1,-1,-1
890,66,1575.27,599.85,99.29,224.94,0.5304,-1,-1,-1
890,70,890.05,456.39,62.37,219.62,0.7161,-1,-1,-1
890,71,966.07,442.86,76.65,224.59,0.7268,-1,-1,-1
890,68,424.57,328.09,62.13,201.04,0.5099,-1,-1,-1
890,74,332.10,341.63,74.30,171.54,0.4888,-1,-1,-1
890,78,466.82,162.98,71.50,199.74,0.3463,-1,-1,-1
890,80,807.58,137.27,56.69,175.95,0.2406,-1,-1,-1
890,82,1347.49,924.59,98.34,155.24,0.7561,-1,-1,-1
890,83,1101.86,4.19,59.87,156.86,0.3591,-1,-1,-1
890,84,1755.33,683.24,78.32,233.27,0.4963,-1,-1,-1
891,4,1721.09,456.89,76.42,209.10,0.6456,-1,-1,-1
891,62,293.40,661.96,79.49,251.79,0.7007,-1,-1,-1
891,3,911.19,937.62,78.91,142.41,0.7346,-1,-1,-1
891,66,1575.84,598.11,99.16,226.67,0.5408,-1,-1,-1
891,70,889.41,455.09,62.27,219.18,0.7333,-1,-1,-1
891,71,963.72,442.81,80.23,225.56,0.7229,-1,-1,-1
891,68,423.19,329.46,62.96,201.37,0.5167,-1,-1,-1
891,74,335.97,341.12,69.31,172.88,0.4813,-1,-1,-1
891,78,468.84,165.15,69.50,197.06,0.3702,-1,-1,-1
891,80,807.93,137.23,56.45,175.16,0.2353,-1,-1,-1
891,82,1345.65,924.59,99.19,155.39,0.7916,-1,-1,-1
891,83,1102.93,5.22,60.02,156.74,0.3882,-1,-1,-1
891,84,1753.98,683.18,79.35,235.29,0.5379,-1,-1,-1
892,4,1720.99,456.67,76.70,209.20,0.6454,-1,-1,-1
892,62,294.84,663.99,78.70,253.09,0.7617,-1,-1,-1
892,3,911.46,937.64,78.25,142.36,0.7292,-1,-1,-1
892,66,1574.47,596.84,100.26,227.97,0.5353,-1,-1,-1
892,70,888.30,455.42,62.46,219.64,0.6965,-1,-1,-1
892,71,962.06,442.95,82.78,226.41,0.7299,-1,-1,-1
892,68,421.69,331.26,64.13,200.48,0.5441,-1,-1,-1
892,74,337.67,342.09,66.45,172.20,0.5024,-1,-1,-1
892,78,469.02,165.66,69.69,197.77,0.4123,-1,-1,-1
892,80,808.59,139.65,55.61,172.60,0.2265,-1,-1,-1
892,82,1342.41,923.49,102.46,156.54,0.7788,-1,-1,-1
892,83,1104.58,7.06,58.99,156.41,0.4667,-1,-1,-1
892,84,1753.34,682.71,79.70,234.81,0.5392,-1,-1,-1
893,4,1721.49,456.95,76.35,208.82,0.6377,-1,-1,-1
893,62,296.88,664.79,78.03,254.86,0.7769,-1,-1,-1
893,3,912.51,937.85,77.62,142.18,0.7336,-1,-1,-1
893,66,1574.75,595.79,100.08,228.76,0.5345,-1,-1,-1
893,70,886.27,455.09,62.94,219.39,0.7197,-1,-1,-1
893,71,961.26,441.96,83.80,226.78,0.7440,-1,-1,-1
893,68,421.70,333.31,64.41,198.09,0.5463,-1,-1,-1
893,74,338.72,344.56,66.08,171.31,0.5255,-1,-1,-1
893,78,475.16,170.43,63.48,192.69,0.4136,-1,-1,-1
893,80,809.70,137.41,54.39,175.03,0.2393,-1,-1,-1
893,82,1338.89,920.98,105.37,159.08,0.7805,-1,-1,-1
893,83,1104.96,8.28,59.32,156.55,0.3933,-1,-1,-1
893,84,1752.43,682.12,81.15,236.74,0.5605,-1,-1,-1
894,4,1720.70,457.16,77.16,208.42,0.6375,-1,-1,-1
894,62,297.60,666.62,78.56,254.94,0.7547,-1,-1,-1
894,3,913.22,937.92,76.42,142.10,0.7382,-1,-1,-1
894,66,1573.98,593.79,101.00,231.12,0.5018,-1,-1,-1
894,70,885.73,455.06,62.46,218.83,0.6967,-1,-1,-1
894,71,961.00,441.11,84.58,226.86,0.7480,-1,-1,-1
894,68,420.77,333.62,65.30,198.30,0.5132,-1,-1,-1
894,74,340.19,345.48,65.35,172.51,0.4431,-1,-1,-1
894,78,472.38,169.80,66.82,192.62,0.4283,-1,-1,-1
894,80,809.75,136.83,54.32,176.51,0.2629,-1,-1,-1
894,82,1335.48,917.70,106.39,162.32,0.7874,-1,-1,-1
894,83,1105.40,10.89,59.73,156.32,0.2990,-1,-1,-1
894,84,1751.52,680.83,82.66,240.84,0.5685,-1,-1,-1
895,4,1720.35,456.88,77.28,208.67,0.6305,-1,-1,-1
895,62,298.21,668.07,79.20,253.77,0.7253,-1,-1,-1
895,3,913.48,938.15,76.48,141.83,0.7412,-1,-1,-1
895,66,1573.41,595.34,101.23,229.44,0.5244,-1,-1,-1
895,70,884.06,454.83,62.24,218.78,0.7144,-1,-1,-1
895,71,961.39,440.63,84.68,226.25,0.7438,-1,-1,-1
895,68,420.09,333.75,65.24,198.07,0.5181,-1,-1,-1
895,74,340.24,345.94,64.38,177.17,0.4960,-1,-1,-1
895,78,474.46,170.82,65.42,191.87,0.4867,-1,-1,-1
895,80,809.37,136.25,54.77,177.49,0.2574,-1,-1,-1
895,82,1332.39,916.44,106.58,163.58,0.7864,-1,-1,-1
895,83,1106.39,13.33,59.27,154.90,0.3731,-1,-1,-1
895,84,1750.94,681.44,83.05,239.04,0.5805,-1,-1,-1
896,4,1719.87,457.12,77.49,208.60,0.6306,-1,-1,-1
896,62,298.88,668.62,80.80,252.69,0.7383,-1,-1,-1
896,3,913.61,938.49,75.61,141.49,0.7136,-1,-1,-1
896,66,1573.08,596.94,101.35,227.80,0.5775,-1,-1,-1
896,70,884.31,455.02,60.87,216.78,0.6944,-1,-1,-1
896,71,961.41,438.99,84.78,226.44,0.7393,-1,-1,-1
896,68,420.05,334.03,64.98,197.73,0.5071,-1,-1,-1
896,74,340.08,346.86,64.11,178.36,0.5129,-1,-1,-1
896,78,474.58,170.64,66.12,191.78,0.4867,-1,-1,-1
896,80,809.42,136.63,54.56,177.96,0.2489,-1,-1,-1
896,82,1331.71,913.57,103.90,166.42,0.7729,-1,-1,-1
896,83,1107.54,15.48,58.66,152.96,0.4135,-1,-1,-1
896,84,1749.94,681.81,84.11,238.90,0.5837,-1,-1,-1
897,4,1719.84,457.12,77.52,207.92,0.6416,-1,-1,-1
897,62,298.45,669.23,84.25,253.24,0.7479,-1,-1,-1
897,3,913.48,938.94,75.81,141.10,0.7347,-1,-1,-1
897,66,1573.27,598.10,101.02,226.62,0.5726,-1,-1,-1
897,70,882.87,452.68,61.89,218.63,0.7087,-1,-1,-1
897,71,962.25,436.61,83.34,227.08,0.7405,-1,-1,-1
897,68,419.58,335.23,65.54,195.65,0.4863,-1,-1,-1
897,74,339.90,348.81,64.97,179.92,0.4858,-1,-1,-1
897,78,471.51,170.78,68.86,192.55,0.4455,-1,-1,-1
897,80,809.53,137.88,54.22,176.40,0.2523,-1,-1,-1
897,82,1330.67,909.24,101.81,170.80,0.7778,-1,-1,-1
897,83,1108.16,16.40,58.09,153.31,0.3378,-1,-1,-1
897,84,1749.89,680.92,83.13,238.75,0.5729,-1,-1,-1
898,4,1720.01,457.07,77.16,208.37,0.6436,-1,-1,-1
898,62,297.95,670.23,88.35,252.09,0.7628,-1,-1,-1
898,3,912.37,939.69,75.60,140.27,0.7345,-1,-1,-1
898,66,1573.93,597.41,101.55,226.99,0.5845,-1,-1,-1
898,70,881.50,450.84,62.16,218.59,0.6759,-1,-1,-1
898,71,962.30,434.29,82.05,226.22,0.7273,-1,-1,-1
898,68,418.72,335.10,65.58,194.91,0.5058,-1,-1,-1
898,74,339.86,353.19,63.35,179.69,0.4901,-1,-1,-1
898,78,469.68,171.74,71.96,191.10,0.4351,-1,-1,-1
898,80,810.69,138.38,53.22,174.80,0.2446,-1,-1,-1
898,82,1328.87,904.67,100.08,175.35,0.7874,-1,-1,-1
898,83,1108.90,17.14,56.25,152.49,0.3030,-1,-1,-1
898,84,1750.47,680.73,81.73,239.16,0.5421,-1,-1,-1
899,4,1720.30,457.06,76.07,208.82,0.6370,-1,-1,-1
899,62,298.20,670.44,90.60,252.30,0.7682,-1,-1,-1
899,3,912.39,940.57,74.30,139.34,0.7417,-1,-1,-1
899,66,1574.49,599.47,101.42,224.74,0.5773,-1,-1,-1
899,70,879.93,447.74,62.39,214.17,0.6645,-1,-1,-1
899,71,962.15,431.90,80.91,223.66,0.7276,-1,-1,-1
899,68,418.10,336.04,65.86,193.59,0.5084,-1,-1,-1
899,74,338.90,356.00,64.73,178.52,0.5336,-1,-1,-1
899,78,468.92,171.23,73.55,192.34,0.4394,-1,-1,-1
899,80,811.09,137.85,52.84,175.33,0.2762,-1,-1,-1
899,82,1327.74,900.25,97.70,179.75,0.7947,-1,-1,-1
899,83,1109.92,17.24,53.89,152.39,0.3596,-1,-1,-1
899,84,1750.67,680.31,80.53,240.06,0.5102,-1,-1,-1
900,4,1720.53,456.22,75.97,209.48,0.6200,-1,-1,-1
900,62,298.21,671.31,94.02,252.32,0.7702,-1,-1,-1
900,3,912.76,942.17,72.88,137.53,0.7254,-1,-1,-1
900,66,1574.74,600.45,100.52,223.77,0.5744,-1,-1,-1
900,70,878.30,445.60,61.95,213.73,0.6726,-1,-1,-1
900,71,962.14,428.95,79.58,222.82,0.7234,-1,-1,-1
900,68,417.51,336.21,66.22,195.86,0.5176,-1,-1,-1
900,74,337.66,356.37,65.01,180.27,0.5390,-1,-1,-1
900,78,468.47,171.58,75.11,191.17,0.4054,-1,-1,-1
900,80,811.28,137.68,52.58,176.25,0.2636,-1,-1,-1
900,82,1326.68,895.96,97.48,184.09,0.7993,-1,-1,-1
900,83,1110.63,16.02,52.44,154.35,0.3771,-1,-1,-1
900,84,1751.43,680.80,78.77,238.96,0.5391,-1,-1,-1
901,4,1721.32,456.94,75.72,207.88,0.6041,-1,-1,-1
901,62,298.06,672.71,96.86,250.27,0.7861,-1,-1,-1
901,3,912.98,943.15,72.06,136.24,0.7376,-1,-1,-1
901,66,1575.41,599.39,101.36,225.02,0.5797,-1,-1,-1
901,70,876.70,442.83,62.81,211.64,0.6630,-1,-1,-1
901,71,963.52,425.41,76.72,222.58,0.7155,-1,-1,-1
901,68,415.93,337.71,67.40,196.94,0.5251,-1,-1,-1
901,74,335.75,354.22,68.02,181.26,0.4905,-1,-1,-1
901,78,468.49,172.79,76.95,189.87,0.3444,-1,-1,-1
901,80,808.65,137.60,55.24,175.19,0.2471,-1,-1,-1
901,82,1325.06,892.40,97.30,187.64,0.8133,-1,-1,-1
901,83,1110.58,15.58,52.54,156.85,0.3346,-1,-1,-1
901,84,1750.05,682.22,78.44,237.58,0.5596,-1,-1,-1
902,4,1721.48,456.80,75.43,208.01,0.6083,-1,-1,-1
902,62,297.89,674.65,98.87,249.87,0.8122,-1,-1,-1
902,3,913.60,944.11,69.96,135.11,0.7258,-1,-1,-1
902,66,1576.83,599.18,99.75,224.94,0.5811,-1,-1,-1
902,70,875.20,440.56,63.18,210.81,0.6949,-1,-1,-1
902,71,965.05,422.84,73.70,219.16,0.7300,-1,-1,-1
902,68,417.05,338.18,66.53,200.39,0.5158,-1,-1,-1
902,74,334.36,353.19,70.54,181.41,0.4251,-1,-1,-1
902,78,469.68,173.76,76.41,185.64,0.3176,-1,-1,-1
902,80,810.03,137.55,53.84,176.98,0.2546,-1,-1,-1
902,82,1323.24,889.04,96.24,190.98,0.8059,-1,-1,-1
902,83,1110.83,16.79,52.14,158.02,0.3092,-1,-1,-1
902,84,1749.72,682.17,78.37,238.41,0.5493,-1,-1,-1
903,4,1721.06,457.25,75.61,208.27,0.5954,-1,-1,-1
903,62,298.20,676.47,99.11,252.88,0.8223,-1,-1,-1
903,3,913.34,945.19,69.47,134.55,0.7349,-1,-1,-1
903,66,1577.98,599.00,98.51,225.34,0.5928,-1,-1,-1
903,70,874.46,438.44,63.13,210.59,0.6910,-1,-1,-1
903,71,966.14,420.96,71.10,217.90,0.7163,-1,-1,-1
903,68,415.98,340.26,67.52,201.79,0.5506,-1,-1,-1
903,74,332.68,352.39,72.66,181.91,0.3668,-1,-1,-1
903,78,470.39,174.31,76.14,183.31,0.3100,-1,-1,-1
903,80,809.61,137.65,54.10,176.72,0.2578,-1,-1,-1
903,82,1321.12,885.20,96.14,194.85,0.7814,-1,-1,-1
903,83,1111.17,18.12,52.05,159.29,0.3009,-1,-1,-1
903,84,1750.62,681.02,78.56,240.94,0.5651,-1,-1,-1
904,4,1721.96,457.22,74.84,207.73,0.6274,-1,-1,-1
904,62,298.88,678.62,98.52,253.70,0.8373,-1,-1,-1
904,3,913.72,946.23,68.56,133.72,0.7201,-1,-1,-1
904,66,1577.44,599.35,98.94,224.75,0.5474,-1,-1,-1
904,70,873.68,436.98,63.38,213.13,0.7102,-1,-1,-1
904,71,966.86,420.11,69.42,217.16,0.7098,-1,-1,-1
904,68,418.24,343.10,65.34,202.46,0.4943,-1,-1,-1
904,74,328.03,353.43,76.68,180.39,0.3802,-1,-1,-1
904,78,470.53,174.04,71.61,188.15,0.3135,-1,-1,-1
904,80,808.02,137.98,55.75,176.49,0.2711,-1,-1,-1
904,82,1318.66,881.28,95.20,198.77,0.7713,-1,-1,-1
904,83,1111.23,19.68,52.82,158.94,0.3786,-1,-1,-1
904,84,1751.17,681.92,79.64,240.53,0.5868,-1,-1,-1
905,4,1722.15,456.91,74.73,208.06,0.6410,-1,-1,-1
905,62,300.38,680.40,97.41,257.47,0.8371,-1,-1,-1
905,3,913.40,947.41,68.58,132.61,0.7267,-1,-1,-1
905,66,1577.08,598.81,99.26,225.63,0.5767,-1,-1,-1
905,70,873.80,435.22,62.13,213.28,0.7178,-1,-1,-1
905,71,966.52,418.62,69.64,218.33,0.7308,-1,-1,-1
905,68,418.06,347.45,64.58,200.27,0.4790,-1,-1,-1
905,74,340.67,354.65,62.92,179.47,0.4183,-1,-1,-1
905,78,470.75,174.00,68.66,193.42,0.2665,-1,-1,-1
905,80,806.70,138.32,57.23,174.67,0.2629,-1,-1,-1
905,82,1316.62,878.04,94.71,201.13,0.7484,-1,-1,-1
905,83,1111.18,21.23,53.80,159.76,0.3492,-1,-1,-1
905,84,1752.23,682.39,79.09,243.06,0.5758,-1,-1,-1
906,4,1721.45,456.72,74.85,208.76,0.6351,-1,-1,-1
906,62,302.43,682.30,95.44,260.29,0.8409,-1,-1,-1
906,3,913.01,948.96,68.63,131.04,0.7252,-1,-1,-1
906,66,1577.91,599.02,98.58,225.37,0.5942,-1,-1,-1
906,70,872.99,434.41,61.49,214.23,0.7389,-1,-1,-1
906,71,966.35,417.64,68.95,217.81,0.7331,-1,-1,-1
906,68,415.74,348.81,65.29,201.36,0.5884,-1,-1,-1
906,74,347.20,354.28,55.63,180.61,0.4336,-1,-1,-1
906,78,470.16,171.33,69.27,199.15,0.3099,-1,-1,-1
906,80,806.54,137.77,57.45,174.29,0.2311,-1,-1,-1
906,82,1315.16,875.91,92.88,203.22,0.7586,-1,-1,-1
906,83,1110.48,22.49,55.22,159.77,0.3369,-1,-1,-1
906,84,1752.49,682.89,79.35,240.27,0.6094,-1,-1,-1
907,4,1721.28,457.15,74.90,207.98,0.6204,-1,-1,-1
907,62,304.60,684.77,93.03,257.33,0.8388,-1,-1,-1
907,3,910.05,949.34,71.91,130.69,0.7460,-1,-1,-1
907,66,1579.55,599.29,96.62,224.86,0.5615,-1,-1,-1
907,70,871.83,432.81,62.38,214.73,0.7305,-1,-1,-1
907,71,966.60,417.28,68.89,219.39,0.6830,-1,-1,-1
907,68,413.88,346.45,68.56,205.48,0.5853,-1,-1,-1
907,74,330.87,354.28,72.30,181.08,0.3925,-1,-1,-1
907,78,468.94,170.30,71.32,202.11,0.3328,-1,-1,-1
907,80,806.37,137.87,57.68,174.93,0.2478,-1,-1,-1
907,82,1313.11,875.54,93.67,204.14,0.7327,-1,-1,-1
907,83,1109.28,24.76,57.59,160.27,0.3287,-1,-1,-1
907,84,1753.07,683.02,79.60,240.57,0.6236,-1,-1,-1
908,4,1721.61,457.40,74.48,207.12,0.6245,-1,-1,-1
908,62,306.73,687.33,90.98,257.53,0.8393,-1,-1,-1
908,3,910.44,950.71,71.59,129.34,0.7262,-1,-1,-1
908,66,1578.01,598.54,97.42,225.99,0.6038,-1,-1,-1
908,70,870.94,431.90,62.43,217.51,0.7239,-1,-1,-1
908,71,966.74,417.14,67.68,219.56,0.7232,-1,-1,-1
908,68,412.95,346.70,69.68,206.54,0.5882,-1,-1,-1
908,74,324.44,355.39,77.64,179.57,0.4345,-1,-1,-1
908,78,468.68,171.49,72.08,205.34,0.3506,-1,-1,-1
908,80,806.58,137.47,57.77,174.50,0.2565,-1,-1,-1
908,82,1310.19,875.16,94.90,204.75,0.7338,-1,-1,-1
908,83,1108.77,27.43,59.55,160.19,0.2386,-1,-1,-1
908,84,1754.41,683.85,79.02,240.73,0.6295,-1,-1,-1
908,85,349.68,362.07,50.72,173.29,0.3766,-1,-1,-1
909,4,1721.88,457.18,73.61,207.24,0.6057,-1,-1,-1
909,62,307.81,689.65,90.03,259.43,0.8418,-1,-1,-1
909,3,908.93,950.62,72.75,129.43,0.7385,-1,-1,-1
909,66,1578.85,597.72,96.32,226.51,0.5931,-1,-1,-1
909,70,870.47,431.49,62.03,218.78,0.7266,-1,-1,-1
909,71,966.49,416.77,67.19,222.02,0.7148,-1,-1,-1
909,68,414.36,352.74,65.71,200.73,0.5978,-1,-1,-1
909,74,322.49,357.86,77.80,179.56,0.5397,-1,-1,-1
909,78,468.15,173.04,79.46,207.59,0.2794,-1,-1,-1
909,80,806.73,137.39,57.61,173.25,0.2479,-1,-1,-1
909,82,1308.28,873.78,93.89,206.23,0.7358,-1,-1,-1
909,83,1109.08,30.10,59.62,160.50,0.2490,-1,-1,-1
909,84,1755.17,684.31,78.86,239.37,0.6273,-1,-1,-1
909,85,345.06,362.74,55.18,175.01,0.3639,-1,-1,-1
910,4,1721.91,456.76,74.04,208.32,0.6291,-1,-1,-1
910,62,308.06,691.81,89.83,261.79,0.8391,-1,-1,-1
910,3,907.94,951.18,74.02,128.85,0.7346,-1,-1,-1
910,66,1576.01,598.17,99.50,226.14,0.5753,-1,-1,-1
910,70,870.20,431.01,62.38,219.27,0.7137,-1,-1,-1
910,71,965.08,416.68,68.06,222.42,0.7153,-1,-1,-1
910,68,413.73,351.78,65.96,201.25,0.6175,-1,-1,-1
910,74,321.60,358.43,78.72,182.53,0.5745,-1,-1,-1
910,78,468.30,176.28,85.33,200.95,0.3875,-1,-1,-1
910,80,807.13,137.30,57.42,173.22,0.2970,-1,-1,-1
910,82,1306.99,872.01,92.72,208.02,0.7561,-1,-1,-1
910,83,1109.05,31.93,60.88,159.86,0.2482,-1,-1,-1
910,84,1756.30,683.78,77.68,239.85,0.6105,-1,-1,-1
910,85,327.39,359.35,73.09,182.19,0.5745,-1,-1,-1
911,4,1721.47,457.35,75.65,207.24,0.6297,-1,-1,-1
911,62,308.09,693.75,89.27,262.15,0.8373,-1,-1,-1
911,3,907.82,951.77,74.16,128.27,0.7430,-1,-1,-1
911,66,1575.18,598.91,100.17,225.42,0.5510,-1,-1,-1
911,70,869.75,430.29,62.44,220.26,0.7107,-1,-1,-1
911,71,965.21,415.77,67.28,223.35,0.7068,-1,-1,-1
911,68,414.44,355.38,63.29,197.89,0.6222,-1,-1,-1
911,74,322.59,362.65,78.08,182.08,0.5644,-1,-1,-1
911,78,469.04,177.57,83.41,200.87,0.3048,-1,-1,-1
911,80,807.28,137.32,57.36,174.55,0.2772,-1,-1,-1
911,82,1304.99,869.43,91.25,210.59,0.7713,-1,-1,-1
911,83,1108.81,33.55,63.28,160.06,0.1885,-1,-1,-1
911,84,1757.02,683.66,77.06,239.96,0.6088,-1,-1,-1
911,85,322.35,362.76,78.52,182.68,0.5644,-1,-1,-1
912,4,1721.69,456.79,75.55,207.55,0.6291,-1,-1,-1
912,62,308.25,695.40,88.59,263.17,0.8344,-1,-1,-1
912,3,908.79,952.90,73.60,127.14,0.7403,-1,-1,-1
912,66,1574.14,598.10,101.24,226.16,0.5373,-1,-1,-1
912,70,869.51,429.19,62.51,219.11,0.6911,-1,-1,-1
912,71,964.52,414.95,66.73,221.18,0.7012,-1,-1,-1
912,68,413.32,353.73,63.70,200.39,0.6220,-1,-1,-1
912,74,323.84,365.98,76.12,181.53,0.5700,-1,-1,-1
912,78,468.19,178.95,80.88,198.41,0.2208,-1,-1,-1
912,80,807.30,137.38,57.45,174.53,0.2922,-1,-1,-1
912,82,1303.13,866.63,90.65,213.38,0.7658,-1,-1,-1
912,83,1109.05,34.27,64.98,162.54,0.2034,-1,-1,-1
912,84,1757.67,683.64,76.72,240.48,0.6182,-1,-1,-1
912,85,321.72,365.89,78.47,182.26,0.5700,-1,-1,-1
913,4,1721.61,456.20,75.66,208.16,0.5950,-1,-1,-1
913,62,308.06,696.45,88.03,262.51,0.8276,-1,-1,-1
913,3,909.09,952.98,73.18,126.98,0.7401,-1,-1,-1
913,66,1575.18,598.39,99.72,225.90,0.5475,-1,-1,-1
913,70,868.75,426.86,62.99,221.24,0.7048,-1,-1,-1
913,71,963.39,412.91,66.69,218.78,0.6852,-1,-1,-1
913,68,412.26,352.71,64.98,201.46,0.6024,-1,-1,-1
913,74,325.68,367.41,75.44,182.68,0.5164,-1,-1,-1
913,78,468.00,180.20,75.57,193.50,0.2437,-1,-1,-1
913,80,807.95,137.51,56.92,173.76,0.3027,-1,-1,-1
913,82,1301.75,862.09,89.78,217.91,0.7719,-1,-1,-1
913,83,1110.48,34.22,64.07,162.44,0.2731,-1,-1,-1
913,84,1757.79,682.43,77.03,241.65,0.6180,-1,-1,-1
913,85,323.31,367.24,78.01,183.43,0.5164,-1,-1,-1
914,4,1722.37,456.09,74.69,208.27,0.6204,-1,-1,-1
914,62,307.95,697.23,87.96,261.75,0.8218,-1,-1,-1
914,3,908.45,953.35,74.13,126.66,0.7459,-1,-1,-1
914,66,1574.32,597.87,101.35,226.27,0.4642,-1,-1,-1
914,70,868.13,425.85,62.30,218.58,0.6764,-1,-1,-1
914,71,962.12,410.70,66.57,214.27,0.6973,-1,-1,-1
914,68,412.05,355.07,64.60,198.56,0.5553,-1,-1,-1
914,74,326.59,367.49,75.14,184.64,0.5371,-1,-1,-1
914,78,467.62,181.25,73.72,194.59,0.2172,-1,-1,-1
914,80,807.97,137.39,56.87,174.35,0.2720,-1,-1,-1
914,82,1299.24,857.96,90.43,222.06,0.7723,-1,-1,-1
914,83,1111.01,34.54,63.06,161.21,0.2440,-1,-1,-1
914,84,1758.71,681.09,76.46,243.54,0.5932,-1,-1,-1
914,85,324.41,367.24,77.52,185.37,0.5371,-1,-1,-1
914,86,1718.87,92.96,52.43,165.55,0.3682,-1,-1,-1
915,4,1722.40,456.40,73.68,207.64,0.6135,-1,-1,-1
915,62,307.82,698.17,87.60,260.77,0.8161,-1,-1,-1
915,3,907.58,953.76,74.87,126.24,0.7469,-1,-1,-1
915,66,1574.25,598.40,101.06,225.85,0.5304,-1,-1,-1
915,70,867.78,422.73,61.28,209.00,0.6626,-1,-1,-1
915,71,961.05,408.78,65.85,210.82,0.7017,-1,-1,-1
915,68,411.43,355.70,64.93,197.46,0.5396,-1,-1,-1
915,74,328.24,368.76,73.27,185.20,0.5383,-1,-1,-1
915,78,464.88,181.11,74.05,195.78,0.2498,-1,-1,-1
915,80,809.15,137.42,55.64,172.67,0.3111,-1,-1,-1
915,82,1298.13,854.00,91.47,225.99,0.7732,-1,-1,-1
915,83,1113.03,34.45,61.63,161.91,0.2611,-1,-1,-1
915,84,1758.54,678.65,76.19,245.50,0.5833,-1,-1,-1
915,85,326.34,368.52,75.36,185.84,0.5383,-1,-1,-1
915,86,1721.12,92.75,49.92,165.40,0.3629,-1,-1,-1
916,4,1722.08,456.16,74.13,207.99,0.6019,-1,-1,-1
916,62,307.44,699.55,87.22,259.15,0.7992,-1,-1,-1
916,3,907.06,953.95,75.37,126.04,0.7433,-1,-1,-1
916,66,1573.77,599.56,100.49,224.35,0.5460,-1,-1,-1
916,70,867.69,420.36,60.56,207.19,0.6696,-1,-1,-1
916,71,959.67,406.79,65.08,207.83,0.7077,-1,-1,-1
916,68,407.98,350.28,68.86,203.13,0.4994,-1,-1,-1
916,74,328.19,370.92,71.92,184.17,0.5289,-1,-1,-1
916,78,465.65,181.78,71.23,194.67,0.3003,-1,-1,-1
916,80,807.27,137.80,58.01,175.56,0.3084,-1,-1,-1
916,82,1296.07,850.14,92.54,229.85,0.7697,-1,-1,-1
916,83,1114.56,34.50,59.62,161.92,0.2920,-1,-1,-1
916,84,1757.92,677.01,76.24,250.24,0.5579,-1,-1,-1
916,85,326.60,370.74,73.68,184.68,0.5289,-1,-1,-1
916,86,1724.13,92.39,46.80,165.41,0.4354,-1,-1,-1
917,4,1721.53,456.40,74.07,207.93,0.6346,-1,-1,-1
917,62,306.98,701.62,86.75,256.98,0.8084,-1,-1,-1
917,3,906.64,953.93,75.59,126.05,0.7443,-1,-1,-1
917,66,1573.66,599.71,100.80,224.31,0.4534,-1,-1,-1
917,70,867.36,416.75,59.94,210.48,0.6912,-1,-1,-1
917,71,958.13,404.30,64.56,208.14,0.7379,-1,-1,-1
917,68,409.32,353.73,65.70,199.10,0.5344,-1,-1,-1
917,74,327.97,371.56,72.19,183.94,0.5519,-1,-1,-1
917,78,463.07,182.83,69.68,195.71,0.4040,-1,-1,-1
917,80,807.12,137.46,58.10,175.82,0.3113,-1,-1,-1
917,82,1294.49,845.83,93.80,234.18,0.7740,-1,-1,-1
917,83,1116.52,34.31,57.71,163.70,0.3199,-1,-1,-1
917,84,1758.28,675.99,76.27,251.33,0.5489,-1,-1,-1
917,85,326.62,371.40,73.67,184.37,0.5519,-1,-1,-1
917,86,1725.64,93.78,45.03,163.40,0.4413,-1,-1,-1
918,4,1721.63,455.86,73.69,208.89,0.6125,-1,-1,-1
918,62,306.92,702.76,86.24,254.98,0.7995,-1,-1,-1
918,3,906.73,954.50,75.57,125.49,0.7493,-1,-1,-1
918,66,1574.12,600.49,99.99,223.60,0.5702,-1,-1,-1
918,70,866.77,414.75,59.82,211.60,0.7007,-1,-1,-1
918,71,955.16,401.47,65.57,209.61,0.7143,-1,-1,-1
918,68,408.09,351.74,68.63,201.88,0.5581,-1,-1,-1
918,74,327.88,371.90,72.35,183.79,0.5271,-1,-1,-1
918,78,461.55,181.66,68.81,201.33,0.4236,-1,-1,-1
918,80,808.02,137.11,57.05,176.00,0.2962,-1,-1,-1
918,82,1291.60,841.98,94.42,238.01,0.7655,-1,-1,-1
918,83,1117.63,34.70,57.22,166.32,0.3414,-1,-1,-1
918,84,1757.14,674.61,77.01,252.69,0.5492,-1,-1,-1
918,85,326.72,371.75,73.63,184.15,0.5271,-1,-1,-1
918,86,1727.00,93.92,43.82,165.35,0.4066,-1,-1,-1
919,4,1721.68,455.57,73.95,210.00,0.6043,-1,-1,-1
919,62,307.05,703.71,86.17,253.06,0.7887,-1,-1,-1
919,3,906.67,954.82,76.09,125.18,0.7415,-1,-1,-1
919,66,1574.34,599.35,99.60,224.50,0.5445,-1,-1,-1
919,70,866.01,413.11,60.86,213.16,0.7216,-1,-1,-1
919,71,953.31,399.04,66.85,211.62,0.7156,-1,-1,-1
919,68,406.91,351.79,70.31,205.23,0.5695,-1,-1,-1
919,74,326.76,373.34,73.52,182.52,0.4922,-1,-1,-1
919,78,458.69,183.27,70.78,203.99,0.4638,-1,-1,-1
919,80,807.68,136.74,57.30,175.86,0.2970,-1,-1,-1
919,82,1290.36,838.98,94.94,241.02,0.7653,-1,-1,-1
919,83,1119.22,35.10,58.02,165.91,0.3071,-1,-1,-1
919,84,1758.52,676.05,75.68,251.74,0.5595,-1,-1,-1
919,85,325.75,373.20,74.62,182.82,0.4922,-1,-1,-1
919,86,1727.01,95.17,43.99,165.90,0.3181,-1,-1,-1
920,4,1720.97,455.82,74.81,209.36,0.6082,-1,-1,-1
920,62,306.69,705.32,87.37,253.36,0.7922,-1,-1,-1
920,3,906.43,955.46,76.39,124.50,0.7419,-1,-1,-1
920,66,1575.00,599.71,98.75,224.14,0.5432,-1,-1,-1
920,70,865.95,409.27,60.86,213.89,0.7460,-1,-1,-1
920,71,951.42,396.59,68.08,214.16,0.7448,-1,-1,-1
920,68,407.61,353.54,68.91,205.62,0.5468,-1,-1,-1
920,74,327.47,373.95,73.81,182.33,0.4559,-1,-1,-1
920,78,458.08,184.69,70.90,205.00,0.3798,-1,-1,-1
920,80,807.92,137.18,57.20,173.91,0.2898,-1,-1,-1
920,82,1287.91,835.64,95.54,244.33,0.7746,-1,-1,-1
920,83,1119.64,35.69,59.08,167.14,0.3686,-1,-1,-1
920,84,1759.20,677.62,75.68,251.20,0.5527,-1,-1,-1
920,85,326.58,373.83,74.78,182.58,0.4559,-1,-1,-1
920,86,1726.60,95.36,45.06,169.56,0.2349,-1,-1,-1
921,4,1720.95,455.46,74.97,210.27,0.6012,-1,-1,-1
921,62,306.60,706.79,87.36,253.92,0.7886,-1,-1,-1
921,3,906.21,955.29,75.75,124.61,0.7195,-1,-1,-1
921,66,1574.77,600.77,99.51,223.26,0.5395,-1,-1,-1
921,70,865.70,407.62,61.02,216.17,0.7616,-1,-1,-1
921,71,948.68,394.85,71.05,216.04,0.7418,-1,-1,-1
921,68,406.96,355.32,69.05,207.10,0.5529,-1,-1,-1
921,74,327.26,374.21,73.95,181.62,0.4747,-1,-1,-1
921,78,458.02,185.66,70.20,208.01,0.3454,-1,-1,-1
921,80,807.32,137.26,57.74,173.95,0.2912,-1,-1,-1
921,82,1287.36,833.40,94.06,246.60,0.7704,-1,-1,-1
921,83,1120.51,37.84,59.18,167.36,0.3983,-1,-1,-1
921,84,1759.39,678.37,75.81,250.61,0.5598,-1,-1,-1
921,85,326.50,374.10,74.80,181.84,0.4747,-1,-1,-1
921,86,1725.77,94.57,47.04,171.91,0.1601,-1,-1,-1
922,4,1720.75,455.38,74.83,209.91,0.6094,-1,-1,-1
922,62,306.60,708.35,87.29,256.49,0.7726,-1,-1,-1
922,3,905.71,955.33,76.25,124.65,0.7304,-1,-1,-1
922,66,1575.43,600.07,98.77,223.78,0.4984,-1,-1,-1
922,70,865.75,406.72,60.54,216.40,0.7642,-1,-1,-1
922,71,946.99,393.38,72.82,217.51,0.7355,-1,-1,-1
922,68,406.01,358.14,68.84,205.66,0.5427,-1,-1,-1
922,74,326.09,374.63,75.92,181.37,0.4927,-1,-1,-1
922,78,457.08,189.06,71.07,204.46,0.4117,-1,-1,-1
922,80,807.06,136.54,57.80,176.04,0.3111,-1,-1,-1
922,82,1285.58,831.45,93.58,248.34,0.7847,-1,-1,-1
922,83,1121.36,40.66,59.13,165.43,0.4620,-1,-1,-1
922,84,1759.58,677.74,75.77,251.02,0.5386,-1,-1,-1
922,85,325.43,374.53,76.65,181.56,0.4927,-1,-1,-1
922,86,1727.25,97.49,47.44,170.21,0.1510,-1,-1,-1
923,4,1719.97,455.76,75.46,210.02,0.6225,-1,-1,-1
923,62,306.69,710.12,87.14,257.78,0.7699,-1,-1,-1
923,3,905.92,955.69,76.67,124.33,0.7330,-1,-1,-1
923,66,1574.08,599.02,100.73,225.02,0.5140,-1,-1,-1
923,70,865.73,406.20,59.87,217.30,0.7652,-1,-1,-1
923,71,945.53,392.58,75.26,219.22,0.7378,-1,-1,-1
923,68,405.18,360.31,68.92,205.34,0.5231,-1,-1,-1
923,74,326.65,374.97,74.67,181.20,0.4715,-1,-1,-1
923,78,455.10,191.53,72.71,201.20,0.4586,-1,-1,-1
923,80,806.58,137.40,57.94,175.20,0.2888,-1,-1,-1
923,82,1284.68,829.72,93.34,250.07,0.7879,-1,-1,-1
923,83,1122.03,42.04,59.00,167.49,0.4182,-1,-1,-1
923,84,1759.32,677.70,74.66,250.42,0.5799,-1,-1,-1
923,85,326.06,374.88,75.33,181.36,0.4715,-1,-1,-1
923,86,1728.40,98.83,48.11,169.49,0.2331,-1,-1,-1
924,4,1719.33,455.58,76.56,209.90,0.6284,-1,-1,-1
924,62,307.16,711.64,86.39,260.95,0.7529,-1,-1,-1
924,3,906.04,955.83,76.75,124.14,0.7353,-1,-1,-1
924,66,1574.23,598.72,100.20,225.39,0.4692,-1,-1,-1
924,70,865.56,405.83,59.94,215.97,0.7512,-1,-1,-1
924,71,943.90,391.78,77.93,221.18,0.7562,-1,-1,-1
924,68,403.90,361.83,70.66,208.16,0.5484,-1,-1,-1
924,74,327.94,376.20,72.34,180.34,0.5056,-1,-1,-1
924,78,455.96,193.69,71.77,199.39,0.4403,-1,-1,-1
924,80,806.37,137.39,58.19,175.37,0.3321,-1,-1,-1
924,82,1282.67,828.71,94.69,249.74,0.7901,-1,-1,-1
924,83,1123.08,44.34,58.76,165.44,0.4018,-1,-1,-1
924,84,1756.84,676.08,75.44,249.28,0.5560,-1,-1,-1
924,85,327.42,376.12,72.91,180.48,0.5056,-1,-1,-1
924,86,1728.62,99.11,49.37,176.37,0.3197,-1,-1,-1
925,4,1718.72,455.36,76.92,210.41,0.6063,-1,-1,-1
925,62,307.82,714.21,85.59,261.41,0.7442,-1,-1,-1
925,3,906.26,955.26,76.05,124.75,0.7232,-1,-1,-1
925,66,1576.23,598.13,97.26,227.73,0.3539,-1,-1,-1
925,70,864.80,405.63,60.46,215.61,0.7586,-1,-1,-1
925,71,942.35,391.58,79.00,221.85,0.7579,-1,-1,-1
925,68,402.21,363.25,71.47,210.77,0.5779,-1,-1,-1
925,74,327.99,377.27,71.06,180.23,0.5638,-1,-1,-1
925,78,455.45,195.79,72.46,199.14,0.3686,-1,-1,-1
925,80,806.03,137.22,58.25,175.67,0.2985,-1,-1,-1
925,82,1280.17,828.31,96.48,248.97,0.7774,-1,-1,-1
925,83,1123.10,46.24,58.42,163.85,0.4262,-1,-1,-1
925,84,1756.18,676.31,76.27,248.57,0.5357,-1,-1,-1
925,85,327.56,377.20,71.55,180.35,0.5638,-1,-1,-1
925,86,1729.67,100.54,48.62,177.92,0.2233,-1,-1,-1
926,4,1718.94,455.80,76.78,209.74,0.5818,-1,-1,-1
926,62,308.11,717.10,86.22,261.36,0.7453,-1,-1,-1
926,3,906.77,955.44,76.58,124.58,0.7306,-1,-1,-1
926,66,1577.35,598.22,95.43,228.45,0.3214,-1,-1,-1
926,70,864.28,405.29,60.53,215.47,0.7059,-1,-1,-1
926,71,940.64,391.45,80.63,222.09,0.7609,-1,-1,-1
926,68,400.65,363.83,72.74,212.21,0.5012,-1,-1,-1
926,74,328.71,378.93,69.62,180.16,0.5356,-1,-1,-1
926,78,454.99,199.07,72.48,200.12,0.4078,-1,-1,-1
926,80,806.08,136.90,58.22,176.00,0.3228,-1,-1,-1
926,82,1279.23,826.95,94.53,250.90,0.7913,-1,-1,-1
926,83,1123.64,46.75,58.65,164.37,0.4182,-1,-1,-1
926,84,1756.46,676.81,76.88,249.78,0.5894,-1,-1,-1
926,85,328.34,378.87,70.04,180.27,0.5356,-1,-1,-1
926,86,1730.27,101.51,49.04,178.89,0.1897,-1,-1,-1
927,4,1719.02,455.96,76.61,209.45,0.6102,-1,-1,-1
927,62,308.64,720.06,86.00,263.41,0.7486,-1,-1,-1
927,3,907.19,955.15,75.56,124.88,0.7388,-1,-1,-1
927,66,1575.04,597.86,98.79,227.07,0.4290,-1,-1,-1
927,70,863.58,404.71,60.64,214.20,0.7403,-1,-1,-1
927,71,940.08,390.91,81.22,221.08,0.7727,-1,-1,-1
927,68,400.95,364.96,71.94,212.08,0.4950,-1,-1,-1
927,74,329.33,381.97,68.00,180.77,0.5715,-1,-1,-1
927,78,455.52,201.29,71.66,200.38,0.3874,-1,-1,-1
927,80,806.22,137.01,57.94,175.55,0.3418,-1,-1,-1
927,82,1276.87,825.19,94.26,252.56,0.8028,-1,-1,-1
927,83,1124.55,47.20,57.89,164.19,0.4173,-1,-1,-1
927,84,1756.85,676.65,77.22,252.27,0.5862,-1,-1,-1
927,85,329.00,381.92,68.36,180.87,0.5715,-1,-1,-1
927,86,1730.90,101.53,48.75,180.32,0.1977,-1,-1,-1
928,4,1718.80,456.23,76.52,209.02,0.6034,-1,-1,-1
928,62,310.81,724.44,84.22,264.10,0.7731,-1,-1,-1
928,3,906.93,954.94,75.93,125.10,0.7213,-1,-1,-1
928,66,1577.60,598.00,95.74,228.23,0.4129,-1,-1,-1
928,70,862.78,403.98,60.90,214.51,0.7359,-1,-1,-1
928,71,940.37,389.89,80.77,221.06,0.7677,-1,-1,-1
928,68,399.56,364.45,73.01,212.53,0.5128,-1,-1,-1
928,74,329.59,383.93,67.70,183.82,0.5215,-1,-1,-1
928,78,456.08,203.92,69.97,198.96,0.3635,-1,-1,-1
928,80,805.18,136.96,58.93,175.30,0.3213,-1,-1,-1
928,82,1274.63,822.61,93.09,255.75,0.7778,-1,-1,-1
928,83,1125.41,47.00,57.65,165.95,0.4997,-1,-1,-1
928,84,1756.33,676.02,77.92,252.92,0.5873,-1,-1,-1
928,85,329.32,383.89,68.01,183.91,0.5215,-1,-1,-1
928,86,1731.43,100.56,48.32,181.02,0.2220,-1,-1,-1
929,4,1718.53,456.18,76.59,209.26,0.6077,-1,-1,-1
929,62,312.44,726.84,83.90,265.02,0.7941,-1,-1,-1
929,3,907.23,955.02,76.03,125.00,0.7308,-1,-1,-1
929,66,1579.88,598.47,92.98,227.95,0.3661,-1,-1,-1
929,70,861.31,402.00,62.17,215.94,0.7441,-1,-1,-1
929,71,940.39,388.45,79.83,221.39,0.7689,-1,-1,-1
929,68,398.55,364.67,73.86,212.32,0.5722,-1,-1,-1
929,74,329.63,385.47,69.25,186.36,0.5337,-1,-1,-1
929,78,454.87,204.84,72.60,199.45,0.3305,-1,-1,-1
929,80,806.97,136.88,57.10,175.94,0.3260,-1,-1,-1
929,82,1273.24,818.13,91.88,259.78,0.7775,-1,-1,-1
929,83,1126.23,46.74,57.06,164.69,0.5012,-1,-1,-1
929,84,1755.69,676.48,78.92,252.13,0.5928,-1,-1,-1
929,85,329.39,385.43,69.51,186.44,0.5337,-1,-1,-1
929,86,1731.72,101.10,46.80,180.45,0.3089,-1,-1,-1
930,4,1719.11,456.29,76.03,209.17,0.5972,-1,-1,-1
930,62,313.78,728.96,83.49,262.58,0.7748,-1,-1,-1
930,3,906.30,954.63,76.40,125.28,0.7199,-1,-1,-1
930,66,1580.74,598.32,91.62,227.95,0.3744,-1,-1,-1
930,70,860.77,399.77,62.64,214.82,0.7166,-1,-1,-1
930,71,940.33,386.27,79.27,222.42,0.7702,-1,-1,-1
930,68,397.86,365.03,73.45,209.87,0.5125,-1,-1,-1
930,74,329.59,387.17,71.01,187.55,0.4991,-1,-1,-1
930,78,455.20,204.30,71.87,200.01,0.2848,-1,-1,-1
930,80,807.34,137.24,56.86,175.25,0.3354,-1,-1,-1
930,82,1271.67,814.33,92.06,264.90,0.7959,-1,-1,-1
930,83,1126.42,46.18,56.70,163.98,0.4965,-1,-1,-1
930,84,1753.15,676.93,82.30,251.63,0.5852,-1,-1,-1
930,85,329.38,387.14,71.24,187.62,0.4991,-1,-1,-1
930,86,1732.72,104.64,47.62,179.74,0.3696,-1,-1,-1
930,88,1618.21,78.21,53.48,159.20,0.3850,-1,-1,-1
931,4,1719.09,456.28,76.19,208.92,0.5655,-1,-1,-1
931,62,315.19,730.85,83.67,259.79,0.7860,-1,-1,-1
931,3,906.67,955.00,77.04,125.02,0.7312,-1,-1,-1
931,66,1577.75,597.81,95.40,226.99,0.5214,-1,-1,-1
931,70,860.30,399.14,62.23,205.78,0.6985,-1,-1,-1
931,71,940.64,384.17,77.84,220.92,0.7591,-1,-1,-1
931,68,396.56,367.11,74.09,206.10,0.4992,-1,-1,-1
931,74,329.11,388.47,71.71,189.02,0.5052,-1,-1,-1
931,78,455.45,206.13,72.90,198.57,0.1846,-1,-1,-1
931,80,807.73,137.50,56.55,174.04,0.3164,-1,-1,-1
931,82,1270.62,810.20,91.13,269.56,0.7848,-1,-1,-1
931,83,1126.38,46.54,56.61,164.12,0.4466,-1,-1,-1
931,84,1751.32,675.94,83.64,252.48,0.6228,-1,-1,-1
931,85,328.92,388.44,71.92,189.08,0.5052,-1,-1,-1
931,86,1733.51,106.41,47.85,178.70,0.3081,-1,-1,-1
931,88,1620.08,78.56,51.94,158.44,0.3547,-1,-1,-1
932,4,1719.73,456.07,75.50,209.45,0.5773,-1,-1,-1
932,62,316.94,731.97,83.20,257.28,0.7789,-1,-1,-1
932,3,907.27,954.62,76.77,125.37,0.7311,-1,-1,-1
932,66,1577.07,597.99,96.31,226.36,0.5558,-1,-1,-1
932,70,859.66,396.85,62.29,202.49,0.6496,-1,-1,-1
932,71,941.67,381.60,76.71,218.63,0.7427,-1,-1,-1
932,68,396.65,365.91,73.57,208.33,0.4776,-1,-1,-1
932,74,329.00,389.01,71.33,188.10,0.4633,-1,-1,-1
932,78,454.71,206.72,75.26,197.25,0.1798,-1,-1,-1
932,80,808.16,137.10,56.32,174.97,0.3141,-1,-1,-1
932,82,1269.51,805.67,90.79,274.26,0.7908,-1,-1,-1
932,83,1126.07,47.53,57.59,165.42,0.4084,-1,-1,-1
932,84,1749.91,675.61,85.24,252.19,0.6170,-1,-1,-1
932,85,328.83,388.99,71.51,188.16,0.4633,-1,-1,-1
932,86,1734.62,107.53,47.98,177.30,0.3084,-1,-1,-1
932,88,1621.05,79.41,51.05,159.17,0.3490,-1,-1,-1
933,4,1719.94,455.96,75.01,209.76,0.5541,-1,-1,-1
933,62,317.71,733.37,84.22,257.01,0.7948,-1,-1,-1
933,3,907.46,954.57,77.07,125.45,0.7420,-1,-1,-1
933,66,1575.69,596.19,98.24,228.18,0.5280,-1,-1,-1
933,70,858.91,395.12,62.51,199.32,0.6489,-1,-1,-1
933,71,941.49,379.23,76.70,214.93,0.7366,-1,-1,-1
933,68,394.82,366.35,74.76,207.73,0.5203,-1,-1,-1
933,74,329.18,390.03,70.36,187.56,0.4267,-1,-1,-1
933,78,453.78,209.29,77.02,194.11,0.1054,-1,-1,-1
933,80,808.91,137.14,55.49,175.17,0.2998,-1,-1,-1
933,82,1269.02,802.24,89.90,275.63,0.7758,-1,-1,-1
933,83,1126.44,49.55,57.45,165.55,0.3778,-1,-1,-1
933,84,1749.16,674.96,84.94,253.61,0.6317,-1,-1,-1
933,85,329.03,390.01,70.53,187.61,0.4267,-1,-1,-1
933,86,1735.18,107.13,49.61,176.97,0.3049,-1,-1,-1
933,88,1622.58,80.73,49.96,159.56,0.3198,-1,-1,-1
934,4,1720.10,455.92,74.68,210.04,0.5782,-1,-1,-1
934,62,318.24,734.68,85.47,256.29,0.8049,-1,-1,-1
934,3,907.58,954.13,77.43,125.95,0.7528,-1,-1,-1
934,66,1576.11,596.05,97.97,228.47,0.5555,-1,-1,-1
934,70,858.17,393.26,63.04,200.76,0.6633,-1,-1,-1
934,71,942.31,376.77,75.35,213.92,0.7234,-1,-1,-1
934,68,393.55,367.88,75.14,206.69,0.5506,-1,-1,-1
934,74,329.99,391.47,70.00,186.82,0.3420,-1,-1,-1
934,80,808.41,137.39,55.67,175.62,0.3123,-1,-1,-1
934,82,1268.19,799.21,89.17,274.51,0.7781,-1,-1,-1
934,83,1127.25,52.77,57.22,163.16,0.3722,-1,-1,-1
934,84,1748.74,675.28,85.54,252.52,0.6110,-1,-1,-1
934,85,329.86,391.45,70.15,186.86,0.3420,-1,-1,-1
934,86,1736.38,106.75,50.09,174.96,0.3333,-1,-1,-1
934,88,1621.68,82.75,51.79,157.76,0.2791,-1,-1,-1
935,4,1720.37,456.23,74.73,209.56,0.5750,-1,-1,-1
935,62,318.69,736.16,87.92,256.15,0.8270,-1,-1,-1
935,3,907.44,953.73,77.55,126.30,0.7409,-1,-1,-1
935,66,1575.90,595.98,98.48,228.86,0.5815,-1,-1,-1
935,70,858.04,391.12,63.13,201.07,0.6729,-1,-1,-1
935,71,943.79,374.43,72.01,211.52,0.7351,-1,-1,-1
935,68,391.77,369.09,76.94,205.94,0.5367,-1,-1,-1
935,74,339.37,394.40,61.82,183.24,0.3328,-1,-1,-1
935,80,808.29,137.31,55.92,175.66,0.3047,-1,-1,-1
935,82,1267.62,796.21,89.22,273.86,0.7687,-1,-1,-1
935,83,1127.58,55.28,57.43,163.57,0.4230,-1,-1,-1
935,84,1748.66,674.54,86.70,254.50,0.6210,-1,-1,-1
935,86,1736.17,108.70,51.41,172.19,0.3071,-1,-1,-1
935,88,1620.49,84.41,54.15,157.28,0.3244,-1,-1,-1
936,4,1720.95,456.02,73.52,209.03,0.5626,-1,-1,-1
936,62,319.00,737.00,89.79,254.87,0.8217,-1,-1,-1
936,3,907.78,952.41,76.97,127.20,0.7263,-1,-1,-1
936,66,1576.52,596.38,98.23,227.93,0.5664,-1,-1,-1
936,70,858.48,389.08,62.69,205.82,0.6694,-1,-1,-1
936,71,944.26,373.50,69.72,210.46,0.7074,-1,-1,-1
936,68,390.28,368.96,78.37,211.46,0.6004,-1,-1,-1
936,74,341.73,395.11,59.52,181.57,0.3713,-1,-1,-1
936,80,807.13,137.09,57.20,175.42,0.2635,-1,-1,-1
936,82,1266.71,793.07,89.98,277.52,0.7683,-1,-1,-1
936,83,1127.34,57.33,58.84,164.06,0.4376,-1,-1,-1
936,84,1748.89,674.37,86.73,254.14,0.6006,-1,-1,-1
936,86,1736.53,110.66,52.57,169.51,0.2496,-1,-1,-1
936,88,1620.40,85.38,55.36,161.86,0.2625,-1,-1,-1
937,4,1721.35,456.37,73.10,208.98,0.5534,-1,-1,-1
937,62,319.24,738.07,92.41,253.76,0.8362,-1,-1,-1
937,3,907.96,952.43,77.17,127.43,0.7434,-1,-1,-1
937,66,1575.72,596.01,99.50,228.25,0.5386,-1,-1,-1
937,70,858.42,388.18,62.42,208.25,0.6903,-1,-1,-1
937,71,944.71,372.76,67.71,210.69,0.6928,-1,-1,-1
937,68,389.06,369.07,79.29,216.42,0.6123,-1,-1,-1
937,74,343.08,395.14,57.89,181.58,0.3771,-1,-1,-1
937,80,808.06,136.80,56.13,175.70,0.2693,-1,-1,-1
937,82,1265.13,790.64,91.24,279.72,0.7771,-1,-1,-1
937,83,1126.52,58.82,60.23,166.13,0.4212,-1,-1,-1
937,84,1748.79,674.13,86.67,255.04,0.6187,-1,-1,-1
937,86,1737.15,111.28,53.88,171.95,0.2095,-1,-1,-1
937,88,1622.09,89.66,54.37,158.21,0.2057,-1,-1,-1
938,4,1720.62,456.60,73.95,208.91,0.5749,-1,-1,-1
938,62,319.44,738.84,94.48,254.51,0.8321,-1,-1,-1
938,3,909.04,951.71,76.35,128.28,0.7529,-1,-1,-1
938,66,1576.02,596.70,98.82,227.64,0.5618,-1,-1,-1
938,70,858.05,386.50,62.30,209.16,0.6811,-1,-1,-1
938,71,944.61,370.88,65.97,213.14,0.7000,-1,-1,-1
938,68,389.41,370.76,79.03,217.83,0.5653,-1,-1,-1
938,74,343.78,394.57,57.83,181.99,0.3945,-1,-1,-1
938,80,807.30,137.07,56.84,174.94,0.2726,-1,-1,-1
938,82,1263.52,788.08,91.34,283.23,0.7855,-1,-1,-1
938,83,1127.02,60.74,60.42,165.61,0.4439,-1,-1,-1
938,84,1748.03,673.72,87.27,254.97,0.6238,-1,-1,-1
938,86,1737.91,109.70,54.64,175.37,0.2254,-1,-1,-1
938,88,1622.51,91.36,55.25,159.00,0.2215,-1,-1,-1
939,4,1720.86,456.53,73.37,209.72,0.5561,-1,-1,-1
939,62,319.82,739.85,94.77,257.08,0.8307,-1,-1,-1
939,3,911.09,950.80,75.25,129.19,0.7237,-1,-1,-1
939,66,1575.19,595.21,99.06,229.15,0.5186,-1,-1,-1
939,70,858.09,386.22,61.96,210.22,0.6648,-1,-1,-1
939,71,944.72,369.82,65.34,214.11,0.6714,-1,-1,-1
939,68,390.25,376.98,78.55,214.68,0.5984,-1,-1,-1
939,74,344.02,393.93,57.60,182.93,0.3961,-1,-1,-1
939,80,808.04,136.98,56.17,174.46,0.2713,-1,-1,-1
939,82,1262.48,785.90,91.08,285.05,0.7899,-1,-1,-1
939,83,1126.75,61.97,61.47,166.57,0.4561,-1,-1,-1
939,84,1747.22,674.59,86.59,254.40,0.6270,-1,-1,-1
939,86,1738.58,119.61,55.56,173.06,0.1107,-1,-1,-1
939,88,1621.60,93.07,56.57,161.45,0.2270,-1,-1,-1
940,4,1720.83,456.31,73.39,209.90,0.5598,-1,-1,-1
940,62,320.67,740.91,94.04,260.95,0.8254,-1,-1,-1
940,3,911.95,949.73,74.78,130.30,0.7619,-1,-1,-1
940,66,1574.94,595.42,98.92,228.88,0.5332,-1,-1,-1
940,70,858.64,386.12,61.38,210.77,0.6759,-1,-1,-1
940,71,943.95,369.40,65.55,214.53,0.6936,-1,-1,-1
940,68,390.83,381.69,76.98,211.60,0.5956,-1,-1,-1
940,74,343.27,393.70,57.59,183.44,0.4060,-1,-1,-1
940,80,807.94,136.76,55.98,174.39,0.2873,-1,-1,-1
940,82,1260.96,784.35,90.00,285.78,0.7855,-1,-1,-1
940,83,1126.66,63.65,62.94,167.45,0.4518,-1,-1,-1
940,84,1746.42,674.07,86.55,253.90,0.6361,-1,-1,-1
940,88,1623.87,94.90,54.74,161.54,0.2609,-1,-1,-1
941,4,1719.94,456.47,74.17,209.10,0.5794,-1,-1,-1
941,62,321.65,742.98,93.94,266.65,0.8184,-1,-1,-1
941,3,912.33,948.69,75.18,131.34,0.7510,-1,-1,-1
941,66,1574.75,595.36,98.84,229.35,0.5657,-1,-1,-1
941,70,858.48,385.74,61.66,211.60,0.7097,-1,-1,-1
941,71,942.82,368.56,65.37,215.88,0.7170,-1,-1,-1
941,68,390.11,383.28,76.87,212.40,0.6215,-1,-1,-1
941,74,342.99,394.15,55.98,183.54,0.3773,-1,-1,-1
941,80,807.49,136.84,56.46,175.20,0.2795,-1,-1,-1
941,82,1259.26,783.03,89.59,287.82,0.7844,-1,-1,-1
941,83,1127.82,65.19,62.81,167.52,0.4479,-1,-1,-1
941,84,1746.67,674.07,87.30,254.22,0.6634,-1,-1,-1
941,88,1626.10,96.36,52.58,160.17,0.2742,-1,-1,-1
942,4,1720.06,456.25,74.04,209.87,0.5558,-1,-1,-1
942,62,322.56,746.53,93.42,268.59,0.8173,-1,-1,-1
942,3,913.28,947.57,74.51,132.51,0.7628,-1,-1,-1
942,66,1574.61,594.94,99.01,229.86,0.5416,-1,-1,-1
942,70,858.51,385.00,61.80,212.39,0.7000,-1,-1,-1
942,71,942.05,368.23,65.47,215.81,0.7131,-1,-1,-1
942,68,390.83,385.59,76.29,212.09,0.5921,-1,-1,-1
942,74,342.11,393.93,57.26,185.12,0.3791,-1,-1,-1
942,80,807.17,137.16,56.80,174.49,0.2695,-1,-1,-1
942,82,1257.19,782.66,89.89,287.39,0.7773,-1,-1,-1
942,83,1128.85,66.40,63.15,168.36,0.4671,-1,-1,-1
942,84,1746.45,672.84,88.17,253.87,0.6571,-1,-1,-1
942,88,1628.19,96.52,51.07,159.82,0.2871,-1,-1,-1
943,4,1720.06,456.31,73.80,209.50,0.5679,-1,-1,-1
943,62,323.17,750.04,93.22,267.44,0.8184,-1,-1,-1
943,3,914.19,946.02,74.02,134.01,0.7552,-1,-1,-1
943,66,1574.85,595.40,98.75,229.03,0.5493,-1,-1,-1
943,70,858.23,383.76,62.30,212.33,0.6829,-1,-1,-1
943,71,940.78,366.94,66.37,216.81,0.7132,-1,-1,-1
943,68,392.04,387.30,75.43,211.08,0.5718,-1,-1,-1
943,74,339.98,395.75,57.70,185.80,0.3421,-1,-1,-1
943,80,809.72,136.37,54.85,174.18,0.2706,-1,-1,-1
943,82,1255.82,781.77,89.26,287.11,0.7748,-1,-1,-1
943,83,1129.52,66.80,62.72,167.36,0.4229,-1,-1,-1
943,84,1745.89,671.72,88.13,254.78,0.6662,-1,-1,-1
943,88,1629.69,96.69,50.45,160.40,0.2449,-1,-1,-1
944,4,1720.24,456.41,73.15,210.13,0.5650,-1,-1,-1
944,62,323.67,753.62,92.56,264.43,0.8223,-1,-1,-1
944,3,915.47,944.66,73.90,135.37,0.7344,-1,-1,-1
944,66,1574.95,594.71,98.17,229.68,0.5490,-1,-1,-1
944,70,858.04,382.04,62.22,213.59,0.6917,-1,-1,-1
944,71,939.21,366.02,66.58,216.83,0.6967,-1,-1,-1
944,68,392.13,388.19,75.38,209.89,0.5440,-1,-1,-1
944,74,338.85,400.46,58.01,186.45,0.3285,-1,-1,-1
944,80,807.54,137.02,56.68,174.42,0.2613,-1,-1,-1
944,82,1253.59,779.78,90.08,287.24,0.7731,-1,-1,-1
944,83,1131.15,65.91,61.93,166.28,0.4178,-1,-1,-1
944,84,1745.63,672.83,87.52,254.25,0.6759,-1,-1,-1
944,88,1630.58,97.04,50.73,159.11,0.2268,-1,-1,-1
945,4,1719.85,456.01,73.58,211.03,0.5424,-1,-1,-1
945,62,324.09,756.39,91.66,264.04,0.8237,-1,-1,-1
945,3,916.15,943.82,73.99,136.22,0.7561,-1,-1,-1
945,66,1575.41,595.59,98.10,228.85,0.5612,-1,-1,-1
945,70,857.46,379.66,62.82,212.89,0.6940,-1,-1,-1
945,71,939.97,364.44,64.44,216.71,0.6919,-1,-1,-1
945,68,392.47,388.86,75.41,209.47,0.5449,-1,-1,-1
945,74,338.36,408.57,60.06,184.68,0.3736,-1,-1,-1
945,80,806.73,137.06,57.24,174.99,0.2671,-1,-1,-1
945,82,1252.64,777.39,89.49,288.69,0.7645,-1,-1,-1
945,83,1132.60,66.07,60.63,164.71,0.4168,-1,-1,-1
945,84,1745.16,673.37,87.42,253.48,0.6790,-1,-1,-1
945,88,1628.84,94.36,53.52,163.51,0.2191,-1,-1,-1
946,4,1719.63,456.85,73.95,209.20,0.5699,-1,-1,-1
946,62,324.56,759.39,91.14,264.51,0.8211,-1,-1,-1
946,3,918.08,943.38,72.68,136.57,0.7576,-1,-1,-1
946,66,1576.27,596.82,97.10,226.80,0.5642,-1,-1,-1
946,70,856.96,377.16,64.02,214.05,0.6500,-1,-1,-1
946,71,939.21,362.63,63.29,216.18,0.6461,-1,-1,-1
946,68,391.30,388.87,75.60,209.68,0.5928,-1,-1,-1
946,74,330.73,409.41,66.36,187.33,0.4692,-1,-1,-1
946,80,807.53,136.06,56.18,176.64,0.3119,-1,-1,-1
946,82,1250.65,774.81,89.69,284.70,0.7755,-1,-1,-1
946,83,1134.45,66.32,59.41,164.68,0.4416,-1,-1,-1
946,84,1743.30,673.08,89.11,253.09,0.6623,-1,-1,-1
946,88,1630.75,96.14,52.57,161.52,0.2437,-1,-1,-1
946,78,476.85,215.56,59.19,185.08,0.3409,-1,-1,-1
947,4,1719.79,457.54,73.42,208.93,0.5719,-1,-1,-1
947,62,324.21,760.79,91.30,266.98,0.8233,-1,-1,-1
947,3,918.88,941.89,72.15,138.14,0.7545,-1,-1,-1
947,66,1576.55,597.16,97.61,226.95,0.5836,-1,-1,-1
947,70,856.36,374.64,64.49,212.03,0.6626,-1,-1,-1
947,71,937.97,360.95,62.51,212.12,0.6498,-1,-1,-1
947,68,391.87,388.71,74.60,210.03,0.5913,-1,-1,-1
947,74,329.32,411.51,67.15,187.62,0.4783,-1,-1,-1
947,80,807.69,135.78,56.02,177.02,0.2344,-1,-1,-1
947,82,1249.25,771.82,89.26,281.97,0.7636,-1,-1,-1
947,83,1137.27,67.19,56.53,162.77,0.3952,-1,-1,-1
947,84,1743.45,670.04,89.10,254.36,0.6922,-1,-1,-1
947,88,1632.60,96.84,52.33,160.92,0.2445,-1,-1,-1
947,78,476.89,215.73,59.81,185.04,0.3209,-1,-1,-1
948,4,1719.87,457.32,73.04,209.00,0.5736,-1,-1,-1
948,62,323.71,762.68,90.68,268.75,0.8271,-1,-1,-1
948,3,919.64,940.38,72.31,139.61,0.7534,-1,-1,-1
948,66,1576.21,595.87,98.17,228.17,0.5923,-1,-1,-1
948,70,856.06,371.42,64.37,211.78,0.6633,-1,-1,-1
948,71,937.09,358.11,61.42,209.02,0.6509,-1,-1,-1
948,68,391.74,388.68,74.49,209.93,0.5565,-1,-1,-1
948,74,329.04,412.92,66.21,188.10,0.4738,-1,-1,-1
948,80,807.72,135.20,56.16,177.52,0.2497,-1,-1,-1
948,82,1248.05,768.90,87.26,278.89,0.7740,-1,-1,-1
948,83,1139.01,68.05,57.09,163.06,0.4265,-1,-1,-1
948,84,1740.76,669.59,92.90,255.08,0.6816,-1,-1,-1
948,88,1633.86,97.07,52.37,161.57,0.2922,-1,-1,-1
948,78,477.32,215.61,60.01,184.58,0.3202,-1,-1,-1
949,4,1719.80,456.91,72.85,208.94,0.5777,-1,-1,-1
949,62,323.69,764.21,90.80,268.55,0.8215,-1,-1,-1
949,3,920.78,939.32,72.09,140.72,0.7384,-1,-1,-1
949,66,1576.81,594.94,97.89,229.46,0.5765,-1,-1,-1
949,70,855.50,368.94,64.63,211.64,0.6659,-1,-1,-1
949,71,935.13,355.87,62.27,209.37,0.6396,-1,-1,-1
949,68,391.91,390.11,73.90,208.58,0.5626,-1,-1,-1
949,74,325.28,413.53,68.08,190.18,0.5549,-1,-1,-1
949,80,807.66,135.60,56.09,176.36,0.2817,-1,-1,-1
949,82,1247.56,764.61,85.91,275.35,0.7646,-1,-1,-1
949,83,1140.49,68.80,58.27,165.04,0.3904,-1,-1,-1
949,84,1742.10,670.03,90.23,251.76,0.6772,-1,-1,-1
949,88,1634.17,97.79,53.22,161.20,0.2046,-1,-1,-1
949,78,476.36,216.33,60.84,182.51,0.3140,-1,-1,-1
950,4,1719.88,456.38,73.02,209.89,0.5724,-1,-1,-1
950,62,323.06,765.25,90.35,267.69,0.8230,-1,-1,-1
950,3,922.33,937.67,70.75,142.34,0.7546,-1,-1,-1
950,66,1576.06,594.99,98.52,229.01,0.5690,-1,-1,-1
950,70,855.82,366.78,64.56,206.73,0.6532,-1,-1,-1
950,71,931.83,352.69,64.22,209.28,0.6464,-1,-1,-1
950,68,390.95,390.07,74.31,209.02,0.5825,-1,-1,-1
950,74,325.41,414.26,67.69,190.13,0.5082,-1,-1,-1
950,80,808.41,135.62,55.34,176.65,0.2635,-1,-1,-1
950,82,1246.45,759.84,85.22,268.79,0.7694,-1,-1,-1
950,83,1142.71,68.68,60.21,166.98,0.3585,-1,-1,-1
950,84,1742.42,667.91,89.87,255.50,0.6781,-1,-1,-1
950,88,1634.74,100.44,53.12,159.83,0.1753,-1,-1,-1
950,78,475.43,216.67,61.23,181.01,0.3311,-1,-1,-1
951,4,1719.78,456.16,73.24,210.78,0.5724,-1,-1,-1
951,62,322.44,766.73,90.56,266.12,0.8161,-1,-1,-1
951,3,922.50,936.74,70.96,143.26,0.7622,-1,-1,-1
951,66,1575.89,594.80,99.09,229.31,0.5811,-1,-1,-1
951,70,855.15,365.06,65.28,205.90,0.6683,-1,-1,-1
951,71,930.30,349.79,65.12,210.10,0.6525,-1,-1,-1
951,68,390.77,390.57,74.42,207.50,0.5044,-1,-1,-1
951,74,322.85,414.71,70.88,189.92,0.4985,-1,-1,-1
951,80,809.03,135.82,54.65,176.40,0.2907,-1,-1,-1
951,82,1245.05,754.92,85.01,266.77,0.7678,-1,-1,-1
951,83,1143.98,70.52,61.42,164.54,0.3802,-1,-1,-1
951,84,1742.75,667.56,89.26,255.19,0.6549,-1,-1,-1
951,88,1635.32,104.59,52.76,156.86,0.2073,-1,-1,-1
951,78,475.24,217.89,61.95,179.51,0.3399,-1,-1,-1
952,4,1719.55,456.29,73.27,210.97,0.5726,-1,-1,-1
952,62,322.33,768.30,90.13,264.98,0.8045,-1,-1,-1
952,3,923.51,935.93,70.83,144.10,0.7728,-1,-1,-1
952,66,1575.34,595.66,100.07,228.37,0.5729,-1,-1,-1
952,70,854.43,363.66,66.02,205.78,0.6919,-1,-1,-1
952,71,929.50,347.31,65.46,211.79,0.6930,-1,-1,-1
952,68,391.81,390.81,73.53,206.88,0.5189,-1,-1,-1
952,74,323.43,415.03,70.48,189.53,0.4294,-1,-1,-1
952,80,809.03,135.68,54.57,175.44,0.2666,-1,-1,-1
952,82,1242.69,751.51,86.11,266.89,0.7631,-1,-1,-1
952,83,1146.20,72.96,59.94,163.80,0.3473,-1,-1,-1
952,84,1742.22,667.79,90.47,256.20,0.6676,-1,-1,-1
952,88,1636.18,105.83,53.16,156.30,0.2060,-1,-1,-1
952,78,474.82,219.87,63.00,177.09,0.3207,-1,-1,-1
953,4,1719.31,456.78,73.74,210.00,0.5683,-1,-1,-1
953,62,321.74,769.88,89.67,263.53,0.8138,-1,-1,-1
953,3,924.64,935.24,70.69,144.78,0.7791,-1,-1,-1
953,66,1575.86,594.88,99.79,229.00,0.6081,-1,-1,-1
953,70,853.04,362.28,67.88,206.63,0.6847,-1,-1,-1
953,71,927.61,345.96,66.61,211.69,0.7090,-1,-1,-1
953,68,391.26,393.40,74.62,207.66,0.5562,-1,-1,-1
953,74,321.96,414.44,71.96,190.50,0.4314,-1,-1,-1
953,80,809.25,136.12,54.55,176.28,0.2916,-1,-1,-1
953,82,1241.32,749.89,86.24,265.99,0.7807,-1,-1,-1
953,83,1146.90,74.31,59.41,165.31,0.3897,-1,-1,-1
953,84,1741.93,668.19,90.86,255.77,0.6717,-1,-1,-1
953,88,1636.58,107.38,53.65,155.66,0.2114,-1,-1,-1
953,78,475.92,220.49,62.60,176.29,0.3691,-1,-1,-1
954,4,1719.67,456.64,73.76,209.77,0.5800,-1,-1,-1
954,62,322.30,771.36,88.91,262.12,0.8180,-1,-1,-1
954,3,925.46,934.51,70.27,145.48,0.7647,-1,-1,-1
954,66,1576.25,596.08,98.97,228.25,0.5787,-1,-1,-1
954,70,852.36,360.79,67.91,207.65,0.6716,-1,-1,-1
954,71,925.83,344.96,67.97,211.74,0.7074,-1,-1,-1
954,68,389.51,394.14,76.18,210.12,0.6113,-1,-1,-1
954,74,321.59,414.73,70.27,189.73,0.4585,-1,-1,-1
954,80,808.62,136.34,54.71,175.56,0.3041,-1,-1,-1
954,82,1238.30,748.28,88.11,266.27,0.7781,-1,-1,-1
954,83,1147.58,76.64,59.38,165.73,0.3978,-1,-1,-1
954,84,1741.87,669.13,91.00,255.13,0.6836,-1,-1,-1
954,88,1637.27,109.00,54.35,155.55,0.2136,-1,-1,-1
954,78,476.67,221.39,62.93,175.63,0.3807,-1,-1,-1
955,4,1719.17,456.20,74.48,210.27,0.5747,-1,-1,-1
955,62,322.32,772.97,88.52,260.37,0.8190,-1,-1,-1
955,3,926.33,934.16,69.23,145.84,0.7775,-1,-1,-1
955,66,1576.22,594.43,99.19,229.66,0.5886,-1,-1,-1
955,70,852.28,360.16,67.48,208.50,0.6666,-1,-1,-1
955,71,925.31,343.79,68.86,211.87,0.6881,-1,-1,-1
955,68,389.15,396.33,77.45,212.12,0.5808,-1,-1,-1
955,74,320.37,417.10,70.46,182.27,0.4147,-1,-1,-1
955,80,808.16,136.97,55.03,175.21,0.2799,-1,-1,-1
955,82,1237.06,746.12,87.84,267.79,0.7886,-1,-1,-1
955,83,1148.44,79.02,60.26,164.84,0.3767,-1,-1,-1
955,84,1741.90,668.72,90.79,254.31,0.6737,-1,-1,-1
955,88,1637.65,108.72,55.65,156.03,0.1972,-1,-1,-1
955,78,476.86,222.62,64.38,176.13,0.3835,-1,-1,-1
956,4,1719.64,456.44,74.04,210.21,0.5833,-1,-1,-1
956,62,321.96,773.56,88.71,259.48,0.8289,-1,-1,-1
956,3,926.46,933.55,69.66,146.49,0.7815,-1,-1,-1
956,66,1578.28,594.66,97.36,229.33,0.5545,-1,-1,-1
956,70,851.53,360.12,67.71,209.82,0.6588,-1,-1,-1
956,71,924.05,343.59,70.77,214.20,0.6929,-1,-1,-1
956,68,389.26,399.78,77.38,212.54,0.6056,-1,-1,-1
956,74,320.60,418.45,69.61,180.94,0.4541,-1,-1,-1
956,80,807.66,137.37,55.44,176.04,0.2890,-1,-1,-1
956,82,1235.23,744.05,87.74,268.95,0.7904,-1,-1,-1
956,83,1149.49,80.63,60.86,163.64,0.3009,-1,-1,-1
956,84,1741.68,668.03,91.02,254.17,0.6592,-1,-1,-1
956,88,1638.99,108.85,54.98,156.04,0.2280,-1,-1,-1
956,78,478.25,222.27,64.89,178.82,0.4050,-1,-1,-1
957,4,1719.25,456.27,74.27,210.17,0.5699,-1,-1,-1
957,62,322.02,774.13,88.15,259.41,0.8345,-1,-1,-1
957,3,926.42,933.08,70.48,146.92,0.7782,-1,-1,-1
957,66,1580.99,593.72,94.77,230.22,0.5680,-1,-1,-1
957,70,850.87,360.42,67.50,208.18,0.6745,-1,-1,-1
957,71,921.72,343.44,73.06,214.82,0.6919,-1,-1,-1
957,68,388.43,403.32,77.69,213.17,0.6145,-1,-1,-1
957,74,321.96,419.00,67.53,181.30,0.4293,-1,-1,-1
957,80,807.46,136.91,55.54,175.98,0.2791,-1,-1,-1
957,82,1232.56,742.78,90.25,260.29,0.7515,-1,-1,-1
957,83,1150.16,80.73,60.52,162.30,0.2780,-1,-1,-1
957,84,1739.80,669.14,93.31,251.87,0.6707,-1,-1,-1
957,88,1640.68,109.12,54.70,155.98,0.2612,-1,-1,-1
957,78,477.84,224.41,66.92,177.77,0.4349,-1,-1,-1
958,4,1719.14,456.00,74.47,210.50,0.5799,-1,-1,-1
958,62,322.12,775.08,87.81,261.98,0.8283,-1,-1,-1
958,3,926.90,932.66,70.68,147.33,0.7847,-1,-1,-1
958,66,1580.52,594.96,95.27,228.75,0.5441,-1,-1,-1
958,70,850.17,359.95,67.94,207.87,0.6789,-1,-1,-1
958,71,922.36,343.21,73.16,215.38,0.6937,-1,-1,-1
958,68,387.61,405.01,77.68,215.06,0.5994,-1,-1,-1
958,74,323.21,419.49,66.61,183.05,0.4483,-1,-1,-1
958,80,807.32,136.62,55.49,177.11,0.2891,-1,-1,-1
958,82,1231.02,741.51,90.85,259.69,0.7563,-1,-1,-1
958,83,1150.87,80.52,60.05,162.65,0.3162,-1,-1,-1
958,84,1739.21,668.15,94.32,253.50,0.6617,-1,-1,-1
958,88,1642.50,109.39,53.56,156.80,0.2775,-1,-1,-1
958,78,479.88,227.44,66.15,176.96,0.3704,-1,-1,-1
958,89,424.28,236.50,59.75,193.25,0.4599,-1,-1,-1
959,4,1719.07,456.34,74.49,209.51,0.5786,-1,-1,-1
959,62,321.95,777.10,87.37,262.87,0.7966,-1,-1,-1
959,3,927.31,932.63,70.63,147.38,0.7850,-1,-1,-1
959,66,1581.04,596.11,94.35,228.03,0.5639,-1,-1,-1
959,70,850.14,359.15,67.97,206.01,0.6789,-1,-1,-1
959,71,923.37,342.86,72.11,216.01,0.6845,-1,-1,-1
959,68,386.61,408.21,77.45,214.14,0.6066,-1,-1,-1
959,74,321.91,420.82,67.56,185.72,0.5237,-1,-1,-1
959,80,806.75,136.62,56.17,176.31,0.2548,-1,-1,-1
959,82,1228.29,740.40,92.71,253.14,0.7574,-1,-1,-1
959,83,1151.61,80.61,59.79,164.22,0.3734,-1,-1,-1
959,84,1740.81,668.46,90.95,252.31,0.6471,-1,-1,-1
959,88,1644.07,109.88,52.83,158.27,0.2696,-1,-1,-1
959,78,484.13,231.00,63.24,176.55,0.3643,-1,-1,-1
959,89,423.33,236.92,60.75,193.96,0.4960,-1,-1,-1
960,4,1719.00,455.73,74.77,210.35,0.5896,-1,-1,-1
960,62,321.84,779.44,87.03,262.98,0.8038,-1,-1,-1
960,3,927.54,932.23,71.01,147.79,0.7891,-1,-1,-1
960,66,1580.02,593.42,96.32,230.53,0.5780,-1,-1,-1
960,70,849.89,356.28,67.57,206.87,0.6894,-1,-1,-1
960,71,923.80,341.54,71.65,216.24,0.6971,-1,-1,-1
960,68,389.90,411.90,75.26,211.97,0.5336,-1,-1,-1
960,74,323.10,420.49,65.17,187.75,0.4973,-1,-1,-1
960,80,807.28,136.71,55.53,175.87,0.2660,-1,-1,-1
960,82,1225.31,738.82,93.80,255.95,0.7923,-1,-1,-1
960,83,1152.05,80.80,59.66,165.77,0.4258,-1,-1,-1
960,84,1741.36,668.70,90.95,252.21,0.6832,-1,-1,-1
960,88,1645.66,110.83,52.59,158.63,0.2768,-1,-1,-1
960,78,486.41,232.35,62.42,177.80,0.3804,-1,-1,-1
960,89,422.62,237.15,61.59,195.95,0.5241,-1,-1,-1
961,4,1719.27,455.58,74.84,210.54,0.5976,-1,-1,-1
961,62,322.35,783.44,86.31,261.60,0.8184,-1,-1,-1
961,3,927.99,931.81,70.80,148.17,0.7791,-1,-1,-1
961,66,1577.95,593.47,98.35,230.37,0.5437,-1,-1,-1
961,70,849.13,353.00,66.60,205.85,0.6868,-1,-1,-1
961,71,924.10,340.30,71.71,217.02,0.6919,-1,-1,-1
961,68,390.73,412.97,74.74,211.40,0.5707,-1,-1,-1
961,74,321.52,421.73,65.29,190.48,0.5794,-1,-1,-1
961,80,807.11,136.57,55.67,174.60,0.2374,-1,-1,-1
961,82,1222.15,736.59,95.01,256.03,0.7770,-1,-1,-1
961,83,1153.03,79.55,58.46,167.55,0.4793,-1,-1,-1
961,84,1741.42,669.59,91.08,252.34,0.6776,-1,-1,-1
961,88,1646.28,110.74,53.40,159.44,0.2721,-1,-1,-1
961,78,487.79,230.57,62.12,181.29,0.3736,-1,-1,-1
961,89,422.43,238.63,61.89,196.68,0.4800,-1,-1,-1
962,4,1719.38,455.44,74.24,209.90,0.5948,-1,-1,-1
962,62,322.55,786.28,85.83,260.57,0.8295,-1,-1,-1
962,3,928.21,931.77,71.03,148.20,0.7877,-1,-1,-1
962,66,1576.96,591.17,100.11,232.62,0.5474,-1,-1,-1
962,70,848.44,350.00,66.58,203.86,0.6832,-1,-1,-1
962,71,924.99,338.55,71.45,216.73,0.6872,-1,-1,-1
962,68,391.97,415.02,74.03,209.58,0.5330,-1,-1,-1
962,74,320.11,421.13,65.89,195.22,0.5732,-1,-1,-1
962,80,807.33,137.04,55.37,174.04,0.2347,-1,-1,-1
962,82,1220.47,733.22,94.17,256.00,0.7650,-1,-1,-1
962,83,1153.88,80.91,58.32,167.93,0.4084,-1,-1,-1
962,84,1741.47,666.96,92.02,257.71,0.6720,-1,-1,-1
962,88,1645.83,111.79,54.86,158.86,0.2319,-1,-1,-1
962,78,489.32,231.63,61.45,181.78,0.3574,-1,-1,-1
962,89,421.03,241.59,63.30,196.31,0.4939,-1,-1,-1
963,4,1719.42,455.32,74.23,209.82,0.5758,-1,-1,-1
963,62,323.22,789.33,86.14,262.82,0.8183,-1,-1,-1
963,3,928.62,931.68,70.99,148.35,0.7773,-1,-1,-1
963,66,1575.01,591.45,102.91,232.48,0.5526,-1,-1,-1
963,70,848.53,348.11,65.06,203.10,0.6767,-1,-1,-1
963,71,924.57,336.37,70.96,217.99,0.6826,-1,-1,-1
963,68,392.17,415.76,74.04,209.13,0.5554,-1,-1,-1
963,74,319.79,420.49,65.98,199.57,0.5817,-1,-1,-1
963,80,806.96,137.27,55.56,174.07,0.2271,-1,-1,-1
963,82,1219.15,730.37,92.58,259.27,0.7674,-1,-1,-1
963,83,1154.13,82.55,58.50,167.12,0.2928,-1,-1,-1
963,84,1741.40,667.79,92.00,255.39,0.6636,-1,-1,-1
963,88,1645.36,113.21,56.39,159.31,0.2391,-1,-1,-1
963,78,489.50,232.06,62.38,181.69,0.3811,-1,-1,-1
963,89,420.08,242.23,64.13,196.57,0.4977,-1,-1,-1
964,4,1719.16,455.61,74.11,210.10,0.5691,-1,-1,-1
964,62,324.48,792.19,85.14,266.65,0.8268,-1,-1,-1
964,3,928.44,931.83,71.25,148.17,0.7843,-1,-1,-1
964,66,1575.02,589.57,101.96,234.79,0.5430,-1,-1,-1
964,70,848.03,346.60,63.74,202.48,0.6549,-1,-1,-1
964,71,923.52,334.00,71.23,217.52,0.6622,-1,-1,-1
964,68,392.14,416.78,73.87,208.00,0.5666,-1,-1,-1
964,74,320.61,423.29,64.18,198.53,0.6053,-1,-1,-1
964,80,805.39,136.80,56.73,174.52,0.2032,-1,-1,-1
964,82,1218.45,727.46,90.00,265.74,0.7785,-1,-1,-1
964,83,1152.60,85.33,60.57,166.77,0.3104,-1,-1,-1
964,84,1741.34,665.80,92.16,257.53,0.6716,-1,-1,-1
964,88,1644.73,114.75,58.00,161.37,0.2425,-1,-1,-1
964,78,490.48,231.63,62.06,181.68,0.3879,-1,-1,-1
964,89,420.15,242.84,62.65,199.49,0.4690,-1,-1,-1
965,4,1719.34,455.72,74.23,209.44,0.5920,-1,-1,-1
965,62,325.74,795.03,84.60,271.36,0.8258,-1,-1,-1
965,3,928.52,931.72,71.35,148.14,0.7782,-1,-1,-1
965,66,1575.24,589.40,101.19,234.94,0.5984,-1,-1,-1
965,70,848.81,344.25,61.50,201.16,0.6580,-1,-1,-1
965,71,923.71,331.56,71.38,214.90,0.6826,-1,-1,-1
965,68,392.29,417.45,73.37,206.82,0.5657,-1,-1,-1
965,74,318.96,427.26,66.21,195.73,0.6129,-1,-1,-1
965,80,806.61,136.38,55.53,175.40,0.2516,-1,-1,-1
965,82,1216.93,723.40,89.57,266.27,0.7902,-1,-1,-1
965,83,1152.89,88.13,62.39,165.11,0.3248,-1,-1,-1
965,84,1741.60,668.20,92.48,255.40,0.6871,-1,-1,-1
965,88,1644.77,117.61,59.19,158.31,0.2992,-1,-1,-1
965,78,490.96,231.08,62.86,182.95,0.4312,-1,-1,-1
965,89,419.79,243.76,61.70,199.61,0.4527,-1,-1,-1
966,4,1719.17,455.89,74.11,209.76,0.5744,-1,-1,-1
966,62,327.23,797.80,83.32,275.20,0.8304,-1,-1,-1
966,3,928.21,931.98,71.91,147.97,0.7738,-1,-1,-1
966,66,1574.86,590.36,102.07,233.84,0.6056,-1,-1,-1
966,70,849.08,342.71,60.75,200.38,0.6739,-1,-1,-1
966,71,924.27,330.10,70.71,209.57,0.7017,-1,-1,-1
966,68,389.54,415.61,75.19,208.70,0.5524,-1,-1,-1
966,74,319.16,432.31,65.71,190.95,0.6082,-1,-1,-1
966,80,807.41,136.35,54.72,177.01,0.2159,-1,-1,-1
966,82,1215.96,719.77,89.58,262.22,0.7831,-1,-1,-1
966,83,1152.75,90.58,63.84,165.35,0.3649,-1,-1,-1
966,84,1742.10,669.07,92.50,255.15,0.6888,-1,-1,-1
966,88,1645.65,119.95,59.38,158.23,0.3063,-1,-1,-1
966,78,491.53,230.99,63.16,182.76,0.4289,-1,-1,-1
966,89,419.71,244.16,60.79,199.87,0.4300,-1,-1,-1
967,4,1719.12,455.81,74.10,210.07,0.5819,-1,-1,-1
967,62,328.55,799.45,82.53,274.70,0.7979,-1,-1,-1
967,3,927.98,932.01,72.46,147.98,0.7771,-1,-1,-1
967,66,1573.76,590.29,103.80,233.78,0.5917,-1,-1,-1
967,70,849.68,340.89,60.57,201.64,0.6837,-1,-1,-1
967,71,925.69,328.38,69.38,207.83,0.7081,-1,-1,-1
967,68,391.65,417.94,73.18,205.69,0.5480,-1,-1,-1
967,74,315.93,433.21,69.05,191.48,0.5865,-1,-1,-1
967,80,809.23,136.98,52.82,177.02,0.2005,-1,-1,-1
967,82,1216.26,715.97,87.99,260.93,0.7860,-1,-1,-1
967,83,1152.68,92.18,64.78,165.89,0.2847,-1,-1,-1
967,84,1741.91,669.78,91.93,254.35,0.7121,-1,-1,-1
967,88,1646.59,121.63,59.71,160.05,0.2517,-1,-1,-1
967,78,492.59,231.19,62.73,183.02,0.4406,-1,-1,-1
967,89,418.11,245.24,63.18,198.31,0.3978,-1,-1,-1
968,4,1719.02,455.97,73.85,210.44,0.5836,-1,-1,-1
968,62,329.53,800.46,83.37,275.25,0.7966,-1,-1,-1
968,3,927.64,931.61,72.53,148.35,0.7810,-1,-1,-1
968,66,1574.14,589.60,103.46,234.60,0.6147,-1,-1,-1
968,70,848.68,339.52,61.27,203.52,0.6941,-1,-1,-1
968,71,926.42,325.74,68.97,207.92,0.7234,-1,-1,-1
968,68,393.04,418.78,72.14,203.99,0.5532,-1,-1,-1
968,74,313.46,433.51,71.06,191.69,0.5846,-1,-1,-1
968,80,809.49,136.66,52.73,176.75,0.1861,-1,-1,-1
968,82,1215.04,712.63,88.04,261.72,0.7839,-1,-1,-1
968,83,1152.80,93.24,65.57,169.68,0.3210,-1,-1,-1
968,84,1741.02,669.05,93.32,255.50,0.6957,-1,-1,-1
968,88,1647.39,123.44,59.20,163.24,0.3136,-1,-1,-1
968,78,493.38,231.32,62.16,183.54,0.5040,-1,-1,-1
968,89,416.11,245.56,65.63,197.28,0.3630,-1,-1,-1
969,4,1719.02,456.33,73.61,210.46,0.5891,-1,-1,-1
969,62,330.48,802.02,84.50,274.10,0.7833,-1,-1,-1
969,3,927.62,931.89,71.96,148.08,0.7818,-1,-1,-1
969,66,1574.02,590.31,104.84,233.83,0.6184,-1,-1,-1
969,70,848.75,338.59,60.82,205.19,0.6958,-1,-1,-1
969,71,926.95,324.00,68.50,207.52,0.7281,-1,-1,-1
969,68,393.60,420.51,71.58,202.91,0.5213,-1,-1,-1
969,74,308.41,433.46,76.92,192.13,0.5694,-1,-1,-1
969,80,809.15,137.19,53.00,176.75,0.1917,-1,-1,-1
969,82,1213.42,709.53,89.43,263.63,0.7817,-1,-1,-1
969,83,1152.19,94.56,68.60,170.51,0.2322,-1,-1,-1
969,84,1740.37,668.54,93.26,254.63,0.6977,-1,-1,-1
969,88,1648.13,124.93,58.77,164.49,0.3086,-1,-1,-1
969,78,493.46,232.86,62.67,184.05,0.4677,-1,-1,-1
969,89,415.28,246.78,66.75,197.00,0.2230,-1,-1,-1
970,4,1719.04,455.95,73.68,210.20,0.5880,-1,-1,-1
970,62,331.39,803.69,85.55,272.84,0.7936,-1,-1,-1
970,3,927.27,931.98,71.85,148.06,0.7810,-1,-1,-1
970,66,1574.88,591.24,104.06,233.10,0.6187,-1,-1,-1
970,70,848.62,338.19,60.73,206.06,0.6995,-1,-1,-1
970,71,927.55,323.07,66.78,207.84,0.7032,-1,-1,-1
970,68,390.76,418.38,74.58,208.81,0.5194,-1,-1,-1
970,74,303.53,435.78,82.16,189.85,0.4561,-1,-1,-1
970,80,808.58,137.14,53.51,176.53,0.1985,-1,-1,-1
970,82,1211.96,707.49,90.44,265.91,0.7811,-1,-1,-1
970,83,1154.11,95.67,67.62,171.48,0.1669,-1,-1,-1
970,84,1739.97,668.38,93.62,253.55,0.6942,-1,-1,-1
970,88,1649.10,125.63,57.79,164.82,0.3215,-1,-1,-1
970,78,494.08,234.69,63.43,184.86,0.4765,-1,-1,-1
970,89,414.23,247.23,66.96,198.54,0.2341,-1,-1,-1
971,4,1719.11,456.11,74.26,210.49,0.5860,-1,-1,-1
971,62,330.69,804.17,88.46,271.99,0.7871,-1,-1,-1
971,3,927.05,932.25,71.49,147.78,0.7793,-1,-1,-1
971,66,1575.03,590.69,104.09,233.64,0.5853,-1,-1,-1
971,70,848.58,337.72,60.43,207.43,0.7053,-1,-1,-1
971,71,927.84,322.49,66.07,207.66,0.7117,-1,-1,-1
971,68,391.75,421.67,74.47,212.44,0.5196,-1,-1,-1
971,74,317.37,437.66,70.77,188.46,0.3389,-1,-1,-1
971,80,808.32,137.04,53.65,177.42,0.1920,-1,-1,-1
971,82,1210.42,706.43,90.70,267.90,0.7932,-1,-1,-1
971,83,1155.34,96.84,67.20,171.10,0.1751,-1,-1,-1
971,84,1740.07,669.85,92.60,252.37,0.6852,-1,-1,-1
971,88,1649.82,126.67,57.10,164.60,0.3210,-1,-1,-1
971,78,494.29,235.99,63.87,186.40,0.4628,-1,-1,-1
971,89,414.21,248.41,65.67,196.11,0.2965,-1,-1,-1
972,4,1719.54,455.97,73.69,210.00,0.5870,-1,-1,-1
972,62,330.12,804.93,91.53,270.54,0.7704,-1,-1,-1
972,3,926.97,932.49,70.31,147.54,0.7637,-1,-1,-1
972,66,1575.03,590.42,103.89,233.74,0.5742,-1,-1,-1
972,70,848.45,337.60,60.25,208.21,0.6763,-1,-1,-1
972,71,927.72,321.87,65.71,207.23,0.6948,-1,-1,-1
972,68,388.50,419.85,77.28,215.90,0.5281,-1,-1,-1
972,74,305.65,438.60,79.50,184.47,0.3388,-1,-1,-1
972,80,808.11,136.93,53.75,177.18,0.1776,-1,-1,-1
972,82,1208.15,706.00,91.94,268.66,0.7898,-1,-1,-1
972,83,1158.31,99.00,66.57,169.57,0.1583,-1,-1,-1
972,84,1740.31,669.23,92.48,254.48,0.6968,-1,-1,-1
972,88,1650.91,128.05,56.45,162.74,0.2629,-1,-1,-1
972,78,494.01,238.33,64.57,185.59,0.4040,-1,-1,-1
972,89,415.02,249.99,62.67,164.18,0.2204,-1,-1,-1
972,90,321.36,437.20,65.14,187.99,0.3572,-1,-1,-1
973,4,1719.15,455.87,73.97,210.48,0.5752,-1,-1,-1
973,62,329.63,806.33,94.56,268.18,0.7738,-1,-1,-1
973,3,926.43,933.23,70.44,146.79,0.7776,-1,-1,-1
973,66,1574.86,590.87,103.87,233.44,0.6067,-1,-1,-1
973,70,847.60,336.36,61.23,208.24,0.6858,-1,-1,-1
973,71,927.84,321.29,65.08,207.28,0.6986,-1,-1,-1
973,68,387.90,419.67,77.47,218.48,0.5476,-1,-1,-1
973,74,303.33,436.43,81.60,188.33,0.2180,-1,-1,-1
973,80,808.61,137.23,53.57,177.42,0.2067,-1,-1,-1
973,82,1206.81,704.77,90.45,268.84,0.7941,-1,-1,-1
973,83,1159.74,99.54,69.19,170.27,0.1127,-1,-1,-1
973,84,1740.25,668.65,93.03,254.55,0.6941,-1,-1,-1
973,88,1651.06,128.96,56.51,160.67,0.2211,-1,-1,-1
973,78,494.80,240.23,63.46,184.98,0.4473,-1,-1,-1
973,89,414.02,250.26,64.02,182.39,0.3060,-1,-1,-1
973,90,326.48,435.34,59.54,191.23,0.4687,-1,-1,-1
974,4,1719.29,455.51,73.20,210.10,0.5481,-1,-1,-1
974,62,328.98,807.52,97.18,266.93,0.7683,-1,-1,-1
974,3,926.18,933.00,69.64,147.06,0.7694,-1,-1,-1
974,66,1576.21,589.63,102.77,234.46,0.6294,-1,-1,-1
974,70,847.48,335.42,61.25,208.57,0.6666,-1,-1,-1
974,71,927.26,321.25,64.99,207.04,0.7105,-1,-1,-1
974,68,387.58,421.50,76.78,219.04,0.5676,-1,-1,-1
974,74,318.04,436.59,67.44,189.88,0.4757,-1,-1,-1
974,80,808.49,136.67,53.86,177.60,0.1795,-1,-1,-1
974,82,1205.39,703.09,90.91,270.04,0.7965,-1,-1,-1
974,83,1163.07,100.53,67.24,170.19,0.1175,-1,-1,-1
974,84,1740.24,670.05,92.51,253.54,0.6885,-1,-1,-1
974,88,1651.51,127.69,57.77,157.21,0.2403,-1,-1,-1
974,78,496.01,242.58,62.40,184.88,0.4492,-1,-1,-1
974,89,413.52,250.93,64.70,186.45,0.3226,-1,-1,-1
974,90,327.49,435.76,58.47,191.22,0.4757,-1,-1,-1
975,4,1718.94,455.27,73.66,210.67,0.5843,-1,-1,-1
975,62,328.49,808.89,99.03,265.20,0.7802,-1,-1,-1
975,3,925.03,933.50,69.75,146.54,0.7595,-1,-1,-1
975,66,1577.42,589.73,101.92,234.46,0.6047,-1,-1,-1
975,70,847.08,333.61,61.43,208.62,0.6640,-1,-1,-1
975,71,927.03,320.68,64.48,208.49,0.6908,-1,-1,-1
975,68,387.47,423.42,76.79,218.68,0.5703,-1,-1,-1
975,74,324.15,437.35,61.25,190.74,0.4973,-1,-1,-1
975,80,807.71,136.34,54.45,176.89,0.1897,-1,-1,-1
975,82,1203.96,702.12,89.53,270.39,0.7914,-1,-1,-1
975,83,1165.13,100.76,65.75,168.62,0.2025,-1,-1,-1
975,84,1738.37,669.49,95.25,254.36,0.6918,-1,-1,-1
975,88,1651.98,127.84,58.52,160.76,0.3283,-1,-1,-1
975,78,496.25,244.14,63.01,186.58,0.4647,-1,-1,-1
975,89,411.54,251.46,67.80,189.54,0.4291,-1,-1,-1
975,90,327.35,436.84,58.20,191.39,0.4973,-1,-1,-1
976,4,1719.26,456.72,73.44,209.18,0.5698,-1,-1,-1
976,62,328.54,811.02,100.25,264.55,0.7742,-1,-1,-1
976,3,924.43,933.88,68.94,146.14,0.7337,-1,-1,-1
976,66,1578.41,589.00,101.34,235.08,0.6039,-1,-1,-1
976,70,846.55,332.32,61.65,205.93,0.6726,-1,-1,-1
976,71,925.72,320.12,64.91,210.60,0.6926,-1,-1,-1
976,68,387.93,425.75,75.97,218.77,0.5746,-1,-1,-1
976,74,325.00,437.18,60.05,191.19,0.5091,-1,-1,-1
976,80,808.24,137.23,53.97,176.37,0.2180,-1,-1,-1
976,82,1201.69,700.59,89.62,270.52,0.8038,-1,-1,-1
976,83,1167.84,100.72,64.40,169.00,0.3276,-1,-1,-1
976,84,1737.73,670.77,96.26,252.72,0.7112,-1,-1,-1
976,88,1655.39,128.05,55.78,158.61,0.3450,-1,-1,-1
976,78,496.44,245.58,63.38,188.64,0.4552,-1,-1,-1
976,89,410.97,252.35,68.20,190.54,0.4364,-1,-1,-1
976,90,325.95,436.75,59.13,191.55,0.5091,-1,-1,-1
977,4,1719.28,456.64,73.45,209.87,0.5578,-1,-1,-1
977,62,328.56,813.26,101.66,265.29,0.7843,-1,-1,-1
977,3,922.71,933.80,69.71,146.23,0.7405,-1,-1,-1
977,66,1577.72,588.43,102.57,235.90,0.6107,-1,-1,-1
977,70,846.31,330.56,61.54,203.72,0.6665,-1,-1,-1
977,71,923.63,317.92,64.96,213.06,0.6804,-1,-1,-1
977,68,387.34,428.13,75.75,217.49,0.5711,-1,-1,-1
977,74,323.92,436.91,62.38,193.95,0.4865,-1,-1,-1
977,80,807.07,137.87,55.08,176.01,0.2124,-1,-1,-1
977,82,1201.05,698.58,87.55,272.74,0.7905,-1,-1,-1
977,83,1170.36,102.77,63.34,168.89,0.2521,-1,-1,-1
977,84,1737.21,669.86,96.49,252.65,0.7134,-1,-1,-1
977,88,1657.30,129.19,55.39,158.71,0.4568,-1,-1,-1
977,78,495.74,247.54,64.10,188.37,0.4387,-1,-1,-1
977,89,408.26,254.90,70.16,189.05,0.4148,-1,-1,-1
977,90,324.03,436.50,62.33,194.34,0.4865,-1,-1,-1
977,86,1780.03,162.04,56.44,174.73,0.3457,-1,-1,-1
978,4,1719.30,457.24,73.51,209.17,0.5440,-1,-1,-1
978,62,329.12,815.91,100.96,264.08,0.7920,-1,-1,-1
978,3,922.35,934.19,68.81,145.81,0.7364,-1,-1,-1
978,66,1577.56,589.06,102.55,235.23,0.6092,-1,-1,-1
978,70,845.53,328.38,62.25,200.70,0.6665,-1,-1,-1
978,71,923.00,316.90,64.88,212.03,0.6793,-1,-1,-1
978,68,387.66,429.65,74.42,216.74,0.5471,-1,-1,-1
978,74,322.22,438.43,65.29,195.66,0.4360,-1,-1,-1
978,80,807.58,137.14,54.49,176.23,0.2094,-1,-1,-1
978,82,1199.68,696.02,86.36,273.92,0.7882,-1,-1,-1
978,83,1173.24,102.68,61.07,169.63,0.2813,-1,-1,-1
978,84,1737.04,669.84,95.88,252.70,0.7100,-1,-1,-1
978,88,1658.51,130.77,54.77,159.50,0.4042,-1,-1,-1
978,78,495.71,249.18,64.38,187.49,0.4549,-1,-1,-1
978,89,407.66,258.60,69.97,186.81,0.4140,-1,-1,-1
978,90,322.02,438.15,65.58,196.02,0.4360,-1,-1,-1
978,86,1780.46,163.94,56.56,171.95,0.3121,-1,-1,-1
979,4,1718.97,456.85,73.50,209.70,0.5309,-1,-1,-1
979,62,329.98,818.40,100.10,262.05,0.8076,-1,-1,-1
979,3,921.95,934.77,67.95,145.21,0.7400,-1,-1,-1
979,66,1576.20,589.98,103.60,233.99,0.6143,-1,-1,-1
979,70,845.10,325.58,62.46,199.01,0.6504,-1,-1,-1
979,71,922.52,315.95,64.09,209.88,0.6810,-1,-1,-1
979,68,387.87,431.65,74.69,215.52,0.5978,-1,-1,-1
979,74,312.69,439.06,75.89,199.69,0.5161,-1,-1,-1
979,80,807.19,137.27,55.26,175.72,0.2151,-1,-1,-1
979,82,1199.15,692.49,85.82,275.63,0.7898,-1,-1,-1
979,83,1175.27,104.84,61.02,170.72,0.2998,-1,-1,-1
979,84,1736.88,669.36,96.16,252.81,0.7057,-1,-1,-1
979,88,1660.01,132.26,54.20,159.30,0.3730,-1,-1,-1
979,78,496.24,249.71,63.65,187.18,0.4903,-1,-1,-1
979,89,405.60,260.50,70.75,185.64,0.4546,-1,-1,-1
979,90,312.24,438.83,76.43,200.09,0.5161,-1,-1,-1
979,86,1780.98,163.44,56.46,169.94,0.2354,-1,-1,-1
980,4,1719.68,456.80,72.84,209.30,0.5465,-1,-1,-1
980,62,330.10,821.59,99.19,259.00,0.8206,-1,-1,-1
980,3,921.38,935.58,66.86,144.41,0.7514,-1,-1,-1
980,66,1575.11,590.52,105.12,233.70,0.6258,-1,-1,-1
980,70,845.06,324.40,61.20,198.38,0.6299,-1,-1,-1
980,71,922.02,314.79,63.44,208.69,0.6861,-1,-1,-1
980,68,388.09,432.04,74.93,216.22,0.6374,-1,-1,-1
980,74,309.49,438.55,79.04,205.74,0.6045,-1,-1,-1
980,80,806.87,136.81,55.43,174.64,0.2200,-1,-1,-1
980,82,1198.85,688.64,85.97,273.21,0.7734,-1,-1,-1
980,83,1176.93,109.20,61.08,166.66,0.3729,-1,-1,-1
980,84,1737.20,668.18,96.95,254.24,0.6966,-1,-1,-1
980,88,1661.58,133.52,53.75,160.20,0.4007,-1,-1,-1
980,78,495.48,249.40,65.03,187.99,0.4454,-1,-1,-1
980,89,404.12,258.86,72.93,187.79,0.4437,-1,-1,-1
980,90,308.97,438.33,79.65,206.21,0.6045,-1,-1,-1
980,86,1781.74,168.43,57.23,164.20,0.1593,-1,-1,-1
981,4,1719.20,456.69,73.91,209.61,0.5475,-1,-1,-1
981,62,330.19,825.48,98.76,255.23,0.8242,-1,-1,-1
981,3,920.71,936.38,66.60,143.67,0.7438,-1,-1,-1
981,66,1575.14,590.31,105.01,234.04,0.6279,-1,-1,-1
981,70,844.62,322.63,60.37,199.31,0.6143,-1,-1,-1
981,71,920.58,313.26,63.50,207.63,0.6630,-1,-1,-1
981,68,387.88,433.18,74.11,215.87,0.5301,-1,-1,-1
981,74,309.07,440.15,79.53,206.69,0.5142,-1,-1,-1
981,80,807.57,136.05,54.84,175.85,0.1931,-1,-1,-1
981,82,1197.93,684.91,85.75,268.24,0.7786,-1,-1,-1
981,83,1178.18,111.76,61.04,164.59,0.3761,-1,-1,-1
981,84,1738.90,669.12,93.42,253.03,0.6989,-1,-1,-1
981,88,1661.92,135.63,54.59,159.32,0.3921,-1,-1,-1
981,78,495.49,249.21,64.65,187.12,0.4566,-1,-1,-1
981,89,402.93,257.83,74.68,190.69,0.4353,-1,-1,-1
981,90,308.59,439.97,80.10,207.09,0.5142,-1,-1,-1
981,86,1782.06,172.62,55.85,163.01,0.1102,-1,-1,-1
982,4,1719.41,457.07,73.77,209.27,0.5407,-1,-1,-1
982,62,330.42,828.77,97.63,251.78,0.8211,-1,-1,-1
982,3,919.23,937.06,67.18,142.95,0.7421,-1,-1,-1
982,66,1575.14,590.07,105.77,233.92,0.6244,-1,-1,-1
982,70,841.89,319.93,63.42,198.49,0.6024,-1,-1,-1
982,71,921.37,311.14,62.11,204.84,0.6536,-1,-1,-1
982,68,390.10,439.35,71.93,209.74,0.5090,-1,-1,-1
982,74,310.00,442.39,78.99,207.42,0.4837,-1,-1,-1
982,80,808.64,134.94,54.27,175.08,0.1881,-1,-1,-1
982,82,1196.80,681.14,85.69,264.99,0.7703,-1,-1,-1
982,83,1179.95,114.04,61.09,164.18,0.3616,-1,-1,-1
982,84,1737.63,668.52,96.08,254.15,0.7030,-1,-1,-1
982,88,1661.67,138.37,55.73,157.60,0.4020,-1,-1,-1
982,78,495.46,249.28,64.54,185.40,0.4604,-1,-1,-1
982,89,400.45,259.30,76.91,191.51,0.4456,-1,-1,-1
982,90,309.58,442.26,79.49,207.76,0.4837,-1,-1,-1
983,4,1719.77,456.88,73.76,210.00,0.5340,-1,-1,-1
983,62,330.36,832.19,95.78,248.27,0.8259,-1,-1,-1
983,3,917.57,937.64,67.57,142.35,0.7389,-1,-1,-1
983,66,1575.21,589.21,105.71,234.83,0.6065,-1,-1,-1
983,70,840.48,317.82,64.41,202.77,0.6487,-1,-1,-1
983,71,922.17,309.11,61.21,204.56,0.6712,-1,-1,-1
983,68,389.29,437.06,71.59,212.56,0.5044,-1,-1,-1
983,74,309.51,445.25,77.01,206.66,0.5068,-1,-1,-1
983,80,809.06,133.91,53.96,175.61,0.1950,-1,-1,-1
983,82,1194.88,677.84,86.68,259.24,0.7636,-1,-1,-1
983,83,1180.87,114.80,61.63,165.36,0.3232,-1,-1,-1
983,84,1739.01,670.15,92.08,251.82,0.6793,-1,-1,-1
983,88,1661.29,139.82,57.37,157.12,0.3752,-1,-1,-1
983,78,494.73,249.41,65.32,184.87,0.4809,-1,-1,-1
983,89,397.54,259.40,79.97,193.03,0.4443,-1,-1,-1
983,90,309.15,445.16,77.43,206.93,0.5068,-1,-1,-1
984,4,1719.35,457.35,74.56,210.18,0.5409,-1,-1,-1
984,62,329.80,834.63,95.55,245.77,0.8257,-1,-1,-1
984,3,917.37,938.51,67.17,141.48,0.7370,-1,-1,-1
984,66,1575.13,586.99,106.26,236.83,0.6219,-1,-1,-1
984,70,839.30,316.86,66.69,201.97,0.6542,-1,-1,-1
984,71,921.67,308.06,61.56,203.77,0.6785,-1,-1,-1
984,68,391.56,441.89,69.90,207.34,0.5214,-1,-1,-1
984,74,310.14,449.41,74.90,204.37,0.4620,-1,-1,-1
984,80,809.48,134.14,53.75,174.79,0.1851,-1,-1,-1
984,82,1193.58,674.17,87.83,256.47,0.7552,-1,-1,-1
984,83,1182.11,117.03,60.64,163.84,0.3193,-1,-1,-1
984,84,1739.59,669.48,92.26,252.35,0.6940,-1,-1,-1
984,88,1661.88,141.01,57.68,157.85,0.3627,-1,-1,-1
984,78,494.28,250.32,65.73,184.32,0.5097,-1,-1,-1
984,89,397.61,259.44,81.33,192.79,0.3954,-1,-1,-1
984,90,309.83,449.36,75.25,204.57,0.4620,-1,-1,-1
984,91,320.64,260.45,58.10,185.22,0.3916,-1,-1,-1
985,4,1719.37,457.98,74.87,209.22,0.5180,-1,-1,-1
985,62,329.32,836.53,95.32,243.86,0.8158,-1,-1,-1
985,3,915.68,939.70,67.49,140.31,0.7294,-1,-1,-1
985,66,1574.97,587.25,107.04,236.64,0.6100,-1,-1,-1
985,70,837.54,316.07,69.16,201.93,0.6291,-1,-1,-1
985,71,920.93,306.03,61.92,204.41,0.6609,-1,-1,-1
985,68,391.26,443.87,70.34,205.72,0.5316,-1,-1,-1
985,74,306.41,454.72,75.41,196.94,0.4344,-1,-1,-1
985,80,810.02,133.85,52.99,174.75,0.1955,-1,-1,-1
985,82,1191.78,670.93,89.16,258.59,0.7661,-1,-1,-1
985,83,1183.15,118.41,60.58,162.62,0.3206,-1,-1,-1
985,84,1739.88,670.43,90.56,251.30,0.6748,-1,-1,-1
985,88,1663.30,142.00,57.05,159.16,0.3611,-1,-1,-1
985,78,494.03,251.11,66.50,185.19,0.5403,-1,-1,-1
985,89,397.67,260.31,80.34,191.89,0.3297,-1,-1,-1
985,90,306.14,454.70,75.71,197.07,0.4344,-1,-1,-1
985,91,319.97,262.06,56.38,185.22,0.3794,-1,-1,-1
986,4,1720.10,457.73,74.14,208.99,0.4966,-1,-1,-1
986,62,329.29,837.64,94.79,242.66,0.7984,-1,-1,-1
986,3,915.03,940.41,67.34,139.58,0.7138,-1,-1,-1
986,66,1574.90,585.14,107.45,238.92,0.6145,-1,-1,-1
986,70,837.91,316.19,67.72,204.70,0.6420,-1,-1,-1
986,71,920.25,304.00,62.90,205.58,0.6641,-1,-1,-1
986,68,391.54,444.92,70.08,205.26,0.5417,-1,-1,-1
986,74,303.26,457.81,77.13,193.89,0.4422,-1,-1,-1
986,80,809.55,134.06,53.68,174.14,0.1902,-1,-1,-1
986,82,1190.49,667.96,88.71,257.82,0.7544,-1,-1,-1
986,83,1184.78,119.50,58.73,160.93,0.2587,-1,-1,-1
986,84,1740.01,670.30,90.66,252.00,0.6857,-1,-1,-1
986,88,1665.24,142.98,55.79,157.24,0.3684,-1,-1,-1
986,78,493.66,252.73,67.29,185.07,0.5201,-1,-1,-1
986,89,396.04,259.25,82.17,194.12,0.3923,-1,-1,-1
986,90,303.01,457.80,77.39,193.97,0.4422,-1,-1,-1
986,91,320.15,263.62,55.10,185.52,0.3518,-1,-1,-1
987,4,1719.68,457.58,74.67,209.28,0.5071,-1,-1,-1
987,62,329.59,838.97,93.60,241.29,0.7834,-1,-1,-1
987,3,913.01,940.80,68.27,139.20,0.7142,-1,-1,-1
987,66,1574.69,585.38,107.14,239.02,0.6250,-1,-1,-1
987,70,835.78,315.42,70.29,203.77,0.6327,-1,-1,-1
987,71,919.44,302.36,64.58,205.54,0.6760,-1,-1,-1
987,68,391.37,445.40,70.28,205.57,0.5457,-1,-1,-1
987,74,301.63,458.12,78.40,194.42,0.4658,-1,-1,-1
987,80,810.47,134.61,52.80,173.66,0.1895,-1,-1,-1
987,82,1190.55,666.03,88.06,257.74,0.7517,-1,-1,-1
987,83,1186.75,120.37,56.80,160.68,0.2538,-1,-1,-1
987,84,1740.23,670.47,90.75,251.84,0.6776,-1,-1,-1
987,88,1667.57,144.38,54.78,155.60,0.3985,-1,-1,-1
987,78,493.93,253.80,67.24,187.10,0.5079,-1,-1,-1
987,89,395.48,257.36,80.54,196.23,0.3737,-1,-1,-1
987,90,301.40,458.11,78.64,194.49,0.4658,-1,-1,-1
987,91,318.70,265.08,54.95,187.06,0.3694,-1,-1,-1
988,4,1720.20,457.70,74.55,209.74,0.5130,-1,-1,-1
988,62,329.21,840.38,93.41,239.96,0.7764,-1,-1,-1
988,3,912.88,941.31,67.34,138.72,0.7181,-1,-1,-1
988,66,1574.99,585.81,106.20,238.51,0.6241,-1,-1,-1
988,70,835.11,314.71,70.95,204.34,0.6249,-1,-1,-1
988,71,919.20,301.06,65.86,207.34,0.6507,-1,-1,-1
988,68,388.73,442.59,72.45,211.68,0.5696,-1,-1,-1
988,74,300.05,459.40,79.07,194.19,0.4696,-1,-1,-1
988,80,811.73,134.51,51.43,173.66,0.2218,-1,-1,-1
988,82,1189.57,664.50,88.27,258.11,0.7255,-1,-1,-1
988,83,1187.50,120.24,56.67,162.42,0.2730,-1,-1,-1
988,84,1740.12,669.43,91.08,252.42,0.6800,-1,-1,-1
988,88,1670.28,144.64,53.45,154.83,0.4014,-1,-1,-1
988,78,494.04,255.30,67.79,187.60,0.4959,-1,-1,-1
988,89,397.10,256.84,76.90,197.15,0.4426,-1,-1,-1
988,90,299.85,459.38,79.29,194.25,0.4696,-1,-1,-1
988,91,315.54,269.52,55.72,183.88,0.3979,-1,-1,-1
989,4,1720.45,458.55,75.20,208.89,0.4899,-1,-1,-1
989,62,328.50,841.97,94.02,238.28,0.7704,-1,-1,-1
989,3,911.94,941.67,66.68,138.36,0.7060,-1,-1,-1
989,66,1575.56,585.03,105.19,239.42,0.6464,-1,-1,-1
989,70,834.79,313.61,70.93,204.10,0.6209,-1,-1,-1
989,71,918.95,300.36,67.05,207.87,0.6215,-1,-1,-1
989,68,388.08,442.94,72.51,216.05,0.6146,-1,-1,-1
989,74,299.20,460.23,78.89,193.90,0.4845,-1,-1,-1
989,80,809.95,134.34,53.26,174.14,0.2114,-1,-1,-1
989,82,1187.89,663.89,88.73,248.76,0.7231,-1,-1,-1
989,83,1188.92,122.72,53.74,164.99,0.3302,-1,-1,-1
989,84,1740.34,669.57,91.21,252.57,0.6841,-1,-1,-1
989,88,1671.95,145.53,52.93,156.43,0.4345,-1,-1,-1
989,78,494.43,256.78,67.06,187.12,0.4879,-1,-1,-1
989,89,398.13,257.69,73.93,199.04,0.4667,-1,-1,-1
989,90,299.02,460.22,79.08,193.96,0.4845,-1,-1,-1
989,91,314.20,274.02,55.87,178.18,0.3818,-1,-1,-1
990,4,1721.03,457.94,75.50,208.51,0.5166,-1,-1,-1
990,62,327.92,843.61,94.34,236.56,0.7772,-1,-1,-1
990,3,910.36,941.82,66.77,138.17,0.7077,-1,-1,-1
990,66,1574.68,585.02,105.53,239.41,0.6412,-1,-1,-1
990,70,834.77,312.59,71.08,204.61,0.6357,-1,-1,-1
990,71,919.71,300.06,66.84,207.10,0.6090,-1,-1,-1
990,68,387.98,444.32,72.80,217.56,0.6316,-1,-1,-1
990,74,298.59,460.34,78.50,194.44,0.4836,-1,-1,-1
990,80,808.59,135.80,54.67,172.88,0.2086,-1,-1,-1
990,82,1186.84,663.11,87.45,242.06,0.7089,-1,-1,-1
990,83,1190.86,122.36,51.51,167.26,0.3999,-1,-1,-1
990,84,1740.39,668.89,90.55,252.96,0.6723,-1,-1,-1
990,88,1673.23,145.42,53.22,158.92,0.4369,-1,-1,-1
990,78,496.71,258.89,64.84,186.30,0.4602,-1,-1,-1
990,89,404.15,260.92,65.21,199.34,0.4407,-1,-1,-1
990,90,298.43,460.32,78.67,194.49,0.4836,-1,-1,-1
990,91,314.56,275.96,55.13,175.55,0.3137,-1,-1,-1
991,4,1720.12,458.02,77.55,208.66,0.5164,-1,-1,-1
991,62,327.60,845.14,94.13,234.99,0.7794,-1,-1,-1
991,3,909.82,942.65,66.66,137.33,0.7295,-1,-1,-1
991,66,1574.47,585.41,107.08,239.12,0.6625,-1,-1,-1
991,70,835.08,311.79,70.26,203.53,0.6162,-1,-1,-1
991,71,920.15,299.37,66.31,210.31,0.5669,-1,-1,-1
991,68,387.08,445.09,73.24,219.74,0.5909,-1,-1,-1
991,74,298.47,459.45,78.12,194.93,0.4324,-1,-1,-1
991,80,809.64,135.07,54.67,173.90,0.2018,-1,-1,-1
991,82,1186.29,661.20,87.39,250.38,0.7374,-1,-1,-1
991,83,1191.52,119.76,55.12,169.90,0.2968,-1,-1,-1
991,84,1739.62,668.15,90.45,254.07,0.6911,-1,-1,-1
991,88,1673.74,145.73,54.65,160.93,0.4351,-1,-1,-1
991,78,498.19,260.42,62.85,186.73,0.5418,-1,-1,-1
991,89,402.43,262.45,65.25,201.83,0.4701,-1,-1,-1
991,90,298.34,459.43,78.26,194.98,0.4324,-1,-1,-1
991,91,314.86,275.07,55.98,177.30,0.3034,-1,-1,-1
992,4,1719.41,457.99,78.99,208.51,0.5465,-1,-1,-1
992,62,327.60,846.72,93.41,233.47,0.7838,-1,-1,-1
992,3,909.01,943.13,66.59,136.86,0.7291,-1,-1,-1
992,66,1574.96,585.07,107.11,239.32,0.6794,-1,-1,-1
992,70,835.12,311.02,69.34,199.04,0.6173,-1,-1,-1
992,71,919.78,299.56,66.74,210.97,0.6108,-1,-1,-1
992,68,385.79,447.80,73.72,219.03,0.6126,-1,-1,-1
992,74,298.99,458.01,78.15,196.29,0.4760,-1,-1,-1
992,80,810.20,134.30,54.25,174.44,0.1958,-1,-1,-1
992,82,1184.39,659.69,87.53,255.76,0.7232,-1,-1,-1
992,83,1191.59,119.42,58.17,172.63,0.3272,-1,-1,-1
992,84,1739.82,668.43,89.60,254.24,0.6791,-1,-1,-1
992,88,1673.21,146.61,57.25,161.68,0.4457,-1,-1,-1
992,78,497.02,261.81,63.87,187.46,0.5677,-1,-1,-1
992,89,400.62,263.18,67.19,205.14,0.5006,-1,-1,-1
992,90,298.87,457.99,78.28,196.33,0.4760,-1,-1,-1
992,91,313.70,275.78,56.25,177.25,0.2703,-1,-1,-1
993,4,1719.50,457.39,78.64,209.81,0.5240,-1,-1,-1
993,62,327.54,847.91,92.81,232.18,0.7816,-1,-1,-1
993,3,908.39,943.81,67.14,136.15,0.7397,-1,-1,-1
993,66,1574.84,585.25,107.00,238.92,0.6825,-1,-1,-1
993,70,836.23,310.31,67.60,197.97,0.6127,-1,-1,-1
993,71,921.06,298.90,64.92,211.15,0.5868,-1,-1,-1
993,68,384.03,451.27,74.75,218.97,0.6136,-1,-1,-1
993,74,301.24,460.59,76.74,194.52,0.5120,-1,-1,-1
993,80,810.18,134.01,53.77,174.21,0.1707,-1,-1,-1
993,82,1182.71,658.23,88.09,254.41,0.7072,-1,-1,-1
993,83,1192.16,120.20,60.10,173.95,0.3518,-1,-1,-1
993,84,1740.07,667.77,90.71,255.28,0.6827,-1,-1,-1
993,88,1672.80,147.65,59.43,163.90,0.3875,-1,-1,-1
993,78,497.27,263.07,63.89,186.67,0.5456,-1,-1,-1
993,89,402.96,265.44,64.11,201.83,0.5001,-1,-1,-1
993,90,301.14,460.58,76.85,194.56,0.5120,-1,-1,-1
993,91,313.01,277.85,57.12,177.12,0.3273,-1,-1,-1
994,4,1718.93,457.87,79.50,209.52,0.5426,-1,-1,-1
994,62,328.31,849.79,90.92,230.27,0.7850,-1,-1,-1
994,3,906.83,944.01,68.99,135.95,0.7345,-1,-1,-1
994,66,1575.45,585.28,106.06,238.94,0.6773,-1,-1,-1
994,70,838.14,307.98,64.52,199.63,0.6286,-1,-1,-1
994,71,922.05,297.62,65.56,210.52,0.5905,-1,-1,-1
994,68,382.05,453.88,75.67,217.80,0.6197,-1,-1,-1
994,74,303.94,462.52,74.11,194.32,0.5319,-1,-1,-1
994,80,810.77,134.12,53.33,173.78,0.1936,-1,-1,-1
994,82,1181.29,656.11,88.01,258.20,0.7173,-1,-1,-1
994,83,1192.85,121.81,60.61,176.17,0.3017,-1,-1,-1
994,84,1738.26,669.86,95.51,253.98,0.6769,-1,-1,-1
994,88,1671.07,149.55,62.24,162.99,0.3430,-1,-1,-1
994,78,498.83,264.53,62.97,184.99,0.5244,-1,-1,-1
994,89,402.16,265.97,64.80,203.22,0.5159,-1,-1,-1
994,90,303.84,462.50,74.21,194.35,0.5319,-1,-1,-1
994,91,314.48,279.61,58.19,174.52,0.3576,-1,-1,-1
995,4,1719.19,458.12,79.43,208.99,0.5495,-1,-1,-1
995,62,329.02,852.25,90.49,227.85,0.7778,-1,-1,-1
995,3,906.41,944.61,69.16,135.37,0.7331,-1,-1,-1
995,66,1576.34,586.08,104.62,238.08,0.6632,-1,-1,-1
995,70,839.31,306.17,63.04,197.33,0.5836,-1,-1,-1
995,71,921.93,295.74,66.28,210.52,0.5856,-1,-1,-1
995,68,381.58,455.41,75.29,217.90,0.6158,-1,-1,-1
995,74,305.22,463.42,72.64,196.47,0.5613,-1,-1,-1
995,80,809.26,133.91,54.94,174.15,0.1727,-1,-1,-1
995,82,1178.34,654.25,87.09,254.34,0.7372,-1,-1,-1
995,83,1191.58,122.45,61.45,177.78,0.2481,-1,-1,-1
995,84,1737.90,670.19,96.56,254.39,0.6797,-1,-1,-1
995,88,1669.91,152.24,64.81,162.05,0.3459,-1,-1,-1
995,78,499.62,265.80,62.61,184.35,0.4951,-1,-1,-1
995,89,402.38,265.90,63.86,206.36,0.5076,-1,-1,-1
995,90,305.14,463.41,72.72,196.49,0.5613,-1,-1,-1
995,91,313.47,279.83,58.85,177.51,0.3528,-1,-1,-1
996,4,1719.83,458.36,78.55,208.31,0.5566,-1,-1,-1
996,62,329.35,853.70,90.32,226.34,0.7834,-1,-1,-1
996,3,906.51,945.17,68.32,134.80,0.7313,-1,-1,-1
996,66,1576.14,586.03,104.31,238.02,0.6556,-1,-1,-1
996,70,840.12,304.39,62.24,195.86,0.6331,-1,-1,-1
996,71,922.08,293.97,67.93,209.98,0.5693,-1,-1,-1
996,68,380.52,456.37,75.84,217.37,0.6263,-1,-1,-1
996,74,306.94,463.52,70.36,202.13,0.5757,-1,-1,-1
996,80,808.43,133.56,56.14,175.13,0.1925,-1,-1,-1
996,82,1177.18,651.68,86.13,257.12,0.7636,-1,-1,-1
996,83,1192.18,126.60,61.20,176.12,0.2229,-1,-1,-1
996,84,1739.49,670.08,92.53,253.24,0.6779,-1,-1,-1
996,88,1670.28,153.75,64.66,163.64,0.3360,-1,-1,-1
996,78,499.88,265.94,63.09,184.95,0.4852,-1,-1,-1
996,89,402.74,267.78,62.95,207.88,0.5283,-1,-1,-1
996,90,306.88,463.51,70.43,202.16,0.5757,-1,-1,-1
996,91,312.28,279.33,58.32,178.55,0.3614,-1,-1,-1
997,4,1720.08,458.14,78.66,208.62,0.5354,-1,-1,-1
997,62,329.15,856.76,91.12,223.21,0.7794,-1,-1,-1
997,3,906.01,945.50,68.59,134.42,0.7348,-1,-1,-1
997,66,1576.29,586.41,103.47,237.47,0.6555,-1,-1,-1
997,70,841.32,302.38,60.67,194.95,0.6105,-1,-1,-1
997,71,922.69,291.38,66.48,210.98,0.5848,-1,-1,-1
997,68,380.65,457.02,76.00,216.94,0.6295,-1,-1,-1
997,74,307.43,464.72,70.17,204.19,0.5936,-1,-1,-1
997,80,808.80,133.69,55.62,174.82,0.2167,-1,-1,-1
997,82,1176.03,648.41,84.79,256.83,0.7588,-1,-1,-1
997,83,1193.05,127.06,62.83,179.14,0.2315,-1,-1,-1
997,84,1740.71,670.29,89.62,252.22,0.6758,-1,-1,-1
997,88,1670.12,155.87,65.70,162.91,0.3431,-1,-1,-1
997,78,502.33,264.80,61.60,185.60,0.5050,-1,-1,-1
997,89,401.43,267.45,63.57,209.09,0.4740,-1,-1,-1
997,90,307.37,464.71,70.23,204.21,0.5936,-1,-1,-1
997,91,311.11,278.63,57.87,182.36,0.3517,-1,-1,-1
998,4,1721.22,458.28,77.29,208.92,0.5764,-1,-1,-1
998,62,329.32,860.05,91.14,219.97,0.7687,-1,-1,-1
998,3,905.30,945.66,69.03,134.31,0.7315,-1,-1,-1
998,66,1576.52,586.58,103.80,237.77,0.6735,-1,-1,-1
998,70,842.21,299.30,60.69,195.95,0.5720,-1,-1,-1
998,71,923.02,288.96,66.87,210.66,0.5794,-1,-1,-1
998,68,379.98,457.76,77.50,216.54,0.5851,-1,-1,-1
998,74,307.53,467.79,70.72,203.23,0.5810,-1,-1,-1
998,80,809.22,133.81,55.17,174.83,0.2293,-1,-1,-1
998,82,1175.71,643.42,83.78,256.69,0.7625,-1,-1,-1
998,83,1193.72,130.76,64.74,177.24,0.2681,-1,-1,-1
998,84,1741.19,670.08,88.33,254.02,0.6839,-1,-1,-1
998,88,1670.06,158.86,66.59,160.34,0.4056,-1,-1,-1
998,78,503.65,264.58,61.03,186.07,0.5315,-1,-1,-1
998,89,400.56,268.73,63.38,207.58,0.3999,-1,-1,-1
998,90,307.48,467.78,70.77,203.25,0.5810,-1,-1,-1
998,91,311.12,279.08,58.88,182.86,0.3911,-1,-1,-1
999,4,1721.15,458.19,76.93,209.29,0.5487,-1,-1,-1
999,62,329.70,863.81,91.44,216.27,0.7800,-1,-1,-1
999,3,905.19,946.00,68.96,134.00,0.7227,-1,-1,-1
999,66,1577.71,586.74,102.80,237.29,0.6477,-1,-1,-1
999,70,842.91,296.94,60.46,197.05,0.5633,-1,-1,-1
999,71,923.85,286.61,68.53,210.69,0.5774,-1,-1,-1
999,68,379.05,457.82,79.19,216.74,0.5324,-1,-1,-1
999,74,307.82,467.91,70.47,205.27,0.5901,-1,-1,-1
999,80,809.68,133.90,54.90,174.67,0.1903,-1,-1,-1
999,82,1175.45,639.33,82.76,255.17,0.7533,-1,-1,-1
999,83,1195.04,132.54,65.22,179.82,0.2261,-1,-1,-1
999,84,1741.38,669.50,88.48,254.22,0.6788,-1,-1,-1
999,88,1671.10,161.41,65.87,160.45,0.4189,-1,-1,-1
999,78,503.07,265.56,61.68,185.97,0.5095,-1,-1,-1
999,89,401.13,269.81,62.15,205.91,0.4258,-1,-1,-1
999,90,307.78,467.91,70.51,205.29,0.5901,-1,-1,-1
999,91,310.23,278.02,59.79,186.50,0.2925,-1,-1,-1
1000,4,1721.39,457.82,75.95,209.64,0.5490,-1,-1,-1
1000,62,330.32,867.26,91.34,212.80,0.7948,-1,-1,-1
1000,3,905.33,946.25,68.51,133.77,0.7306,-1,-1,-1
1000,66,1577.24,586.38,102.48,237.70,0.6524,-1,-1,-1
1000,70,843.06,295.19,60.62,199.50,0.5312,-1,-1,-1
1000,71,925.29,284.69,66.56,207.41,0.5484,-1,-1,-1
1000,68,377.61,458.10,82.25,216.79,0.5374,-1,-1,-1
1000,74,307.27,470.26,71.19,204.22,0.6243,-1,-1,-1
1000,80,810.09,133.47,54.69,175.26,0.1769,-1,-1,-1
1000,82,1174.19,636.84,83.92,253.45,0.7513,-1,-1,-1
1000,83,1197.57,132.97,65.38,183.38,0.2379,-1,-1,-1
1000,84,1741.90,671.30,88.63,252.68,0.6617,-1,-1,-1
1000,88,1672.62,163.06,64.11,161.41,0.3706,-1,-1,-1
1000,78,503.53,265.21,61.84,185.90,0.4706,-1,-1,-1
1000,89,400.50,269.77,64.78,207.20,0.3394,-1,-1,-1
1000,90,307.23,470.25,71.23,204.23,0.6243,-1,-1,-1
1000,91,309.74,279.33,59.69,186.60,0.3016,-1,-1,-1
1001,4,1720.86,458.42,75.58,209.23,0.5610,-1,-1,-1
1001,62,332.09,870.12,90.90,209.89,0.7963,-1,-1,-1
1001,3,905.09,946.62,68.92,133.38,0.7319,-1,-1,-1
1001,66,1575.31,586.30,104.44,237.76,0.6562,-1,-1,-1
1001,70,843.48,294.30,60.30,200.58,0.5509,-1,-1,-1
1001,71,926.24,283.06,65.79,203.73,0.5573,-1,-1,-1
1001,68,377.04,458.18,81.58,216.64,0.5254,-1,-1,-1
1001,74,306.83,471.84,72.09,202.73,0.5708,-1,-1,-1
1001,80,811.37,133.64,53.48,174.75,0.1559,-1,-1,-1
1001,82,1174.44,634.66,84.14,253.87,0.7634,-1,-1,-1
1001,83,1199.66,136.75,64.74,176.66,0.2695,-1,-1,-1
1001,84,1741.88,669.18,86.89,254.88,0.6402,-1,-1,-1
1001,88,1673.81,164.22,62.43,161.22,0.3791,-1,-1,-1
1001,78,503.45,266.81,61.86,186.26,0.4799,-1,-1,-1
1001,89,399.52,269.85,67.06,206.39,0.3867,-1,-1,-1
1001,90,306.79,471.83,72.13,202.75,0.5708,-1,-1,-1
1001,91,308.63,280.16,60.38,186.41,0.3205,-1,-1,-1
1002,4,1721.01,458.28,74.41,210.04,0.5526,-1,-1,-1
1002,62,333.87,873.41,90.77,206.67,0.7895,-1,-1,-1
1002,3,904.24,946.84,69.46,133.20,0.7411,-1,-1,-1
1002,66,1573.76,586.66,106.35,237.55,0.6611,-1,-1,-1
1002,70,843.38,293.90,60.12,202.38,0.5453,-1,-1,-1
1002,71,927.20,281.90,63.59,203.46,0.5636,-1,-1,-1
1002,68,378.21,458.54,80.98,216.27,0.5520,-1,-1,-1
1002,74,305.43,475.50,73.63,199.54,0.5338,-1,-1,-1
1002,80,811.40,133.85,53.11,174.51,0.1561,-1,-1,-1
1002,82,1174.92,632.75,84.02,255.64,0.7692,-1,-1,-1
1002,83,1200.71,132.79,66.03,182.38,0.1953,-1,-1,-1
1002,84,1742.77,670.74,84.23,253.60,0.6520,-1,-1,-1
1002,88,1674.67,164.59,61.40,160.88,0.3234,-1,-1,-1
1002,78,502.69,268.09,62.72,187.64,0.5036,-1,-1,-1
1002,89,398.16,264.63,69.04,210.19,0.2993,-1,-1,-1
1002,90,305.40,475.50,73.66,199.55,0.5338,-1,-1,-1
1002,91,306.95,280.63,62.32,188.05,0.3102,-1,-1,-1
1003,4,1720.81,459.32,73.56,209.46,0.5564,-1,-1,-1
1003,62,335.91,875.92,89.59,204.14,0.7922,-1,-1,-1
1003,3,904.82,947.46,68.81,132.56,0.7487,-1,-1,-1
1003,66,1573.87,587.72,106.68,236.40,0.6746,-1,-1,-1
1003,70,843.22,293.46,60.47,202.89,0.5556,-1,-1,-1
1003,71,927.16,279.99,64.38,202.88,0.5799,-1,-1,-1
1003,68,378.68,459.37,79.74,215.83,0.5888,-1,-1,-1
1003,74,303.63,474.56,75.72,200.35,0.5403,-1,-1,-1
1003,80,811.07,134.47,53.58,174.17,0.1725,-1,-1,-1
1003,82,1174.22,629.90,84.23,258.66,0.7760,-1,-1,-1
1003,83,1202.29,122.72,66.05,192.88,0.2256,-1,-1,-1
1003,84,1743.77,672.70,84.53,252.51,0.6624,-1,-1,-1
1003,88,1676.18,164.19,59.84,161.41,0.3410,-1,-1,-1
1003,78,501.50,269.75,64.26,190.20,0.5757,-1,-1,-1
1003,89,397.57,263.83,70.61,211.80,0.3290,-1,-1,-1
1003,90,303.60,474.55,75.75,200.36,0.5403,-1,-1,-1
1003,91,306.81,281.47,63.28,187.93,0.3867,-1,-1,-1
1004,4,1719.91,458.68,74.23,210.35,0.5258,-1,-1,-1
1004,62,338.01,878.02,89.27,201.97,0.7991,-1,-1,-1
1004,3,904.48,947.66,68.91,132.32,0.7350,-1,-1,-1
1004,66,1574.04,587.85,106.65,236.41,0.6677,-1,-1,-1
1004,70,844.32,293.44,58.34,204.71,0.5930,-1,-1,-1
1004,71,927.02,279.92,63.58,202.34,0.6020,-1,-1,-1
1004,68,379.20,458.71,79.69,218.38,0.6273,-1,-1,-1
1004,74,302.08,474.15,76.05,199.67,0.4456,-1,-1,-1
1004,80,811.69,134.34,52.89,174.21,0.1615,-1,-1,-1
1004,82,1172.77,629.28,85.02,258.37,0.7750,-1,-1,-1
1004,83,1204.27,102.73,67.16,211.45,0.2210,-1,-1,-1
1004,84,1744.26,673.07,85.69,253.46,0.6366,-1,-1,-1
1004,88,1678.37,164.37,58.39,161.85,0.3158,-1,-1,-1
1004,78,501.54,271.76,64.19,190.59,0.5788,-1,-1,-1
1004,89,392.50,265.98,78.18,185.23,0.1474,-1,-1,-1
1004,90,302.06,474.15,76.07,199.68,0.4456,-1,-1,-1
1004,91,306.32,283.44,63.60,185.12,0.4080,-1,-1,-1
1005,4,1720.04,458.19,73.60,211.64,0.5428,-1,-1,-1
1005,62,340.34,879.24,88.90,200.71,0.8005,-1,-1,-1
1005,3,904.17,947.80,69.15,132.16,0.7349,-1,-1,-1
1005,66,1574.52,587.78,106.46,236.78,0.6471,-1,-1,-1
1005,70,844.62,293.27,57.57,205.04,0.6137,-1,-1,-1
1005,71,927.70,279.10,63.17,202.47,0.6230,-1,-1,-1
1005,68,379.63,459.44,79.42,221.21,0.5909,-1,-1,-1
1005,74,301.66,474.47,75.32,198.59,0.3538,-1,-1,-1
1005,80,810.74,134.58,53.78,174.23,0.1988,-1,-1,-1
1005,82,1171.25,627.98,85.41,259.63,0.7777,-1,-1,-1
1005,83,1206.40,93.66,67.71,222.12,0.2686,-1,-1,-1
1005,84,1744.55,673.71,86.97,253.60,0.6360,-1,-1,-1
1005,88,1678.78,165.17,58.81,159.71,0.3720,-1,-1,-1
1005,78,500.68,274.27,64.54,188.56,0.6125,-1,-1,-1
1005,89,385.13,262.29,84.45,204.36,0.1679,-1,-1,-1
1005,90,313.55,480.59,65.37,191.82,0.4013,-1,-1,-1
1005,91,305.69,285.37,63.91,184.55,0.4616,-1,-1,-1
1005,92,599.34,548.03,77.60,243.15,0.4574,-1,-1,-1
1006,4,1719.62,457.97,73.79,211.16,0.5259,-1,-1,-1
1006,62,342.05,881.22,89.45,198.90,0.8022,-1,-1,-1
1006,3,904.52,948.81,68.68,131.24,0.7277,-1,-1,-1
1006,66,1574.53,588.48,106.49,236.09,0.6676,-1,-1,-1
1006,70,844.29,292.30,58.56,203.96,0.6554,-1,-1,-1
1006,71,928.72,278.79,62.19,202.13,0.5945,-1,-1,-1
1006,68,380.84,460.54,78.76,222.12,0.5390,-1,-1,-1
1006,74,314.31,480.84,64.31,190.72,0.4028,-1,-1,-1
1006,80,810.67,135.44,53.87,173.27,0.1702,-1,-1,-1
1006,82,1169.41,627.34,86.87,260.91,0.7661,-1,-1,-1
1006,83,1208.68,90.69,66.74,224.46,0.2703,-1,-1,-1
1006,84,1745.37,671.96,87.73,254.28,0.5949,-1,-1,-1
1006,88,1679.92,165.76,59.20,158.42,0.3658,-1,-1,-1
1006,78,501.74,276.79,62.96,187.30,0.5683,-1,-1,-1
1006,89,383.85,264.04,88.42,180.34,0.1158,-1,-1,-1
1006,90,319.03,483.13,60.33,188.15,0.4028,-1,-1,-1
1006,91,306.94,288.18,62.93,184.73,0.4342,-1,-1,-1
1006,92,598.41,547.67,78.81,244.22,0.4764,-1,-1,-1
1007,4,1719.22,458.29,75.12,210.96,0.5485,-1,-1,-1
1007,62,343.56,882.88,90.57,197.19,0.8143,-1,-1,-1
1007,3,904.76,948.92,68.10,131.13,0.7239,-1,-1,-1
1007,66,1575.16,589.60,105.38,234.82,0.6644,-1,-1,-1
1007,70,844.29,291.16,59.06,202.39,0.6928,-1,-1,-1
1007,71,930.59,275.87,59.53,204.98,0.6564,-1,-1,-1
1007,68,383.56,464.83,79.29,224.73,0.5605,-1,-1,-1
1007,74,303.82,478.55,74.25,193.33,0.3677,-1,-1,-1
1007,80,811.78,135.87,52.71,173.49,0.2060,-1,-1,-1
1007,82,1167.55,627.44,87.93,259.60,0.7632,-1,-1,-1
1007,83,1210.99,88.41,65.56,226.14,0.2516,-1,-1,-1
1007,84,1746.22,671.00,88.55,256.65,0.6233,-1,-1,-1
1007,88,1682.80,166.14,57.44,157.89,0.3582,-1,-1,-1
1007,78,502.14,279.31,62.58,187.66,0.5994,-1,-1,-1
1007,89,386.28,271.06,81.38,167.56,0.2252,-1,-1,-1
1007,90,320.15,483.01,59.83,187.98,0.4475,-1,-1,-1
1007,91,306.63,290.70,63.18,185.62,0.4827,-1,-1,-1
1007,92,597.95,547.92,79.23,243.78,0.4767,-1,-1,-1
1008,4,1718.98,458.37,75.35,211.24,0.5497,-1,-1,-1
1008,62,344.83,883.96,91.73,196.07,0.8084,-1,-1,-1
1008,3,904.70,949.25,68.05,130.77,0.7353,-1,-1,-1
1008,66,1575.31,589.06,105.52,235.73,0.6717,-1,-1,-1
1008,70,844.65,289.01,59.13,202.10,0.6845,-1,-1,-1
1008,71,931.48,274.07,58.10,207.19,0.6626,-1,-1,-1
1008,68,382.74,464.50,79.34,224.16,0.5741,-1,-1,-1
1008,74,313.08,482.15,66.89,190.75,0.4973,-1,-1,-1
1008,80,810.97,135.47,53.24,173.83,0.1851,-1,-1,-1
1008,82,1165.59,626.42,87.62,259.63,0.7600,-1,-1,-1
1008,83,1211.43,87.89,68.14,228.15,0.2538,-1,-1,-1
1008,84,1746.35,672.26,88.42,255.91,0.5953,-1,-1,-1
1008,88,1685.17,166.23,56.09,157.46,0.3612,-1,-1,-1
1008,78,501.05,280.77,63.31,188.92,0.5668,-1,-1,-1
1008,89,388.86,275.44,78.17,156.62,0.3338,-1,-1,-1
1008,90,319.52,483.79,61.25,188.79,0.4973,-1,-1,-1
1008,91,305.82,292.09,63.76,186.51,0.4919,-1,-1,-1
1008,92,597.24,548.17,79.83,244.00,0.5265,-1,-1,-1
1009,4,1719.43,458.17,76.46,212.01,0.5566,-1,-1,-1
1009,62,345.50,886.16,94.87,193.86,0.8106,-1,-1,-1
1009,3,904.77,949.73,67.88,130.27,0.7388,-1,-1,-1
1009,66,1575.37,589.32,105.83,235.62,0.6870,-1,-1,-1
1009,70,844.73,287.80,59.61,198.06,0.6418,-1,-1,-1
1009,71,930.03,276.07,59.69,205.26,0.6106,-1,-1,-1
1009,68,381.74,465.65,81.31,224.61,0.5713,-1,-1,-1
1009,74,316.64,483.86,64.41,190.10,0.4912,-1,-1,-1
1009,80,810.16,135.14,53.74,173.80,0.1801,-1,-1,-1
1009,82,1161.66,624.86,87.39,260.04,0.7598,-1,-1,-1
1009,83,1213.83,89.14,71.22,229.21,0.2196,-1,-1,-1
1009,84,1745.56,672.03,89.89,253.78,0.5841,-1,-1,-1
1009,88,1686.91,167.16,55.12,158.27,0.3430,-1,-1,-1
1009,78,501.31,280.55,62.23,190.51,0.5671,-1,-1,-1
1009,89,388.32,279.42,78.10,183.92,0.3294,-1,-1,-1
1009,90,318.85,484.42,62.48,189.43,0.4912,-1,-1,-1
1009,91,305.28,293.95,63.19,183.65,0.4538,-1,-1,-1
1009,92,594.27,548.09,82.78,244.36,0.5675,-1,-1,-1
1010,4,1718.93,457.85,78.01,212.27,0.5378,-1,-1,-1
1010,62,346.42,888.05,96.05,191.98,0.8095,-1,-1,-1
1010,3,904.46,949.76,68.50,130.24,0.7316,-1,-1,-1
1010,66,1575.48,589.16,105.70,235.17,0.6752,-1,-1,-1
1010,70,844.50,285.67,60.17,197.64,0.6318,-1,-1,-1
1010,71,929.80,276.15,60.50,206.07,0.6284,-1,-1,-1
1010,68,381.17,467.03,82.06,226.25,0.5126,-1,-1,-1
1010,74,317.00,484.33,64.40,191.62,0.4846,-1,-1,-1
1010,80,810.72,135.37,52.94,172.87,0.1599,-1,-1,-1
1010,82,1158.53,623.28,88.82,259.16,0.7590,-1,-1,-1
1010,84,1743.95,671.29,92.69,251.62,0.5448,-1,-1,-1
1010,88,1688.45,167.47,54.86,158.68,0.3130,-1,-1,-1
1010,78,501.48,282.48,61.01,189.89,0.5170,-1,-1,-1
1010,89,386.79,279.92,76.72,194.86,0.2803,-1,-1,-1
1010,90,317.70,484.49,63.79,191.43,0.4846,-1,-1,-1
1010,91,305.28,294.62,61.96,182.59,0.4089,-1,-1,-1
1010,92,592.52,549.47,84.66,242.98,0.5751,-1,-1,-1
1011,4,1718.19,457.12,78.89,213.03,0.5520,-1,-1,-1
1011,62,348.02,890.30,96.70,189.65,0.8000,-1,-1,-1
1011,3,904.22,949.74,68.47,130.24,0.7364,-1,-1,-1
1011,66,1575.15,589.94,105.38,234.74,0.6662,-1,-1,-1
1011,70,845.08,283.09,60.67,195.45,0.5813,-1,-1,-1
1011,71,929.04,276.06,61.73,205.50,0.6176,-1,-1,-1
1011,68,380.34,467.85,82.73,227.92,0.4543,-1,-1,-1
1011,74,316.52,484.92,64.57,194.50,0.4341,-1,-1,-1
1011,80,809.88,135.12,53.39,173.66,0.1324,-1,-1,-1
1011,82,1156.54,621.44,89.76,259.86,0.7501,-1,-1,-1
1011,84,1739.75,671.82,97.44,251.27,0.4296,-1,-1,-1
1011,88,1689.13,168.90,55.01,158.51,0.3303,-1,-1,-1
1011,78,501.46,282.86,60.04,190.59,0.4517,-1,-1,-1
1011,89,385.61,279.28,75.23,199.88,0.2320,-1,-1,-1
1011,90,316.67,484.93,64.46,194.48,0.4341,-1,-1,-1
1011,91,306.08,295.78,59.86,183.44,0.3645,-1,-1,-1
1011,92,591.77,549.21,85.72,243.27,0.5547,-1,-1,-1
1012,4,1718.01,456.52,79.01,213.18,0.5417,-1,-1,-1
1012,62,348.65,892.93,99.14,187.05,0.8092,-1,-1,-1
1012,3,903.88,949.57,69.26,130.41,0.7304,-1,-1,-1
1012,66,1574.52,588.86,105.92,235.83,0.6592,-1,-1,-1
1012,70,845.03,281.45,60.04,194.37,0.5904,-1,-1,-1
1012,71,930.19,274.23,61.20,205.74,0.5721,-1,-1,-1
1012,68,380.26,469.43,81.61,227.56,0.4316,-1,-1,-1
1012,74,315.98,486.15,65.44,199.38,0.4081,-1,-1,-1
1012,80,810.34,135.57,53.10,173.31,0.1319,-1,-1,-1
1012,82,1154.57,618.90,89.99,260.75,0.7542,-1,-1,-1
1012,84,1737.06,674.62,99.80,251.08,0.4108,-1,-1,-1
1012,88,1689.20,170.38,56.06,157.79,0.3012,-1,-1,-1
1012,78,500.02,283.91,60.96,189.03,0.4220,-1,-1,-1
1012,89,385.14,280.28,73.72,201.48,0.3036,-1,-1,-1
1012,90,315.93,486.11,65.50,199.41,0.4081,-1,-1,-1
1012,91,305.88,296.67,58.63,183.61,0.3176,-1,-1,-1
1012,92,590.30,550.03,87.21,242.82,0.5625,-1,-1,-1
1013,4,1717.43,456.26,79.85,213.06,0.5711,-1,-1,-1
1013,62,349.74,895.61,100.52,184.36,0.8033,-1,-1,-1
1013,3,903.84,949.37,69.03,130.61,0.7071,-1,-1,-1
1013,66,1574.78,589.41,106.02,235.29,0.6641,-1,-1,-1
1013,70,845.39,279.83,59.39,195.95,0.6106,-1,-1,-1
1013,71,930.16,272.32,61.38,206.23,0.5834,-1,-1,-1
1013,68,380.32,471.10,81.26,227.06,0.4630,-1,-1,-1
1013,74,314.78,487.23,65.91,204.58,0.3972,-1,-1,-1
1013,80,810.15,135.03,52.94,174.34,0.1085,-1,-1,-1
1013,82,1154.19,616.60,88.92,259.20,0.7498,-1,-1,-1
1013,84,1733.73,673.72,104.11,253.54,0.3506,-1,-1,-1
1013,88,1690.51,171.53,56.00,157.55,0.2707,-1,-1,-1
1013,78,497.96,284.34,62.02,188.39,0.4206,-1,-1,-1
1013,89,384.22,278.97,74.32,202.89,0.3613,-1,-1,-1
1013,90,314.68,487.17,66.02,204.63,0.3972,-1,-1,-1
1013,91,302.03,297.67,61.63,186.69,0.3835,-1,-1,-1
1013,92,589.22,550.59,88.39,242.69,0.6108,-1,-1,-1
1014,4,1717.30,456.23,80.60,212.83,0.5493,-1,-1,-1
1014,62,350.34,897.67,101.66,182.32,0.8028,-1,-1,-1
1014,3,904.30,948.97,69.08,131.03,0.7121,-1,-1,-1
1014,66,1573.39,588.08,106.68,236.32,0.6495,-1,-1,-1
1014,70,843.92,278.49,60.30,197.12,0.5994,-1,-1,-1
1014,71,929.92,270.92,60.88,201.32,0.5356,-1,-1,-1
1014,68,381.00,473.03,78.26,226.68,0.4523,-1,-1,-1
1014,74,300.60,488.84,78.24,206.85,0.4489,-1,-1,-1
1014,80,809.93,135.71,53.46,173.72,0.1338,-1,-1,-1
1014,82,1153.10,613.57,88.44,260.03,0.7436,-1,-1,-1
1014,84,1725.52,671.33,111.51,255.78,0.4741,-1,-1,-1
1014,88,1692.29,172.97,55.19,157.63,0.2752,-1,-1,-1
1014,78,495.91,285.28,63.94,188.01,0.4457,-1,-1,-1
1014,89,383.40,277.16,75.94,202.42,0.2679,-1,-1,-1
1014,90,300.57,488.78,78.28,206.91,0.4489,-1,-1,-1
1014,91,301.22,298.76,61.63,186.18,0.3515,-1,-1,-1
1014,92,588.23,551.06,88.50,242.62,0.5935,-1,-1,-1
1015,4,1717.19,456.03,81.45,212.84,0.5461,-1,-1,-1
1015,62,351.38,900.54,101.53,179.46,0.7933,-1,-1,-1
1015,3,903.85,949.21,69.35,130.81,0.7080,-1,-1,-1
1015,66,1573.48,588.93,107.01,235.93,0.6603,-1,-1,-1
1015,70,842.66,275.40,61.73,201.48,0.5934,-1,-1,-1
1015,71,929.83,270.15,59.40,200.79,0.5471,-1,-1,-1
1015,68,380.67,474.10,79.65,226.48,0.5073,-1,-1,-1
1015,74,295.33,491.59,81.32,207.37,0.4842,-1,-1,-1
1015,80,807.94,137.62,55.41,170.48,0.1416,-1,-1,-1
1015,82,1153.78,611.41,84.94,256.38,0.7574,-1,-1,-1
1015,84,1721.21,671.08,115.76,257.36,0.4072,-1,-1,-1
1015,88,1693.94,174.96,53.64,155.60,0.2919,-1,-1,-1
1015,78,496.39,286.28,63.04,188.03,0.4469,-1,-1,-1
1015,89,382.00,279.92,84.25,196.86,0.2232,-1,-1,-1
1015,90,295.29,491.53,81.38,207.42,0.4842,-1,-1,-1
1015,91,299.77,299.86,62.71,185.34,0.3010,-1,-1,-1
1015,92,588.18,551.76,87.12,241.65,0.5562,-1,-1,-1
1016,4,1716.97,456.11,81.88,212.27,0.5174,-1,-1,-1
1016,62,352.08,903.46,102.33,176.45,0.8084,-1,-1,-1
1016,3,903.91,948.86,68.55,131.19,0.7218,-1,-1,-1
1016,66,1573.34,588.21,107.00,236.75,0.6536,-1,-1,-1
1016,70,842.64,275.86,61.89,199.73,0.5850,-1,-1,-1
1016,71,929.77,268.87,58.45,198.46,0.5462,-1,-1,-1
1016,68,379.75,476.92,78.82,225.21,0.5179,-1,-1,-1
1016,74,293.54,494.99,81.34,206.15,0.4955,-1,-1,-1
1016,80,806.54,138.28,56.49,168.91,0.1383,-1,-1,-1
1016,82,1153.40,607.92,83.53,251.21,0.7732,-1,-1,-1
1016,84,1717.74,669.17,118.63,259.51,0.3893,-1,-1,-1
1016,88,1695.33,176.67,53.19,155.78,0.3252,-1,-1,-1
1016,78,495.89,286.54,62.88,188.15,0.4504,-1,-1,-1
1016,89,381.50,282.94,82.56,193.18,0.1713,-1,-1,-1
1016,90,293.49,494.94,81.41,206.20,0.4955,-1,-1,-1
1016,91,297.86,299.71,64.49,188.53,0.3597,-1,-1,-1
1016,92,587.12,551.35,87.14,242.30,0.5567,-1,-1,-1
1017,4,1716.98,456.61,81.82,212.75,0.4720,-1,-1,-1
1017,62,353.15,907.04,102.21,172.21,0.8148,-1,-1,-1
1017,3,903.82,948.72,68.36,131.26,0.7080,-1,-1,-1
1017,66,1573.49,588.32,106.05,236.94,0.6683,-1,-1,-1
1017,70,843.56,275.97,61.68,199.83,0.5929,-1,-1,-1
1017,71,929.53,266.34,58.78,197.32,0.5281,-1,-1,-1
1017,68,379.25,478.88,78.27,223.64,0.4744,-1,-1,-1
1017,74,291.76,502.16,81.95,201.57,0.4684,-1,-1,-1
1017,80,806.56,138.86,56.16,167.26,0.1277,-1,-1,-1
1017,82,1152.36,604.29,82.98,247.23,0.7648,-1,-1,-1
1017,84,1720.40,673.83,112.19,255.20,0.4348,-1,-1,-1
1017,88,1695.36,178.01,55.16,158.51,0.3133,-1,-1,-1
1017,78,494.41,287.19,64.17,188.60,0.4705,-1,-1,-1
1017,89,381.62,282.30,77.93,177.59,0.1707,-1,-1,-1
1017,90,291.72,502.11,82.01,201.62,0.4684,-1,-1,-1
1017,91,296.78,299.44,65.74,190.32,0.3539,-1,-1,-1
1017,92,587.06,551.74,84.88,240.16,0.5827,-1,-1,-1
1018,4,1716.41,457.35,82.94,210.76,0.4674,-1,-1,-1
1018,62,353.89,910.85,102.91,167.98,0.8027,-1,-1,-1
1018,3,904.06,948.56,67.88,131.39,0.7165,-1,-1,-1
1018,66,1573.59,590.26,104.97,234.95,0.6461,-1,-1,-1
1018,70,843.42,275.68,62.08,200.76,0.5860,-1,-1,-1
1018,71,929.82,262.95,60.02,199.17,0.5210,-1,-1,-1
1018,68,379.61,480.01,76.90,220.84,0.5369,-1,-1,-1
1018,74,289.98,506.37,83.29,199.89,0.4968,-1,-1,-1
1018,80,805.45,139.26,57.18,167.39,0.1461,-1,-1,-1
1018,82,1152.40,601.15,81.29,246.93,0.7484,-1,-1,-1
1018,84,1721.75,678.44,105.53,248.86,0.4467,-1,-1,-1
1018,88,1698.65,178.27,54.41,159.18,0.3377,-1,-1,-1
1018,78,493.75,288.31,64.32,190.19,0.4829,-1,-1,-1
1018,89,381.44,281.99,80.82,190.13,0.1696,-1,-1,-1
1018,90,289.94,506.33,83.35,199.93,0.4968,-1,-1,-1
1018,91,296.51,299.50,65.28,190.14,0.3595,-1,-1,-1
1018,92,586.55,551.72,84.12,239.43,0.5338,-1,-1,-1
1019,4,1716.25,457.42,83.20,210.00,0.4861,-1,-1,-1
1019,62,354.30,914.27,102.98,164.23,0.8014,-1,-1,-1
1019,3,903.39,948.34,67.75,131.64,0.7164,-1,-1,-1
1019,66,1573.60,590.49,104.33,235.16,0.6631,-1,-1,-1
1019,70,843.26,273.58,61.93,202.62,0.5804,-1,-1,-1
1019,71,927.57,260.72,63.72,200.12,0.5771,-1,-1,-1
1019,68,379.68,481.90,76.59,217.44,0.5524,-1,-1,-1
1019,74,288.71,508.56,83.59,199.04,0.5360,-1,-1,-1
1019,80,805.33,139.73,57.16,166.78,0.1372,-1,-1,-1
1019,82,1152.19,598.80,81.01,247.02,0.7363,-1,-1,-1
1019,84,1721.32,677.63,100.49,247.53,0.4614,-1,-1,-1
1019,88,1700.85,177.63,54.23,160.52,0.3693,-1,-1,-1
1019,78,493.19,288.98,65.06,193.68,0.4635,-1,-1,-1
1019,89,379.55,284.91,82.94,174.43,0.1097,-1,-1,-1
1019,90,288.67,508.52,83.64,199.08,0.5360,-1,-1,-1
1019,91,294.99,299.36,65.03,190.86,0.3833,-1,-1,-1
1019,92,586.64,551.17,83.94,241.04,0.4853,-1,-1,-1
1020,4,1717.44,455.55,81.87,206.38,0.4870,-1,-1,-1
1020,62,354.88,917.12,102.94,161.60,0.8049,-1,-1,-1
1020,3,903.36,947.66,67.75,132.26,0.7094,-1,-1,-1
1020,66,1574.56,589.77,103.73,236.06,0.6436,-1,-1,-1
1020,70,843.41,274.63,62.06,200.63,0.5932,-1,-1,-1
1020,71,925.38,259.72,65.87,199.14,0.5331,-1,-1,-1
1020,68,379.53,483.01,77.06,215.47,0.5435,-1,-1,-1
1020,74,287.30,509.19,83.72,198.03,0.4303,-1,-1,-1
1020,80,804.84,139.52,57.52,167.21,0.1289,-1,-1,-1
1020,82,1150.54,596.20,82.60,248.90,0.7270,-1,-1,-1
1020,84,1720.33,673.98,97.63,250.89,0.4644,-1,-1,-1
1020,88,1702.81,177.65,53.34,161.28,0.4364,-1,-1,-1
1020,78,493.53,291.32,65.07,193.08,0.4685,-1,-1,-1
1020,89,378.81,290.87,81.99,195.65,0.1256,-1,-1,-1
1020,90,287.26,509.15,83.77,198.06,0.4303,-1,-1,-1
1020,91,294.17,299.01,64.78,190.95,0.4009,-1,-1,-1
1020,92,585.24,551.43,84.81,240.44,0.5320,-1,-1,-1
1021,4,1718.22,454.85,81.31,203.72,0.5034,-1,-1,-1
1021,62,356.12,918.66,101.82,159.96,0.8074,-1,-1,-1
1021,3,902.54,946.21,68.46,133.67,0.7015,-1,-1,-1
1021,66,1574.80,589.54,103.43,236.97,0.6523,-1,-1,-1
1021,70,843.56,274.28,61.98,200.12,0.6060,-1,-1,-1
1021,71,925.90,258.19,65.93,196.97,0.5380,-1,-1,-1
1021,68,378.84,484.53,78.31,215.42,0.5565,-1,-1,-1
1021,74,284.61,508.11,87.05,198.71,0.5316,-1,-1,-1
1021,80,805.54,139.22,56.68,166.88,0.1317,-1,-1,-1
1021,82,1148.44,593.67,83.52,250.51,0.7213,-1,-1,-1
1021,84,1716.96,672.95,93.96,250.53,0.5399,-1,-1,-1
1021,88,1703.70,178.26,53.88,161.52,0.4311,-1,-1,-1
1021,78,492.51,293.89,66.07,190.95,0.4918,-1,-1,-1
1021,89,376.87,294.04,79.47,200.71,0.2875,-1,-1,-1
1021,90,284.57,508.08,87.09,198.74,0.5316,-1,-1,-1
1021,91,292.71,299.55,65.92,192.77,0.4330,-1,-1,-1
1021,92,584.09,550.81,85.88,240.32,0.5163,-1,-1,-1
1022,4,1718.56,454.61,80.73,199.80,0.5124,-1,-1,-1
1022,62,357.94,920.46,100.05,158.29,0.8165,-1,-1,-1
1022,3,902.67,946.28,67.77,133.46,0.7122,-1,-1,-1
1022,66,1576.13,589.25,101.98,237.35,0.6493,-1,-1,-1
1022,70,843.59,273.28,61.87,199.40,0.6093,-1,-1,-1
1022,71,925.45,257.87,66.72,196.97,0.5721,-1,-1,-1
1022,68,378.28,485.53,79.92,222.51,0.5685,-1,-1,-1
1022,74,299.35,509.25,72.37,196.21,0.4167,-1,-1,-1
1022,80,805.71,138.65,56.71,167.39,0.1087,-1,-1,-1
1022,82,1147.45,592.63,85.03,251.86,0.7301,-1,-1,-1
1022,84,1714.92,672.18,92.47,248.37,0.5986,-1,-1,-1
1022,88,1703.30,178.33,56.20,162.80,0.4388,-1,-1,-1
1022,78,492.32,295.98,66.20,189.15,0.4946,-1,-1,-1
1022,89,376.05,296.15,75.26,197.60,0.3464,-1,-1,-1
1022,90,283.13,506.05,87.92,200.30,0.4055,-1,-1,-1
1022,91,292.19,299.72,65.60,193.51,0.4441,-1,-1,-1
1022,92,583.48,550.11,85.56,240.60,0.5285,-1,-1,-1
1023,4,1718.97,454.91,80.75,195.20,0.5301,-1,-1,-1
1023,62,358.62,922.71,99.34,156.08,0.8094,-1,-1,-1
1023,3,902.66,945.97,67.19,133.75,0.7106,-1,-1,-1
1023,66,1575.17,588.24,103.09,238.65,0.5947,-1,-1,-1
1023,70,843.42,273.22,61.76,196.16,0.5968,-1,-1,-1
1023,71,926.32,257.21,65.70,198.60,0.5375,-1,-1,-1
1023,68,378.17,486.16,80.58,227.40,0.5622,-1,-1,-1
1023,74,290.81,506.35,80.27,199.66,0.4443,-1,-1,-1
1023,80,805.89,139.27,56.60,167.62,0.1343,-1,-1,-1
1023,82,1147.34,590.89,84.89,254.01,0.7125,-1,-1,-1
1023,84,1713.06,673.89,92.47,246.31,0.6402,-1,-1,-1
1023,88,1702.82,178.83,57.87,164.92,0.4238,-1,-1,-1
1023,78,491.62,297.79,66.85,191.02,0.5011,-1,-1,-1
1023,89,375.77,297.89,71.78,197.53,0.3456,-1,-1,-1
1023,90,285.15,505.17,85.67,201.20,0.4443,-1,-1,-1
1023,91,290.46,300.62,66.39,192.58,0.4698,-1,-1,-1
1023,92,583.13,550.13,84.45,239.86,0.4689,-1,-1,-1
1024,4,1719.17,454.69,79.80,191.99,0.5641,-1,-1,-1
1024,62,359.19,924.84,99.11,154.12,0.8090,-1,-1,-1
1024,3,903.05,946.21,66.96,133.66,0.7226,-1,-1,-1
1024,66,1574.87,587.81,103.19,239.07,0.5995,-1,-1,-1
1024,70,842.97,271.93,62.00,193.68,0.6218,-1,-1,-1
1024,71,927.25,256.84,64.55,201.15,0.5887,-1,-1,-1
1024,68,378.23,487.39,80.54,228.80,0.5553,-1,-1,-1
1024,74,287.60,505.82,82.65,200.05,0.4657,-1,-1,-1
1024,80,805.49,139.61,56.83,167.57,0.1347,-1,-1,-1
1024,82,1146.06,589.36,86.05,254.59,0.6897,-1,-1,-1
1024,84,1711.69,675.30,91.93,244.60,0.5928,-1,-1,-1
1024,88,1702.26,180.05,59.56,166.39,0.3542,-1,-1,-1
1024,78,491.59,298.75,66.55,193.67,0.5346,-1,-1,-1
1024,89,375.10,298.81,70.39,186.16,0.2281,-1,-1,-1
1024,90,285.53,505.37,84.62,200.62,0.4657,-1,-1,-1
1024,91,289.18,301.80,66.55,192.34,0.4817,-1,-1,-1
1024,92,584.04,549.76,82.17,239.79,0.4874,-1,-1,-1
1025,4,1718.92,454.40,80.49,191.79,0.5434,-1,-1,-1
1025,62,360.28,926.48,98.48,152.91,0.8112,-1,-1,-1
1025,3,902.99,946.02,66.12,133.74,0.7138,-1,-1,-1
1025,66,1574.63,587.55,102.62,239.42,0.5712,-1,-1,-1
1025,70,842.83,269.02,61.98,195.17,0.6656,-1,-1,-1
1025,71,929.56,256.93,61.94,203.30,0.5799,-1,-1,-1
1025,68,377.96,488.45,79.32,231.45,0.5157,-1,-1,-1
1025,74,286.61,506.62,82.60,198.98,0.4786,-1,-1,-1
1025,80,806.05,139.85,56.37,168.19,0.1243,-1,-1,-1
1025,82,1144.14,588.17,88.03,254.36,0.6880,-1,-1,-1
1025,84,1710.86,677.26,89.04,242.71,0.6031,-1,-1,-1
1025,88,1700.48,181.55,61.70,171.22,0.3617,-1,-1,-1
1025,78,492.15,300.21,66.32,194.68,0.5061,-1,-1,-1
1025,89,371.77,301.75,71.73,164.97,0.2160,-1,-1,-1
1025,90,285.96,506.46,83.21,199.18,0.4786,-1,-1,-1
1025,91,288.20,302.87,66.88,193.30,0.4816,-1,-1,-1
1025,92,584.22,547.56,79.79,241.79,0.4618,-1,-1,-1
1026,4,1718.93,454.18,80.52,190.50,0.5661,-1,-1,-1
1026,62,361.76,928.23,97.41,150.95,0.8076,-1,-1,-1
1026,3,902.32,945.77,66.36,134.01,0.7177,-1,-1,-1
1026,66,1575.73,588.56,101.80,238.57,0.6184,-1,-1,-1
1026,70,843.49,267.32,61.48,191.53,0.6342,-1,-1,-1
1026,71,931.73,256.50,60.11,203.82,0.5994,-1,-1,-1
1026,68,377.76,491.01,77.74,232.16,0.5375,-1,-1,-1
1026,74,287.85,505.20,80.94,199.64,0.4842,-1,-1,-1
1026,80,805.98,139.64,56.54,168.56,0.1076,-1,-1,-1
1026,82,1143.23,587.85,87.59,251.50,0.6912,-1,-1,-1
1026,84,1710.17,681.57,85.55,239.67,0.6231,-1,-1,-1
1026,88,1699.00,183.94,64.46,174.68,0.3746,-1,-1,-1
1026,78,492.52,300.68,66.75,195.53,0.5992,-1,-1,-1
1026,89,371.30,301.19,70.37,182.89,0.4349,-1,-1,-1
1026,90,287.75,505.14,81.04,199.71,0.4842,-1,-1,-1
1026,91,288.34,304.15,66.77,194.08,0.4597,-1,-1,-1
1026,92,584.85,546.80,77.45,242.03,0.4323,-1,-1,-1
1027,4,1719.04,454.55,81.20,189.74,0.5369,-1,-1,-1
1027,62,363.65,930.06,96.97,148.82,0.8122,-1,-1,-1
1027,3,902.34,945.77,64.97,133.85,0.7179,-1,-1,-1
1027,66,1575.39,589.19,102.54,238.14,0.6723,-1,-1,-1
1027,70,844.78,265.50,59.95,189.04,0.6329,-1,-1,-1
1027,71,933.52,256.18,58.45,205.04,0.5791,-1,-1,-1
1027,68,376.90,493.50,75.09,232.59,0.5655,-1,-1,-1
1027,74,290.22,505.48,77.84,199.47,0.5615,-1,-1,-1
1027,80,806.66,139.91,55.77,168.42,0.1114,-1,-1,-1
1027,82,1142.22,587.71,86.80,252.15,0.7251,-1,-1,-1
1027,84,1706.54,675.84,84.30,242.10,0.5731,-1,-1,-1
1027,88,1698.47,187.05,66.26,175.21,0.3425,-1,-1,-1
1027,78,493.06,302.11,66.33,194.56,0.6042,-1,-1,-1
1027,89,370.22,302.34,70.24,189.73,0.5207,-1,-1,-1
1027,90,290.31,505.46,77.75,199.48,0.5615,-1,-1,-1
1027,91,289.16,306.14,65.92,193.48,0.4444,-1,-1,-1
1027,92,584.83,546.78,73.65,242.44,0.4391,-1,-1,-1
1028,4,1718.06,456.66,82.20,197.39,0.5748,-1,-1,-1
1028,62,365.10,931.99,96.23,147.09,0.8205,-1,-1,-1
1028,3,902.29,945.67,64.43,134.20,0.7132,-1,-1,-1
1028,66,1575.06,589.29,102.37,238.16,0.6740,-1,-1,-1
1028,70,845.84,263.13,59.38,188.27,0.6024,-1,-1,-1
1028,71,935.29,255.92,58.03,200.57,0.5854,-1,-1,-1
1028,68,375.69,496.42,76.16,231.18,0.5981,-1,-1,-1
1028,74,294.19,508.62,73.03,197.44,0.5644,-1,-1,-1
1028,80,805.88,139.67,56.22,167.83,0.1056,-1,-1,-1
1028,82,1141.31,586.72,85.50,249.90,0.7228,-1,-1,-1
1028,84,1705.33,664.23,82.54,251.12,0.5204,-1,-1,-1
1028,88,1698.60,190.40,66.34,173.13,0.3504,-1,-1,-1
1028,78,494.91,303.54,64.34,193.01,0.5131,-1,-1,-1
1028,89,369.86,305.62,70.25,190.72,0.5329,-1,-1,-1
1028,90,294.35,508.63,72.88,197.43,0.5644,-1,-1,-1
1028,91,289.30,308.09,64.34,192.94,0.4422,-1,-1,-1
1028,92,585.48,546.26,71.26,243.33,0.4757,-1,-1,-1
1029,4,1717.90,458.31,83.32,199.81,0.5821,-1,-1,-1
1029,62,367.21,933.18,95.31,145.57,0.8127,-1,-1,-1
1029,3,901.83,945.41,63.80,134.53,0.6991,-1,-1,-1
1029,66,1574.49,589.56,102.82,237.89,0.6888,-1,-1,-1
1029,70,847.12,261.71,58.69,189.07,0.5971,-1,-1,-1
1029,71,936.31,255.37,58.31,201.50,0.6222,-1,-1,-1
1029,68,374.99,499.26,76.93,229.11,0.6166,-1,-1,-1
1029,74,294.84,511.58,71.33,197.24,0.5981,-1,-1,-1
1029,82,1140.93,585.83,82.89,249.18,0.7394,-1,-1,-1
1029,84,1703.01,647.52,82.75,266.32,0.4038,-1,-1,-1
1029,88,1699.16,192.71,66.29,170.65,0.3553,-1,-1,-1
1029,78,494.26,304.59,64.59,191.85,0.5337,-1,-1,-1
1029,89,370.01,307.38,68.68,192.64,0.5067,-1,-1,-1
1029,90,295.00,511.59,71.18,197.23,0.5981,-1,-1,-1
1029,91,289.90,310.54,62.90,192.75,0.3668,-1,-1,-1
1029,92,586.13,545.60,66.65,244.31,0.4998,-1,-1,-1
1030,4,1717.84,458.17,83.00,201.20,0.5786,-1,-1,-1
1030,62,368.22,935.65,95.21,142.93,0.8001,-1,-1,-1
1030,3,901.49,945.10,62.53,134.89,0.7173,-1,-1,-1
1030,66,1574.15,588.77,102.08,239.09,0.6454,-1,-1,-1
1030,70,848.03,260.78,57.52,191.35,0.5864,-1,-1,-1
1030,71,936.75,254.45,58.80,200.65,0.5627,-1,-1,-1
1030,68,373.79,500.85,73.49,227.70,0.6114,-1,-1,-1
1030,74,294.91,512.27,71.13,200.72,0.6495,-1,-1,-1
1030,82,1140.42,584.15,80.33,249.26,0.7752,-1,-1,-1
1030,84,1701.67,641.15,83.06,271.70,0.4532,-1,-1,-1
1030,88,1700.06,195.62,65.45,165.01,0.3167,-1,-1,-1
1030,78,493.65,303.78,65.09,192.82,0.5338,-1,-1,-1
1030,89,368.82,308.67,68.84,194.14,0.5652,-1,-1,-1
1030,90,295.05,512.28,71.00,200.70,0.6495,-1,-1,-1
1030,91,291.16,311.94,62.36,190.56,0.4060,-1,-1,-1
1030,92,586.11,544.79,65.65,245.33,0.4708,-1,-1,-1
1031,4,1717.80,458.47,83.05,204.02,0.6012,-1,-1,-1
1031,62,370.67,937.42,93.42,140.94,0.7950,-1,-1,-1
1031,3,900.44,944.64,61.92,135.35,0.7212,-1,-1,-1
1031,66,1573.33,590.00,102.92,237.72,0.6565,-1,-1,-1
1031,70,848.40,259.34,57.32,193.16,0.5696,-1,-1,-1
1031,71,938.14,251.69,57.91,198.26,0.5686,-1,-1,-1
1031,68,373.26,501.12,77.15,228.78,0.6369,-1,-1,-1
1031,74,294.63,513.70,70.90,207.92,0.6803,-1,-1,-1
1031,82,1139.79,579.65,78.78,248.57,0.7785,-1,-1,-1
1031,84,1689.41,637.84,93.12,276.51,0.5302,-1,-1,-1
1031,88,1700.96,197.94,64.51,163.90,0.3373,-1,-1,-1
1031,78,493.16,303.09,65.22,190.87,0.5711,-1,-1,-1
1031,89,367.66,309.94,69.31,194.19,0.5661,-1,-1,-1
1031,90,294.75,513.71,70.78,207.91,0.6803,-1,-1,-1
1031,91,292.38,314.02,62.45,190.52,0.4002,-1,-1,-1
1031,92,585.74,544.35,63.98,246.39,0.4729,-1,-1,-1
1032,4,1717.89,458.60,82.99,206.63,0.5970,-1,-1,-1
1032,62,372.68,940.57,91.66,137.79,0.7708,-1,-1,-1
1032,3,899.74,944.18,61.15,135.82,0.7002,-1,-1,-1
1032,66,1573.44,590.25,102.02,237.59,0.6397,-1,-1,-1
1032,70,848.59,256.82,57.78,194.00,0.5792,-1,-1,-1
1032,71,939.36,249.32,57.00,195.35,0.6191,-1,-1,-1
1032,68,373.53,501.43,77.59,229.60,0.6621,-1,-1,-1
1032,74,294.72,515.76,70.94,211.62,0.6870,-1,-1,-1
1032,82,1139.24,575.87,77.55,246.43,0.7699,-1,-1,-1
1032,84,1682.51,638.88,96.69,277.06,0.4868,-1,-1,-1
1032,88,1701.48,200.10,63.55,164.37,0.3728,-1,-1,-1
1032,78,493.63,304.52,63.93,188.44,0.4874,-1,-1,-1
1032,89,366.67,311.06,69.52,193.94,0.5058,-1,-1,-1
1032,90,294.83,515.77,70.84,211.61,0.6870,-1,-1,-1
1032,91,292.85,315.98,64.02,190.24,0.4092,-1,-1,-1
1032,92,585.89,543.78,62.24,247.05,0.4717,-1,-1,-1
1033,4,1718.21,458.52,82.37,207.05,0.5883,-1,-1,-1
1033,62,373.51,943.58,91.60,134.27,0.7609,-1,-1,-1
1033,3,898.97,944.01,60.11,136.02,0.6958,-1,-1,-1
1033,66,1574.27,591.31,99.91,236.91,0.6248,-1,-1,-1
1033,70,848.31,255.62,58.58,194.90,0.5525,-1,-1,-1
1033,71,940.14,247.49,57.87,194.63,0.6346,-1,-1,-1
1033,68,373.03,502.06,77.61,229.12,0.6440,-1,-1,-1
1033,74,294.38,517.78,71.12,213.33,0.6678,-1,-1,-1
1033,82,1138.97,572.73,76.51,243.28,0.7705,-1,-1,-1
1033,84,1677.24,637.69,99.75,279.34,0.5392,-1,-1,-1
1033,88,1701.60,200.96,63.23,162.96,0.2968,-1,-1,-1
1033,78,492.75,305.98,64.41,189.53,0.4650,-1,-1,-1
1033,89,365.60,311.93,69.92,193.31,0.5324,-1,-1,-1
1033,90,294.48,517.79,71.03,213.32,0.6678,-1,-1,-1
1033,91,293.12,317.51,64.87,190.51,0.3546,-1,-1,-1
1033,92,585.53,542.54,61.16,241.10,0.4308,-1,-1,-1
1034,4,1717.62,458.03,82.46,206.73,0.5856,-1,-1,-1
1034,62,375.89,946.98,89.29,131.46,0.7544,-1,-1,-1
1034,3,897.64,943.74,60.49,136.27,0.7087,-1,-1,-1
1034,66,1573.94,594.00,100.46,233.56,0.5892,-1,-1,-1
1034,70,848.14,255.50,59.44,194.47,0.5583,-1,-1,-1
1034,71,940.38,245.00,57.80,194.97,0.6023,-1,-1,-1
1034,68,372.55,503.35,75.16,227.72,0.6246,-1,-1,-1
1034,74,294.09,520.39,72.35,213.36,0.6706,-1,-1,-1
1034,82,1139.48,569.45,75.02,242.57,0.7687,-1,-1,-1
1034,84,1674.74,636.86,100.33,280.42,0.5382,-1,-1,-1
1034,88,1702.20,201.77,63.46,159.41,0.2692,-1,-1,-1
1034,78,490.54,307.71,65.71,191.59,0.4864,-1,-1,-1
1034,89,365.33,312.72,69.45,193.90,0.5748,-1,-1,-1
1034,90,294.17,520.40,72.28,213.36,0.6706,-1,-1,-1
1034,91,294.06,319.12,65.48,190.04,0.3832,-1,-1,-1
1034,92,585.17,541.65,59.35,246.20,0.4499,-1,-1,-1
1035,4,1718.15,458.42,80.94,204.58,0.5955,-1,-1,-1
1035,62,377.71,950.25,88.73,128.79,0.7441,-1,-1,-1
1035,3,896.85,942.98,59.82,136.90,0.7048,-1,-1,-1
1035,66,1573.14,594.24,100.40,233.00,0.6063,-1,-1,-1
1035,70,848.58,254.83,59.08,194.40,0.5653,-1,-1,-1
1035,71,940.26,243.00,58.49,196.61,0.6449,-1,-1,-1
1035,68,371.88,504.24,76.53,225.39,0.6206,-1,-1,-1
1035,74,292.05,522.91,77.36,212.43,0.6425,-1,-1,-1
1035,82,1138.59,567.71,75.32,241.63,0.7607,-1,-1,-1
1035,84,1674.62,635.03,95.22,280.77,0.6020,-1,-1,-1
1035,88,1703.77,202.18,62.33,155.56,0.2781,-1,-1,-1
1035,78,489.25,310.65,66.95,192.61,0.4530,-1,-1,-1
1035,89,365.54,312.91,68.94,195.07,0.5548,-1,-1,-1
1035,90,292.12,522.92,77.30,212.42,0.6425,-1,-1,-1
1035,91,294.56,320.55,65.55,188.62,0.4264,-1,-1,-1
1035,92,585.22,540.63,58.90,248.92,0.4078,-1,-1,-1
1036,4,1718.61,459.93,80.46,203.09,0.5844,-1,-1,-1
1036,62,379.94,953.50,88.56,126.23,0.7314,-1,-1,-1
1036,3,895.77,941.87,59.60,138.11,0.7198,-1,-1,-1
1036,66,1573.38,595.11,99.64,232.32,0.6051,-1,-1,-1
1036,70,849.43,254.10,58.19,195.15,0.5759,-1,-1,-1
1036,71,940.17,241.17,58.03,197.19,0.6589,-1,-1,-1
1036,68,371.35,504.65,77.11,224.62,0.6307,-1,-1,-1
1036,74,291.90,525.39,77.95,210.48,0.5829,-1,-1,-1
1036,82,1137.82,565.84,75.09,244.91,0.7364,-1,-1,-1
1036,84,1674.80,633.37,91.02,281.86,0.6304,-1,-1,-1
1036,88,1704.49,203.38,62.94,156.27,0.2966,-1,-1,-1
1036,78,488.84,310.01,68.08,194.87,0.4476,-1,-1,-1
1036,89,364.75,314.40,68.92,187.73,0.3817,-1,-1,-1
1036,90,291.96,525.40,77.89,210.47,0.5829,-1,-1,-1
1036,91,293.86,320.73,67.11,190.69,0.4071,-1,-1,-1
1036,92,585.07,541.17,59.07,249.31,0.4092,-1,-1,-1
1036,83,1275.70,180.57,58.90,140.72,0.3398,-1,-1,-1
1037,4,1718.74,460.12,79.91,202.94,0.6304,-1,-1,-1
1037,62,383.01,956.29,87.86,123.66,0.7572,-1,-1,-1
1037,3,895.45,940.77,58.30,139.22,0.7297,-1,-1,-1
1037,66,1573.06,595.39,98.93,231.80,0.6299,-1,-1,-1
1037,70,849.58,252.83,58.51,195.95,0.5732,-1,-1,-1
1037,71,940.35,240.44,57.91,197.73,0.6868,-1,-1,-1
1037,68,370.97,505.42,78.70,223.06,0.6693,-1,-1,-1
1037,74,288.75,527.60,81.05,208.36,0.5516,-1,-1,-1
1037,82,1136.80,563.84,75.34,247.67,0.7501,-1,-1,-1
1037,84,1673.99,631.24,88.55,281.45,0.6189,-1,-1,-1
1037,88,1706.58,203.70,61.69,159.28,0.4038,-1,-1,-1
1037,78,488.62,310.90,70.01,195.63,0.4498,-1,-1,-1
1037,89,363.37,318.22,71.17,166.91,0.3061,-1,-1,-1
1037,90,288.81,527.61,81.00,208.36,0.5516,-1,-1,-1
1037,91,293.18,321.47,67.73,189.13,0.4186,-1,-1,-1
1037,92,586.27,540.13,57.20,251.11,0.4469,-1,-1,-1
1037,83,1275.94,180.50,58.88,142.12,0.3301,-1,-1,-1
1038,4,1718.97,460.42,79.46,202.06,0.6306,-1,-1,-1
1038,62,384.97,958.85,89.36,121.24,0.7812,-1,-1,-1
1038,3,894.07,939.25,57.77,140.79,0.7230,-1,-1,-1
1038,66,1573.34,595.35,98.11,231.77,0.6315,-1,-1,-1
1038,70,849.63,251.85,59.29,196.47,0.5633,-1,-1,-1
1038,71,940.38,239.66,57.49,198.59,0.6838,-1,-1,-1
1038,68,370.95,505.82,78.73,223.05,0.6653,-1,-1,-1
1038,74,294.65,530.70,72.72,205.21,0.4903,-1,-1,-1
1038,82,1134.93,562.75,77.85,251.59,0.7537,-1,-1,-1
1038,84,1670.32,630.54,91.65,280.83,0.6215,-1,-1,-1
1038,88,1709.01,204.40,59.97,161.28,0.3250,-1,-1,-1
1038,78,488.54,313.03,70.36,195.98,0.4427,-1,-1,-1
1038,89,362.28,319.63,73.68,160.30,0.3110,-1,-1,-1
1038,90,294.71,530.71,72.67,205.20,0.4903,-1,-1,-1
1038,91,294.20,322.09,64.57,188.06,0.3781,-1,-1,-1
1038,92,586.67,539.59,57.06,251.77,0.4572,-1,-1,-1
1038,83,1277.04,183.60,59.12,138.94,0.2082,-1,-1,-1
1039,4,1718.89,460.19,79.19,203.33,0.6351,-1,-1,-1
1039,62,388.38,959.87,87.93,120.15,0.7463,-1,-1,-1
1039,3,893.00,939.12,58.26,140.84,0.7282,-1,-1,-1
1039,66,1572.90,594.27,98.29,232.58,0.6041,-1,-1,-1
1039,70,850.16,251.21,59.09,195.79,0.5373,-1,-1,-1
1039,71,940.31,238.66,57.09,199.18,0.6589,-1,-1,-1
1039,68,370.78,506.38,77.86,223.05,0.6574,-1,-1,-1
1039,74,299.23,532.40,65.32,203.14,0.5360,-1,-1,-1
1039,82,1131.27,561.95,80.93,253.46,0.7656,-1,-1,-1
1039,84,1664.94,630.90,94.72,279.81,0.6260,-1,-1,-1
1039,88,1711.40,205.89,58.43,161.50,0.3330,-1,-1,-1
1039,78,488.05,314.46,68.84,197.02,0.4416,-1,-1,-1
1039,89,360.93,319.48,76.05,157.24,0.3402,-1,-1,-1
1039,90,299.27,532.40,65.27,203.13,0.5360,-1,-1,-1
1039,91,294.01,322.26,64.37,188.26,0.3923,-1,-1,-1
1039,92,587.15,539.14,56.45,252.41,0.4542,-1,-1,-1
1039,83,1280.38,191.85,53.76,129.75,0.1638,-1,-1,-1
1040,4,1719.12,459.94,78.67,204.43,0.6537,-1,-1,-1
1040,62,391.45,961.62,87.53,118.42,0.7245,-1,-1,-1
1040,3,891.60,938.61,58.90,141.38,0.7288,-1,-1,-1
1040,66,1572.70,595.35,98.49,231.21,0.6023,-1,-1,-1
1040,70,850.90,249.33,59.45,193.82,0.5329,-1,-1,-1
1040,71,939.79,238.08,57.45,199.32,0.6254,-1,-1,-1
1040,68,371.02,507.85,78.89,224.69,0.6860,-1,-1,-1
1040,74,301.05,535.25,61.16,200.62,0.4553,-1,-1,-1
1040,82,1127.83,561.73,82.13,254.42,0.7765,-1,-1,-1
1040,84,1661.33,632.16,95.80,280.06,0.6279,-1,-1,-1
1040,88,1713.05,207.01,57.66,158.87,0.3708,-1,-1,-1
1040,78,487.69,318.50,67.12,195.67,0.4483,-1,-1,-1
1040,89,360.25,320.58,77.31,155.18,0.3176,-1,-1,-1
1040,90,282.33,533.10,80.07,201.55,0.3471,-1,-1,-1
1040,91,292.26,323.52,69.82,188.03,0.3836,-1,-1,-1
1040,92,587.76,538.68,55.77,252.36,0.4953,-1,-1,-1
1040,83,1282.66,194.27,49.48,127.05,0.1383,-1,-1,-1
1041,4,1719.18,459.66,78.88,205.45,0.6579,-1,-1,-1
1041,62,394.66,963.79,88.66,116.26,0.7475,-1,-1,-1
1041,3,889.61,938.33,57.83,141.68,0.7129,-1,-1,-1
1041,66,1572.77,594.31,99.12,231.74,0.6037,-1,-1,-1
1041,70,850.50,247.42,61.02,191.49,0.5401,-1,-1,-1
1041,71,939.75,237.34,57.71,200.08,0.6494,-1,-1,-1
1041,68,371.31,509.93,78.80,226.40,0.6519,-1,-1,-1
1041,74,302.35,535.55,58.86,199.61,0.4483,-1,-1,-1
1041,82,1126.06,560.66,83.65,253.57,0.7934,-1,-1,-1
1041,84,1660.19,634.37,93.68,277.52,0.5460,-1,-1,-1
1041,88,1713.89,208.84,57.98,155.59,0.3557,-1,-1,-1
1041,78,486.77,322.40,66.14,192.87,0.4597,-1,-1,-1
1041,89,360.58,321.07,76.88,155.05,0.2571,-1,-1,-1
1041,90,279.73,532.86,82.07,200.43,0.3083,-1,-1,-1
1041,91,291.93,324.57,72.39,186.44,0.4100,-1,-1,-1
1041,92,588.21,538.63,55.64,253.65,0.4989,-1,-1,-1
1042,4,1719.43,460.22,77.74,205.53,0.6193,-1,-1,-1
1042,62,396.83,964.95,91.61,114.99,0.7534,-1,-1,-1
1042,3,887.72,937.76,57.70,142.22,0.7265,-1,-1,-1
1042,66,1572.67,592.92,99.65,232.29,0.5835,-1,-1,-1
1042,70,850.72,244.89,62.43,188.86,0.5132,-1,-1,-1
1042,71,940.23,237.23,57.59,200.03,0.6358,-1,-1,-1
1042,68,371.38,510.46,79.44,229.40,0.6635,-1,-1,-1
1042,74,301.33,536.52,58.29,196.58,0.3848,-1,-1,-1
1042,82,1125.08,559.54,83.58,251.15,0.7839,-1,-1,-1
1042,84,1658.41,636.46,93.33,274.60,0.5478,-1,-1,-1
1042,88,1715.37,210.72,57.00,154.24,0.2807,-1,-1,-1
1042,78,486.88,324.93,64.53,190.68,0.4328,-1,-1,-1
1042,89,360.53,322.46,76.20,155.16,0.2779,-1,-1,-1
1042,90,277.55,532.23,84.39,200.58,0.2768,-1,-1,-1
1042,91,291.53,325.44,73.34,187.18,0.3872,-1,-1,-1
1042,92,588.19,538.66,56.07,252.80,0.4912,-1,-1,-1
1043,4,1719.66,459.13,77.55,207.20,0.6047,-1,-1,-1
1043,62,397.75,966.28,94.26,113.69,0.7560,-1,-1,-1
1043,3,886.02,937.46,58.44,142.51,0.7181,-1,-1,-1
1043,66,1571.82,592.97,101.24,231.94,0.5410,-1,-1,-1
1043,70,850.46,242.19,63.72,189.75,0.5035,-1,-1,-1
1043,71,940.92,236.97,56.72,199.60,0.6311,-1,-1,-1
1043,68,371.51,511.41,80.06,231.44,0.6772,-1,-1,-1
1043,74,301.50,536.43,58.34,196.43,0.3839,-1,-1,-1
1043,82,1123.55,558.78,83.68,248.70,0.7816,-1,-1,-1
1043,84,1659.66,639.22,90.46,272.64,0.4604,-1,-1,-1
1043,88,1717.45,212.91,55.59,155.06,0.2815,-1,-1,-1
1043,78,484.81,325.27,65.08,190.18,0.4366,-1,-1,-1
1043,89,359.13,323.90,75.76,153.36,0.3142,-1,-1,-1
1043,90,267.27,532.45,94.42,200.52,0.1893,-1,-1,-1
1043,91,291.55,326.00,72.35,192.34,0.3638,-1,-1,-1
1043,92,588.54,538.24,55.54,252.87,0.5031,-1,-1,-1
1044,4,1719.53,459.12,77.14,207.58,0.6035,-1,-1,-1
1044,62,398.90,968.22,96.37,111.82,0.7458,-1,-1,-1
1044,3,884.34,937.37,58.79,142.63,0.7015,-1,-1,-1
1044,66,1571.31,590.76,103.17,233.26,0.4589,-1,-1,-1
1044,70,851.04,240.27,64.13,189.64,0.4883,-1,-1,-1
1044,71,941.33,236.33,56.04,199.28,0.6268,-1,-1,-1
1044,68,372.27,513.99,78.87,233.23,0.6526,-1,-1,-1
1044,74,286.54,534.67,75.52,199.56,0.3488,-1,-1,-1
1044,82,1122.40,557.34,82.39,248.18,0.7760,-1,-1,-1
1044,84,1657.21,641.17,93.21,273.52,0.5197,-1,-1,-1
1044,88,1717.54,213.68,56.92,161.16,0.2916,-1,-1,-1
1044,78,484.78,325.05,65.26,191.14,0.4429,-1,-1,-1
1044,89,355.23,323.44,82.25,186.67,0.3861,-1,-1,-1
1044,90,273.71,533.22,88.86,201.07,0.3488,-1,-1,-1
1044,91,290.69,325.84,71.01,199.14,0.4066,-1,-1,-1
1044,92,588.54,538.57,56.14,252.39,0.4965,-1,-1,-1
1045,4,1719.54,460.56,76.86,206.96,0.6023,-1,-1,-1
1045,62,399.56,969.32,100.09,110.73,0.7483,-1,-1,-1
1045,3,883.69,937.15,59.78,142.88,0.7091,-1,-1,-1
1045,66,1570.85,591.93,103.80,231.81,0.4723,-1,-1,-1
1045,70,851.54,238.69,64.06,191.39,0.5560,-1,-1,-1
1045,71,941.40,235.13,55.71,199.61,0.6043,-1,-1,-1
1045,68,372.80,516.82,79.18,233.19,0.6506,-1,-1,-1
1045,74,294.00,537.24,67.65,199.00,0.4011,-1,-1,-1
1045,82,1120.26,554.91,82.70,249.46,0.7756,-1,-1,-1
1045,84,1652.38,642.30,95.97,272.36,0.5482,-1,-1,-1
1045,88,1718.34,214.70,57.09,163.85,0.3110,-1,-1,-1
1045,78,483.70,325.31,65.47,191.17,0.4030,-1,-1,-1
1045,89,354.03,323.98,82.43,200.24,0.5331,-1,-1,-1
1045,90,270.00,536.18,91.32,199.49,0.1839,-1,-1,-1
1045,91,290.16,325.99,69.91,201.25,0.4343,-1,-1,-1
1045,92,588.71,538.24,55.53,252.82,0.4984,-1,-1,-1
1046,4,1718.86,460.95,77.22,206.65,0.6025,-1,-1,-1
1046,62,400.30,971.08,102.54,109.00,0.7449,-1,-1,-1
1046,3,882.25,936.27,59.47,143.77,0.6693,-1,-1,-1
1046,66,1573.78,592.71,101.67,231.56,0.4323,-1,-1,-1
1046,70,851.17,238.10,64.63,191.89,0.5465,-1,-1,-1
1046,71,941.31,234.31,54.96,200.09,0.5944,-1,-1,-1
1046,68,373.66,519.60,76.94,233.83,0.6333,-1,-1,-1
1046,74,286.89,537.62,75.07,204.20,0.4966,-1,-1,-1
1046,82,1119.74,553.38,81.58,247.62,0.7769,-1,-1,-1
1046,84,1651.29,643.35,95.27,270.69,0.5405,-1,-1,-1
1046,88,1719.95,215.85,57.14,165.74,0.2703,-1,-1,-1
1046,78,482.85,325.08,66.66,191.53,0.4161,-1,-1,-1
1046,89,351.20,326.36,82.50,205.25,0.5148,-1,-1,-1
1046,90,278.17,537.27,83.59,204.36,0.4966,-1,-1,-1
1046,91,290.59,327.55,67.68,202.26,0.4209,-1,-1,-1
1046,92,588.94,538.73,55.15,252.16,0.4660,-1,-1,-1
1047,4,1718.29,462.18,77.47,205.36,0.6156,-1,-1,-1
1047,62,400.85,973.82,105.02,106.22,0.7391,-1,-1,-1
1047,3,881.26,935.96,59.82,144.05,0.6671,-1,-1,-1
1047,66,1574.07,591.52,100.97,232.78,0.3957,-1,-1,-1
1047,70,850.28,235.85,67.26,193.93,0.5410,-1,-1,-1
1047,71,939.78,233.28,55.74,199.97,0.5748,-1,-1,-1
1047,68,373.57,522.01,77.19,233.10,0.6455,-1,-1,-1
1047,74,280.13,539.38,81.78,208.61,0.5348,-1,-1,-1
1047,82,1118.84,551.21,81.28,248.69,0.7555,-1,-1,-1
1047,84,1653.00,649.01,91.75,264.02,0.6150,-1,-1,-1
1047,88,1722.02,216.55,56.61,164.65,0.2741,-1,-1,-1
1047,78,482.43,326.39,66.59,189.78,0.4612,-1,-1,-1
1047,89,349.76,328.74,81.78,207.17,0.5395,-1,-1,-1
1047,90,277.05,539.29,84.75,208.64,0.5348,-1,-1,-1
1047,91,289.29,331.57,66.91,200.93,0.4331,-1,-1,-1
1047,92,588.66,538.52,56.24,252.91,0.4657,-1,-1,-1
1048,4,1718.87,462.06,76.71,205.33,0.5860,-1,-1,-1
1048,62,402.57,977.13,106.40,102.90,0.7362,-1,-1,-1
1048,3,880.98,935.27,59.51,144.73,0.6473,-1,-1,-1
1048,66,1574.95,590.72,100.14,233.39,0.3939,-1,-1,-1
1048,70,850.53,234.82,68.19,194.46,0.5536,-1,-1,-1
1048,71,939.35,231.36,55.22,194.52,0.5806,-1,-1,-1
1048,68,373.03,522.63,77.24,232.79,0.6370,-1,-1,-1
1048,74,276.25,541.33,85.14,211.72,0.5872,-1,-1,-1
1048,82,1117.66,548.09,81.43,246.65,0.7448,-1,-1,-1
1048,84,1651.06,651.66,91.61,260.08,0.6467,-1,-1,-1
1048,88,1723.55,218.41,55.97,155.22,0.2613,-1,-1,-1
1048,78,481.69,326.64,66.77,190.66,0.4606,-1,-1,-1
1048,89,348.78,330.30,81.03,206.44,0.4533,-1,-1,-1
1048,90,275.39,541.35,85.90,211.70,0.5872,-1,-1,-1
1048,91,288.56,334.08,65.83,200.31,0.3923,-1,-1,-1
1048,92,588.24,538.66,57.29,253.30,0.4498,-1,-1,-1
1049,4,1718.73,462.22,76.94,205.89,0.6217,-1,-1,-1
1049,62,403.81,979.57,107.53,100.45,0.7479,-1,-1,-1
1049,3,879.94,934.19,60.35,145.79,0.6695,-1,-1,-1
1049,66,1573.39,592.55,100.21,232.14,0.4397,-1,-1,-1
1049,70,851.14,234.60,68.36,194.13,0.5660,-1,-1,-1
1049,71,938.48,229.60,55.75,192.41,0.6100,-1,-1,-1
1049,68,372.43,523.89,77.07,231.50,0.6465,-1,-1,-1
1049,74,277.34,543.76,83.46,211.85,0.5535,-1,-1,-1
1049,82,1117.42,545.34,78.86,243.76,0.7428,-1,-1,-1
1049,84,1650.13,649.95,91.05,260.96,0.6957,-1,-1,-1
1049,88,1725.47,217.91,54.15,161.59,0.2461,-1,-1,-1
1049,78,479.97,326.56,68.51,192.21,0.5062,-1,-1,-1
1049,89,346.48,330.94,82.69,206.83,0.4489,-1,-1,-1
1049,90,277.48,543.81,83.24,211.81,0.5535,-1,-1,-1
1049,91,287.16,334.97,64.79,200.68,0.3942,-1,-1,-1
1049,92,588.11,538.03,57.18,253.49,0.4950,-1,-1,-1
1050,4,1718.43,461.53,77.50,206.63,0.6446,-1,-1,-1
1050,62,406.85,982.73,106.26,97.30,0.7518,-1,-1,-1
1050,3,879.08,933.24,61.01,146.76,0.6684,-1,-1,-1
1050,66,1571.45,592.64,102.13,232.00,0.4427,-1,-1,-1
1050,70,852.36,234.35,67.19,193.90,0.5899,-1,-1,-1
1050,71,937.95,228.06,56.08,191.00,0.6085,-1,-1,-1
1050,68,372.40,524.45,77.92,230.26,0.6629,-1,-1,-1
1050,74,278.29,546.97,81.43,212.02,0.6137,-1,-1,-1
1050,82,1115.59,542.67,77.99,238.65,0.7528,-1,-1,-1
1050,84,1649.24,649.52,89.40,259.99,0.6880,-1,-1,-1
1050,88,1725.25,218.07,55.42,165.59,0.3075,-1,-1,-1
1050,78,479.39,327.58,68.48,194.14,0.4489,-1,-1,-1
1050,89,345.69,331.98,82.81,204.33,0.4340,-1,-1,-1
1050,90,278.75,547.03,80.88,211.98,0.6137,-1,-1,-1
1050,91,287.41,336.38,63.75,199.93,0.4394,-1,-1,-1
1050,92,588.14,537.96,58.05,253.71,0.5113,-1,-1,-1
