1,1,0.61,675.52,50.94,207.58,0.7037,-1,-1,-1
1,2,1370.39,514.35,33.77,100.00,0.6447,-1,-1,-1
1,3,1609.11,558.15,56.10,115.71,0.6023,-1,-1,-1
1,4,1526.19,561.34,46.58,112.37,0.4233,-1,-1,-1
1,5,121.73,708.25,52.92,96.51,0.4100,-1,-1,-1
1,6,500.83,551.07,35.87,89.52,0.3594,-1,-1,-1
2,1,-0.79,660.81,41.43,212.98,0.6570,-1,-1,-1
2,2,1372.54,513.44,33.56,101.18,0.6425,-1,-1,-1
2,3,1615.37,550.51,60.10,123.59,0.6602,-1,-1,-1
2,4,1531.89,558.98,48.23,115.40,0.5625,-1,-1,-1
2,5,109.43,699.20,50.61,95.81,0.5526,-1,-1,-1
2,6,500.16,536.22,38.59,94.58,0.3221,-1,-1,-1
3,1,-0.93,691.96,35.66,211.59,0.6504,-1,-1,-1
3,2,1374.11,508.47,37.35,105.51,0.5891,-1,-1,-1
3,3,1620.46,547.23,63.33,121.22,0.6539,-1,-1,-1
3,4,1537.85,552.57,49.66,117.67,0.6498,-1,-1,-1
3,5,105.34,724.54,45.90,97.02,0.5264,-1,-1,-1
3,6,499.49,550.95,37.96,92.96,0.3648,-1,-1,-1
3,8,171.42,583.27,49.23,157.85,0.4275,-1,-1,-1
4,1,-0.86,702.66,24.46,170.17,0.3936,-1,-1,-1
4,2,1379.93,506.15,36.61,108.88,0.7124,-1,-1,-1
4,3,1629.81,547.70,63.11,125.43,0.7595,-1,-1,-1
4,4,1548.70,552.52,44.61,120.83,0.6529,-1,-1,-1
4,5,92.96,722.71,43.54,100.53,0.5896,-1,-1,-1
4,6,498.71,547.25,36.83,93.78,0.4333,-1,-1,-1
4,8,168.40,584.20,48.01,154.90,0.2017,-1,-1,-1
5,2,1384.64,515.00,34.38,110.74,0.7115,-1,-1,-1
5,3,1636.25,563.39,62.22,124.03,0.6361,-1,-1,-1
5,4,1551.13,561.80,49.38,121.99,0.3998,-1,-1,-1
5,5,78.04,715.48,43.81,103.25,0.5019,-1,-1,-1
5,6,496.40,540.51,34.21,96.30,0.4487,-1,-1,-1
5,8,152.08,572.12,52.44,160.45,0.2416,-1,-1,-1
5,9,1460.72,496.89,27.48,87.00,0.5460,-1,-1,-1
6,2,1391.26,526.93,31.60,108.71,0.6359,-1,-1,-1
6,3,1643.20,574.21,65.21,124.57,0.7573,-1,-1,-1
6,4,1561.06,575.69,48.82,120.07,0.2972,-1,-1,-1
6,5,67.19,731.55,42.01,105.14,0.4842,-1,-1,-1
6,6,497.64,552.10,36.81,98.50,0.4641,-1,-1,-1
6,8,142.79,582.08,55.35,163.89,0.4572,-1,-1,-1
6,9,1464.65,506.20,26.84,88.24,0.5390,-1,-1,-1
7,2,1392.83,518.62,32.12,111.37,0.5820,-1,-1,-1
7,3,1650.54,570.37,65.39,128.16,0.7406,-1,-1,-1
7,4,1564.40,568.11,53.19,125.05,0.5744,-1,-1,-1
7,5,51.94,731.60,41.75,108.50,0.3332,-1,-1,-1
7,6,494.15,541.28,36.80,102.99,0.3786,-1,-1,-1
7,8,131.91,580.13,58.48,164.11,0.3909,-1,-1,-1
7,9,1466.51,498.98,26.94,90.15,0.4664,-1,-1,-1
8,2,1394.93,530.84,33.33,109.10,0.6718,-1,-1,-1
8,3,1657.60,577.92,66.27,129.95,0.6627,-1,-1,-1
8,4,1570.13,580.00,51.93,123.94,0.5488,-1,-1,-1
8,5,35.85,741.04,43.49,109.01,0.4952,-1,-1,-1
8,6,493.04,548.02,35.92,102.49,0.3599,-1,-1,-1
8,8,115.00,590.73,63.66,161.08,0.2190,-1,-1,-1
8,9,1467.57,508.91,30.66,88.51,0.5230,-1,-1,-1
9,2,1397.36,533.69,34.52,107.66,0.6747,-1,-1,-1
9,3,1663.88,583.35,66.39,132.29,0.6920,-1,-1,-1
9,4,1576.65,587.27,51.04,124.17,0.5052,-1,-1,-1
9,5,17.37,737.95,46.38,114.88,0.6126,-1,-1,-1
9,6,490.76,549.23,35.82,99.21,0.3189,-1,-1,-1
9,8,101.67,612.51,61.86,138.29,0.1065,-1,-1,-1
9,9,1469.40,512.30,31.97,88.46,0.4327,-1,-1,-1
9,12,1514.77,521.85,28.89,86.68,0.3444,-1,-1,-1
9,13,219.27,613.57,42.38,136.86,0.4330,-1,-1,-1
10,2,1398.58,542.49,35.40,107.06,0.6591,-1,-1,-1
10,3,1669.08,601.53,64.78,129.41,0.7865,-1,-1,-1
10,4,1581.82,603.15,49.80,123.42,0.6845,-1,-1,-1
10,5,0.73,727.41,47.43,116.08,0.6397,-1,-1,-1
10,6,489.55,543.00,35.37,99.55,0.4576,-1,-1,-1
10,8,92.12,600.99,59.09,138.91,0.2469,-1,-1,-1
10,9,1471.99,523.52,30.37,87.84,0.3215,-1,-1,-1
10,12,1517.43,553.22,26.95,66.23,0.1400,-1,-1,-1
10,13,210.29,611.02,42.02,133.55,0.5095,-1,-1,-1
11,2,1400.95,530.68,37.20,106.89,0.6749,-1,-1,-1
11,3,1678.76,579.26,66.24,133.75,0.7657,-1,-1,-1
11,4,1589.15,586.98,51.98,125.92,0.6553,-1,-1,-1
11,5,-4.35,749.31,42.53,119.29,0.4077,-1,-1,-1
11,6,486.36,549.39,38.04,101.73,0.2271,-1,-1,-1
11,8,82.57,599.07,61.26,160.25,0.3530,-1,-1,-1
11,9,1472.49,510.81,33.09,87.02,0.3871,-1,-1,-1
11,12,1523.34,541.65,25.62,68.85,0.2667,-1,-1,-1
11,13,201.15,615.17,45.23,142.49,0.4303,-1,-1,-1
12,2,1402.99,532.92,37.60,109.72,0.6856,-1,-1,-1
12,3,1686.73,588.08,65.16,133.20,0.7709,-1,-1,-1
12,4,1595.87,592.07,53.11,128.17,0.7065,-1,-1,-1
12,6,484.51,553.40,38.64,101.13,0.2765,-1,-1,-1
12,8,75.64,595.34,58.84,164.87,0.3983,-1,-1,-1
12,9,1474.35,514.27,36.61,89.39,0.3874,-1,-1,-1
12,12,1527.13,543.69,25.76,72.23,0.2123,-1,-1,-1
12,13,192.25,609.31,47.07,150.28,0.5128,-1,-1,-1
13,2,1407.80,529.73,35.65,106.58,0.7171,-1,-1,-1
13,3,1693.91,590.28,64.43,132.66,0.7226,-1,-1,-1
13,4,1600.42,593.99,55.49,127.48,0.6664,-1,-1,-1
13,6,481.87,538.92,33.44,98.91,0.1501,-1,-1,-1
13,8,69.71,573.32,54.17,166.82,0.2822,-1,-1,-1
13,9,1476.29,511.53,39.34,90.89,0.4241,-1,-1,-1
13,12,1531.94,540.70,24.89,75.09,0.1859,-1,-1,-1
13,13,175.98,581.21,53.10,164.63,0.5474,-1,-1,-1
14,2,1408.55,528.42,36.33,103.55,0.6684,-1,-1,-1
14,3,1701.93,583.30,63.46,133.33,0.6837,-1,-1,-1
14,4,1609.67,586.77,55.89,129.26,0.6282,-1,-1,-1
14,6,479.49,549.61,33.34,97.02,0.3018,-1,-1,-1
14,8,54.64,584.71,56.48,173.79,0.3519,-1,-1,-1
14,9,1476.15,515.17,39.91,85.39,0.1714,-1,-1,-1
14,12,1533.15,529.84,28.29,81.38,0.2584,-1,-1,-1
14,13,166.95,596.62,53.01,165.50,0.3145,-1,-1,-1
15,2,1412.04,531.00,35.98,105.62,0.5294,-1,-1,-1
15,3,1710.77,584.99,62.36,137.25,0.7500,-1,-1,-1
15,4,1618.97,591.22,53.54,129.86,0.7189,-1,-1,-1
15,6,479.37,548.37,33.60,96.42,0.3125,-1,-1,-1
15,8,42.53,582.38,54.39,173.65,0.1350,-1,-1,-1
15,9,1470.48,511.70,51.13,87.60,0.1859,-1,-1,-1
15,12,1534.93,521.80,30.90,89.03,0.3168,-1,-1,-1
15,13,152.48,587.07,57.09,174.19,0.2854,-1,-1,-1
16,2,1416.37,533.29,34.73,105.02,0.5458,-1,-1,-1
16,3,1717.18,591.27,60.93,136.64,0.7422,-1,-1,-1
16,4,1626.51,594.34,55.21,130.68,0.6976,-1,-1,-1
16,6,478.03,542.79,33.97,100.62,0.3862,-1,-1,-1
16,8,32.70,582.14,54.35,175.66,0.4577,-1,-1,-1
16,9,1480.31,516.43,42.59,83.03,0.2727,-1,-1,-1
16,12,1537.87,519.63,30.82,92.70,0.2643,-1,-1,-1
16,13,142.69,595.41,53.68,167.33,0.3296,-1,-1,-1
16,15,515.92,536.82,35.88,106.41,0.4636,-1,-1,-1
17,2,1417.98,532.65,36.89,107.40,0.6035,-1,-1,-1
17,3,1723.52,589.31,62.02,138.63,0.7096,-1,-1,-1
17,4,1634.23,589.63,54.83,133.69,0.6952,-1,-1,-1
17,6,475.79,544.52,35.43,102.08,0.5147,-1,-1,-1
17,8,20.20,587.93,54.07,180.54,0.3848,-1,-1,-1
17,12,1544.23,527.41,26.10,83.86,0.3270,-1,-1,-1
17,13,132.23,601.50,50.47,170.92,0.4308,-1,-1,-1
17,15,513.08,540.26,38.01,107.03,0.4907,-1,-1,-1
18,2,1420.48,533.27,37.15,108.53,0.6993,-1,-1,-1
18,3,1732.64,593.13,61.26,138.11,0.7042,-1,-1,-1
18,4,1643.48,591.00,54.56,134.93,0.6255,-1,-1,-1
18,6,474.68,541.87,37.41,104.25,0.5551,-1,-1,-1
18,8,8.64,588.72,54.26,185.20,0.3945,-1,-1,-1
18,12,1547.93,530.21,25.64,80.46,0.2610,-1,-1,-1
18,15,513.08,540.83,38.04,106.48,0.5021,-1,-1,-1
19,2,1422.60,534.03,37.83,108.07,0.7342,-1,-1,-1
19,3,1741.22,594.70,62.57,139.06,0.7481,-1,-1,-1
19,4,1651.05,592.02,54.83,135.43,0.4434,-1,-1,-1
19,6,473.37,540.40,37.74,105.83,0.5131,-1,-1,-1
19,8,-0.22,588.03,50.74,186.51,0.3763,-1,-1,-1
19,15,511.47,540.30,39.37,107.61,0.5126,-1,-1,-1
20,2,1424.16,534.55,38.52,106.72,0.7477,-1,-1,-1
20,3,1749.70,596.25,62.67,139.77,0.7429,-1,-1,-1
20,4,1659.00,593.32,52.92,135.39,0.6052,-1,-1,-1
20,6,471.33,543.89,37.66,106.66,0.4014,-1,-1,-1
20,8,-3.47,594.76,41.72,185.76,0.4794,-1,-1,-1
20,15,508.07,537.90,41.02,113.70,0.4847,-1,-1,-1
21,2,1426.29,533.64,39.80,110.64,0.6908,-1,-1,-1
21,3,1758.39,598.12,62.75,140.61,0.7462,-1,-1,-1
21,4,1666.96,596.61,54.50,137.19,0.6871,-1,-1,-1
21,6,468.78,547.99,35.61,102.67,0.4583,-1,-1,-1
21,8,-3.64,610.40,28.68,171.73,0.3771,-1,-1,-1
21,15,506.62,538.83,40.10,114.04,0.5237,-1,-1,-1
22,2,1429.47,537.14,40.11,105.12,0.6691,-1,-1,-1
22,3,1770.54,601.31,60.76,139.04,0.7483,-1,-1,-1
22,4,1674.85,597.88,54.51,140.23,0.6264,-1,-1,-1
22,6,465.78,550.65,36.34,103.53,0.5558,-1,-1,-1
22,15,504.50,543.34,38.11,112.46,0.5124,-1,-1,-1
23,2,1431.30,538.54,40.32,108.45,0.6631,-1,-1,-1
23,3,1779.13,601.20,62.46,144.03,0.7717,-1,-1,-1
23,4,1681.45,600.35,55.91,142.64,0.7254,-1,-1,-1
23,6,465.29,549.67,34.76,105.63,0.4278,-1,-1,-1
23,15,500.16,547.05,41.03,109.76,0.5497,-1,-1,-1
24,2,1435.14,532.27,39.15,113.79,0.6539,-1,-1,-1
24,3,1788.23,595.07,64.64,149.76,0.7111,-1,-1,-1
24,4,1687.17,600.48,58.27,143.21,0.7311,-1,-1,-1
24,6,461.42,550.42,40.08,108.02,0.4739,-1,-1,-1
24,15,496.86,552.24,39.21,106.84,0.4579,-1,-1,-1
25,2,1438.06,535.89,40.43,119.23,0.6621,-1,-1,-1
25,3,1797.65,603.74,66.60,148.81,0.7095,-1,-1,-1
25,4,1695.91,607.55,56.66,147.47,0.7278,-1,-1,-1
25,6,458.49,548.07,43.00,113.22,0.4381,-1,-1,-1
25,15,496.13,553.10,38.90,108.67,0.4673,-1,-1,-1
26,2,1440.41,538.29,43.04,119.33,0.7230,-1,-1,-1
26,3,1807.37,607.93,68.35,147.61,0.5900,-1,-1,-1
26,4,1704.24,611.67,58.53,149.58,0.7248,-1,-1,-1
26,6,457.07,549.05,42.25,113.41,0.5107,-1,-1,-1
26,15,494.96,550.33,40.15,113.01,0.5505,-1,-1,-1
26,17,1530.23,519.90,27.96,86.07,0.4781,-1,-1,-1
27,2,1443.36,541.55,41.95,115.70,0.7473,-1,-1,-1
27,3,1814.57,611.39,73.07,150.31,0.6523,-1,-1,-1
27,4,1711.21,615.51,59.66,149.59,0.6736,-1,-1,-1
27,6,453.15,555.95,42.89,110.78,0.3937,-1,-1,-1
27,15,492.95,559.84,40.01,106.94,0.6101,-1,-1,-1
27,17,1531.39,521.15,31.81,86.36,0.6918,-1,-1,-1
28,2,1446.80,544.88,44.65,112.27,0.7280,-1,-1,-1
28,3,1823.04,611.48,74.63,155.48,0.7715,-1,-1,-1
28,4,1718.61,617.12,60.23,151.92,0.6737,-1,-1,-1
28,6,450.87,558.47,42.15,109.70,0.3524,-1,-1,-1
28,15,491.48,564.50,39.73,103.87,0.5865,-1,-1,-1
28,17,1534.32,525.17,33.89,84.07,0.5366,-1,-1,-1
29,2,1451.23,550.90,41.07,110.79,0.7081,-1,-1,-1
29,3,1830.09,620.43,75.27,159.03,0.6925,-1,-1,-1
29,4,1725.64,623.90,60.30,158.35,0.7233,-1,-1,-1
29,6,449.05,561.98,41.20,106.05,0.4895,-1,-1,-1
29,15,490.90,568.03,38.32,100.03,0.5287,-1,-1,-1
29,17,1536.34,527.30,34.24,89.55,0.5617,-1,-1,-1
30,2,1453.85,550.69,42.06,111.52,0.6417,-1,-1,-1
30,3,1836.79,621.03,78.51,153.63,0.6343,-1,-1,-1
30,4,1736.99,624.47,59.90,159.73,0.7528,-1,-1,-1
30,6,444.42,566.42,42.96,109.88,0.6151,-1,-1,-1
30,15,488.62,574.85,38.77,101.51,0.5004,-1,-1,-1
30,17,1538.73,525.79,34.79,91.52,0.5648,-1,-1,-1
31,2,1457.28,552.67,42.52,118.42,0.6285,-1,-1,-1
31,3,1850.76,626.40,71.98,151.11,0.6390,-1,-1,-1
31,4,1749.21,628.53,59.24,156.34,0.5785,-1,-1,-1
31,6,442.91,579.65,41.33,109.76,0.5757,-1,-1,-1
31,15,488.03,581.68,38.54,108.33,0.4165,-1,-1,-1
31,17,1542.93,526.35,34.23,96.21,0.4866,-1,-1,-1
32,2,1460.35,556.44,40.05,119.24,0.6370,-1,-1,-1
32,3,1857.70,634.57,63.69,158.47,0.6872,-1,-1,-1
32,4,1756.34,632.72,59.93,155.84,0.6769,-1,-1,-1
32,6,441.78,573.62,41.11,108.16,0.5729,-1,-1,-1
32,15,487.26,575.00,38.57,108.32,0.5267,-1,-1,-1
32,17,1545.52,529.58,33.63,93.25,0.5976,-1,-1,-1
33,2,1464.41,542.66,41.88,124.00,0.7429,-1,-1,-1
33,3,1869.64,622.32,53.24,166.84,0.6662,-1,-1,-1
33,4,1767.15,620.84,60.22,153.90,0.6461,-1,-1,-1
33,6,439.53,563.22,39.98,108.87,0.5151,-1,-1,-1
33,15,484.51,567.16,37.60,107.98,0.4873,-1,-1,-1
33,17,1549.68,517.86,33.62,91.53,0.6533,-1,-1,-1
34,2,1468.47,544.56,41.83,124.77,0.7610,-1,-1,-1
34,3,1880.76,631.34,41.68,151.84,0.5550,-1,-1,-1
34,4,1775.12,620.85,63.84,156.46,0.7453,-1,-1,-1
34,6,436.98,572.08,39.71,105.43,0.4813,-1,-1,-1
34,15,480.99,568.52,38.80,112.26,0.5207,-1,-1,-1
34,17,1553.28,518.21,33.01,93.00,0.5972,-1,-1,-1
35,2,1471.33,539.51,44.38,125.99,0.7299,-1,-1,-1
35,4,1784.63,621.09,65.78,158.06,0.6379,-1,-1,-1
35,6,435.56,564.74,39.66,103.77,0.4298,-1,-1,-1
35,15,478.85,559.66,38.62,111.59,0.3760,-1,-1,-1
35,17,1559.81,515.23,31.45,92.98,0.5334,-1,-1,-1
36,2,1476.74,536.26,43.86,128.82,0.7514,-1,-1,-1
36,4,1794.21,618.02,69.20,165.36,0.7064,-1,-1,-1
36,6,432.23,562.34,41.15,104.93,0.3527,-1,-1,-1
36,15,475.34,553.13,39.12,116.96,0.3022,-1,-1,-1
36,17,1565.10,514.46,30.96,91.65,0.3399,-1,-1,-1
37,2,1480.93,537.37,42.19,127.70,0.7195,-1,-1,-1
37,4,1801.31,621.62,73.87,168.80,0.7729,-1,-1,-1
37,6,429.68,553.86,39.22,109.27,0.3535,-1,-1,-1
37,15,470.73,541.63,41.71,123.84,0.4701,-1,-1,-1
37,17,1570.32,514.53,32.06,92.10,0.4271,-1,-1,-1
38,2,1484.66,532.71,41.52,129.71,0.7105,-1,-1,-1
38,4,1809.75,616.43,77.44,175.64,0.7811,-1,-1,-1
38,6,426.17,551.67,39.63,113.80,0.4980,-1,-1,-1
38,15,466.62,541.04,43.89,124.92,0.5374,-1,-1,-1
38,17,1574.79,504.83,31.57,95.97,0.4790,-1,-1,-1
39,2,1488.96,537.85,42.19,128.59,0.7030,-1,-1,-1
39,4,1821.93,627.89,76.30,175.49,0.7505,-1,-1,-1
39,6,423.91,542.80,39.15,115.11,0.4522,-1,-1,-1
39,15,465.55,530.54,43.45,127.64,0.4775,-1,-1,-1
39,17,1581.37,507.82,32.94,96.94,0.5142,-1,-1,-1
40,2,1492.00,535.98,41.96,127.41,0.7111,-1,-1,-1
40,4,1833.46,625.98,76.06,177.81,0.7794,-1,-1,-1
40,6,420.28,542.16,39.35,119.59,0.3850,-1,-1,-1
40,15,464.23,536.77,43.50,124.48,0.4696,-1,-1,-1
40,17,1583.33,501.12,35.46,102.15,0.3280,-1,-1,-1
41,2,1496.10,545.07,43.25,122.06,0.6972,-1,-1,-1
41,4,1845.44,633.23,74.68,180.16,0.7577,-1,-1,-1
41,6,419.53,536.54,39.92,123.70,0.4087,-1,-1,-1
41,15,463.39,536.99,44.37,122.57,0.4696,-1,-1,-1
41,17,1589.70,502.98,37.99,105.31,0.4960,-1,-1,-1
42,2,1500.81,547.75,43.26,120.96,0.6868,-1,-1,-1
42,4,1857.22,637.55,66.37,180.78,0.6916,-1,-1,-1
42,6,418.29,536.73,42.66,126.79,0.5487,-1,-1,-1
42,15,461.85,543.27,46.02,118.85,0.4622,-1,-1,-1
42,17,1594.57,506.33,36.00,102.71,0.5748,-1,-1,-1
43,2,1505.43,549.86,42.73,122.18,0.6678,-1,-1,-1
43,4,1869.57,644.15,53.77,174.11,0.6621,-1,-1,-1
43,6,415.75,536.23,44.72,129.97,0.5425,-1,-1,-1
43,15,458.07,534.82,47.19,130.00,0.4131,-1,-1,-1
43,17,1597.39,510.80,34.57,99.55,0.5064,-1,-1,-1
43,20,502.23,528.37,33.96,89.45,0.3720,-1,-1,-1
44,2,1510.81,552.05,42.77,120.93,0.6220,-1,-1,-1
44,4,1881.55,649.36,41.36,169.09,0.6409,-1,-1,-1
44,6,415.21,535.73,44.59,132.76,0.3814,-1,-1,-1
44,15,452.68,532.82,49.22,135.64,0.4002,-1,-1,-1
44,17,1600.28,510.12,37.43,100.97,0.5301,-1,-1,-1
44,20,499.46,528.10,35.08,91.45,0.2999,-1,-1,-1
45,2,1515.81,556.31,43.60,127.13,0.7575,-1,-1,-1
45,4,1892.90,669.46,28.67,162.32,0.4757,-1,-1,-1
45,6,415.97,533.42,42.63,132.56,0.3758,-1,-1,-1
45,15,451.64,530.72,48.37,135.86,0.3258,-1,-1,-1
45,17,1604.67,514.22,39.51,101.89,0.5885,-1,-1,-1
45,20,498.80,526.05,36.04,91.85,0.2232,-1,-1,-1
46,2,1519.69,554.88,43.16,132.63,0.7570,-1,-1,-1
46,6,408.71,538.77,46.83,128.90,0.3123,-1,-1,-1
46,15,448.82,533.44,47.81,137.09,0.3441,-1,-1,-1
46,17,1608.39,514.77,39.97,101.17,0.5480,-1,-1,-1
46,20,494.77,520.59,36.32,98.52,0.2522,-1,-1,-1
47,2,1524.69,558.60,43.33,132.07,0.7205,-1,-1,-1
47,6,406.31,536.96,46.04,128.70,0.2859,-1,-1,-1
47,15,448.99,536.16,45.02,133.74,0.3277,-1,-1,-1
47,17,1617.05,524.36,36.10,95.22,0.5303,-1,-1,-1
47,20,492.32,515.51,36.96,103.65,0.3365,-1,-1,-1
48,2,1527.81,560.01,44.72,133.30,0.7090,-1,-1,-1
48,6,402.97,537.49,47.39,133.51,0.3399,-1,-1,-1
48,15,447.60,542.94,45.27,132.32,0.3629,-1,-1,-1
48,17,1620.84,527.34,33.38,92.66,0.6493,-1,-1,-1
48,20,489.91,526.46,35.80,96.73,0.3159,-1,-1,-1
49,2,1533.07,560.28,44.82,135.82,0.7107,-1,-1,-1
49,6,398.67,550.00,45.01,123.72,0.4164,-1,-1,-1
49,15,446.11,548.33,44.31,128.27,0.5423,-1,-1,-1
49,17,1625.76,532.52,31.94,91.26,0.7156,-1,-1,-1
49,20,488.15,534.02,36.12,88.68,0.2825,-1,-1,-1
50,2,1537.54,557.34,45.76,137.29,0.6966,-1,-1,-1
50,6,397.29,553.17,44.27,119.60,0.3637,-1,-1,-1
50,15,444.98,556.06,43.52,120.39,0.5618,-1,-1,-1
50,17,1631.11,530.38,29.06,90.31,0.4166,-1,-1,-1
50,20,485.64,535.22,35.34,83.03,0.1733,-1,-1,-1
51,2,1542.09,561.11,46.24,137.82,0.6992,-1,-1,-1
51,6,396.38,551.39,44.20,120.50,0.4896,-1,-1,-1
51,15,442.58,564.41,43.07,112.24,0.5522,-1,-1,-1
51,17,1636.86,533.92,29.38,89.68,0.6433,-1,-1,-1
51,20,481.68,535.28,35.42,82.03,0.1742,-1,-1,-1
52,2,1546.03,558.69,49.35,145.65,0.7092,-1,-1,-1
52,6,394.87,551.70,45.42,122.64,0.5372,-1,-1,-1
52,15,441.50,568.25,41.52,109.74,0.5690,-1,-1,-1
52,17,1640.11,532.82,29.97,90.60,0.5623,-1,-1,-1
52,20,479.51,538.59,33.62,78.51,0.1248,-1,-1,-1
52,25,335.24,562.07,36.99,112.54,0.5025,-1,-1,-1
53,2,1550.31,557.28,51.08,150.78,0.6876,-1,-1,-1
53,6,392.34,550.76,45.83,126.09,0.5311,-1,-1,-1
53,15,439.19,566.78,43.55,112.89,0.5363,-1,-1,-1
53,17,1644.17,533.75,30.05,89.63,0.5337,-1,-1,-1
53,20,477.24,534.99,32.92,88.27,0.1628,-1,-1,-1
53,25,329.68,558.64,40.29,118.17,0.4316,-1,-1,-1
53,26,635.89,536.77,30.93,90.37,0.4406,-1,-1,-1
54,2,1553.23,556.80,52.36,153.36,0.7243,-1,-1,-1
54,6,388.52,548.79,45.68,128.68,0.5157,-1,-1,-1
54,15,436.53,567.41,44.24,112.75,0.5620,-1,-1,-1
54,17,1648.28,534.07,30.21,89.31,0.5927,-1,-1,-1
54,20,475.31,533.47,31.82,90.80,0.1147,-1,-1,-1
54,25,327.19,561.17,41.49,113.50,0.5001,-1,-1,-1
54,26,635.22,535.23,31.41,90.81,0.3953,-1,-1,-1
55,2,1557.56,554.48,52.65,157.52,0.7489,-1,-1,-1
55,6,384.83,544.69,45.97,133.21,0.5710,-1,-1,-1
55,15,434.70,563.98,44.47,116.98,0.4615,-1,-1,-1
55,17,1653.06,533.54,31.81,91.20,0.6041,-1,-1,-1
55,20,470.82,531.80,32.59,93.54,0.2031,-1,-1,-1
55,25,325.16,559.35,43.09,113.96,0.4942,-1,-1,-1
55,26,635.52,535.55,30.46,90.62,0.3400,-1,-1,-1
56,2,1562.18,553.95,52.23,157.48,0.7373,-1,-1,-1
56,6,382.55,549.09,44.35,129.11,0.5221,-1,-1,-1
56,15,431.23,563.52,43.60,118.22,0.3546,-1,-1,-1
56,17,1656.58,527.58,34.98,98.37,0.7227,-1,-1,-1
56,20,466.27,531.23,32.93,93.54,0.2177,-1,-1,-1
56,25,320.64,557.91,45.58,115.72,0.5542,-1,-1,-1
56,26,632.90,535.96,27.32,92.28,0.3524,-1,-1,-1
57,2,1567.07,551.53,53.26,157.80,0.7168,-1,-1,-1
57,6,379.94,550.12,43.99,128.19,0.5247,-1,-1,-1
57,15,426.75,561.59,43.96,119.28,0.4543,-1,-1,-1
57,17,1659.15,521.39,36.63,102.68,0.7179,-1,-1,-1
57,20,464.87,532.36,33.33,91.38,0.2225,-1,-1,-1
57,25,315.21,556.58,46.37,117.80,0.4610,-1,-1,-1
57,26,630.87,535.93,27.59,92.69,0.3481,-1,-1,-1
58,2,1571.20,555.22,53.20,153.76,0.6330,-1,-1,-1
58,6,377.07,547.37,43.42,129.84,0.5754,-1,-1,-1
58,15,422.00,559.28,44.71,120.33,0.4634,-1,-1,-1
58,17,1661.51,515.52,37.08,106.93,0.6824,-1,-1,-1
58,20,460.76,531.10,32.25,89.75,0.2257,-1,-1,-1
58,25,309.79,554.30,47.61,117.22,0.4667,-1,-1,-1
58,26,630.62,536.01,27.20,91.35,0.3272,-1,-1,-1
59,2,1577.39,561.02,51.15,149.03,0.6308,-1,-1,-1
59,6,374.38,543.78,42.02,131.52,0.5620,-1,-1,-1
59,15,418.79,559.64,45.41,118.20,0.4145,-1,-1,-1
59,17,1664.18,511.12,40.05,110.81,0.6578,-1,-1,-1
59,20,458.18,529.30,31.85,90.21,0.2763,-1,-1,-1
59,25,306.44,550.79,47.82,120.34,0.4357,-1,-1,-1
59,26,627.73,535.37,28.28,90.55,0.3698,-1,-1,-1
60,2,1581.29,560.08,51.48,151.16,0.6268,-1,-1,-1
60,6,370.15,546.03,41.25,129.46,0.5510,-1,-1,-1
60,15,416.52,562.80,47.02,115.38,0.3870,-1,-1,-1
60,17,1665.66,510.32,41.67,111.16,0.7210,-1,-1,-1
60,20,455.96,530.01,28.78,90.62,0.1618,-1,-1,-1
60,25,303.21,553.85,47.92,117.47,0.3951,-1,-1,-1
60,26,624.46,534.33,30.17,92.78,0.2791,-1,-1,-1
61,2,1585.16,549.95,52.74,156.65,0.6205,-1,-1,-1
61,6,365.39,549.16,44.04,128.49,0.4771,-1,-1,-1
61,15,414.12,562.21,47.86,117.52,0.4222,-1,-1,-1
61,17,1666.65,507.14,44.31,108.71,0.7169,-1,-1,-1
61,20,450.19,531.65,28.04,88.34,0.1108,-1,-1,-1
61,25,298.86,558.32,49.60,115.17,0.4345,-1,-1,-1
61,26,621.92,533.52,29.30,94.60,0.2450,-1,-1,-1
62,2,1589.89,556.08,53.44,156.30,0.7001,-1,-1,-1
62,6,361.72,542.36,45.83,130.58,0.4603,-1,-1,-1
62,15,412.92,552.55,44.12,124.28,0.3490,-1,-1,-1
62,17,1671.20,517.66,44.25,105.03,0.5488,-1,-1,-1
62,20,449.34,530.17,25.83,84.75,0.1325,-1,-1,-1
62,25,296.35,551.64,49.23,115.44,0.4384,-1,-1,-1
62,26,622.44,530.64,27.47,94.68,0.3752,-1,-1,-1
63,2,1596.08,543.02,55.06,155.39,0.6411,-1,-1,-1
63,6,359.39,562.97,45.95,128.31,0.4003,-1,-1,-1
63,15,411.48,571.10,45.93,120.41,0.3700,-1,-1,-1
63,17,1678.47,509.99,41.26,96.50,0.5719,-1,-1,-1
63,25,293.61,571.91,49.07,115.34,0.4958,-1,-1,-1
63,26,621.20,541.00,28.19,96.42,0.2507,-1,-1,-1
64,2,1600.25,562.63,55.41,153.44,0.6265,-1,-1,-1
64,6,356.83,541.78,44.75,133.69,0.4848,-1,-1,-1
64,15,404.58,549.62,45.16,127.47,0.3328,-1,-1,-1
64,17,1687.30,529.66,35.32,95.13,0.6374,-1,-1,-1
64,25,290.98,551.62,45.98,117.64,0.4852,-1,-1,-1
64,26,621.22,531.03,25.68,96.41,0.3509,-1,-1,-1
65,2,1603.14,561.70,56.61,151.07,0.7297,-1,-1,-1
65,6,350.50,550.60,46.76,132.02,0.4789,-1,-1,-1
65,15,401.14,559.29,45.48,123.32,0.3862,-1,-1,-1
65,17,1690.60,528.60,33.98,90.58,0.6811,-1,-1,-1
65,25,287.36,560.18,44.53,116.87,0.5095,-1,-1,-1
65,26,619.12,538.96,26.11,94.04,0.2429,-1,-1,-1
66,2,1609.68,559.92,56.72,149.92,0.7218,-1,-1,-1
66,6,347.44,558.61,47.70,134.22,0.6009,-1,-1,-1
66,15,397.40,567.22,48.19,123.62,0.5012,-1,-1,-1
66,17,1697.00,520.71,33.95,91.56,0.6913,-1,-1,-1
66,25,286.49,568.43,42.47,114.95,0.5079,-1,-1,-1
66,26,618.23,543.86,26.11,92.56,0.3274,-1,-1,-1
66,28,467.20,560.21,30.42,73.11,0.4145,-1,-1,-1
67,2,1613.93,570.34,55.61,153.79,0.7347,-1,-1,-1
67,6,343.14,543.71,48.31,135.78,0.5524,-1,-1,-1
67,15,394.21,556.69,46.09,121.82,0.5553,-1,-1,-1
67,17,1699.72,537.02,34.10,90.97,0.6537,-1,-1,-1
67,25,281.72,547.72,41.70,121.13,0.3359,-1,-1,-1
67,26,615.67,533.26,26.26,96.08,0.2163,-1,-1,-1
67,28,460.11,551.44,30.60,70.94,0.3430,-1,-1,-1
68,2,1617.12,564.27,57.16,152.56,0.7318,-1,-1,-1
68,6,340.10,555.64,48.00,131.88,0.5780,-1,-1,-1
68,15,388.85,563.46,49.57,123.02,0.5489,-1,-1,-1
68,17,1701.84,528.60,33.91,89.83,0.5779,-1,-1,-1
68,25,277.57,560.68,41.85,119.32,0.4448,-1,-1,-1
68,26,612.22,536.74,26.83,96.92,0.2112,-1,-1,-1
68,28,454.59,559.09,31.12,72.55,0.4476,-1,-1,-1
69,2,1621.41,572.33,57.94,156.14,0.7563,-1,-1,-1
69,6,334.29,545.62,50.23,136.99,0.4394,-1,-1,-1
69,15,385.96,557.51,46.99,123.31,0.4938,-1,-1,-1
69,17,1704.69,538.91,34.36,90.84,0.6500,-1,-1,-1
69,25,272.66,551.46,40.44,125.02,0.4400,-1,-1,-1
69,26,601.45,532.04,32.63,104.97,0.1388,-1,-1,-1
69,28,450.64,554.43,28.59,73.57,0.4046,-1,-1,-1
70,2,1625.20,567.30,59.30,156.80,0.7757,-1,-1,-1
70,6,330.01,545.54,50.57,138.94,0.5193,-1,-1,-1
70,15,380.64,556.48,47.96,127.03,0.5873,-1,-1,-1
70,17,1705.74,535.14,34.98,92.23,0.5962,-1,-1,-1
70,25,266.98,550.09,42.89,129.28,0.3747,-1,-1,-1
70,26,598.74,532.03,32.64,105.85,0.1743,-1,-1,-1
70,28,443.72,555.44,30.14,74.59,0.4612,-1,-1,-1
71,2,1629.63,571.38,58.94,158.90,0.7564,-1,-1,-1
71,6,327.94,546.15,48.46,136.47,0.5147,-1,-1,-1
71,15,375.14,553.76,48.42,128.57,0.5607,-1,-1,-1
71,17,1707.09,537.43,34.98,93.21,0.6897,-1,-1,-1
71,25,261.59,549.94,41.49,124.66,0.2269,-1,-1,-1
71,26,597.18,536.71,30.12,100.63,0.3385,-1,-1,-1
71,28,436.72,553.49,32.68,75.68,0.3959,-1,-1,-1
72,2,1632.97,562.32,60.31,169.29,0.7885,-1,-1,-1
72,6,325.00,550.69,49.12,134.56,0.6164,-1,-1,-1
72,15,370.90,554.84,47.95,130.11,0.6105,-1,-1,-1
72,17,1707.38,535.99,35.98,91.77,0.6906,-1,-1,-1
72,25,256.42,553.31,40.79,125.49,0.2995,-1,-1,-1
72,26,594.98,537.80,28.23,100.06,0.2503,-1,-1,-1
72,28,429.43,555.60,34.52,75.66,0.4245,-1,-1,-1
72,30,502.85,534.94,36.33,107.09,0.3700,-1,-1,-1
73,2,1637.71,564.76,60.25,171.82,0.6738,-1,-1,-1
73,6,317.99,544.26,50.86,137.66,0.4709,-1,-1,-1
73,15,366.55,549.04,47.69,132.75,0.5836,-1,-1,-1
73,17,1708.88,539.47,38.07,93.90,0.5833,-1,-1,-1
73,25,252.10,551.59,39.77,127.05,0.3369,-1,-1,-1
73,26,590.07,534.89,29.38,99.95,0.2578,-1,-1,-1
73,28,424.38,552.12,31.97,74.87,0.4058,-1,-1,-1
73,30,500.04,534.48,35.14,105.99,0.3436,-1,-1,-1
74,2,1641.50,568.22,63.68,169.08,0.7210,-1,-1,-1
74,6,314.33,543.84,50.01,140.18,0.3724,-1,-1,-1
74,15,362.89,548.82,48.79,134.47,0.4973,-1,-1,-1
74,17,1711.08,536.60,37.75,93.46,0.5858,-1,-1,-1
74,25,247.33,545.24,44.65,137.19,0.3169,-1,-1,-1
74,26,586.74,534.97,29.43,99.35,0.2284,-1,-1,-1
74,28,417.77,553.46,34.25,74.50,0.4468,-1,-1,-1
74,30,495.00,533.79,35.04,108.04,0.1760,-1,-1,-1
75,2,1643.60,575.82,64.68,165.50,0.7429,-1,-1,-1
75,6,306.44,547.20,49.58,136.21,0.4164,-1,-1,-1
75,15,356.05,553.73,47.59,130.26,0.6082,-1,-1,-1
75,17,1711.99,539.22,37.84,93.54,0.5706,-1,-1,-1
75,25,241.74,544.44,44.81,138.43,0.2124,-1,-1,-1
75,26,580.65,535.96,29.00,102.74,0.3460,-1,-1,-1
75,28,411.63,554.12,33.45,75.85,0.3757,-1,-1,-1
75,30,487.95,533.06,36.75,106.95,0.2076,-1,-1,-1
76,2,1647.52,578.04,64.47,164.42,0.7341,-1,-1,-1
76,6,296.31,543.51,55.34,140.11,0.4755,-1,-1,-1
76,15,351.26,551.54,48.33,131.11,0.4953,-1,-1,-1
76,17,1712.97,539.30,38.32,91.69,0.5478,-1,-1,-1
76,25,234.38,540.05,46.42,142.32,0.2022,-1,-1,-1
76,26,576.25,535.35,30.48,103.13,0.3407,-1,-1,-1
76,28,401.87,552.69,35.74,74.50,0.3273,-1,-1,-1
76,30,479.95,531.79,38.90,104.99,0.2757,-1,-1,-1
77,2,1649.33,580.70,67.08,163.61,0.7195,-1,-1,-1
77,6,291.23,545.11,54.13,139.23,0.4480,-1,-1,-1
77,15,343.98,550.36,48.55,132.54,0.6133,-1,-1,-1
77,17,1713.59,540.73,38.41,91.03,0.5368,-1,-1,-1
77,25,228.62,547.75,41.66,133.68,0.1096,-1,-1,-1
77,26,572.79,534.53,30.30,104.55,0.3860,-1,-1,-1
77,28,395.44,553.68,34.44,77.02,0.3709,-1,-1,-1
77,30,473.10,531.44,39.90,100.28,0.2340,-1,-1,-1
78,2,1652.65,581.55,68.20,164.42,0.7336,-1,-1,-1
78,6,282.17,541.78,56.09,143.76,0.4271,-1,-1,-1
78,15,339.78,551.76,48.06,132.89,0.5297,-1,-1,-1
78,17,1713.89,540.65,38.55,91.09,0.5829,-1,-1,-1
78,25,222.74,545.10,42.71,137.28,0.3029,-1,-1,-1
78,26,570.34,535.72,28.27,101.54,0.3059,-1,-1,-1
78,28,389.66,553.17,34.96,77.57,0.3429,-1,-1,-1
78,30,469.36,532.11,37.90,106.75,0.2773,-1,-1,-1
79,2,1653.83,584.55,71.61,162.87,0.7503,-1,-1,-1
79,6,272.25,538.47,60.27,145.54,0.5009,-1,-1,-1
79,15,333.76,548.78,49.59,135.60,0.5562,-1,-1,-1
79,17,1713.40,540.49,38.92,90.57,0.5743,-1,-1,-1
79,26,562.79,531.80,31.27,104.77,0.1672,-1,-1,-1
79,28,382.75,552.25,33.96,77.12,0.3437,-1,-1,-1
79,30,463.46,529.97,38.90,112.24,0.3435,-1,-1,-1
80,2,1654.29,582.15,74.70,166.38,0.7249,-1,-1,-1
80,6,263.10,537.95,63.68,148.02,0.5575,-1,-1,-1
80,15,326.93,552.41,50.01,134.71,0.6084,-1,-1,-1
80,17,1712.64,536.80,39.64,91.55,0.6115,-1,-1,-1
80,26,552.52,533.83,35.88,109.99,0.3065,-1,-1,-1
80,28,373.42,554.18,35.35,76.86,0.3363,-1,-1,-1
80,30,455.36,530.12,43.21,117.27,0.4903,-1,-1,-1
81,2,1657.02,582.23,73.57,166.92,0.7504,-1,-1,-1
81,6,264.12,546.26,55.11,137.27,0.3501,-1,-1,-1
81,15,319.64,552.82,51.00,133.97,0.5708,-1,-1,-1
81,17,1711.81,536.31,39.43,91.37,0.5704,-1,-1,-1
81,26,547.87,538.21,37.07,106.39,0.3280,-1,-1,-1
81,28,367.87,554.06,34.20,75.21,0.4967,-1,-1,-1
81,30,450.95,530.52,45.15,119.73,0.3342,-1,-1,-1
81,31,148.14,556.89,45.62,132.17,0.3818,-1,-1,-1
82,2,1659.69,583.12,72.83,170.07,0.7395,-1,-1,-1
82,6,260.71,538.66,51.59,145.03,0.3820,-1,-1,-1
82,15,312.23,554.65,49.85,132.38,0.4983,-1,-1,-1
82,17,1711.94,537.13,37.25,91.14,0.6128,-1,-1,-1
82,26,538.43,534.02,39.10,110.42,0.1467,-1,-1,-1
82,28,359.67,554.70,34.61,76.39,0.3522,-1,-1,-1
82,30,448.28,538.02,40.63,113.74,0.2707,-1,-1,-1
82,31,139.02,556.31,49.11,135.24,0.4349,-1,-1,-1
83,2,1665.10,582.53,68.92,171.90,0.7061,-1,-1,-1
83,6,255.97,541.66,48.49,145.35,0.4586,-1,-1,-1
83,15,304.92,558.20,51.36,131.15,0.6694,-1,-1,-1
83,17,1712.00,536.78,36.11,91.01,0.5894,-1,-1,-1
83,26,531.72,539.25,36.96,109.77,0.1593,-1,-1,-1
83,28,354.95,558.18,32.45,74.38,0.3571,-1,-1,-1
83,30,440.84,539.05,41.63,113.95,0.3829,-1,-1,-1
83,31,130.02,559.03,51.56,133.52,0.5458,-1,-1,-1
84,2,1665.21,580.09,72.71,176.77,0.7242,-1,-1,-1
84,6,245.54,549.44,52.18,140.40,0.5413,-1,-1,-1
84,15,296.53,561.88,54.23,128.54,0.5318,-1,-1,-1
84,17,1712.57,535.38,34.75,92.20,0.5715,-1,-1,-1
84,26,525.63,537.47,33.08,111.88,0.1564,-1,-1,-1
84,28,346.65,558.05,32.05,74.38,0.4252,-1,-1,-1
84,30,433.29,537.89,41.97,113.97,0.3586,-1,-1,-1
84,31,121.43,561.13,52.66,134.50,0.5341,-1,-1,-1
84,32,462.42,545.20,43.07,111.16,0.3908,-1,-1,-1
85,2,1667.66,581.33,72.72,179.66,0.7671,-1,-1,-1
85,6,242.47,555.84,48.43,136.77,0.4785,-1,-1,-1
85,15,290.71,562.57,51.51,129.12,0.5021,-1,-1,-1
85,17,1711.78,536.56,34.65,92.58,0.4764,-1,-1,-1
85,26,517.52,538.78,36.84,115.41,0.1865,-1,-1,-1
85,28,338.61,560.95,32.59,75.69,0.2904,-1,-1,-1
85,30,427.28,539.88,40.96,115.51,0.2958,-1,-1,-1
85,31,112.32,564.58,54.03,133.37,0.5264,-1,-1,-1
85,32,454.39,548.20,44.72,110.95,0.2212,-1,-1,-1
86,2,1671.39,580.83,71.18,179.83,0.7646,-1,-1,-1
86,6,231.71,556.85,50.34,136.91,0.4305,-1,-1,-1
86,15,284.29,561.78,49.91,131.33,0.5830,-1,-1,-1
86,17,1708.65,535.62,36.26,80.43,0.3145,-1,-1,-1
86,26,506.67,541.69,35.09,112.30,0.1135,-1,-1,-1
86,28,332.49,561.12,31.92,81.66,0.2621,-1,-1,-1
86,30,421.86,535.94,39.23,121.01,0.3419,-1,-1,-1
86,31,103.24,562.64,55.79,140.57,0.4138,-1,-1,-1
86,32,450.01,540.71,43.24,118.65,0.3605,-1,-1,-1
87,2,1672.57,584.17,72.24,180.33,0.7968,-1,-1,-1
87,6,224.77,556.53,50.39,139.10,0.4919,-1,-1,-1
87,15,279.00,563.68,51.53,132.27,0.5734,-1,-1,-1
87,17,1707.07,537.97,36.61,71.39,0.2533,-1,-1,-1
87,28,324.27,561.14,32.20,81.45,0.2803,-1,-1,-1
87,30,414.69,537.83,40.10,120.86,0.3092,-1,-1,-1
87,31,95.52,562.24,59.02,137.73,0.5342,-1,-1,-1
87,32,442.18,545.44,42.46,117.48,0.3910,-1,-1,-1
87,34,383.02,554.42,35.55,97.45,0.5402,-1,-1,-1
88,2,1674.96,582.79,71.98,184.08,0.7977,-1,-1,-1
88,6,219.42,561.24,50.43,138.86,0.5733,-1,-1,-1
88,15,270.86,568.70,51.79,131.91,0.5029,-1,-1,-1
88,17,1704.94,538.31,37.18,61.82,0.1722,-1,-1,-1
88,28,316.25,565.92,32.93,79.27,0.2775,-1,-1,-1
88,30,408.53,544.08,40.87,115.04,0.2337,-1,-1,-1
88,31,90.02,566.86,54.45,131.85,0.5030,-1,-1,-1
88,32,433.57,547.80,46.67,119.61,0.4156,-1,-1,-1
88,34,377.47,556.46,34.77,97.70,0.3989,-1,-1,-1
89,2,1678.51,584.27,70.42,188.56,0.8037,-1,-1,-1
89,6,214.59,558.47,48.70,142.67,0.3128,-1,-1,-1
89,15,265.06,567.27,51.59,132.18,0.4706,-1,-1,-1
89,17,1703.38,538.61,37.81,59.38,0.1217,-1,-1,-1
89,28,308.38,566.60,32.97,80.54,0.1856,-1,-1,-1
89,30,401.65,540.35,37.85,120.79,0.2856,-1,-1,-1
89,31,83.28,563.04,54.37,135.53,0.4656,-1,-1,-1
89,32,429.78,546.26,43.67,122.59,0.5836,-1,-1,-1
89,34,368.83,554.84,31.67,98.37,0.4574,-1,-1,-1
90,2,1681.95,585.59,70.30,192.28,0.7568,-1,-1,-1
90,6,205.29,557.49,51.66,147.32,0.3254,-1,-1,-1
90,15,259.30,571.08,53.34,134.03,0.5301,-1,-1,-1
90,17,1702.49,538.86,37.34,61.67,0.1018,-1,-1,-1
90,28,299.54,567.83,32.48,85.24,0.1535,-1,-1,-1
90,30,393.18,540.57,40.68,128.75,0.3598,-1,-1,-1
90,31,74.81,565.59,57.72,138.16,0.4846,-1,-1,-1
90,32,420.90,547.70,45.94,125.70,0.3054,-1,-1,-1
90,34,360.14,567.00,34.39,91.40,0.4281,-1,-1,-1
91,2,1684.61,595.26,72.46,188.67,0.7887,-1,-1,-1
91,6,199.76,559.94,51.00,146.30,0.3825,-1,-1,-1
91,15,249.98,558.83,63.60,149.01,0.4393,-1,-1,-1
91,17,1701.33,540.42,36.91,65.73,0.2376,-1,-1,-1
91,28,288.02,556.71,35.72,101.56,0.1631,-1,-1,-1
91,30,385.44,545.65,42.13,124.53,0.3130,-1,-1,-1
91,31,67.54,566.68,56.60,141.21,0.4517,-1,-1,-1
91,32,413.98,550.34,46.29,125.48,0.5728,-1,-1,-1
91,34,354.04,570.98,33.57,89.08,0.3764,-1,-1,-1
92,2,1687.95,600.77,73.47,186.95,0.7964,-1,-1,-1
92,6,190.27,561.66,53.84,150.04,0.3345,-1,-1,-1
92,15,245.32,556.93,62.86,154.66,0.5456,-1,-1,-1
92,17,1700.29,541.85,37.71,68.22,0.2033,-1,-1,-1
92,30,379.88,555.95,38.29,120.08,0.3352,-1,-1,-1
92,31,57.81,570.76,63.94,142.29,0.3359,-1,-1,-1
92,32,407.57,553.54,44.30,126.21,0.5375,-1,-1,-1
92,34,346.02,580.66,32.56,85.96,0.2400,-1,-1,-1
93,2,1689.28,605.34,73.98,187.00,0.8092,-1,-1,-1
93,6,184.59,555.33,53.60,159.98,0.5642,-1,-1,-1
93,15,241.01,566.95,56.23,146.06,0.5533,-1,-1,-1
93,17,1699.33,542.77,37.79,74.01,0.2825,-1,-1,-1
93,30,371.14,554.89,36.76,126.02,0.3042,-1,-1,-1
93,31,49.45,575.39,64.13,140.37,0.2706,-1,-1,-1
93,32,400.98,556.00,44.18,127.30,0.5216,-1,-1,-1
93,34,338.94,581.72,32.75,87.19,0.4045,-1,-1,-1
94,2,1690.48,607.62,74.09,187.63,0.8040,-1,-1,-1
94,6,180.17,562.11,52.27,155.76,0.5233,-1,-1,-1
94,15,234.85,574.04,55.68,142.68,0.5421,-1,-1,-1
94,17,1697.42,541.67,38.61,79.63,0.3709,-1,-1,-1
94,30,364.46,553.99,38.61,129.33,0.4128,-1,-1,-1
94,31,41.54,580.80,64.06,140.38,0.2337,-1,-1,-1
94,32,392.23,556.58,45.25,129.21,0.6202,-1,-1,-1
94,34,332.35,582.97,31.97,90.95,0.4827,-1,-1,-1
95,2,1692.19,611.33,74.90,189.33,0.7915,-1,-1,-1
95,6,173.67,563.37,53.93,155.44,0.6019,-1,-1,-1
95,15,227.03,578.20,57.13,140.38,0.5212,-1,-1,-1
95,17,1694.73,542.83,40.54,89.17,0.4892,-1,-1,-1
95,30,358.94,561.79,37.25,122.03,0.2499,-1,-1,-1
95,31,34.59,579.20,64.17,144.57,0.1226,-1,-1,-1
95,32,387.16,558.33,45.00,128.97,0.5344,-1,-1,-1
95,34,323.29,585.79,32.15,90.80,0.2524,-1,-1,-1
95,26,445.34,565.44,37.44,117.84,0.3414,-1,-1,-1
96,2,1695.66,611.57,75.01,190.71,0.7886,-1,-1,-1
96,6,165.46,573.49,54.56,150.13,0.4634,-1,-1,-1
96,15,221.28,582.31,54.03,141.66,0.5758,-1,-1,-1
96,17,1693.39,541.90,43.06,93.98,0.5265,-1,-1,-1
96,30,352.81,560.54,35.10,127.45,0.3449,-1,-1,-1
96,31,27.19,576.41,65.38,152.03,0.2411,-1,-1,-1
96,32,380.25,565.49,44.43,125.61,0.4838,-1,-1,-1
96,34,316.20,586.02,32.15,89.26,0.4530,-1,-1,-1
96,26,439.65,572.64,38.07,114.29,0.2750,-1,-1,-1
97,2,1699.29,613.13,76.19,192.57,0.7860,-1,-1,-1
97,6,159.28,577.46,53.02,142.93,0.5563,-1,-1,-1
97,15,212.88,579.20,55.87,143.93,0.6522,-1,-1,-1
97,17,1692.31,544.32,42.78,94.55,0.5334,-1,-1,-1
97,30,344.14,553.94,38.23,132.89,0.4801,-1,-1,-1
97,31,20.72,570.61,66.80,156.91,0.2876,-1,-1,-1
97,32,372.45,558.80,46.63,131.82,0.5171,-1,-1,-1
97,34,308.54,579.34,33.67,96.43,0.5859,-1,-1,-1
97,26,436.93,569.94,35.96,116.42,0.3467,-1,-1,-1
98,2,1703.99,613.35,76.80,195.62,0.7919,-1,-1,-1
98,6,151.19,582.25,53.39,143.67,0.5599,-1,-1,-1
98,15,203.83,581.80,55.58,145.57,0.6216,-1,-1,-1
98,17,1690.92,545.62,41.54,95.61,0.5095,-1,-1,-1
98,30,336.07,560.25,39.26,130.98,0.3058,-1,-1,-1
98,31,8.26,575.83,69.24,154.21,0.1337,-1,-1,-1
98,32,365.85,575.48,45.97,117.18,0.6109,-1,-1,-1
98,34,299.94,588.00,34.08,91.33,0.1682,-1,-1,-1
98,26,424.55,574.67,37.56,117.13,0.3184,-1,-1,-1
99,2,1706.56,614.85,78.15,197.44,0.7603,-1,-1,-1
99,6,143.10,581.17,54.07,143.05,0.4824,-1,-1,-1
99,15,197.37,578.56,54.23,147.66,0.6654,-1,-1,-1
99,17,1688.59,546.17,42.10,100.98,0.5021,-1,-1,-1
99,30,329.60,557.05,37.27,132.66,0.4519,-1,-1,-1
99,31,2.43,564.40,60.16,165.12,0.1424,-1,-1,-1
99,32,358.81,569.56,46.30,122.90,0.5577,-1,-1,-1
99,34,291.00,588.55,34.22,88.85,0.4879,-1,-1,-1
99,26,415.29,573.52,39.98,119.01,0.3764,-1,-1,-1
100,2,1709.21,613.71,80.25,199.80,0.7946,-1,-1,-1
100,6,131.88,584.21,56.15,140.97,0.5672,-1,-1,-1
100,15,188.92,585.54,54.81,143.64,0.6085,-1,-1,-1
100,17,1685.77,547.58,42.53,101.89,0.6411,-1,-1,-1
100,30,320.03,560.54,38.90,132.32,0.4082,-1,-1,-1
100,32,348.74,575.06,50.13,119.72,0.5459,-1,-1,-1
100,34,281.45,588.46,35.22,94.26,0.5926,-1,-1,-1
100,26,408.06,574.17,38.98,120.75,0.1950,-1,-1,-1
101,2,1711.14,616.15,80.90,202.25,0.7865,-1,-1,-1
101,6,124.12,579.85,57.65,143.69,0.6033,-1,-1,-1
101,15,180.22,582.71,57.32,145.08,0.5850,-1,-1,-1
101,17,1684.60,550.17,40.06,103.40,0.7197,-1,-1,-1
101,30,310.38,571.87,37.71,119.62,0.3813,-1,-1,-1
101,32,340.67,571.96,49.74,121.57,0.5708,-1,-1,-1
101,34,273.09,588.45,34.01,92.17,0.4470,-1,-1,-1
101,26,397.73,571.78,41.24,125.84,0.4529,-1,-1,-1
101,36,434.31,561.34,34.19,107.39,0.3740,-1,-1,-1
102,2,1713.15,619.14,82.36,200.93,0.8136,-1,-1,-1
102,6,115.14,581.47,57.93,145.54,0.6262,-1,-1,-1
102,15,172.04,583.58,57.53,145.25,0.5693,-1,-1,-1
102,17,1683.95,550.16,37.99,103.83,0.7410,-1,-1,-1
102,30,302.29,578.46,36.14,114.72,0.3031,-1,-1,-1
102,32,332.48,574.98,49.49,120.70,0.6190,-1,-1,-1
102,34,262.88,592.60,35.55,89.33,0.5423,-1,-1,-1
102,26,389.48,573.77,42.80,126.09,0.3721,-1,-1,-1
102,36,431.06,561.61,31.54,110.21,0.3856,-1,-1,-1
103,2,1714.33,619.05,85.27,204.71,0.8262,-1,-1,-1
103,6,106.43,579.16,57.59,148.98,0.5525,-1,-1,-1
103,15,164.57,586.95,57.56,143.24,0.5183,-1,-1,-1
103,17,1683.20,550.15,36.75,103.23,0.7189,-1,-1,-1
103,30,294.18,568.53,39.48,125.93,0.2903,-1,-1,-1
103,32,326.07,574.57,51.73,120.80,0.4853,-1,-1,-1
103,34,255.72,590.19,36.21,96.56,0.4423,-1,-1,-1
103,26,384.45,571.60,40.77,128.12,0.3381,-1,-1,-1
103,36,423.49,561.56,31.38,108.60,0.3369,-1,-1,-1
103,38,1546.06,519.48,25.15,79.32,0.4540,-1,-1,-1
104,2,1715.64,623.92,86.60,207.04,0.8178,-1,-1,-1
104,6,95.99,576.68,58.26,149.79,0.5657,-1,-1,-1
104,15,154.96,589.01,52.87,139.15,0.4258,-1,-1,-1
104,17,1682.35,551.86,35.56,103.20,0.7075,-1,-1,-1
104,30,286.77,560.72,42.51,133.69,0.2359,-1,-1,-1
104,32,316.24,576.84,50.98,117.41,0.3580,-1,-1,-1
104,34,247.66,589.37,36.13,93.38,0.3085,-1,-1,-1
104,26,374.33,573.84,41.06,125.88,0.4726,-1,-1,-1
104,36,415.50,558.25,33.44,107.60,0.4466,-1,-1,-1
104,38,1545.39,521.73,23.10,77.01,0.3727,-1,-1,-1
105,2,1717.71,624.05,87.19,209.60,0.8057,-1,-1,-1
105,6,87.93,579.29,57.94,149.40,0.6009,-1,-1,-1
105,15,146.35,587.48,57.51,142.56,0.5509,-1,-1,-1
105,17,1681.22,549.92,34.84,103.88,0.6655,-1,-1,-1
105,30,277.70,561.04,44.60,136.68,0.2310,-1,-1,-1
105,32,306.28,568.70,53.01,128.59,0.5166,-1,-1,-1
105,34,238.43,591.80,37.22,92.21,0.4489,-1,-1,-1
105,26,367.54,570.92,41.30,131.50,0.3747,-1,-1,-1
105,36,408.54,559.03,34.45,114.63,0.4024,-1,-1,-1
105,38,1540.54,521.82,24.76,71.79,0.2296,-1,-1,-1
105,25,23.89,580.33,54.35,144.47,0.4171,-1,-1,-1
106,2,1722.69,625.87,85.90,212.19,0.7799,-1,-1,-1
106,6,77.97,574.93,56.39,153.06,0.5599,-1,-1,-1
106,15,138.66,577.87,59.25,151.49,0.5310,-1,-1,-1
106,17,1678.98,549.69,34.20,105.77,0.6087,-1,-1,-1
106,30,271.73,555.48,42.38,140.37,0.2155,-1,-1,-1
106,32,298.86,566.75,52.33,130.01,0.5016,-1,-1,-1
106,34,228.17,589.59,36.66,95.33,0.3598,-1,-1,-1
106,26,360.37,567.58,40.35,134.85,0.5134,-1,-1,-1
106,36,402.38,558.22,32.58,114.06,0.2996,-1,-1,-1
106,38,1535.96,522.45,25.64,72.45,0.3972,-1,-1,-1
106,25,15.30,578.50,55.74,144.24,0.2680,-1,-1,-1
107,2,1726.25,623.24,85.10,216.13,0.7890,-1,-1,-1
107,6,68.64,573.13,58.23,155.51,0.5917,-1,-1,-1
107,15,130.60,583.35,56.87,147.08,0.4010,-1,-1,-1
107,17,1677.48,547.43,32.76,106.03,0.5536,-1,-1,-1
107,30,259.74,577.16,38.99,123.77,0.3930,-1,-1,-1
107,32,288.66,560.28,53.48,137.44,0.4681,-1,-1,-1
107,34,219.15,591.10,38.59,97.26,0.5192,-1,-1,-1
107,26,352.01,563.56,42.21,140.05,0.5354,-1,-1,-1
107,36,394.26,560.36,34.07,108.36,0.5080,-1,-1,-1
107,38,1533.01,520.79,27.67,75.63,0.4412,-1,-1,-1
107,25,8.45,576.99,52.91,144.73,0.3999,-1,-1,-1
108,2,1728.76,628.04,84.91,218.03,0.8030,-1,-1,-1
108,6,55.21,568.16,63.06,160.12,0.5359,-1,-1,-1
108,15,121.22,576.31,55.29,152.89,0.4990,-1,-1,-1
108,17,1676.62,549.32,31.20,106.79,0.4694,-1,-1,-1
108,30,250.31,560.49,39.75,138.34,0.1151,-1,-1,-1
108,32,278.93,557.73,54.30,141.01,0.5478,-1,-1,-1
108,34,210.02,587.04,37.50,100.42,0.5889,-1,-1,-1
108,26,342.63,562.27,44.40,141.50,0.5371,-1,-1,-1
108,36,388.78,559.45,34.26,106.12,0.4565,-1,-1,-1
108,38,1531.85,523.98,26.18,74.99,0.3922,-1,-1,-1
108,25,0.51,574.26,52.96,148.85,0.4789,-1,-1,-1
109,2,1730.86,628.34,86.07,221.44,0.8076,-1,-1,-1
109,6,45.00,569.34,63.62,160.20,0.4893,-1,-1,-1
109,15,113.41,574.79,57.84,156.60,0.4129,-1,-1,-1
109,17,1675.10,549.36,30.51,106.88,0.5373,-1,-1,-1
109,30,237.63,580.25,39.97,124.23,0.1327,-1,-1,-1
109,32,268.19,566.95,55.36,136.79,0.4146,-1,-1,-1
109,34,200.78,588.44,37.58,104.47,0.5079,-1,-1,-1
109,26,336.25,558.09,42.55,148.15,0.5920,-1,-1,-1
109,36,381.34,558.72,35.23,111.07,0.4563,-1,-1,-1
109,38,1527.50,522.94,26.77,74.60,0.3971,-1,-1,-1
109,25,-2.06,574.76,45.83,154.11,0.3691,-1,-1,-1
110,2,1732.28,629.39,86.37,224.93,0.8127,-1,-1,-1
110,6,32.22,567.05,68.18,162.19,0.5921,-1,-1,-1
110,15,103.76,571.96,56.40,158.53,0.5837,-1,-1,-1
110,17,1674.02,550.74,28.97,107.47,0.3544,-1,-1,-1
110,32,254.83,556.40,58.93,146.90,0.5140,-1,-1,-1
110,34,190.71,587.06,38.75,105.33,0.5302,-1,-1,-1
110,26,326.70,562.11,44.15,143.28,0.6133,-1,-1,-1
110,36,374.00,557.15,35.11,109.12,0.4486,-1,-1,-1
110,38,1524.02,523.95,26.46,70.64,0.2786,-1,-1,-1
110,25,-2.35,571.89,36.19,154.65,0.3812,-1,-1,-1
111,2,1733.58,629.58,87.73,227.48,0.8115,-1,-1,-1
111,6,20.96,563.69,71.55,166.88,0.6223,-1,-1,-1
111,15,94.08,568.23,58.85,164.68,0.5886,-1,-1,-1
111,17,1670.96,552.50,30.13,106.33,0.2385,-1,-1,-1
111,32,247.28,559.49,58.09,145.11,0.4755,-1,-1,-1
111,34,180.99,589.30,38.01,107.13,0.4031,-1,-1,-1
111,26,318.52,571.30,42.52,135.45,0.5317,-1,-1,-1
111,36,366.37,558.63,36.15,109.14,0.4498,-1,-1,-1
111,38,1519.91,524.15,26.74,64.91,0.2104,-1,-1,-1
112,2,1734.86,632.26,89.63,228.24,0.8080,-1,-1,-1
112,6,9.35,566.56,76.44,166.06,0.5341,-1,-1,-1
112,15,84.35,572.65,59.56,161.69,0.5701,-1,-1,-1
112,32,238.54,567.49,56.26,138.85,0.5937,-1,-1,-1
112,34,170.83,592.59,36.59,103.58,0.4825,-1,-1,-1
112,26,307.89,571.01,41.60,138.58,0.5582,-1,-1,-1
112,36,357.42,559.56,36.87,111.58,0.5559,-1,-1,-1
112,38,1515.94,525.72,27.04,63.23,0.1351,-1,-1,-1
113,2,1735.37,634.41,90.58,229.94,0.8039,-1,-1,-1
113,6,1.13,560.84,74.08,173.03,0.5961,-1,-1,-1
113,15,75.43,576.68,57.39,160.36,0.5790,-1,-1,-1
113,32,231.14,575.33,54.22,134.22,0.6197,-1,-1,-1
113,34,161.64,595.31,37.33,103.42,0.5199,-1,-1,-1
113,26,298.91,572.36,39.49,139.64,0.6007,-1,-1,-1
113,36,349.59,562.07,36.64,111.61,0.4348,-1,-1,-1
113,38,1512.14,527.54,25.40,61.66,0.1016,-1,-1,-1
114,2,1737.52,635.06,90.23,230.99,0.7984,-1,-1,-1
114,6,1.00,571.47,62.79,164.21,0.5476,-1,-1,-1
114,15,63.16,567.92,59.62,169.22,0.6499,-1,-1,-1
114,32,218.75,580.92,55.00,129.35,0.5789,-1,-1,-1
114,34,151.53,597.43,34.87,102.95,0.6192,-1,-1,-1
114,26,290.25,572.04,41.55,141.12,0.4919,-1,-1,-1
114,36,341.23,564.54,36.71,109.53,0.5104,-1,-1,-1
114,38,1510.15,526.52,24.43,64.04,0.1292,-1,-1,-1
115,2,1739.24,636.50,91.12,231.80,0.7915,-1,-1,-1
115,6,0.93,573.61,54.51,162.31,0.4662,-1,-1,-1
115,15,52.88,565.82,60.02,173.02,0.6516,-1,-1,-1
115,32,202.04,571.44,61.54,139.08,0.5423,-1,-1,-1
115,34,141.66,596.89,36.55,105.24,0.6164,-1,-1,-1
115,26,280.05,578.91,38.59,136.15,0.5716,-1,-1,-1
115,36,333.41,564.22,37.82,111.69,0.6417,-1,-1,-1
115,38,1504.34,525.03,23.52,66.69,0.1741,-1,-1,-1
116,2,1741.08,636.44,91.70,234.96,0.7989,-1,-1,-1
116,6,-2.16,582.10,51.23,157.94,0.6271,-1,-1,-1
116,15,43.76,571.81,58.28,170.22,0.6052,-1,-1,-1
116,32,195.78,575.68,58.61,140.47,0.5416,-1,-1,-1
116,34,130.57,599.47,35.32,103.81,0.5737,-1,-1,-1
116,26,271.00,579.95,37.80,137.67,0.4738,-1,-1,-1
116,36,323.79,567.31,39.13,110.88,0.6120,-1,-1,-1
116,38,1501.09,524.56,23.01,66.83,0.1716,-1,-1,-1
117,2,1741.45,638.67,93.75,238.29,0.8085,-1,-1,-1
117,6,-2.42,583.91,43.59,157.38,0.6280,-1,-1,-1
117,15,32.66,573.70,59.38,170.38,0.5951,-1,-1,-1
117,32,186.18,570.58,58.61,145.86,0.4908,-1,-1,-1
117,34,119.26,600.01,36.98,101.59,0.5760,-1,-1,-1
117,26,259.44,566.20,39.11,152.61,0.6098,-1,-1,-1
117,36,314.56,566.88,40.61,112.68,0.5427,-1,-1,-1
117,38,1496.65,528.01,22.20,61.81,0.2457,-1,-1,-1
118,2,1742.78,637.40,95.80,243.99,0.8036,-1,-1,-1
118,6,-2.25,588.97,33.31,154.85,0.4959,-1,-1,-1
118,15,22.09,577.24,60.22,169.60,0.5140,-1,-1,-1
118,32,179.60,580.75,54.39,139.30,0.5471,-1,-1,-1
118,34,109.76,600.73,37.63,104.91,0.5085,-1,-1,-1
118,26,249.43,571.25,38.50,151.57,0.6612,-1,-1,-1
118,36,308.48,561.72,38.66,118.66,0.6467,-1,-1,-1
119,2,1745.56,639.71,99.19,246.02,0.8215,-1,-1,-1
119,6,-1.49,596.12,21.98,150.14,0.2037,-1,-1,-1
119,15,11.27,572.64,61.60,177.63,0.5951,-1,-1,-1
119,32,169.46,579.35,54.18,144.48,0.4578,-1,-1,-1
119,34,100.10,601.73,35.10,105.56,0.4756,-1,-1,-1
119,26,239.69,565.49,40.26,159.59,0.6096,-1,-1,-1
119,36,299.64,563.44,39.70,118.48,0.5508,-1,-1,-1
119,40,1742.83,566.09,46.92,97.71,0.3530,-1,-1,-1
119,30,126.19,595.92,42.72,124.74,0.4131,-1,-1,-1
120,2,1747.87,643.77,103.24,245.56,0.8126,-1,-1,-1
120,15,4.92,565.42,58.00,188.08,0.5784,-1,-1,-1
120,32,158.53,582.82,53.50,143.94,0.6007,-1,-1,-1
120,34,89.55,601.66,34.11,111.08,0.4243,-1,-1,-1
120,26,226.84,571.44,42.37,157.29,0.6484,-1,-1,-1
120,36,290.73,561.74,40.00,123.18,0.5785,-1,-1,-1
120,40,1742.42,558.84,43.97,107.86,0.4102,-1,-1,-1
120,30,114.85,600.73,43.02,123.11,0.2421,-1,-1,-1
121,2,1751.44,645.23,104.15,248.33,0.8092,-1,-1,-1
121,15,-0.52,555.48,55.68,197.47,0.5797,-1,-1,-1
121,32,146.88,586.14,56.03,140.59,0.5885,-1,-1,-1
121,34,78.71,601.89,35.88,112.48,0.5915,-1,-1,-1
121,26,217.67,570.17,43.18,160.88,0.5591,-1,-1,-1
121,36,286.05,563.19,37.49,120.03,0.6308,-1,-1,-1
121,40,1741.32,555.31,43.67,113.84,0.4363,-1,-1,-1
121,30,104.26,601.64,43.18,126.70,0.5229,-1,-1,-1
122,2,1755.64,646.10,101.99,251.85,0.8083,-1,-1,-1
122,15,-3.44,555.82,48.82,200.03,0.6185,-1,-1,-1
122,32,138.87,592.88,53.55,140.78,0.5101,-1,-1,-1
122,34,67.29,605.16,36.01,110.90,0.4069,-1,-1,-1
122,26,205.14,573.51,46.93,159.87,0.6580,-1,-1,-1
122,36,275.48,564.22,40.16,120.60,0.6008,-1,-1,-1
122,40,1739.98,553.36,42.82,117.33,0.3941,-1,-1,-1
122,30,93.19,602.85,41.88,125.11,0.2049,-1,-1,-1
123,2,1760.08,649.72,98.70,254.49,0.8086,-1,-1,-1
123,15,-2.97,568.25,41.49,187.76,0.5678,-1,-1,-1
123,32,128.66,598.77,56.28,139.32,0.4503,-1,-1,-1
123,34,54.89,607.76,37.69,115.13,0.3156,-1,-1,-1
123,26,194.55,580.95,49.26,154.87,0.5960,-1,-1,-1
123,36,266.53,559.71,42.11,128.82,0.6607,-1,-1,-1
123,40,1739.54,554.67,42.11,119.61,0.4080,-1,-1,-1
123,30,82.04,605.22,43.22,129.48,0.4365,-1,-1,-1
124,2,1764.31,649.37,98.36,259.50,0.8160,-1,-1,-1
124,15,-2.86,582.87,37.27,176.31,0.4060,-1,-1,-1
124,32,99.60,586.50,68.14,153.45,0.3389,-1,-1,-1
124,34,42.62,608.95,37.71,116.70,0.3101,-1,-1,-1
124,26,184.46,587.79,48.31,150.06,0.6279,-1,-1,-1
124,36,260.25,567.45,39.36,123.06,0.5866,-1,-1,-1
124,40,1739.25,555.07,42.39,117.56,0.4155,-1,-1,-1
124,30,70.58,611.35,38.86,121.45,0.1212,-1,-1,-1
125,2,1768.96,648.54,102.03,262.12,0.8160,-1,-1,-1
125,15,-2.13,607.87,28.20,126.90,0.3789,-1,-1,-1
125,32,93.60,583.13,66.49,153.40,0.2919,-1,-1,-1
125,34,31.58,611.34,36.20,114.37,0.4599,-1,-1,-1
125,26,173.80,590.36,50.99,149.18,0.6423,-1,-1,-1
125,36,251.31,570.18,39.95,121.25,0.5345,-1,-1,-1
125,40,1737.10,554.49,42.42,118.72,0.3317,-1,-1,-1
125,30,59.85,615.22,38.05,119.44,0.3094,-1,-1,-1
126,2,1773.22,650.70,103.76,263.11,0.8114,-1,-1,-1
126,32,81.96,587.74,67.31,148.23,0.2527,-1,-1,-1
126,34,20.43,614.43,38.13,113.39,0.4120,-1,-1,-1
126,26,161.36,595.77,53.58,146.74,0.5843,-1,-1,-1
126,36,243.05,567.64,39.93,126.30,0.5828,-1,-1,-1
126,40,1731.55,554.92,42.09,111.55,0.2660,-1,-1,-1
126,30,43.79,613.99,40.87,118.50,0.1350,-1,-1,-1
127,2,1777.39,651.49,104.91,266.19,0.8200,-1,-1,-1
127,32,78.29,612.83,61.86,127.50,0.4737,-1,-1,-1
127,34,5.36,621.37,38.46,106.62,0.3591,-1,-1,-1
127,26,152.77,600.96,51.94,145.08,0.5949,-1,-1,-1
127,36,235.91,569.98,39.06,126.22,0.5794,-1,-1,-1
127,40,1728.20,555.91,42.37,108.31,0.3420,-1,-1,-1
127,30,33.97,620.18,40.01,119.62,0.3824,-1,-1,-1
128,2,1780.70,653.65,106.58,267.60,0.8193,-1,-1,-1
128,32,69.76,620.48,60.45,121.81,0.4675,-1,-1,-1
128,34,-2.09,621.37,32.15,109.33,0.3408,-1,-1,-1
128,26,141.55,603.02,54.16,144.48,0.5498,-1,-1,-1
128,36,225.41,563.19,40.54,133.39,0.6125,-1,-1,-1
128,40,1726.98,557.20,41.38,107.37,0.4015,-1,-1,-1
128,30,22.95,621.79,38.46,115.35,0.2223,-1,-1,-1
128,44,546.70,527.85,32.41,68.72,0.4191,-1,-1,-1
129,2,1785.41,656.08,110.79,269.47,0.8236,-1,-1,-1
129,32,62.75,622.36,56.38,123.61,0.3575,-1,-1,-1
129,34,-3.62,623.46,23.36,109.30,0.3118,-1,-1,-1
129,26,130.81,600.61,52.24,150.75,0.5154,-1,-1,-1
129,36,218.27,566.26,39.82,133.29,0.5914,-1,-1,-1
129,40,1726.47,556.70,39.27,109.05,0.3780,-1,-1,-1
129,30,10.38,624.30,38.36,112.77,0.1101,-1,-1,-1
129,44,543.87,528.53,29.29,68.32,0.3434,-1,-1,-1
130,2,1787.92,657.99,115.09,272.01,0.8219,-1,-1,-1
130,32,48.91,622.74,57.00,126.76,0.3906,-1,-1,-1
130,26,117.28,603.56,58.35,151.09,0.3295,-1,-1,-1
130,36,209.56,565.59,40.83,135.48,0.5546,-1,-1,-1
130,40,1724.62,556.64,36.61,114.42,0.3986,-1,-1,-1
130,30,-0.57,623.96,31.41,114.35,0.3868,-1,-1,-1
130,44,540.41,526.87,25.76,71.84,0.2984,-1,-1,-1
131,2,1791.15,659.38,118.08,276.73,0.8319,-1,-1,-1
131,32,38.40,626.33,58.66,125.96,0.1906,-1,-1,-1
131,26,105.41,599.83,51.37,156.61,0.4307,-1,-1,-1
131,36,200.68,572.29,41.07,129.48,0.4724,-1,-1,-1
131,40,1717.60,557.18,41.66,118.68,0.4683,-1,-1,-1
131,44,533.93,526.13,28.28,72.32,0.4063,-1,-1,-1
131,45,14.10,588.07,54.14,152.49,0.4849,-1,-1,-1
132,2,1796.01,661.03,120.32,283.65,0.8652,-1,-1,-1
132,32,22.57,629.49,63.42,123.38,0.1640,-1,-1,-1
132,26,94.46,599.29,47.67,160.54,0.4306,-1,-1,-1
132,36,191.74,569.76,41.38,133.50,0.6432,-1,-1,-1
132,40,1714.54,555.54,43.57,120.39,0.4538,-1,-1,-1
132,44,527.91,526.55,28.95,72.33,0.2605,-1,-1,-1
132,45,2.87,585.12,52.35,159.77,0.5510,-1,-1,-1
133,2,1802.29,663.00,117.55,289.39,0.8824,-1,-1,-1
133,32,12.90,629.34,60.85,131.07,0.3583,-1,-1,-1
133,26,80.32,595.17,49.30,167.71,0.5457,-1,-1,-1
133,36,182.05,566.67,43.87,136.12,0.5320,-1,-1,-1
133,40,1712.47,556.83,45.20,120.75,0.4478,-1,-1,-1
133,44,523.72,527.31,30.53,71.87,0.4531,-1,-1,-1
133,45,-1.30,587.70,44.51,163.36,0.3456,-1,-1,-1
134,2,1807.22,665.03,113.99,294.75,0.8508,-1,-1,-1
134,32,1.30,629.63,57.21,136.46,0.4838,-1,-1,-1
134,26,65.37,585.09,53.12,182.70,0.3443,-1,-1,-1
134,36,173.42,567.22,42.18,138.31,0.5591,-1,-1,-1
134,40,1710.16,556.04,46.43,120.79,0.4811,-1,-1,-1
134,44,520.63,529.05,27.20,72.21,0.4260,-1,-1,-1
134,45,-1.61,588.72,35.56,177.96,0.1473,-1,-1,-1
135,2,1811.14,665.92,110.24,301.32,0.8147,-1,-1,-1
135,32,-3.28,621.32,50.11,146.60,0.5673,-1,-1,-1
135,26,50.41,582.62,56.86,187.80,0.4969,-1,-1,-1
135,36,165.73,569.83,40.83,138.20,0.5435,-1,-1,-1
135,40,1705.77,554.75,49.91,120.56,0.5032,-1,-1,-1
135,44,514.97,528.22,28.73,73.60,0.5474,-1,-1,-1
135,47,30.32,571.63,77.22,201.26,0.5413,-1,-1,-1
136,2,1817.19,669.40,104.16,305.20,0.8375,-1,-1,-1
136,32,-3.92,622.36,39.62,146.65,0.6005,-1,-1,-1
136,26,40.21,584.81,58.23,183.65,0.1952,-1,-1,-1
136,36,157.23,567.60,41.16,140.71,0.3930,-1,-1,-1
136,40,1701.49,555.79,50.72,116.35,0.4715,-1,-1,-1
136,44,509.24,527.15,28.23,73.91,0.5365,-1,-1,-1
136,47,24.14,574.10,74.93,200.27,0.5249,-1,-1,-1
137,2,1823.68,677.43,97.88,307.36,0.7742,-1,-1,-1
137,32,-3.13,634.82,29.13,137.81,0.4698,-1,-1,-1
137,26,23.02,577.44,63.81,198.11,0.6259,-1,-1,-1
137,36,148.53,572.94,40.33,137.77,0.4034,-1,-1,-1
137,40,1699.53,555.66,51.04,115.15,0.5034,-1,-1,-1
137,44,503.51,527.34,29.24,75.47,0.5479,-1,-1,-1
137,47,19.54,574.28,67.91,203.31,0.6259,-1,-1,-1
138,2,1830.11,679.42,90.98,310.79,0.7835,-1,-1,-1
138,26,12.20,573.48,62.15,203.62,0.6375,-1,-1,-1
138,36,140.53,572.17,40.80,139.62,0.4940,-1,-1,-1
138,40,1697.75,556.12,50.98,113.83,0.4897,-1,-1,-1
138,44,499.76,529.63,29.94,73.40,0.5814,-1,-1,-1
138,47,12.82,573.11,61.25,204.46,0.6375,-1,-1,-1
138,48,1570.67,558.09,44.49,105.98,0.5702,-1,-1,-1
139,2,1833.52,680.03,87.33,315.55,0.7701,-1,-1,-1
139,26,2.94,575.93,58.37,202.25,0.6160,-1,-1,-1
139,36,130.97,570.05,41.06,141.66,0.1409,-1,-1,-1
139,40,1696.86,556.71,49.71,111.16,0.5073,-1,-1,-1
139,44,495.20,528.09,27.61,72.94,0.4401,-1,-1,-1
139,47,5.25,577.18,55.97,200.88,0.6160,-1,-1,-1
139,48,1568.73,554.75,39.65,108.85,0.5947,-1,-1,-1
140,2,1840.07,682.48,80.87,312.76,0.7505,-1,-1,-1
140,26,-2.47,575.01,51.57,210.57,0.6252,-1,-1,-1
140,36,122.55,563.53,41.95,151.42,0.3746,-1,-1,-1
140,40,1697.44,553.17,48.04,114.87,0.5277,-1,-1,-1
140,44,490.42,527.09,28.54,73.58,0.4968,-1,-1,-1
140,47,0.16,576.31,48.61,209.52,0.6252,-1,-1,-1
140,48,1566.70,550.76,37.21,111.42,0.6625,-1,-1,-1
141,2,1847.09,680.12,73.79,312.22,0.6799,-1,-1,-1
141,26,-3.92,579.09,41.63,208.74,0.5907,-1,-1,-1
141,36,114.31,575.99,43.28,142.27,0.1485,-1,-1,-1
141,40,1698.65,551.72,45.44,115.98,0.4524,-1,-1,-1
141,44,485.48,527.76,27.71,73.90,0.5268,-1,-1,-1
141,47,-1.06,580.55,38.51,207.30,0.5907,-1,-1,-1
141,48,1563.40,549.75,38.21,111.66,0.7275,-1,-1,-1
142,2,1854.31,693.10,66.57,300.21,0.6423,-1,-1,-1
142,40,1700.93,554.74,41.88,114.77,0.4370,-1,-1,-1
142,44,480.82,527.33,28.43,75.22,0.4995,-1,-1,-1
142,47,-0.89,579.85,26.79,209.05,0.1326,-1,-1,-1
142,48,1560.35,551.14,40.05,108.56,0.6806,-1,-1,-1
142,49,399.60,531.11,26.09,64.44,0.3643,-1,-1,-1
143,2,1860.22,703.43,59.75,297.16,0.5927,-1,-1,-1
143,40,1699.45,561.01,40.81,110.06,0.3686,-1,-1,-1
143,44,476.57,526.83,30.74,73.96,0.5369,-1,-1,-1
143,48,1556.93,553.32,40.26,109.26,0.5899,-1,-1,-1
143,49,394.69,530.08,25.31,63.52,0.2226,-1,-1,-1
144,2,1866.63,715.00,53.39,263.80,0.4746,-1,-1,-1
144,40,1696.85,566.40,41.88,107.76,0.4585,-1,-1,-1
144,44,473.23,527.54,28.43,75.01,0.5946,-1,-1,-1
144,48,1554.33,556.12,38.08,109.42,0.7093,-1,-1,-1
144,49,385.84,529.32,27.76,66.01,0.2881,-1,-1,-1
145,2,1873.70,730.67,45.60,237.84,0.2559,-1,-1,-1
145,40,1694.28,570.16,42.41,107.09,0.6018,-1,-1,-1
145,44,467.94,527.12,28.53,74.21,0.5255,-1,-1,-1
145,48,1549.13,557.73,37.33,108.19,0.6957,-1,-1,-1
145,49,381.51,528.98,28.13,65.38,0.4090,-1,-1,-1
146,40,1693.35,573.09,42.62,102.37,0.6214,-1,-1,-1
146,44,463.67,526.13,27.99,74.67,0.5848,-1,-1,-1
146,48,1545.34,555.98,38.50,110.32,0.6497,-1,-1,-1
146,49,378.81,529.27,27.01,64.62,0.4055,-1,-1,-1
147,40,1691.39,574.58,41.57,103.26,0.5343,-1,-1,-1
147,44,457.19,526.67,29.25,75.71,0.5244,-1,-1,-1
147,48,1540.74,557.47,39.13,109.72,0.6766,-1,-1,-1
147,49,372.26,530.76,28.05,65.28,0.3213,-1,-1,-1
148,40,1684.80,571.35,45.81,105.39,0.4709,-1,-1,-1
148,44,452.73,528.86,29.98,74.26,0.5903,-1,-1,-1
148,48,1532.19,555.16,44.67,112.65,0.6901,-1,-1,-1
148,49,369.77,532.51,26.15,64.34,0.2112,-1,-1,-1
149,40,1681.04,570.53,44.23,105.39,0.6105,-1,-1,-1
149,44,447.96,529.35,29.15,74.89,0.5575,-1,-1,-1
149,48,1520.73,554.25,52.78,113.62,0.6863,-1,-1,-1
149,49,360.10,530.86,29.43,66.92,0.3715,-1,-1,-1
150,40,1679.36,567.37,43.03,106.99,0.6682,-1,-1,-1
150,44,442.76,528.57,29.81,76.43,0.5841,-1,-1,-1
150,48,1512.87,558.03,58.21,109.69,0.7187,-1,-1,-1
150,49,355.91,530.53,28.28,67.77,0.4075,-1,-1,-1
151,40,1675.68,567.09,43.09,107.51,0.5866,-1,-1,-1
151,44,435.48,527.89,30.44,77.96,0.5415,-1,-1,-1
151,48,1509.02,559.39,58.25,109.05,0.7009,-1,-1,-1
151,49,349.25,533.13,28.59,68.07,0.3415,-1,-1,-1
152,40,1672.61,566.75,43.10,105.74,0.5131,-1,-1,-1
152,44,429.14,529.77,30.96,76.99,0.5592,-1,-1,-1
152,48,1506.80,558.00,56.23,110.43,0.6990,-1,-1,-1
152,49,345.59,535.83,25.57,65.81,0.1729,-1,-1,-1
153,40,1672.99,566.39,38.57,97.04,0.4089,-1,-1,-1
153,44,424.04,530.23,28.87,75.41,0.5252,-1,-1,-1
153,48,1501.83,557.04,57.42,110.14,0.6614,-1,-1,-1
153,49,337.22,536.07,28.52,65.69,0.3114,-1,-1,-1
154,40,1672.18,570.59,34.56,89.71,0.2669,-1,-1,-1
154,44,417.06,532.12,30.09,76.83,0.5157,-1,-1,-1
154,48,1497.16,553.73,53.82,113.19,0.6688,-1,-1,-1
154,49,331.20,538.66,27.08,65.37,0.2296,-1,-1,-1
155,44,410.85,530.34,29.73,79.29,0.5748,-1,-1,-1
155,48,1491.76,552.33,50.71,113.10,0.6495,-1,-1,-1
155,49,325.14,539.21,26.82,66.20,0.2823,-1,-1,-1
156,44,403.44,532.60,30.72,78.77,0.5339,-1,-1,-1
156,48,1487.59,550.47,46.88,115.38,0.6682,-1,-1,-1
157,44,397.74,534.95,30.29,77.78,0.5838,-1,-1,-1
157,48,1481.16,551.03,45.34,113.79,0.6720,-1,-1,-1
157,51,1301.64,521.33,30.35,72.48,0.3436,-1,-1,-1
158,44,392.88,535.84,29.10,78.75,0.5319,-1,-1,-1
158,48,1474.57,548.54,45.43,116.04,0.7304,-1,-1,-1
158,51,1297.31,520.90,31.02,73.92,0.3213,-1,-1,-1
158,52,1437.07,533.73,22.29,88.70,0.4271,-1,-1,-1
159,44,387.65,537.62,28.52,78.28,0.5667,-1,-1,-1
159,48,1469.84,546.23,44.28,117.87,0.7112,-1,-1,-1
159,51,1294.26,518.52,28.80,73.91,0.2481,-1,-1,-1
159,52,1432.52,532.99,23.22,89.76,0.2420,-1,-1,-1
160,44,380.43,538.80,30.43,79.49,0.5007,-1,-1,-1
160,48,1465.87,545.72,43.13,119.00,0.6753,-1,-1,-1
160,51,1284.41,519.30,34.76,74.16,0.2908,-1,-1,-1
161,44,376.52,538.65,30.10,79.29,0.4978,-1,-1,-1
161,48,1461.41,546.39,43.37,117.94,0.6508,-1,-1,-1
161,51,1283.57,517.80,31.59,75.88,0.3037,-1,-1,-1
162,44,371.16,539.58,31.25,78.40,0.5280,-1,-1,-1
162,48,1457.33,549.15,44.01,113.58,0.6770,-1,-1,-1
162,51,1281.45,527.43,29.98,67.01,0.1301,-1,-1,-1
163,44,364.79,540.64,31.54,79.73,0.4652,-1,-1,-1
163,48,1451.13,549.73,46.43,113.45,0.6457,-1,-1,-1
164,44,360.42,540.19,32.25,80.06,0.5371,-1,-1,-1
164,48,1446.79,548.79,47.13,114.24,0.6249,-1,-1,-1
165,44,355.20,541.56,32.13,80.49,0.5057,-1,-1,-1
165,48,1439.37,547.96,50.37,115.53,0.6663,-1,-1,-1
166,44,350.23,543.10,30.00,79.50,0.5511,-1,-1,-1
166,48,1433.91,548.22,50.45,115.55,0.6798,-1,-1,-1
167,44,345.33,543.29,30.90,78.81,0.6244,-1,-1,-1
167,48,1431.61,545.04,47.03,117.18,0.6658,-1,-1,-1
168,44,339.13,543.08,32.96,79.41,0.5757,-1,-1,-1
168,48,1428.35,543.32,44.47,117.22,0.6641,-1,-1,-1
169,44,334.43,543.73,34.03,79.06,0.5617,-1,-1,-1
169,48,1424.96,543.95,42.52,117.47,0.6759,-1,-1,-1
170,44,330.48,543.18,32.19,78.94,0.5520,-1,-1,-1
170,48,1421.01,540.60,41.71,120.24,0.6740,-1,-1,-1
171,44,325.39,543.71,32.05,77.92,0.5632,-1,-1,-1
171,48,1415.40,539.47,43.84,123.27,0.5670,-1,-1,-1
172,44,320.78,541.94,31.56,78.12,0.5779,-1,-1,-1
172,48,1410.84,535.48,43.23,125.80,0.6204,-1,-1,-1
173,44,315.28,541.23,32.89,80.84,0.5737,-1,-1,-1
173,48,1406.13,532.80,43.79,128.47,0.5631,-1,-1,-1
174,44,310.99,542.79,34.19,79.40,0.6001,-1,-1,-1
174,48,1402.43,531.18,45.39,131.02,0.6384,-1,-1,-1
175,44,306.60,541.62,34.93,79.73,0.4848,-1,-1,-1
175,48,1393.87,532.07,52.21,131.50,0.6645,-1,-1,-1
176,44,302.01,542.07,34.36,80.60,0.5860,-1,-1,-1
176,48,1388.15,534.64,55.33,129.55,0.6767,-1,-1,-1
177,44,297.21,542.03,34.91,78.49,0.6517,-1,-1,-1
177,48,1384.55,534.34,56.30,130.39,0.7054,-1,-1,-1
178,44,293.25,542.40,34.38,80.92,0.6082,-1,-1,-1
178,48,1384.84,534.73,53.99,130.59,0.6719,-1,-1,-1
179,44,289.29,540.83,34.81,82.99,0.6119,-1,-1,-1
179,48,1385.32,535.93,50.73,129.47,0.6810,-1,-1,-1
180,44,284.45,543.52,35.91,81.93,0.5634,-1,-1,-1
180,48,1383.99,535.35,49.17,130.37,0.7040,-1,-1,-1
180,54,1608.24,543.46,38.63,128.57,0.4055,-1,-1,-1
181,44,280.76,543.43,35.75,83.24,0.5570,-1,-1,-1
181,48,1383.41,536.39,44.21,127.99,0.7124,-1,-1,-1
181,54,1601.00,544.77,49.36,128.30,0.3670,-1,-1,-1
182,44,275.47,543.86,35.43,83.42,0.5938,-1,-1,-1
182,48,1379.94,537.01,43.51,127.76,0.7275,-1,-1,-1
182,54,1602.59,545.84,48.10,127.50,0.4360,-1,-1,-1
183,44,271.91,544.54,34.08,84.80,0.6421,-1,-1,-1
183,48,1376.00,536.78,43.87,128.52,0.7399,-1,-1,-1
183,54,1606.81,549.63,44.25,124.53,0.4207,-1,-1,-1
184,44,267.10,546.32,34.46,84.34,0.6225,-1,-1,-1
184,48,1373.17,536.03,43.10,129.44,0.7634,-1,-1,-1
184,54,1608.81,545.75,42.13,128.41,0.4364,-1,-1,-1
185,44,262.52,547.83,34.94,83.53,0.5510,-1,-1,-1
185,48,1370.57,534.62,43.87,131.36,0.7475,-1,-1,-1
185,54,1608.58,543.74,41.92,131.19,0.4627,-1,-1,-1
186,44,259.05,547.45,35.40,84.66,0.5228,-1,-1,-1
186,48,1369.20,534.22,42.64,132.37,0.7192,-1,-1,-1
186,54,1607.28,545.02,43.66,128.74,0.3661,-1,-1,-1
187,44,254.74,548.58,34.99,85.64,0.5690,-1,-1,-1
187,48,1366.72,533.68,42.57,133.12,0.7051,-1,-1,-1
187,54,1599.36,542.95,51.12,131.76,0.3333,-1,-1,-1
188,44,250.27,549.83,34.96,86.24,0.5666,-1,-1,-1
188,48,1364.53,534.17,43.64,134.26,0.6752,-1,-1,-1
188,54,1595.68,546.37,56.15,130.70,0.4374,-1,-1,-1
189,44,246.48,550.21,34.74,89.17,0.5181,-1,-1,-1
189,48,1359.29,532.58,48.09,137.33,0.6417,-1,-1,-1
189,54,1594.90,545.19,58.48,132.65,0.4622,-1,-1,-1
190,44,241.83,549.70,36.31,90.45,0.5532,-1,-1,-1
190,48,1356.29,533.63,50.14,136.06,0.6758,-1,-1,-1
190,54,1594.35,541.75,60.56,135.74,0.5133,-1,-1,-1
191,44,238.22,553.10,36.48,88.30,0.5020,-1,-1,-1
191,48,1353.59,534.60,51.73,135.29,0.6663,-1,-1,-1
191,54,1595.10,540.08,62.71,137.02,0.5088,-1,-1,-1
192,44,234.19,552.95,37.90,88.04,0.5345,-1,-1,-1
192,48,1351.59,539.77,51.50,129.54,0.6262,-1,-1,-1
192,54,1601.98,540.26,55.59,134.99,0.4879,-1,-1,-1
193,44,228.73,555.82,38.36,86.69,0.6065,-1,-1,-1
193,48,1349.74,540.88,51.79,130.00,0.6603,-1,-1,-1
193,54,1603.09,539.58,56.45,135.89,0.5483,-1,-1,-1
194,44,225.29,559.14,36.10,85.57,0.5888,-1,-1,-1
194,48,1347.98,541.99,50.12,128.66,0.6725,-1,-1,-1
194,54,1606.13,547.41,55.77,128.10,0.5190,-1,-1,-1
195,44,222.25,559.79,34.82,84.57,0.5122,-1,-1,-1
195,48,1345.93,541.40,49.28,129.63,0.6875,-1,-1,-1
195,54,1604.27,547.60,59.04,127.86,0.5450,-1,-1,-1
196,44,218.50,561.08,35.12,86.33,0.4654,-1,-1,-1
196,48,1345.52,542.17,47.26,130.84,0.6782,-1,-1,-1
196,54,1607.05,548.37,57.98,127.31,0.5421,-1,-1,-1
197,44,214.15,561.74,35.70,86.40,0.4672,-1,-1,-1
197,48,1345.19,541.43,45.44,131.79,0.6293,-1,-1,-1
197,54,1610.79,549.19,54.33,125.61,0.4579,-1,-1,-1
198,44,211.31,562.64,34.47,85.85,0.5394,-1,-1,-1
198,48,1345.06,542.67,43.57,128.66,0.4941,-1,-1,-1
198,54,1617.20,551.46,49.12,122.90,0.5008,-1,-1,-1
199,44,207.23,562.73,34.92,86.66,0.5186,-1,-1,-1
199,48,1344.11,543.66,43.55,126.74,0.6218,-1,-1,-1
199,54,1620.97,553.71,45.70,121.03,0.5727,-1,-1,-1
200,44,202.51,563.73,37.04,88.45,0.4726,-1,-1,-1
200,48,1342.56,544.83,44.63,126.58,0.6267,-1,-1,-1
200,54,1621.41,555.14,45.68,119.89,0.5277,-1,-1,-1
201,44,200.25,563.82,35.21,89.14,0.4735,-1,-1,-1
201,48,1341.37,547.70,44.77,124.00,0.6503,-1,-1,-1
201,54,1619.79,553.93,49.56,121.67,0.6185,-1,-1,-1
202,44,194.66,563.60,36.96,91.60,0.6059,-1,-1,-1
202,48,1339.67,548.74,45.48,124.43,0.6763,-1,-1,-1
202,54,1621.29,553.98,50.83,122.98,0.6072,-1,-1,-1
203,44,189.83,564.03,39.81,92.24,0.5574,-1,-1,-1
203,48,1337.30,551.38,47.32,120.86,0.7051,-1,-1,-1
203,54,1624.12,553.96,49.76,124.14,0.5664,-1,-1,-1
204,44,187.01,565.65,39.65,91.84,0.5613,-1,-1,-1
204,48,1336.23,551.31,47.85,121.24,0.7168,-1,-1,-1
204,54,1630.03,553.08,47.50,123.32,0.6135,-1,-1,-1
205,44,182.70,566.66,38.44,91.18,0.5739,-1,-1,-1
205,48,1335.14,547.87,47.67,124.60,0.7263,-1,-1,-1
205,54,1631.46,554.48,47.30,120.79,0.6115,-1,-1,-1
206,44,178.03,567.64,39.52,90.73,0.5752,-1,-1,-1
206,48,1335.07,547.99,47.29,125.21,0.7371,-1,-1,-1
206,54,1628.40,555.17,52.53,122.35,0.5101,-1,-1,-1
207,44,173.16,570.07,39.40,92.11,0.5725,-1,-1,-1
207,48,1334.18,549.28,47.07,126.38,0.7599,-1,-1,-1
207,54,1627.72,557.16,55.67,122.59,0.4882,-1,-1,-1
208,44,168.76,570.51,39.03,92.40,0.5600,-1,-1,-1
208,48,1332.83,547.94,48.67,128.82,0.7474,-1,-1,-1
208,54,1630.82,557.92,55.26,123.24,0.3973,-1,-1,-1
208,40,1648.06,556.61,39.43,121.97,0.4171,-1,-1,-1
209,44,165.47,569.69,39.15,93.01,0.5244,-1,-1,-1
209,48,1331.42,545.36,49.38,132.12,0.7468,-1,-1,-1
209,54,1642.08,558.62,47.20,123.44,0.6142,-1,-1,-1
209,40,1647.75,557.97,41.76,123.35,0.6142,-1,-1,-1
210,44,162.56,570.78,37.86,93.36,0.4564,-1,-1,-1
210,48,1330.39,543.25,49.06,134.35,0.7449,-1,-1,-1
210,54,1646.35,559.97,46.61,123.60,0.5731,-1,-1,-1
210,40,1647.60,559.61,45.07,123.92,0.5731,-1,-1,-1
211,44,158.83,571.21,40.92,94.90,0.5727,-1,-1,-1
211,48,1330.01,545.20,47.83,133.76,0.7634,-1,-1,-1
211,54,1641.20,566.33,55.63,121.72,0.3448,-1,-1,-1
211,40,1652.89,565.92,43.88,120.12,0.5296,-1,-1,-1
212,44,155.82,570.66,40.80,95.38,0.6044,-1,-1,-1
212,48,1328.58,546.32,48.76,132.36,0.7383,-1,-1,-1
212,54,1652.62,560.69,50.84,126.99,0.5281,-1,-1,-1
212,40,1657.09,560.37,46.48,126.75,0.5281,-1,-1,-1
213,44,153.42,571.85,40.76,95.26,0.5522,-1,-1,-1
213,48,1328.88,548.41,49.10,131.70,0.7345,-1,-1,-1
213,54,1649.87,561.53,59.70,128.76,0.4816,-1,-1,-1
213,40,1660.07,559.66,52.21,126.19,0.1829,-1,-1,-1
214,44,150.87,573.90,40.97,94.56,0.5941,-1,-1,-1
214,48,1329.88,547.39,49.27,133.42,0.6757,-1,-1,-1
214,54,1653.17,560.19,61.02,128.45,0.5132,-1,-1,-1
214,40,1656.87,559.36,58.37,127.73,0.5132,-1,-1,-1
215,44,149.02,571.26,40.09,95.07,0.5917,-1,-1,-1
215,48,1330.36,547.96,49.49,134.89,0.6778,-1,-1,-1
215,54,1666.99,559.72,51.75,129.73,0.5428,-1,-1,-1
215,40,1667.75,559.33,51.35,129.68,0.5428,-1,-1,-1
216,44,147.14,574.08,37.52,93.02,0.4253,-1,-1,-1
216,48,1331.81,550.17,48.68,134.96,0.6689,-1,-1,-1
216,54,1675.24,562.53,47.02,126.33,0.6051,-1,-1,-1
216,40,1675.02,562.32,47.32,126.50,0.6051,-1,-1,-1
217,44,143.62,572.99,36.60,94.80,0.4762,-1,-1,-1
217,48,1332.89,550.26,48.70,135.52,0.7014,-1,-1,-1
217,54,1670.65,561.69,58.20,127.17,0.3559,-1,-1,-1
217,40,1680.74,561.36,45.93,125.06,0.4835,-1,-1,-1
218,44,140.37,573.24,37.42,94.36,0.4896,-1,-1,-1
218,48,1335.14,549.11,47.69,135.56,0.7457,-1,-1,-1
218,54,1673.62,561.40,64.15,128.07,0.4890,-1,-1,-1
218,40,1676.96,561.23,60.31,127.46,0.4890,-1,-1,-1
218,58,-0.63,578.17,20.12,84.23,0.4196,-1,-1,-1
219,44,139.82,572.82,38.32,94.90,0.4862,-1,-1,-1
219,48,1337.19,549.90,47.18,136.30,0.7612,-1,-1,-1
219,54,1678.31,562.21,62.76,129.52,0.4457,-1,-1,-1
219,40,1689.30,561.31,53.39,126.49,0.5400,-1,-1,-1
219,58,-0.62,579.17,18.36,84.66,0.3336,-1,-1,-1
219,59,23.08,580.96,34.96,84.95,0.4326,-1,-1,-1
220,44,138.07,575.80,38.44,95.12,0.4596,-1,-1,-1
220,48,1338.95,548.69,48.13,138.33,0.7627,-1,-1,-1
220,54,1691.53,562.96,55.46,125.97,0.5392,-1,-1,-1
220,40,1695.57,562.58,52.01,124.97,0.5392,-1,-1,-1
220,58,-0.44,582.01,15.44,86.79,0.1132,-1,-1,-1
220,59,16.41,580.55,38.41,90.62,0.5612,-1,-1,-1
221,44,134.22,574.05,39.35,96.69,0.4649,-1,-1,-1
221,48,1342.05,548.00,47.65,141.10,0.7531,-1,-1,-1
221,54,1702.95,565.88,47.95,123.52,0.5218,-1,-1,-1
221,40,1703.98,565.72,47.18,123.28,0.5218,-1,-1,-1
221,59,11.77,579.93,40.31,88.40,0.5348,-1,-1,-1
222,44,130.88,573.82,40.04,98.46,0.4811,-1,-1,-1
222,48,1345.71,545.62,45.62,140.11,0.7572,-1,-1,-1
222,54,1700.73,560.67,61.47,127.23,0.5033,-1,-1,-1
222,40,1701.05,560.60,61.07,127.25,0.5033,-1,-1,-1
222,59,10.56,580.09,40.06,89.31,0.5541,-1,-1,-1
223,44,129.19,574.10,39.52,98.28,0.5022,-1,-1,-1
223,48,1347.42,546.70,46.50,140.03,0.7557,-1,-1,-1
223,54,1714.74,563.12,52.56,126.18,0.5336,-1,-1,-1
223,40,1714.48,563.09,52.77,126.29,0.5336,-1,-1,-1
223,59,9.43,579.56,38.26,89.65,0.4608,-1,-1,-1
224,44,128.39,577.55,40.65,97.11,0.4719,-1,-1,-1
224,48,1348.93,544.19,47.29,141.22,0.7570,-1,-1,-1
224,54,1721.60,560.93,50.32,125.99,0.4782,-1,-1,-1
224,40,1721.26,560.91,50.65,126.12,0.4782,-1,-1,-1
224,59,8.07,587.51,36.71,85.73,0.2199,-1,-1,-1
225,44,127.41,577.58,40.43,97.25,0.4994,-1,-1,-1
225,48,1350.97,545.58,48.02,139.21,0.7485,-1,-1,-1
225,54,1728.87,556.75,54.12,129.10,0.5429,-1,-1,-1
225,40,1728.52,556.74,54.38,129.23,0.5429,-1,-1,-1
225,59,3.59,591.26,35.14,82.32,0.1935,-1,-1,-1
226,44,125.84,584.99,42.05,94.32,0.4238,-1,-1,-1
226,48,1352.52,546.68,48.12,137.65,0.7008,-1,-1,-1
226,54,1732.16,556.91,58.52,126.74,0.5111,-1,-1,-1
226,40,1731.83,556.91,58.76,126.86,0.5111,-1,-1,-1
226,59,0.35,598.44,34.41,81.03,0.3552,-1,-1,-1
227,44,121.93,584.93,40.93,95.62,0.3098,-1,-1,-1
227,48,1354.43,547.27,48.90,139.29,0.7483,-1,-1,-1
227,54,1743.52,558.52,52.48,126.35,0.5236,-1,-1,-1
227,40,1743.17,558.52,52.78,126.45,0.5236,-1,-1,-1
227,59,-0.38,596.36,32.51,83.19,0.3347,-1,-1,-1
228,44,118.75,586.45,38.75,96.06,0.3373,-1,-1,-1
228,48,1356.56,548.26,48.50,141.51,0.7463,-1,-1,-1
228,54,1751.16,554.56,53.83,128.65,0.5434,-1,-1,-1
228,40,1750.88,554.56,54.06,128.74,0.5434,-1,-1,-1
228,59,-0.80,592.24,31.71,89.06,0.3095,-1,-1,-1
229,44,117.16,586.43,37.11,96.41,0.4066,-1,-1,-1
229,48,1358.61,548.18,48.37,141.28,0.7454,-1,-1,-1
229,54,1753.93,557.19,58.80,128.05,0.5028,-1,-1,-1
229,40,1753.71,557.18,58.99,128.13,0.5028,-1,-1,-1
229,59,-0.65,591.62,30.10,90.18,0.2357,-1,-1,-1
230,44,116.88,587.09,34.75,97.17,0.3009,-1,-1,-1
230,48,1361.86,548.93,48.41,140.69,0.7491,-1,-1,-1
230,54,1763.99,555.39,55.43,127.34,0.5397,-1,-1,-1
230,40,1763.76,555.39,55.63,127.41,0.5397,-1,-1,-1
230,59,-0.42,593.51,29.75,89.46,0.2005,-1,-1,-1
231,44,115.92,587.59,35.30,97.31,0.3338,-1,-1,-1
231,48,1363.96,551.91,49.35,138.79,0.7345,-1,-1,-1
231,54,1774.68,554.48,56.10,130.29,0.5590,-1,-1,-1
231,40,1774.48,554.48,56.26,130.35,0.5590,-1,-1,-1
231,59,-0.55,592.83,23.48,88.19,0.2399,-1,-1,-1
232,44,113.20,589.94,37.47,96.39,0.2763,-1,-1,-1
232,48,1366.62,552.34,48.59,138.52,0.7349,-1,-1,-1
232,54,1778.36,553.23,62.08,131.30,0.5180,-1,-1,-1
232,40,1778.20,553.23,62.21,131.35,0.5180,-1,-1,-1
232,59,-0.24,600.42,23.25,81.58,0.2920,-1,-1,-1
233,44,111.95,589.42,38.66,96.81,0.2297,-1,-1,-1
233,48,1368.64,551.37,48.79,140.80,0.7661,-1,-1,-1
233,54,1789.74,556.29,59.13,128.91,0.5370,-1,-1,-1
233,40,1789.57,556.29,59.27,128.96,0.5370,-1,-1,-1
233,59,-0.02,603.14,21.91,78.37,0.2339,-1,-1,-1
234,44,109.19,590.27,39.65,96.94,0.3436,-1,-1,-1
234,48,1371.02,552.80,48.56,138.73,0.7041,-1,-1,-1
234,54,1793.74,558.77,64.29,128.95,0.4532,-1,-1,-1
234,40,1793.61,558.77,64.40,128.99,0.4532,-1,-1,-1
234,59,-0.13,605.77,19.68,77.43,0.1494,-1,-1,-1
235,44,107.45,586.94,37.90,99.02,0.2830,-1,-1,-1
235,48,1374.59,553.70,48.65,136.98,0.6636,-1,-1,-1
235,54,1807.11,559.25,59.29,128.96,0.4599,-1,-1,-1
235,40,1806.97,559.26,59.40,128.99,0.4599,-1,-1,-1
236,44,105.85,586.43,38.08,100.77,0.2908,-1,-1,-1
236,48,1377.87,552.83,51.24,136.79,0.7028,-1,-1,-1
236,54,1822.74,553.71,56.75,126.08,0.5267,-1,-1,-1
236,40,1822.62,553.72,56.85,126.12,0.5267,-1,-1,-1
237,44,104.96,582.78,38.81,103.33,0.3074,-1,-1,-1
237,48,1380.26,551.87,53.72,137.20,0.6999,-1,-1,-1
237,54,1834.42,549.57,57.39,126.42,0.5034,-1,-1,-1
237,40,1834.31,549.57,57.47,126.45,0.5034,-1,-1,-1
238,44,104.87,582.51,40.93,104.32,0.3777,-1,-1,-1
238,48,1384.56,553.01,51.47,136.75,0.7134,-1,-1,-1
238,54,1845.79,546.86,57.82,134.80,0.5070,-1,-1,-1
238,40,1845.70,546.87,57.89,134.82,0.5070,-1,-1,-1
239,44,104.41,579.00,43.93,105.41,0.3826,-1,-1,-1
239,48,1386.95,553.22,51.24,137.22,0.6842,-1,-1,-1
239,54,1850.61,544.95,62.98,139.84,0.4651,-1,-1,-1
239,40,1850.54,544.95,63.04,139.86,0.4651,-1,-1,-1
240,44,103.89,578.08,44.73,105.94,0.3988,-1,-1,-1
240,48,1390.54,550.46,50.35,141.31,0.7217,-1,-1,-1
240,54,1863.40,543.19,57.64,134.65,0.4512,-1,-1,-1
240,40,1863.33,543.19,57.70,134.67,0.4512,-1,-1,-1
241,44,103.46,576.61,43.58,107.71,0.4285,-1,-1,-1
241,48,1396.15,548.56,48.84,144.68,0.7552,-1,-1,-1
241,54,1871.85,545.95,52.02,136.69,0.4767,-1,-1,-1
241,40,1871.79,545.95,52.07,136.71,0.4767,-1,-1,-1
242,44,104.16,577.72,43.70,106.91,0.4135,-1,-1,-1
242,48,1400.93,548.23,48.71,145.95,0.6746,-1,-1,-1
242,54,1882.91,552.28,40.81,118.50,0.2192,-1,-1,-1
243,44,104.47,576.30,45.59,108.41,0.4093,-1,-1,-1
243,48,1405.32,550.29,47.95,143.48,0.6901,-1,-1,-1
243,54,1893.83,563.21,28.86,104.92,0.2036,-1,-1,-1
244,44,104.06,576.37,44.35,108.30,0.3628,-1,-1,-1
244,48,1410.53,553.87,48.03,139.95,0.7140,-1,-1,-1
245,44,105.25,577.06,43.71,109.28,0.3807,-1,-1,-1
245,48,1416.88,555.90,46.57,139.24,0.7655,-1,-1,-1
246,44,105.31,577.14,41.83,109.93,0.3632,-1,-1,-1
246,48,1422.72,554.89,46.59,140.86,0.7619,-1,-1,-1
247,44,104.70,579.29,41.67,110.03,0.4197,-1,-1,-1
247,48,1427.83,555.55,46.86,141.17,0.7415,-1,-1,-1
247,65,1318.11,582.19,45.98,133.73,0.4750,-1,-1,-1
248,44,105.08,581.41,40.59,109.03,0.3854,-1,-1,-1
248,48,1434.13,556.28,47.16,141.68,0.7561,-1,-1,-1
248,65,1327.59,583.29,47.35,132.00,0.3796,-1,-1,-1
249,44,105.57,584.04,42.41,109.28,0.4063,-1,-1,-1
249,48,1440.48,554.64,46.71,144.93,0.7948,-1,-1,-1
249,65,1334.66,582.13,48.81,132.59,0.3824,-1,-1,-1
250,44,106.08,586.26,43.51,108.45,0.4542,-1,-1,-1
250,48,1446.59,549.48,47.61,148.82,0.7218,-1,-1,-1
250,65,1340.22,581.18,48.03,131.10,0.3014,-1,-1,-1
251,44,107.20,587.30,42.62,108.45,0.3931,-1,-1,-1
251,48,1455.15,545.57,44.36,155.73,0.7527,-1,-1,-1
251,65,1353.06,582.32,46.74,130.53,0.2779,-1,-1,-1
252,44,110.19,588.75,38.22,105.09,0.3095,-1,-1,-1
252,48,1461.44,547.62,44.93,152.40,0.7404,-1,-1,-1
253,44,115.22,591.34,38.70,105.27,0.4483,-1,-1,-1
253,48,1468.83,541.84,45.08,156.73,0.7455,-1,-1,-1
254,44,118.85,591.28,38.61,105.76,0.4651,-1,-1,-1
254,48,1473.94,539.28,46.13,158.36,0.7033,-1,-1,-1
255,44,119.81,593.88,40.55,107.75,0.3868,-1,-1,-1
255,48,1481.31,536.11,45.09,157.21,0.7114,-1,-1,-1
256,44,123.33,593.94,40.97,110.80,0.4109,-1,-1,-1
256,48,1489.27,538.06,46.35,156.50,0.7257,-1,-1,-1
257,44,123.79,594.73,42.50,110.95,0.1635,-1,-1,-1
257,48,1498.02,537.43,45.14,154.16,0.7083,-1,-1,-1
258,44,129.92,596.32,44.15,110.13,0.3460,-1,-1,-1
258,48,1506.16,543.19,45.85,151.24,0.6423,-1,-1,-1
259,44,132.23,595.00,43.34,111.23,0.3772,-1,-1,-1
259,48,1512.98,549.62,49.40,145.95,0.5939,-1,-1,-1
259,66,0.57,610.37,25.84,95.15,0.4729,-1,-1,-1
260,44,136.45,596.54,45.74,111.24,0.1790,-1,-1,-1
260,48,1513.95,551.08,60.61,147.09,0.6694,-1,-1,-1
260,66,0.79,612.12,29.03,94.57,0.4129,-1,-1,-1
261,44,136.84,600.06,43.54,108.77,0.3941,-1,-1,-1
261,48,1520.98,553.34,64.48,145.47,0.5765,-1,-1,-1
261,66,0.20,612.12,31.18,96.42,0.5006,-1,-1,-1
262,44,140.63,600.83,38.23,108.28,0.4578,-1,-1,-1
262,48,1523.02,562.30,73.79,136.09,0.4398,-1,-1,-1
262,66,0.40,610.98,29.99,97.26,0.4984,-1,-1,-1
263,44,141.99,602.09,39.19,106.95,0.3133,-1,-1,-1
263,66,-0.11,612.31,32.43,95.49,0.4663,-1,-1,-1
264,44,144.68,601.37,41.18,107.59,0.2673,-1,-1,-1
264,66,0.13,612.01,33.46,96.47,0.5156,-1,-1,-1
265,44,147.01,600.58,44.24,109.34,0.3717,-1,-1,-1
265,66,-0.34,614.57,33.94,93.70,0.4631,-1,-1,-1
266,44,149.45,600.64,44.21,109.29,0.2731,-1,-1,-1
266,66,0.25,613.84,37.52,94.03,0.4623,-1,-1,-1
266,72,997.01,512.92,29.39,85.20,0.4399,-1,-1,-1
266,73,1011.19,509.75,25.47,87.82,0.3396,-1,-1,-1
266,48,1573.74,574.72,65.30,136.51,0.4049,-1,-1,-1
267,44,151.18,600.18,44.40,111.37,0.4010,-1,-1,-1
267,66,-0.12,613.68,41.19,94.70,0.4943,-1,-1,-1
267,72,1003.83,517.38,27.15,80.68,0.3558,-1,-1,-1
267,73,1015.44,511.65,26.70,86.69,0.2541,-1,-1,-1
268,44,154.26,600.25,44.36,111.36,0.2467,-1,-1,-1
268,66,2.28,612.57,42.43,98.34,0.4669,-1,-1,-1
268,72,1008.70,517.64,28.49,81.89,0.3297,-1,-1,-1
268,73,1029.15,510.49,24.10,91.04,0.1195,-1,-1,-1
268,74,1050.40,510.91,36.81,99.22,0.4425,-1,-1,-1
269,44,155.03,598.90,44.03,112.95,0.3899,-1,-1,-1
269,66,3.79,610.57,44.59,99.87,0.4942,-1,-1,-1
269,72,1012.85,516.82,31.29,82.97,0.3597,-1,-1,-1
269,73,1034.92,509.83,25.51,93.52,0.3871,-1,-1,-1
269,74,1058.66,507.72,40.61,99.93,0.4786,-1,-1,-1
270,44,157.21,594.93,43.18,114.01,0.3389,-1,-1,-1
270,66,5.94,608.45,46.38,99.22,0.4642,-1,-1,-1
270,72,1021.62,510.70,28.94,86.39,0.3831,-1,-1,-1
270,73,1044.31,505.17,25.06,97.09,0.1430,-1,-1,-1
270,74,1065.55,504.67,38.93,96.66,0.4245,-1,-1,-1
271,44,161.46,595.19,42.38,112.49,0.4304,-1,-1,-1
271,66,10.49,609.55,44.21,97.18,0.5401,-1,-1,-1
271,72,1026.11,510.63,28.42,86.33,0.3106,-1,-1,-1
271,73,1047.48,505.15,27.03,96.96,0.1538,-1,-1,-1
271,74,1070.02,505.55,37.90,96.71,0.4254,-1,-1,-1
271,76,1584.88,592.45,53.60,187.55,0.4663,-1,-1,-1
272,44,164.04,593.74,41.97,112.52,0.2739,-1,-1,-1
272,66,11.79,605.66,44.09,99.64,0.5138,-1,-1,-1
272,72,1032.30,514.78,27.22,80.80,0.3015,-1,-1,-1
272,73,1052.62,505.90,27.11,93.89,0.2364,-1,-1,-1
272,74,1075.13,508.45,36.64,97.38,0.3737,-1,-1,-1
273,44,167.29,592.23,45.96,115.02,0.3818,-1,-1,-1
273,66,13.38,606.36,45.02,100.42,0.5929,-1,-1,-1
273,72,1036.16,514.48,31.13,81.89,0.2426,-1,-1,-1
273,73,1058.16,506.90,28.06,93.51,0.3465,-1,-1,-1
273,74,1079.96,507.77,42.19,99.37,0.3637,-1,-1,-1
274,44,167.52,590.15,47.36,115.32,0.2279,-1,-1,-1
274,66,13.83,601.35,44.33,102.52,0.4455,-1,-1,-1
274,72,1051.16,508.25,25.63,88.30,0.3397,-1,-1,-1
274,73,1064.40,505.99,24.78,92.20,0.3772,-1,-1,-1
274,74,1088.37,506.70,41.19,95.85,0.4813,-1,-1,-1
275,44,172.31,591.43,45.83,115.96,0.2951,-1,-1,-1
275,66,15.27,598.87,47.06,106.31,0.6144,-1,-1,-1
275,72,1051.64,509.90,28.63,87.28,0.3625,-1,-1,-1
275,73,1070.79,505.69,27.27,92.88,0.1716,-1,-1,-1
275,74,1094.83,507.11,37.44,96.21,0.3927,-1,-1,-1
275,76,1639.21,581.32,84.44,224.64,0.4295,-1,-1,-1
276,44,174.42,590.60,45.67,116.89,0.4254,-1,-1,-1
276,66,16.85,599.94,47.78,105.37,0.6279,-1,-1,-1
276,72,1055.87,511.02,29.46,87.35,0.2828,-1,-1,-1
276,73,1076.35,504.99,27.69,94.33,0.2818,-1,-1,-1
276,74,1100.66,506.87,35.40,96.76,0.3072,-1,-1,-1
276,76,1655.31,580.72,81.92,234.50,0.6511,-1,-1,-1
277,44,177.04,589.95,44.74,117.51,0.3450,-1,-1,-1
277,66,19.13,598.43,47.83,107.02,0.6056,-1,-1,-1
277,72,1058.71,505.66,32.85,91.50,0.3837,-1,-1,-1
277,73,1080.42,504.73,30.01,94.10,0.2509,-1,-1,-1
277,74,1103.38,503.74,38.08,98.91,0.3152,-1,-1,-1
277,76,1670.08,588.29,82.02,231.81,0.5055,-1,-1,-1
278,44,177.11,591.15,46.34,118.60,0.3741,-1,-1,-1
278,66,20.82,598.65,48.13,108.86,0.5956,-1,-1,-1
278,72,1062.30,505.75,31.91,91.62,0.3818,-1,-1,-1
278,73,1083.50,505.55,27.12,94.09,0.3861,-1,-1,-1
278,74,1109.36,505.81,40.96,96.76,0.3398,-1,-1,-1
278,76,1682.56,594.26,85.12,230.73,0.4514,-1,-1,-1
278,77,1176.58,515.75,31.20,95.92,0.3973,-1,-1,-1
279,44,178.93,591.34,46.57,118.79,0.4374,-1,-1,-1
279,66,23.34,598.21,48.51,109.80,0.6058,-1,-1,-1
279,72,1069.79,508.75,31.63,90.46,0.4359,-1,-1,-1
279,73,1093.03,506.75,31.16,94.54,0.1787,-1,-1,-1
279,74,1116.67,517.26,36.33,84.96,0.3125,-1,-1,-1
279,76,1695.42,595.23,88.87,235.66,0.5978,-1,-1,-1
279,77,1191.46,521.12,28.45,90.70,0.1003,-1,-1,-1
280,44,180.76,598.44,45.30,114.05,0.4650,-1,-1,-1
280,66,24.60,600.28,48.85,111.47,0.6286,-1,-1,-1
280,72,1074.37,508.31,31.52,89.34,0.2941,-1,-1,-1
280,73,1099.96,505.77,30.22,83.38,0.1213,-1,-1,-1
280,74,1120.95,509.64,37.39,93.14,0.2072,-1,-1,-1
280,76,1716.89,600.54,86.54,238.53,0.2899,-1,-1,-1
280,77,1203.57,528.94,30.15,83.80,0.1027,-1,-1,-1
281,44,184.44,599.51,45.19,114.96,0.4178,-1,-1,-1
281,66,25.52,601.68,50.48,112.56,0.6286,-1,-1,-1
281,72,1081.31,510.27,31.74,80.91,0.1576,-1,-1,-1
281,73,1106.57,523.24,29.01,73.47,0.1022,-1,-1,-1
281,74,1124.61,506.24,39.17,96.76,0.3443,-1,-1,-1
281,76,1725.35,606.26,101.52,237.18,0.5484,-1,-1,-1
282,44,187.29,598.90,47.36,116.56,0.4728,-1,-1,-1
282,66,28.36,604.14,49.73,111.20,0.6182,-1,-1,-1
282,74,1131.67,505.97,38.53,96.42,0.1814,-1,-1,-1
282,76,1734.21,609.66,114.80,238.15,0.6271,-1,-1,-1
283,44,188.87,600.03,50.67,117.71,0.4684,-1,-1,-1
283,66,30.44,608.86,48.76,109.04,0.6025,-1,-1,-1
283,74,1139.49,508.32,33.80,94.33,0.2224,-1,-1,-1
283,76,1769.57,609.16,102.71,242.24,0.6215,-1,-1,-1
284,44,192.06,601.43,49.27,117.86,0.3813,-1,-1,-1
284,66,32.85,610.23,48.33,109.67,0.6394,-1,-1,-1
284,74,1146.56,508.23,33.70,93.77,0.2770,-1,-1,-1
284,76,1795.11,609.48,102.71,245.62,0.7479,-1,-1,-1
284,83,1755.56,549.91,57.29,183.16,0.6228,-1,-1,-1
284,84,1293.42,535.08,41.64,121.69,0.3889,-1,-1,-1
285,44,194.80,601.42,50.91,119.54,0.4395,-1,-1,-1
285,66,35.41,611.83,47.36,110.09,0.6388,-1,-1,-1
285,74,1150.70,504.47,36.26,96.72,0.2091,-1,-1,-1
285,76,1821.13,611.63,96.73,247.28,0.8108,-1,-1,-1
285,83,1768.00,550.04,59.88,183.32,0.6448,-1,-1,-1
285,84,1301.14,536.78,47.49,118.55,0.4237,-1,-1,-1
285,77,1255.24,536.53,43.83,121.62,0.3722,-1,-1,-1
286,44,197.45,601.60,51.90,121.18,0.4208,-1,-1,-1
286,66,36.65,612.97,47.83,111.45,0.6464,-1,-1,-1
286,74,1160.29,505.47,35.34,94.99,0.1011,-1,-1,-1
286,76,1842.31,610.86,83.49,251.76,0.7455,-1,-1,-1
286,83,1779.75,546.98,62.08,188.65,0.7142,-1,-1,-1
286,84,1312.46,535.95,44.53,118.07,0.3429,-1,-1,-1
286,77,1266.15,540.89,40.39,114.28,0.2248,-1,-1,-1
287,44,199.32,605.33,51.80,120.53,0.4334,-1,-1,-1
287,66,37.20,613.75,49.15,112.39,0.6323,-1,-1,-1
287,76,1864.42,614.49,63.09,252.57,0.7013,-1,-1,-1
287,83,1796.29,547.92,62.02,191.37,0.7020,-1,-1,-1
287,84,1327.09,534.96,38.52,121.14,0.2519,-1,-1,-1
287,77,1283.64,540.19,36.87,114.66,0.1369,-1,-1,-1
288,44,200.93,605.26,47.87,122.09,0.4925,-1,-1,-1
288,66,38.35,614.58,50.87,112.36,0.6126,-1,-1,-1
288,76,1887.83,639.91,38.36,227.82,0.5868,-1,-1,-1
288,83,1807.36,547.10,68.17,194.74,0.6716,-1,-1,-1
288,84,1334.95,532.24,36.81,122.58,0.3047,-1,-1,-1
288,77,1304.35,535.25,33.93,118.26,0.1390,-1,-1,-1
289,44,201.59,607.28,42.90,120.84,0.3893,-1,-1,-1
289,66,38.53,615.14,51.24,113.84,0.5697,-1,-1,-1
289,83,1821.70,545.21,67.18,198.05,0.7279,-1,-1,-1
290,44,203.32,605.89,45.86,122.89,0.4323,-1,-1,-1
290,66,40.23,613.14,52.41,116.03,0.6098,-1,-1,-1
290,83,1835.88,543.57,71.91,199.91,0.7608,-1,-1,-1
291,44,206.09,608.60,37.07,119.79,0.2016,-1,-1,-1
291,66,42.45,614.21,54.24,118.40,0.6152,-1,-1,-1
291,83,1851.78,539.82,65.02,204.24,0.7573,-1,-1,-1
291,74,1211.01,521.13,40.07,79.95,0.3751,-1,-1,-1
292,44,209.45,609.17,50.42,122.99,0.3703,-1,-1,-1
292,66,43.17,613.41,54.48,121.50,0.6634,-1,-1,-1
292,83,1865.13,540.31,60.66,206.09,0.7129,-1,-1,-1
292,74,1213.28,519.84,45.97,80.35,0.3507,-1,-1,-1
293,44,213.69,611.60,50.41,123.80,0.4317,-1,-1,-1
293,66,44.84,615.16,54.01,123.17,0.6508,-1,-1,-1
293,83,1880.60,540.72,47.48,208.70,0.6244,-1,-1,-1
293,74,1218.71,519.30,45.12,82.76,0.1715,-1,-1,-1
294,44,215.61,612.05,50.14,124.42,0.4650,-1,-1,-1
294,66,45.90,618.59,54.23,121.61,0.6003,-1,-1,-1
294,74,1235.78,518.61,39.21,85.69,0.1236,-1,-1,-1
295,44,214.67,614.05,45.39,123.52,0.4390,-1,-1,-1
295,66,46.15,620.33,55.89,120.19,0.6144,-1,-1,-1
296,44,215.56,613.70,46.31,124.41,0.4413,-1,-1,-1
296,66,48.57,620.47,57.08,119.15,0.5635,-1,-1,-1
297,44,221.67,614.29,45.28,124.15,0.3719,-1,-1,-1
297,66,49.82,620.74,57.63,119.89,0.6090,-1,-1,-1
297,86,1382.89,555.49,40.10,109.14,0.4537,-1,-1,-1
298,44,225.37,611.82,46.50,126.23,0.4184,-1,-1,-1
298,66,50.89,620.50,57.38,119.92,0.6082,-1,-1,-1
298,86,1389.77,546.91,41.91,118.72,0.4214,-1,-1,-1
298,87,1351.86,534.52,43.17,137.57,0.4125,-1,-1,-1
298,88,217.55,613.01,38.06,126.90,0.3675,-1,-1,-1
299,44,227.80,614.50,45.84,124.38,0.4652,-1,-1,-1
299,66,51.26,621.95,57.18,119.20,0.6155,-1,-1,-1
299,86,1395.78,541.52,50.06,125.56,0.1875,-1,-1,-1
299,87,1354.86,533.66,49.95,146.93,0.3324,-1,-1,-1
299,88,218.36,615.95,37.30,124.60,0.3655,-1,-1,-1
300,44,229.37,614.63,48.05,125.35,0.4987,-1,-1,-1
300,66,50.84,620.43,57.83,122.36,0.5867,-1,-1,-1
300,86,1400.25,548.15,52.26,125.61,0.3037,-1,-1,-1
300,87,1357.56,534.02,51.93,136.18,0.1115,-1,-1,-1
300,88,219.77,615.73,35.54,124.30,0.2404,-1,-1,-1
301,44,229.85,616.15,49.84,126.00,0.4830,-1,-1,-1
301,66,50.69,623.24,56.39,122.48,0.5044,-1,-1,-1
301,86,1405.97,564.45,51.25,121.85,0.2949,-1,-1,-1
301,87,1359.87,530.69,46.38,103.64,0.4175,-1,-1,-1
301,88,221.41,617.02,34.82,123.82,0.2701,-1,-1,-1
302,44,229.68,614.36,50.18,128.47,0.4957,-1,-1,-1
302,66,50.25,622.55,57.33,123.63,0.4920,-1,-1,-1
302,87,1363.62,532.39,46.90,91.80,0.2227,-1,-1,-1
302,88,221.60,615.59,40.08,127.57,0.2472,-1,-1,-1
302,90,49.75,623.79,37.64,122.18,0.4308,-1,-1,-1
303,44,228.70,620.81,50.61,127.46,0.4471,-1,-1,-1
303,66,47.73,627.70,56.45,123.78,0.4652,-1,-1,-1
303,87,1371.47,536.70,44.20,87.28,0.2815,-1,-1,-1
303,88,220.47,621.35,40.72,126.63,0.3074,-1,-1,-1
303,90,46.25,627.97,39.84,122.74,0.3949,-1,-1,-1
303,91,1292.53,525.72,35.35,93.90,0.3426,-1,-1,-1
304,44,229.17,621.73,50.15,127.06,0.5148,-1,-1,-1
304,66,47.73,627.38,55.67,123.68,0.4480,-1,-1,-1
304,87,1378.91,543.14,35.71,82.11,0.2596,-1,-1,-1
304,88,221.31,622.36,40.99,126.73,0.2287,-1,-1,-1
304,90,47.46,627.54,38.86,122.90,0.4168,-1,-1,-1
304,91,1299.16,531.09,33.78,94.87,0.1326,-1,-1,-1
305,44,228.50,627.59,50.93,125.63,0.4841,-1,-1,-1
305,66,49.14,634.78,57.71,119.51,0.4621,-1,-1,-1
305,87,1385.93,544.26,35.14,82.12,0.1705,-1,-1,-1
305,88,224.96,627.58,39.49,120.18,0.2962,-1,-1,-1
305,90,47.31,634.44,41.49,121.91,0.4015,-1,-1,-1
305,91,1306.52,532.80,36.25,95.17,0.3244,-1,-1,-1
306,44,229.78,627.45,50.21,126.26,0.4850,-1,-1,-1
306,66,48.32,635.54,57.51,117.86,0.4345,-1,-1,-1
306,88,226.57,627.25,36.25,118.54,0.2691,-1,-1,-1
306,90,46.53,634.70,40.21,119.99,0.4016,-1,-1,-1
306,91,1314.79,535.14,44.69,97.97,0.1204,-1,-1,-1
307,44,229.46,627.11,50.21,127.85,0.4913,-1,-1,-1
307,66,46.67,635.03,59.01,120.54,0.4808,-1,-1,-1
307,88,226.45,626.80,37.10,120.42,0.2700,-1,-1,-1
307,90,46.22,635.33,38.59,122.16,0.3088,-1,-1,-1
307,91,1333.15,530.85,44.54,105.16,0.4425,-1,-1,-1
308,44,228.38,630.60,48.71,130.34,0.4620,-1,-1,-1
308,66,45.30,638.94,61.05,125.04,0.5546,-1,-1,-1
308,88,223.22,631.32,39.37,127.52,0.2090,-1,-1,-1
308,90,45.15,640.44,40.58,122.60,0.3803,-1,-1,-1
308,91,1343.14,528.35,42.49,109.25,0.3948,-1,-1,-1
309,44,227.54,627.55,47.60,132.58,0.4384,-1,-1,-1
309,66,44.92,636.37,60.95,126.38,0.6164,-1,-1,-1
309,88,222.36,628.36,40.35,131.73,0.2864,-1,-1,-1
309,90,44.48,637.08,54.44,125.49,0.6164,-1,-1,-1
309,91,1354.99,530.98,39.06,109.16,0.2693,-1,-1,-1
310,44,226.32,630.40,49.14,132.84,0.4357,-1,-1,-1
310,66,43.73,638.93,61.35,126.56,0.5955,-1,-1,-1
310,88,221.56,631.53,40.90,131.81,0.2861,-1,-1,-1
310,90,43.32,639.29,59.68,126.33,0.5955,-1,-1,-1
310,91,1364.33,532.67,35.72,107.79,0.2342,-1,-1,-1
311,44,228.24,631.66,52.40,132.90,0.3678,-1,-1,-1
311,66,41.59,641.05,62.89,126.80,0.6292,-1,-1,-1
311,88,224.11,632.93,42.43,130.99,0.3479,-1,-1,-1
311,90,41.18,641.30,63.18,126.77,0.6292,-1,-1,-1
311,91,1365.37,529.72,40.17,114.73,0.3285,-1,-1,-1
312,44,226.95,630.52,52.64,133.51,0.3833,-1,-1,-1
312,66,40.34,640.90,62.42,126.61,0.5799,-1,-1,-1
312,88,222.65,631.67,39.51,130.43,0.2770,-1,-1,-1
312,90,39.92,641.09,63.53,126.64,0.5799,-1,-1,-1
312,91,1367.84,532.37,44.33,114.53,0.1288,-1,-1,-1
313,44,228.22,635.21,55.11,133.19,0.3625,-1,-1,-1
313,66,39.11,643.32,63.57,128.68,0.6416,-1,-1,-1
313,88,222.47,634.84,36.86,129.33,0.2019,-1,-1,-1
313,90,38.71,643.47,64.85,128.75,0.6416,-1,-1,-1
313,91,1373.46,530.87,40.87,125.26,0.1181,-1,-1,-1
314,44,228.04,637.80,52.43,134.28,0.3736,-1,-1,-1
314,66,37.95,645.10,61.98,128.74,0.5439,-1,-1,-1
314,88,221.29,637.62,38.65,132.55,0.2255,-1,-1,-1
314,90,37.59,645.23,63.33,128.79,0.5439,-1,-1,-1
314,91,1381.51,530.10,40.41,108.76,0.1500,-1,-1,-1
315,44,228.11,636.81,51.29,136.13,0.4023,-1,-1,-1
315,66,37.25,644.38,60.51,129.06,0.5438,-1,-1,-1
315,88,220.92,636.41,39.73,135.34,0.2199,-1,-1,-1
315,90,36.94,644.50,61.76,129.11,0.5438,-1,-1,-1
315,91,1387.50,531.11,41.02,121.35,0.1089,-1,-1,-1
316,44,227.00,637.50,50.63,136.88,0.3843,-1,-1,-1
316,66,35.35,645.32,58.62,129.87,0.4176,-1,-1,-1
316,88,220.11,637.28,41.76,136.97,0.2981,-1,-1,-1
316,90,35.10,645.42,59.78,129.91,0.4176,-1,-1,-1
316,91,1392.92,533.57,41.57,136.57,0.1376,-1,-1,-1
316,95,1392.80,576.95,48.27,151.17,0.4471,-1,-1,-1
317,44,226.59,638.15,50.69,137.07,0.4154,-1,-1,-1
317,66,34.85,645.81,56.40,130.74,0.3997,-1,-1,-1
317,88,219.54,637.74,44.53,137.66,0.2779,-1,-1,-1
317,90,34.61,645.90,57.44,130.78,0.3997,-1,-1,-1
317,91,1396.93,537.35,43.90,140.46,0.1394,-1,-1,-1
317,95,1395.96,553.89,55.58,182.57,0.4398,-1,-1,-1
318,44,226.49,639.77,48.54,136.15,0.3959,-1,-1,-1
318,66,34.32,647.07,56.06,131.32,0.4660,-1,-1,-1
318,88,220.83,638.41,41.66,135.34,0.2606,-1,-1,-1
318,90,34.12,647.15,56.95,131.35,0.4660,-1,-1,-1
318,91,1399.90,539.26,45.56,177.83,0.1060,-1,-1,-1
318,95,1398.68,554.26,60.51,186.22,0.4633,-1,-1,-1
319,44,226.69,641.09,50.78,136.05,0.3736,-1,-1,-1
319,66,33.16,648.23,55.01,131.47,0.4419,-1,-1,-1
319,88,219.50,639.65,45.16,136.65,0.2059,-1,-1,-1
319,90,32.98,648.31,55.79,131.48,0.4419,-1,-1,-1
319,91,1402.72,535.83,46.68,176.65,0.1027,-1,-1,-1
319,95,1400.50,576.57,59.38,167.09,0.4030,-1,-1,-1
319,86,1520.12,587.87,48.54,139.19,0.3924,-1,-1,-1
320,44,225.88,641.04,52.03,138.06,0.4202,-1,-1,-1
320,66,29.91,648.01,57.45,133.46,0.4502,-1,-1,-1
320,88,218.66,639.10,48.02,140.21,0.2476,-1,-1,-1
320,90,29.78,648.08,58.09,133.48,0.4502,-1,-1,-1
320,95,1403.18,588.00,58.20,157.12,0.2552,-1,-1,-1
320,86,1525.32,590.16,48.03,134.56,0.4288,-1,-1,-1
321,44,224.93,639.97,53.15,140.14,0.4290,-1,-1,-1
321,66,27.03,648.35,59.62,135.29,0.5092,-1,-1,-1
321,88,222.21,639.31,51.94,141.06,0.4290,-1,-1,-1
321,90,26.92,648.41,60.19,135.31,0.5092,-1,-1,-1
321,95,1404.01,597.88,59.60,147.95,0.3550,-1,-1,-1
321,86,1531.26,594.45,47.52,129.96,0.4018,-1,-1,-1
322,44,223.99,638.34,53.68,142.15,0.4616,-1,-1,-1
322,66,24.52,648.38,60.20,136.21,0.4720,-1,-1,-1
322,88,223.03,638.15,53.57,142.56,0.4616,-1,-1,-1
322,90,24.41,648.43,60.71,136.22,0.4720,-1,-1,-1
322,95,1404.87,605.84,62.47,141.44,0.3369,-1,-1,-1
322,86,1534.75,589.51,54.69,136.71,0.5018,-1,-1,-1
323,44,216.62,636.55,49.39,144.61,0.3490,-1,-1,-1
323,66,21.18,647.89,61.20,137.71,0.5179,-1,-1,-1
323,88,222.65,636.18,54.80,145.28,0.3646,-1,-1,-1
323,90,20.78,648.29,49.84,135.13,0.3470,-1,-1,-1
323,95,1405.32,596.07,67.07,152.98,0.4150,-1,-1,-1
323,86,1539.83,585.92,56.71,141.19,0.5776,-1,-1,-1
324,44,218.13,634.50,54.89,144.26,0.3513,-1,-1,-1
324,66,17.25,646.12,61.39,138.31,0.5101,-1,-1,-1
324,88,215.70,634.26,50.15,145.14,0.3555,-1,-1,-1
324,90,17.00,646.30,57.99,137.34,0.5101,-1,-1,-1
324,95,1406.67,603.32,70.58,146.41,0.2117,-1,-1,-1
324,86,1543.39,589.82,56.94,137.60,0.5380,-1,-1,-1
325,44,219.44,633.93,55.81,146.44,0.3881,-1,-1,-1
325,66,14.74,646.95,62.03,137.22,0.5181,-1,-1,-1
325,88,212.88,633.84,48.29,147.62,0.3625,-1,-1,-1
325,90,14.59,647.03,60.98,136.87,0.5181,-1,-1,-1
325,95,1413.25,598.55,68.05,151.55,0.5530,-1,-1,-1
325,86,1548.50,603.84,53.63,126.93,0.4965,-1,-1,-1
326,44,219.45,635.27,54.90,146.58,0.4113,-1,-1,-1
326,66,11.16,647.64,61.49,137.28,0.5601,-1,-1,-1
326,88,211.93,636.50,45.44,146.18,0.3598,-1,-1,-1
326,90,11.06,647.69,61.41,137.17,0.5601,-1,-1,-1
326,95,1414.90,599.47,65.60,150.44,0.5391,-1,-1,-1
326,86,1551.33,595.91,51.51,136.15,0.4850,-1,-1,-1
327,44,214.80,636.19,56.77,144.58,0.4917,-1,-1,-1
327,66,8.18,645.99,61.25,137.42,0.6158,-1,-1,-1
327,88,211.69,634.62,42.01,143.49,0.2101,-1,-1,-1
327,90,8.10,646.03,61.51,137.40,0.6158,-1,-1,-1
327,95,1417.51,600.26,63.71,150.43,0.6185,-1,-1,-1
327,86,1555.40,600.96,52.36,132.92,0.4788,-1,-1,-1
327,98,1780.80,539.62,40.23,111.90,0.4470,-1,-1,-1
328,44,209.36,638.22,60.90,146.99,0.4099,-1,-1,-1
328,66,5.73,652.30,61.04,134.46,0.6030,-1,-1,-1
328,88,206.70,636.20,43.42,143.06,0.2854,-1,-1,-1
328,90,5.65,652.33,61.40,134.46,0.6030,-1,-1,-1
328,95,1418.77,596.62,65.13,154.44,0.6021,-1,-1,-1
328,86,1558.88,593.54,53.24,140.86,0.3883,-1,-1,-1
328,98,1786.46,540.31,40.24,117.54,0.5422,-1,-1,-1
329,44,209.31,632.83,60.04,147.25,0.1612,-1,-1,-1
329,66,7.80,648.27,54.26,135.42,0.4845,-1,-1,-1
329,88,202.18,631.20,46.07,148.30,0.3333,-1,-1,-1
329,90,7.69,648.29,54.68,135.44,0.4845,-1,-1,-1
329,95,1419.18,597.49,64.45,152.93,0.5802,-1,-1,-1
329,86,1562.50,588.02,53.37,148.97,0.4984,-1,-1,-1
329,98,1792.15,539.49,43.41,123.08,0.2188,-1,-1,-1
330,44,202.88,632.12,53.45,149.80,0.3513,-1,-1,-1
330,66,5.11,651.19,51.82,132.47,0.5153,-1,-1,-1
330,88,200.25,631.53,48.46,150.24,0.3513,-1,-1,-1
330,90,5.04,651.21,52.17,132.49,0.5153,-1,-1,-1
330,95,1421.86,597.12,60.89,154.24,0.5070,-1,-1,-1
330,86,1563.11,587.06,57.26,155.47,0.4764,-1,-1,-1
330,98,1797.31,540.81,44.80,123.15,0.4914,-1,-1,-1
331,44,197.85,631.41,50.77,152.30,0.3487,-1,-1,-1
331,66,3.23,651.11,50.88,132.76,0.5149,-1,-1,-1
331,88,197.02,631.23,49.35,152.52,0.3487,-1,-1,-1
331,90,3.16,651.13,51.17,132.78,0.5149,-1,-1,-1
331,95,1427.61,596.33,57.63,154.51,0.6447,-1,-1,-1
331,86,1566.82,589.66,57.17,148.25,0.3406,-1,-1,-1
331,98,1802.34,535.74,49.30,126.85,0.5363,-1,-1,-1
332,44,188.22,628.25,48.62,154.13,0.2861,-1,-1,-1
332,66,1.38,646.80,47.01,132.99,0.5161,-1,-1,-1
332,88,192.84,628.71,50.35,152.27,0.3297,-1,-1,-1
332,90,1.32,646.81,47.28,133.00,0.5161,-1,-1,-1
332,95,1430.05,599.83,56.67,151.11,0.6267,-1,-1,-1
332,86,1571.13,593.75,56.41,142.00,0.4262,-1,-1,-1
332,98,1805.43,534.10,49.10,127.68,0.3528,-1,-1,-1
333,44,186.46,627.31,60.21,154.33,0.3902,-1,-1,-1
333,66,-0.50,645.87,44.19,133.41,0.5680,-1,-1,-1
333,88,187.42,629.56,49.28,151.50,0.3672,-1,-1,-1
333,90,-0.56,645.88,44.41,133.42,0.5680,-1,-1,-1
333,95,1430.08,596.87,60.72,155.10,0.5239,-1,-1,-1
333,86,1573.40,578.97,56.53,159.45,0.3443,-1,-1,-1
333,98,1812.38,528.36,48.97,129.84,0.4402,-1,-1,-1
334,44,186.62,626.14,64.18,155.72,0.3376,-1,-1,-1
334,66,-0.75,646.16,39.55,132.44,0.5768,-1,-1,-1
334,88,181.68,630.72,45.22,150.99,0.3490,-1,-1,-1
334,90,-0.80,646.17,39.74,132.45,0.5768,-1,-1,-1
334,95,1424.19,594.48,67.74,157.86,0.5211,-1,-1,-1
334,86,1579.24,581.62,55.68,155.21,0.4692,-1,-1,-1
334,98,1819.27,524.06,49.51,130.35,0.5161,-1,-1,-1
335,44,181.29,626.41,57.52,153.67,0.1507,-1,-1,-1
335,66,-0.90,645.40,33.90,133.15,0.4921,-1,-1,-1
335,88,175.69,630.51,45.17,150.58,0.3750,-1,-1,-1
335,90,-0.95,645.41,34.06,133.16,0.4921,-1,-1,-1
335,95,1416.84,594.08,80.84,159.42,0.3427,-1,-1,-1
335,86,1583.29,587.11,57.39,148.35,0.3752,-1,-1,-1
335,98,1825.22,519.91,49.22,134.81,0.6376,-1,-1,-1
336,44,177.56,626.39,63.53,155.29,0.2351,-1,-1,-1
336,66,-0.57,647.69,29.46,133.87,0.5375,-1,-1,-1
336,88,174.73,628.80,44.59,154.12,0.3996,-1,-1,-1
336,90,-0.60,647.70,29.58,133.87,0.5375,-1,-1,-1
336,95,1418.82,589.36,84.78,163.60,0.5722,-1,-1,-1
336,86,1583.39,581.09,55.90,154.66,0.2107,-1,-1,-1
336,98,1828.39,514.32,52.64,136.66,0.5639,-1,-1,-1
337,44,175.07,627.95,56.66,158.62,0.4052,-1,-1,-1
337,66,-0.42,646.96,24.06,135.88,0.4218,-1,-1,-1
337,88,169.49,629.87,47.21,156.64,0.2282,-1,-1,-1
337,90,-0.45,646.97,24.15,135.88,0.4218,-1,-1,-1
337,95,1425.06,592.60,82.37,166.92,0.6618,-1,-1,-1
337,86,1577.10,549.69,64.02,197.97,0.4365,-1,-1,-1
337,98,1836.39,517.64,50.59,137.90,0.4645,-1,-1,-1
338,44,172.21,633.16,56.64,159.01,0.4139,-1,-1,-1
338,66,-0.59,660.71,23.94,131.34,0.1313,-1,-1,-1
338,88,165.75,634.60,48.86,155.86,0.2583,-1,-1,-1
338,90,-0.62,663.45,19.11,125.66,0.3363,-1,-1,-1
338,95,1428.83,592.96,85.72,167.15,0.5655,-1,-1,-1
338,86,1574.98,536.88,68.08,211.81,0.3700,-1,-1,-1
338,98,1841.76,517.57,50.86,134.26,0.5996,-1,-1,-1
339,44,168.14,637.77,57.89,158.27,0.4986,-1,-1,-1
339,88,165.44,637.52,45.00,155.75,0.2634,-1,-1,-1
339,95,1427.20,598.17,92.72,167.60,0.7191,-1,-1,-1
339,86,1580.06,536.52,69.89,223.24,0.5213,-1,-1,-1
339,98,1846.58,519.19,49.66,133.70,0.5667,-1,-1,-1
340,44,167.92,639.89,55.60,157.03,0.4730,-1,-1,-1
340,88,162.00,637.74,45.34,156.26,0.2607,-1,-1,-1
340,95,1430.33,597.28,93.02,169.53,0.7526,-1,-1,-1
340,86,1577.31,535.45,77.65,229.50,0.5742,-1,-1,-1
340,98,1850.36,518.17,50.24,132.69,0.5756,-1,-1,-1
341,44,177.77,639.43,53.23,157.44,0.3833,-1,-1,-1
341,88,156.49,640.03,45.84,160.54,0.3651,-1,-1,-1
341,95,1433.76,601.81,90.19,171.58,0.7355,-1,-1,-1
341,86,1591.11,545.17,63.03,226.36,0.3670,-1,-1,-1
341,98,1853.25,521.41,50.94,132.35,0.2683,-1,-1,-1
342,44,163.57,642.66,48.23,160.02,0.4898,-1,-1,-1
342,88,155.99,642.81,45.94,161.26,0.4898,-1,-1,-1
342,95,1426.71,603.27,93.01,175.42,0.6930,-1,-1,-1
342,86,1587.90,552.51,69.12,221.84,0.3157,-1,-1,-1
342,98,1861.49,522.59,46.81,133.66,0.2670,-1,-1,-1
343,44,150.28,649.04,49.56,161.75,0.5285,-1,-1,-1
343,88,148.11,649.09,48.96,162.28,0.5285,-1,-1,-1
343,95,1437.76,612.68,78.17,172.05,0.6041,-1,-1,-1
343,86,1576.69,549.42,82.01,229.79,0.4119,-1,-1,-1
343,98,1867.05,531.33,49.99,129.00,0.2874,-1,-1,-1
344,44,140.88,653.34,55.14,163.07,0.4860,-1,-1,-1
344,88,140.50,653.33,55.02,163.32,0.4860,-1,-1,-1
344,95,1441.42,617.81,73.29,171.67,0.6753,-1,-1,-1
344,86,1573.37,560.82,89.98,224.51,0.3273,-1,-1,-1
344,98,1875.25,534.99,45.23,130.84,0.4552,-1,-1,-1
345,44,136.44,659.67,54.07,164.14,0.3694,-1,-1,-1
345,88,136.60,659.66,54.32,164.27,0.3694,-1,-1,-1
345,95,1443.99,620.61,70.60,179.02,0.6134,-1,-1,-1
345,86,1572.25,584.79,67.03,192.16,0.3963,-1,-1,-1
345,98,1878.13,537.87,43.28,132.64,0.4705,-1,-1,-1
346,44,129.25,663.70,55.12,168.40,0.3676,-1,-1,-1
346,88,129.62,663.67,55.44,168.48,0.3676,-1,-1,-1
346,95,1441.83,623.53,69.03,181.79,0.5912,-1,-1,-1
346,86,1572.98,592.25,57.45,187.63,0.4138,-1,-1,-1
346,98,1880.35,536.54,41.18,138.98,0.4743,-1,-1,-1
347,44,119.57,669.35,56.21,170.06,0.4566,-1,-1,-1
347,88,120.05,669.33,56.52,170.12,0.4566,-1,-1,-1
347,95,1435.55,627.21,75.00,185.11,0.5993,-1,-1,-1
347,86,1573.44,595.42,57.62,192.16,0.5165,-1,-1,-1
347,98,1884.75,540.49,36.42,138.02,0.3244,-1,-1,-1
347,104,1362.10,580.89,62.24,194.78,0.3553,-1,-1,-1
348,44,117.07,671.04,55.86,170.52,0.5843,-1,-1,-1
348,88,117.48,671.01,56.18,170.56,0.5843,-1,-1,-1
348,95,1443.88,630.39,65.83,186.99,0.6564,-1,-1,-1
348,86,1574.96,598.99,61.67,190.22,0.5148,-1,-1,-1
348,104,1355.63,591.50,66.83,186.43,0.2938,-1,-1,-1
349,44,107.47,673.81,61.37,170.32,0.4650,-1,-1,-1
349,88,107.90,673.78,61.60,170.36,0.4650,-1,-1,-1
349,95,1444.73,634.17,67.83,190.67,0.6875,-1,-1,-1
349,86,1577.28,609.44,63.17,185.36,0.4367,-1,-1,-1
349,104,1355.27,598.82,63.74,182.09,0.4163,-1,-1,-1
349,105,1395.32,595.51,65.21,190.36,0.5119,-1,-1,-1
350,44,102.34,671.97,60.43,173.10,0.4883,-1,-1,-1
350,88,102.74,671.95,60.67,173.14,0.4883,-1,-1,-1
350,95,1443.76,638.38,75.10,191.12,0.6503,-1,-1,-1
350,86,1579.61,614.37,69.92,184.02,0.5738,-1,-1,-1
350,104,1356.39,604.91,65.23,179.94,0.4028,-1,-1,-1
350,105,1395.76,597.88,60.92,190.24,0.4075,-1,-1,-1
351,44,95.65,672.73,60.17,175.45,0.5600,-1,-1,-1
351,88,96.01,672.71,60.40,175.48,0.5600,-1,-1,-1
351,95,1441.34,643.88,81.50,189.30,0.7042,-1,-1,-1
351,86,1581.15,611.05,70.19,187.35,0.4102,-1,-1,-1
351,104,1354.94,607.95,70.02,178.10,0.4139,-1,-1,-1
351,105,1393.75,600.39,63.06,190.93,0.3519,-1,-1,-1
351,106,144.61,667.86,50.70,157.20,0.3899,-1,-1,-1
352,44,87.50,674.04,62.16,176.52,0.5697,-1,-1,-1
352,88,87.84,674.03,62.34,176.55,0.5697,-1,-1,-1
352,95,1432.29,649.20,92.03,190.23,0.6594,-1,-1,-1
352,86,1583.23,609.35,77.34,200.29,0.5264,-1,-1,-1
352,104,1357.20,607.29,66.09,182.22,0.4532,-1,-1,-1
352,105,1397.30,603.45,62.36,192.68,0.1297,-1,-1,-1
352,106,140.79,669.87,50.97,160.39,0.2834,-1,-1,-1
353,44,80.41,678.13,65.27,173.31,0.4339,-1,-1,-1
353,88,80.72,678.12,65.43,173.34,0.4339,-1,-1,-1
353,95,1435.06,651.76,93.01,191.67,0.6676,-1,-1,-1
353,86,1583.64,610.59,75.22,202.80,0.5756,-1,-1,-1
353,104,1357.02,605.14,64.92,186.39,0.4916,-1,-1,-1
353,105,1398.57,601.32,52.78,192.95,0.4510,-1,-1,-1
353,106,136.21,670.98,51.55,162.09,0.3596,-1,-1,-1
354,44,77.79,681.82,66.14,172.74,0.5197,-1,-1,-1
354,88,78.06,681.81,66.29,172.76,0.5197,-1,-1,-1
354,95,1442.92,655.65,86.53,195.74,0.6894,-1,-1,-1
354,86,1583.05,617.48,73.58,200.95,0.5588,-1,-1,-1
354,104,1349.77,605.74,69.18,188.39,0.4860,-1,-1,-1
354,105,1395.63,602.17,60.61,193.39,0.3477,-1,-1,-1
354,106,129.89,671.46,53.48,164.38,0.3777,-1,-1,-1
355,44,81.70,679.49,55.31,177.46,0.4127,-1,-1,-1
355,88,64.95,679.62,68.55,176.70,0.3523,-1,-1,-1
355,95,1444.87,657.45,85.07,196.64,0.6566,-1,-1,-1
355,86,1582.82,625.51,73.64,195.91,0.5786,-1,-1,-1
355,104,1349.29,607.41,64.67,190.18,0.4303,-1,-1,-1
355,105,1392.44,604.36,60.99,196.74,0.4293,-1,-1,-1
355,106,122.95,668.26,49.87,166.73,0.4648,-1,-1,-1
356,44,78.43,681.38,52.72,175.97,0.1332,-1,-1,-1
356,88,58.88,681.46,68.19,177.68,0.4241,-1,-1,-1
356,95,1441.65,659.05,91.91,198.66,0.6952,-1,-1,-1
356,86,1581.48,631.19,77.04,196.51,0.5770,-1,-1,-1
356,104,1347.64,604.89,63.82,195.15,0.3902,-1,-1,-1
356,105,1391.29,608.87,60.79,199.13,0.3672,-1,-1,-1
356,106,115.98,666.10,53.63,171.42,0.3936,-1,-1,-1
357,44,75.16,680.20,49.39,176.70,0.3899,-1,-1,-1
357,88,56.68,680.63,63.64,179.60,0.2621,-1,-1,-1
357,95,1445.90,665.33,88.53,198.20,0.7572,-1,-1,-1
357,86,1578.25,641.42,82.64,193.87,0.6404,-1,-1,-1
357,104,1347.73,590.86,58.58,209.99,0.3654,-1,-1,-1
357,105,1386.64,611.98,65.08,200.36,0.3771,-1,-1,-1
357,106,110.40,670.25,51.10,172.93,0.2815,-1,-1,-1
358,44,63.64,682.76,55.61,180.09,0.5443,-1,-1,-1
358,88,57.34,682.91,60.55,181.19,0.5443,-1,-1,-1
358,95,1448.74,670.37,84.33,194.98,0.7842,-1,-1,-1
358,86,1575.91,646.89,89.33,191.71,0.6255,-1,-1,-1
358,104,1349.65,595.69,52.69,204.57,0.4392,-1,-1,-1
358,105,1386.15,614.12,68.33,199.84,0.5231,-1,-1,-1
358,106,104.02,673.47,49.90,174.56,0.2296,-1,-1,-1
359,44,51.21,690.31,56.98,177.24,0.3690,-1,-1,-1
359,88,49.04,690.36,58.65,177.65,0.3690,-1,-1,-1
359,95,1450.16,679.33,80.62,193.68,0.6677,-1,-1,-1
359,86,1577.44,650.59,92.56,194.18,0.6683,-1,-1,-1
359,104,1346.33,594.42,53.37,191.45,0.4115,-1,-1,-1
359,105,1385.74,615.34,70.82,202.09,0.4642,-1,-1,-1
359,106,97.10,674.32,47.95,173.79,0.4345,-1,-1,-1
360,44,41.67,691.59,58.21,178.22,0.4084,-1,-1,-1
360,88,41.20,691.58,58.66,178.38,0.4084,-1,-1,-1
360,95,1452.88,684.48,76.43,193.73,0.7213,-1,-1,-1
360,86,1579.32,656.55,92.81,196.48,0.6186,-1,-1,-1
360,104,1342.55,594.44,56.30,208.62,0.5521,-1,-1,-1
360,105,1380.50,620.74,76.71,199.99,0.4151,-1,-1,-1
360,106,92.69,674.44,48.53,171.53,0.3972,-1,-1,-1
361,44,34.12,690.54,59.88,181.88,0.4913,-1,-1,-1
361,88,34.28,690.53,59.90,181.93,0.4913,-1,-1,-1
361,95,1454.20,686.38,72.58,197.82,0.7348,-1,-1,-1
361,86,1579.72,661.05,93.81,195.79,0.6780,-1,-1,-1
361,104,1341.56,593.37,55.02,209.16,0.4559,-1,-1,-1
361,105,1376.76,621.18,78.29,201.49,0.4502,-1,-1,-1
361,106,84.50,679.81,52.35,171.41,0.4341,-1,-1,-1
362,44,25.02,691.89,65.45,184.23,0.4408,-1,-1,-1
362,88,25.37,691.87,65.38,184.24,0.4408,-1,-1,-1
362,95,1453.86,685.71,75.33,203.76,0.7320,-1,-1,-1
362,86,1581.87,663.50,91.37,200.50,0.6443,-1,-1,-1
362,104,1341.31,597.97,54.58,218.22,0.5294,-1,-1,-1
362,105,1374.77,623.58,83.98,205.82,0.4946,-1,-1,-1
362,106,77.58,682.30,49.77,172.50,0.4968,-1,-1,-1
363,44,17.27,694.24,66.99,189.02,0.3859,-1,-1,-1
363,88,17.71,694.22,66.85,189.02,0.3859,-1,-1,-1
363,95,1454.53,682.15,75.36,215.00,0.7406,-1,-1,-1
363,86,1583.05,662.79,87.57,204.11,0.5625,-1,-1,-1
363,104,1339.62,599.30,55.36,221.28,0.5457,-1,-1,-1
363,105,1375.96,620.07,84.05,212.21,0.4929,-1,-1,-1
363,106,69.23,684.10,51.30,176.46,0.4350,-1,-1,-1
364,44,9.97,695.60,66.40,188.71,0.4325,-1,-1,-1
364,88,10.40,695.59,66.23,188.70,0.4325,-1,-1,-1
364,95,1452.46,688.07,80.41,220.44,0.7584,-1,-1,-1
364,86,1582.03,664.64,82.80,212.07,0.6292,-1,-1,-1
364,104,1337.95,608.02,55.43,207.20,0.3122,-1,-1,-1
364,105,1374.38,627.87,68.83,211.39,0.4714,-1,-1,-1
364,106,63.34,684.72,51.31,178.37,0.3715,-1,-1,-1
365,44,3.85,700.78,64.69,192.06,0.4497,-1,-1,-1
365,88,4.26,700.77,64.51,192.06,0.4497,-1,-1,-1
365,95,1449.55,692.08,88.47,221.28,0.6988,-1,-1,-1
365,86,1582.64,666.41,78.47,214.39,0.5975,-1,-1,-1
365,104,1340.91,623.35,52.02,211.11,0.2910,-1,-1,-1
365,105,1372.67,630.21,70.43,215.54,0.5356,-1,-1,-1
365,106,54.24,691.61,54.93,178.82,0.3847,-1,-1,-1
366,44,4.31,704.36,57.19,190.55,0.5091,-1,-1,-1
366,88,4.71,704.35,56.98,190.54,0.5091,-1,-1,-1
366,95,1448.46,697.02,94.18,223.58,0.7253,-1,-1,-1
366,86,1580.35,665.91,76.75,217.97,0.6737,-1,-1,-1
366,104,1339.69,631.57,51.28,212.46,0.3635,-1,-1,-1
366,105,1372.10,632.66,69.64,217.71,0.6042,-1,-1,-1
366,106,48.51,693.78,53.91,176.11,0.5618,-1,-1,-1
367,44,1.17,713.09,53.97,187.88,0.5156,-1,-1,-1
367,88,1.52,713.08,53.79,187.87,0.5156,-1,-1,-1
367,95,1451.97,704.38,93.26,222.73,0.7107,-1,-1,-1
367,86,1578.42,663.84,80.60,229.20,0.6498,-1,-1,-1
367,104,1335.81,638.97,50.45,178.89,0.4946,-1,-1,-1
367,105,1372.90,637.55,68.73,215.94,0.5760,-1,-1,-1
367,106,43.09,701.77,51.60,173.88,0.5367,-1,-1,-1
368,44,-1.45,715.75,48.40,190.32,0.4644,-1,-1,-1
368,88,-1.15,715.74,48.23,190.31,0.4644,-1,-1,-1
368,95,1455.12,710.70,92.12,223.81,0.7127,-1,-1,-1
368,86,1576.43,664.88,85.05,235.06,0.6304,-1,-1,-1
368,104,1333.96,644.48,49.82,170.65,0.4757,-1,-1,-1
368,105,1372.34,639.73,64.67,217.53,0.5891,-1,-1,-1
368,106,35.31,706.60,53.00,174.56,0.3835,-1,-1,-1
369,44,-1.80,716.75,43.91,195.39,0.4829,-1,-1,-1
369,88,-1.55,716.74,43.76,195.38,0.4829,-1,-1,-1
369,95,1459.51,711.23,90.73,227.87,0.5707,-1,-1,-1
369,86,1576.59,664.09,86.17,238.46,0.6316,-1,-1,-1
369,104,1329.84,645.58,54.86,195.88,0.5574,-1,-1,-1
369,105,1373.03,641.61,62.99,217.88,0.5802,-1,-1,-1
369,106,26.15,709.14,55.39,178.69,0.6029,-1,-1,-1
370,44,-2.01,719.63,33.81,195.57,0.3763,-1,-1,-1
370,88,-1.79,719.62,33.66,195.57,0.3763,-1,-1,-1
370,95,1460.26,715.31,92.44,230.25,0.6383,-1,-1,-1
370,86,1568.14,663.65,96.97,241.10,0.6565,-1,-1,-1
370,104,1326.86,645.53,57.99,211.67,0.3464,-1,-1,-1
370,105,1369.16,643.83,64.62,220.43,0.5170,-1,-1,-1
370,106,14.65,711.87,56.79,181.03,0.4460,-1,-1,-1
370,109,1505.25,576.56,42.58,67.49,0.3458,-1,-1,-1
371,44,-1.04,723.64,28.87,189.47,0.3568,-1,-1,-1
371,88,-0.89,723.63,28.78,189.47,0.3568,-1,-1,-1
371,95,1461.36,718.63,92.47,230.39,0.7186,-1,-1,-1
371,86,1560.73,666.12,107.78,239.19,0.6947,-1,-1,-1
371,104,1325.14,650.27,58.59,215.60,0.2765,-1,-1,-1
371,105,1366.54,645.06,66.86,222.43,0.4880,-1,-1,-1
371,106,9.17,714.37,55.90,185.28,0.5524,-1,-1,-1
371,109,1505.10,576.98,44.45,67.59,0.3103,-1,-1,-1
372,95,1460.94,720.10,94.06,232.44,0.7244,-1,-1,-1
372,86,1556.09,668.02,113.99,241.33,0.6669,-1,-1,-1
372,104,1326.14,654.56,60.79,211.63,0.1465,-1,-1,-1
372,105,1362.90,646.22,69.70,224.13,0.5200,-1,-1,-1
372,106,1.67,717.12,57.56,184.23,0.6471,-1,-1,-1
372,109,1505.37,578.93,45.29,65.53,0.2168,-1,-1,-1
373,95,1460.07,720.60,96.03,235.02,0.7239,-1,-1,-1
373,86,1559.26,670.55,113.09,244.26,0.6847,-1,-1,-1
373,104,1319.77,652.00,58.28,183.84,0.3113,-1,-1,-1
373,105,1360.06,648.60,71.99,224.57,0.4941,-1,-1,-1
373,106,-2.08,725.37,53.84,181.16,0.5496,-1,-1,-1
373,109,1506.46,578.12,42.56,65.77,0.2512,-1,-1,-1
374,95,1456.54,722.26,96.62,237.28,0.7138,-1,-1,-1
374,86,1558.79,675.63,113.33,244.48,0.6547,-1,-1,-1
374,104,1314.04,646.70,56.85,172.96,0.3208,-1,-1,-1
374,105,1358.31,652.26,73.81,223.57,0.5884,-1,-1,-1
374,106,-2.82,729.52,45.68,177.97,0.6577,-1,-1,-1
374,109,1506.26,580.33,42.11,63.61,0.1779,-1,-1,-1
375,95,1455.46,723.86,90.25,239.37,0.7044,-1,-1,-1
375,86,1560.17,674.58,109.30,245.87,0.6330,-1,-1,-1
375,104,1313.16,645.92,55.14,172.21,0.2546,-1,-1,-1
375,105,1357.13,655.57,76.73,222.85,0.5840,-1,-1,-1
375,106,-2.54,733.03,37.83,179.29,0.5737,-1,-1,-1
375,109,1504.65,576.13,45.06,66.38,0.1389,-1,-1,-1
375,110,1354.28,652.58,60.82,186.77,0.3550,-1,-1,-1
376,95,1455.78,725.49,84.44,241.58,0.7020,-1,-1,-1
376,86,1558.89,677.37,106.04,244.52,0.6108,-1,-1,-1
376,104,1312.38,645.14,52.59,169.22,0.1241,-1,-1,-1
376,105,1352.35,654.20,78.72,222.90,0.5088,-1,-1,-1
376,106,-2.15,734.90,26.86,174.91,0.5310,-1,-1,-1
376,109,1508.19,573.65,39.48,66.43,0.1570,-1,-1,-1
376,110,1350.21,652.93,63.01,184.58,0.4279,-1,-1,-1
376,111,1704.58,609.33,48.62,139.61,0.3564,-1,-1,-1
377,95,1455.55,725.61,82.75,246.37,0.6784,-1,-1,-1
377,86,1555.68,681.23,102.00,239.14,0.5969,-1,-1,-1
377,105,1347.14,650.69,85.26,226.71,0.5839,-1,-1,-1
377,109,1509.08,570.70,38.91,68.13,0.2670,-1,-1,-1
377,110,1346.14,650.92,66.34,190.89,0.2578,-1,-1,-1
377,111,1706.20,607.71,49.07,141.70,0.3297,-1,-1,-1
378,95,1456.41,726.30,81.03,252.57,0.6445,-1,-1,-1
378,86,1551.02,683.07,101.56,242.68,0.6499,-1,-1,-1
378,105,1341.54,648.20,86.98,231.13,0.4302,-1,-1,-1
378,109,1507.16,567.36,41.25,72.03,0.2609,-1,-1,-1
378,110,1341.47,648.55,62.88,187.74,0.3199,-1,-1,-1
378,111,1714.27,608.17,51.16,139.57,0.3550,-1,-1,-1
379,95,1456.16,726.35,79.80,259.93,0.6688,-1,-1,-1
379,86,1547.64,679.80,95.44,247.63,0.7072,-1,-1,-1
379,105,1335.49,648.45,80.62,228.99,0.1478,-1,-1,-1
379,109,1508.03,565.58,42.55,72.79,0.2091,-1,-1,-1
379,110,1336.83,648.22,63.08,183.71,0.3057,-1,-1,-1
379,111,1717.51,601.72,59.70,143.58,0.3526,-1,-1,-1
380,95,1454.31,725.77,79.81,266.21,0.6928,-1,-1,-1
380,86,1541.57,679.76,95.80,251.30,0.6643,-1,-1,-1
380,105,1330.94,648.14,67.55,195.86,0.4129,-1,-1,-1
380,109,1506.56,566.55,41.85,67.13,0.2344,-1,-1,-1
380,110,1331.52,647.83,61.51,179.68,0.4129,-1,-1,-1
380,111,1726.12,600.41,52.23,144.65,0.3179,-1,-1,-1
381,95,1452.70,726.85,87.65,268.70,0.7050,-1,-1,-1
381,86,1532.66,679.51,90.32,257.48,0.6150,-1,-1,-1
381,105,1327.21,647.49,61.39,186.24,0.4176,-1,-1,-1
381,109,1505.64,565.51,42.75,65.65,0.2876,-1,-1,-1
381,110,1327.46,647.21,59.83,181.84,0.4176,-1,-1,-1
381,111,1723.86,598.18,57.32,145.46,0.2683,-1,-1,-1
382,95,1449.94,731.00,89.79,269.66,0.6865,-1,-1,-1
382,86,1532.17,678.82,82.03,260.08,0.5855,-1,-1,-1
382,105,1323.04,648.31,59.06,182.88,0.6209,-1,-1,-1
382,109,1505.55,564.81,43.17,64.86,0.2947,-1,-1,-1
382,110,1323.18,648.07,58.91,182.41,0.6209,-1,-1,-1
382,111,1718.35,592.20,61.39,151.77,0.4632,-1,-1,-1
382,113,1444.83,559.64,44.53,82.93,0.3740,-1,-1,-1
383,95,1446.87,736.07,94.22,269.21,0.7161,-1,-1,-1
383,86,1528.34,684.60,82.24,254.21,0.5602,-1,-1,-1
383,105,1320.07,648.83,55.20,185.06,0.6668,-1,-1,-1
383,109,1505.40,563.54,44.33,65.97,0.3026,-1,-1,-1
383,110,1320.16,648.63,55.50,185.88,0.6668,-1,-1,-1
383,111,1713.78,593.52,56.87,148.86,0.3534,-1,-1,-1
383,113,1442.01,562.37,44.41,79.82,0.2836,-1,-1,-1
384,95,1443.61,739.92,99.14,271.17,0.7348,-1,-1,-1
384,86,1520.77,684.76,87.66,258.00,0.5851,-1,-1,-1
384,105,1316.73,647.95,52.96,186.73,0.6727,-1,-1,-1
384,109,1505.88,563.82,41.80,64.79,0.2674,-1,-1,-1
384,110,1316.80,647.78,53.33,187.96,0.6727,-1,-1,-1
384,111,1711.84,595.21,55.65,148.01,0.3830,-1,-1,-1
384,113,1439.30,562.17,46.20,80.09,0.3172,-1,-1,-1
385,95,1440.17,742.28,99.72,272.14,0.7481,-1,-1,-1
385,86,1517.52,687.98,90.57,253.99,0.6054,-1,-1,-1
385,109,1500.99,563.84,43.66,66.97,0.2936,-1,-1,-1
385,111,1715.13,592.83,65.49,153.46,0.4331,-1,-1,-1
385,113,1436.22,565.82,48.08,76.36,0.3919,-1,-1,-1
386,95,1434.46,745.73,97.17,274.47,0.7487,-1,-1,-1
386,86,1512.29,693.42,94.64,253.48,0.5701,-1,-1,-1
386,109,1495.19,560.41,47.60,72.51,0.3481,-1,-1,-1
386,111,1717.37,593.94,67.23,156.44,0.3018,-1,-1,-1
386,113,1433.05,561.89,47.09,81.13,0.3879,-1,-1,-1
386,104,1243.81,642.83,59.72,218.82,0.3640,-1,-1,-1
387,95,1431.71,745.99,93.67,275.64,0.7025,-1,-1,-1
387,86,1506.37,693.29,96.92,256.10,0.6553,-1,-1,-1
387,109,1492.82,555.59,51.02,75.43,0.4322,-1,-1,-1
387,111,1724.13,589.07,66.59,155.97,0.3177,-1,-1,-1
387,113,1428.87,555.56,48.84,83.54,0.2368,-1,-1,-1
387,104,1238.44,642.51,64.00,220.03,0.4951,-1,-1,-1
388,95,1428.50,747.40,91.93,280.89,0.6605,-1,-1,-1
388,86,1496.46,685.82,102.35,269.16,0.5974,-1,-1,-1
388,109,1489.03,558.15,54.35,75.23,0.3930,-1,-1,-1
388,111,1724.95,588.72,71.52,160.95,0.2883,-1,-1,-1
388,113,1428.45,563.16,42.88,74.34,0.2372,-1,-1,-1
388,104,1233.49,646.70,59.61,217.28,0.4926,-1,-1,-1
389,95,1425.87,748.01,93.05,287.95,0.5931,-1,-1,-1
389,86,1487.30,684.81,109.48,273.91,0.6406,-1,-1,-1
389,109,1487.39,562.46,53.94,72.61,0.2666,-1,-1,-1
389,111,1730.58,589.67,66.43,162.40,0.3028,-1,-1,-1
389,104,1219.75,646.08,65.91,219.88,0.4830,-1,-1,-1
390,95,1417.30,749.01,99.26,291.41,0.6095,-1,-1,-1
390,86,1484.59,689.00,108.77,269.49,0.5612,-1,-1,-1
390,109,1483.19,559.20,48.34,74.75,0.3224,-1,-1,-1
390,111,1734.61,589.17,61.98,161.33,0.2935,-1,-1,-1
390,104,1220.46,646.84,61.48,224.54,0.4834,-1,-1,-1
390,105,1274.64,644.12,58.69,223.86,0.4331,-1,-1,-1
391,95,1408.31,752.85,108.22,297.06,0.5774,-1,-1,-1
391,86,1480.65,707.13,108.42,250.47,0.5664,-1,-1,-1
391,109,1481.49,559.71,50.86,80.56,0.4340,-1,-1,-1
391,111,1735.38,604.44,57.00,156.53,0.2575,-1,-1,-1
391,104,1214.35,649.87,59.33,224.08,0.3407,-1,-1,-1
391,116,1530.95,564.01,45.21,83.36,0.3900,-1,-1,-1
391,105,1268.82,646.85,57.85,228.65,0.1207,-1,-1,-1
391,113,1413.82,555.55,44.92,88.18,0.5165,-1,-1,-1
392,95,1399.30,755.32,109.32,297.37,0.6735,-1,-1,-1
392,86,1471.01,707.93,112.13,251.56,0.5198,-1,-1,-1
392,109,1474.03,561.27,48.48,75.45,0.2623,-1,-1,-1
392,111,1734.28,593.03,57.49,169.18,0.3318,-1,-1,-1
392,104,1198.53,647.71,66.98,228.45,0.4906,-1,-1,-1
392,116,1525.33,560.37,43.79,90.50,0.3366,-1,-1,-1
392,105,1253.27,646.44,65.04,234.01,0.4927,-1,-1,-1
392,117,1339.13,553.06,52.33,112.53,0.3810,-1,-1,-1
392,113,1407.01,552.09,46.57,91.29,0.3670,-1,-1,-1
393,95,1393.61,761.06,111.27,297.88,0.6515,-1,-1,-1
393,86,1459.33,707.88,90.16,199.02,0.3620,-1,-1,-1
393,109,1469.23,563.08,49.25,78.39,0.5495,-1,-1,-1
393,111,1731.92,602.68,59.03,162.62,0.4079,-1,-1,-1
393,104,1189.88,647.15,67.93,231.77,0.4799,-1,-1,-1
393,116,1519.55,562.81,43.86,91.21,0.4266,-1,-1,-1
393,105,1238.50,649.14,69.56,243.38,0.2964,-1,-1,-1
393,117,1334.69,553.84,52.39,116.27,0.4282,-1,-1,-1
393,113,1402.68,552.04,45.11,93.93,0.2721,-1,-1,-1
394,95,1387.45,764.17,107.98,299.60,0.5831,-1,-1,-1
394,86,1447.42,706.49,82.34,186.71,0.1056,-1,-1,-1
394,109,1462.68,562.07,53.00,77.81,0.3512,-1,-1,-1
394,111,1730.08,603.55,57.00,159.86,0.4590,-1,-1,-1
394,104,1181.90,649.73,66.97,230.28,0.5015,-1,-1,-1
394,116,1516.41,563.43,43.54,91.93,0.3002,-1,-1,-1
394,117,1329.13,554.03,50.45,116.40,0.4489,-1,-1,-1
394,113,1387.98,549.53,53.79,96.82,0.4484,-1,-1,-1
395,95,1379.89,767.46,102.79,301.94,0.6790,-1,-1,-1
395,86,1441.58,709.59,82.78,234.18,0.5118,-1,-1,-1
395,109,1458.31,560.62,47.59,80.20,0.3552,-1,-1,-1
395,111,1727.99,600.40,56.59,165.25,0.4611,-1,-1,-1
395,104,1170.43,649.18,69.53,236.72,0.6525,-1,-1,-1
395,116,1509.27,563.43,43.52,88.19,0.3352,-1,-1,-1
395,117,1321.76,556.06,51.38,121.13,0.5622,-1,-1,-1
395,113,1385.82,548.67,50.71,96.87,0.5514,-1,-1,-1
396,95,1372.22,770.93,104.78,302.87,0.7461,-1,-1,-1
396,86,1432.14,706.11,85.43,245.93,0.4948,-1,-1,-1
396,109,1447.50,558.56,48.82,82.11,0.3514,-1,-1,-1
396,111,1726.23,598.12,57.14,169.87,0.4980,-1,-1,-1
396,104,1161.18,648.63,70.50,227.46,0.5778,-1,-1,-1
396,116,1502.41,561.54,42.99,87.55,0.2984,-1,-1,-1
396,117,1315.31,557.77,51.77,122.81,0.4676,-1,-1,-1
396,113,1381.94,547.86,46.97,98.81,0.4157,-1,-1,-1
397,95,1365.02,772.79,103.20,305.46,0.6440,-1,-1,-1
397,86,1419.57,713.73,86.93,257.46,0.4163,-1,-1,-1
397,109,1443.88,561.01,50.69,83.09,0.5600,-1,-1,-1
397,111,1723.53,600.68,56.41,168.94,0.5076,-1,-1,-1
397,104,1149.35,648.65,72.51,230.83,0.6025,-1,-1,-1
397,116,1495.81,562.46,44.86,89.60,0.4560,-1,-1,-1
397,117,1311.60,561.41,49.85,122.45,0.4727,-1,-1,-1
397,113,1373.00,549.43,45.80,98.31,0.4724,-1,-1,-1
398,95,1356.45,771.37,109.93,306.46,0.5333,-1,-1,-1
398,86,1410.40,716.98,75.83,250.92,0.2666,-1,-1,-1
398,109,1436.56,559.27,51.56,86.38,0.3245,-1,-1,-1
398,111,1717.20,604.32,56.23,165.65,0.4393,-1,-1,-1
398,104,1140.29,648.50,73.86,237.63,0.5449,-1,-1,-1
398,116,1491.01,561.81,44.57,93.20,0.1867,-1,-1,-1
398,117,1302.21,558.91,48.15,125.31,0.6488,-1,-1,-1
398,113,1366.21,550.53,47.07,96.43,0.4548,-1,-1,-1
399,95,1348.00,769.73,111.57,310.79,0.3335,-1,-1,-1
399,86,1403.15,707.46,72.99,196.16,0.2414,-1,-1,-1
399,109,1431.27,561.16,52.87,85.87,0.1094,-1,-1,-1
399,111,1713.12,604.84,58.70,163.64,0.4787,-1,-1,-1
399,104,1129.01,651.84,69.99,229.77,0.6109,-1,-1,-1
399,116,1480.60,558.63,44.60,94.26,0.3647,-1,-1,-1
399,117,1293.54,554.46,49.77,128.22,0.5964,-1,-1,-1
399,113,1354.17,544.80,48.21,100.37,0.2464,-1,-1,-1
400,95,1339.39,770.93,111.75,310.87,0.3856,-1,-1,-1
400,86,1383.97,715.25,74.74,164.72,0.4167,-1,-1,-1
400,109,1421.44,562.04,52.02,84.28,0.5254,-1,-1,-1
400,111,1710.98,608.84,65.40,162.65,0.3388,-1,-1,-1
400,104,1112.62,652.63,87.26,256.37,0.5451,-1,-1,-1
400,116,1472.09,559.16,44.76,94.17,0.4436,-1,-1,-1
400,117,1288.45,556.64,43.38,126.90,0.6083,-1,-1,-1
400,113,1347.80,547.01,45.31,100.33,0.5130,-1,-1,-1
401,95,1324.96,772.20,114.29,309.04,0.5653,-1,-1,-1
401,86,1374.74,723.08,68.76,151.41,0.3487,-1,-1,-1
401,109,1411.46,560.38,52.39,84.57,0.3437,-1,-1,-1
401,111,1707.01,610.05,60.52,161.58,0.3395,-1,-1,-1
401,104,1095.39,655.86,85.79,252.16,0.7007,-1,-1,-1
401,116,1464.56,558.70,44.44,92.31,0.3094,-1,-1,-1
401,117,1278.18,554.05,45.84,130.26,0.6619,-1,-1,-1
401,113,1339.84,545.43,45.16,101.52,0.4687,-1,-1,-1
402,95,1314.49,775.64,115.44,305.24,0.6448,-1,-1,-1
402,86,1363.47,721.25,63.89,148.53,0.2084,-1,-1,-1
402,109,1400.23,557.67,55.79,89.94,0.2987,-1,-1,-1
402,111,1702.73,610.14,68.89,166.11,0.1891,-1,-1,-1
402,104,1085.35,662.16,76.91,245.78,0.3817,-1,-1,-1
402,116,1454.94,556.50,45.33,96.56,0.3016,-1,-1,-1
402,117,1268.17,552.31,46.94,129.97,0.4939,-1,-1,-1
402,113,1325.48,541.02,49.49,107.63,0.4397,-1,-1,-1
403,95,1303.13,766.97,122.31,312.93,0.6407,-1,-1,-1
403,86,1341.35,726.77,71.41,143.71,0.2049,-1,-1,-1
403,109,1393.63,558.52,55.20,88.25,0.4315,-1,-1,-1
403,111,1697.60,611.71,66.87,170.09,0.2015,-1,-1,-1
403,104,1062.02,658.49,101.24,271.14,0.6647,-1,-1,-1
403,116,1445.99,556.90,49.35,98.79,0.3681,-1,-1,-1
403,117,1261.18,552.97,42.29,129.23,0.4628,-1,-1,-1
403,113,1315.06,541.68,50.92,106.54,0.5202,-1,-1,-1
404,95,1287.06,767.63,127.41,312.16,0.7311,-1,-1,-1
404,86,1330.35,722.15,66.20,140.18,0.1943,-1,-1,-1
404,109,1384.45,557.20,54.93,89.53,0.4260,-1,-1,-1
404,111,1693.94,610.85,70.12,173.86,0.1137,-1,-1,-1
404,104,1059.38,659.96,97.28,279.93,0.6716,-1,-1,-1
404,116,1435.54,559.78,48.07,92.95,0.4463,-1,-1,-1
404,117,1251.16,549.13,43.56,130.85,0.4947,-1,-1,-1
404,113,1308.65,542.32,47.86,106.50,0.5543,-1,-1,-1
405,95,1264.21,778.32,137.84,302.32,0.6210,-1,-1,-1
405,86,1316.28,725.14,60.90,133.81,0.2201,-1,-1,-1
405,109,1374.46,558.55,52.58,88.39,0.3299,-1,-1,-1
405,111,1688.47,610.54,73.85,179.70,0.1862,-1,-1,-1
405,104,1041.49,660.35,103.19,282.13,0.6304,-1,-1,-1
405,116,1425.13,559.73,46.96,94.66,0.4478,-1,-1,-1
405,117,1241.58,547.02,40.03,134.00,0.4920,-1,-1,-1
405,113,1296.82,541.52,49.13,108.58,0.4407,-1,-1,-1
406,95,1220.35,781.90,166.99,297.86,0.5779,-1,-1,-1
406,86,1296.76,725.29,63.30,130.62,0.3596,-1,-1,-1
406,109,1363.61,555.49,56.04,91.56,0.2645,-1,-1,-1
406,111,1688.61,607.06,69.58,183.29,0.1407,-1,-1,-1
406,104,1016.49,661.31,113.64,284.33,0.7467,-1,-1,-1
406,116,1415.13,556.85,47.01,95.65,0.3943,-1,-1,-1
406,117,1229.68,547.34,42.32,130.65,0.6197,-1,-1,-1
406,113,1289.61,541.58,45.74,106.52,0.6222,-1,-1,-1
407,95,1191.67,781.83,181.01,298.11,0.6123,-1,-1,-1
407,109,1352.22,557.31,49.66,91.72,0.3668,-1,-1,-1
407,111,1675.88,603.07,72.42,187.60,0.3394,-1,-1,-1
407,104,996.70,663.86,119.48,286.81,0.5517,-1,-1,-1
407,116,1404.27,553.98,47.03,102.04,0.4213,-1,-1,-1
407,117,1218.17,544.06,43.41,137.40,0.5248,-1,-1,-1
407,113,1278.99,546.88,44.21,103.11,0.5676,-1,-1,-1
408,95,1188.54,790.60,169.81,288.60,0.5678,-1,-1,-1
408,109,1340.82,558.74,47.57,89.49,0.3600,-1,-1,-1
408,111,1668.00,603.19,72.55,194.06,0.2403,-1,-1,-1
408,104,991.03,666.69,110.45,289.20,0.6287,-1,-1,-1
408,116,1394.33,555.90,45.04,97.73,0.4107,-1,-1,-1
408,117,1205.15,545.45,45.33,134.36,0.5757,-1,-1,-1
408,113,1267.27,543.93,43.48,104.94,0.6265,-1,-1,-1
409,95,1185.65,792.31,154.08,287.68,0.7033,-1,-1,-1
409,109,1328.42,558.26,46.37,91.54,0.3676,-1,-1,-1
409,111,1658.11,588.38,69.79,212.52,0.3448,-1,-1,-1
409,104,967.37,665.91,117.86,292.62,0.6842,-1,-1,-1
409,116,1381.96,553.22,45.42,102.92,0.4233,-1,-1,-1
409,117,1193.39,543.55,45.87,137.65,0.5569,-1,-1,-1
409,113,1252.38,546.23,47.30,104.69,0.4838,-1,-1,-1
410,95,1182.24,804.89,137.25,275.42,0.5441,-1,-1,-1
410,109,1317.74,558.42,42.37,90.02,0.3456,-1,-1,-1
410,111,1649.56,589.68,68.04,216.12,0.3474,-1,-1,-1
410,104,945.02,667.95,118.05,294.64,0.7119,-1,-1,-1
410,116,1371.57,550.53,43.91,107.06,0.3417,-1,-1,-1
410,117,1180.26,542.95,46.66,136.85,0.5673,-1,-1,-1
410,113,1239.61,542.85,48.00,106.93,0.5803,-1,-1,-1
411,95,1164.52,813.54,136.92,265.92,0.7390,-1,-1,-1
411,109,1304.95,557.96,46.44,92.43,0.4078,-1,-1,-1
411,111,1642.22,602.69,69.74,203.68,0.1268,-1,-1,-1
411,104,930.61,669.34,115.58,294.37,0.5428,-1,-1,-1
411,116,1357.45,550.34,46.59,107.36,0.4497,-1,-1,-1
411,117,1167.76,541.04,46.01,140.20,0.3982,-1,-1,-1
411,113,1227.50,544.36,47.39,107.54,0.5131,-1,-1,-1
412,95,1149.08,822.95,133.17,255.04,0.6996,-1,-1,-1
412,109,1292.72,556.61,43.95,92.93,0.3485,-1,-1,-1
412,111,1632.95,603.57,62.18,199.53,0.4097,-1,-1,-1
412,104,903.90,667.47,130.73,300.55,0.6780,-1,-1,-1
412,116,1345.38,552.38,44.23,103.24,0.5035,-1,-1,-1
412,117,1152.38,540.46,47.98,137.58,0.5157,-1,-1,-1
412,113,1215.09,540.51,44.92,110.56,0.5604,-1,-1,-1
413,95,1120.61,818.14,141.67,261.19,0.5992,-1,-1,-1
413,109,1279.51,555.70,41.95,94.11,0.4545,-1,-1,-1
413,111,1618.18,601.60,60.60,201.74,0.2243,-1,-1,-1
413,104,889.93,669.23,129.94,300.47,0.6614,-1,-1,-1
413,116,1331.19,550.30,43.94,107.50,0.4293,-1,-1,-1
413,117,1138.39,541.29,45.64,138.29,0.4519,-1,-1,-1
413,113,1198.65,538.07,46.61,115.58,0.5650,-1,-1,-1
414,95,1111.03,824.76,130.75,254.78,0.6701,-1,-1,-1
414,109,1265.71,553.21,43.82,97.65,0.4608,-1,-1,-1
414,104,866.56,671.26,120.33,302.30,0.7009,-1,-1,-1
414,116,1318.03,551.69,45.52,105.08,0.4727,-1,-1,-1
414,117,1124.79,548.55,47.98,122.85,0.2784,-1,-1,-1
414,113,1182.67,538.23,48.89,115.62,0.6610,-1,-1,-1
415,95,1080.06,822.81,138.30,256.47,0.5636,-1,-1,-1
415,109,1252.10,556.08,49.16,94.25,0.4585,-1,-1,-1
415,104,840.08,671.69,120.48,304.95,0.7166,-1,-1,-1
415,116,1304.54,550.30,44.15,108.24,0.5070,-1,-1,-1
415,117,1110.09,545.61,47.24,130.20,0.4881,-1,-1,-1
415,113,1165.75,536.16,51.10,117.78,0.6299,-1,-1,-1
416,95,1065.61,827.19,131.07,250.00,0.6422,-1,-1,-1
416,109,1237.73,553.99,44.01,94.89,0.4522,-1,-1,-1
416,104,814.17,672.23,114.39,307.76,0.7553,-1,-1,-1
416,116,1287.88,551.38,46.86,106.16,0.4722,-1,-1,-1
416,117,1095.02,539.22,48.79,138.56,0.5351,-1,-1,-1
416,113,1148.49,535.18,51.60,118.26,0.5831,-1,-1,-1
417,95,1029.20,830.69,142.14,246.52,0.5397,-1,-1,-1
417,109,1222.31,554.68,46.55,93.58,0.4343,-1,-1,-1
417,104,785.44,674.79,113.17,308.80,0.7304,-1,-1,-1
417,116,1274.23,551.39,44.55,107.23,0.3935,-1,-1,-1
417,117,1081.46,539.02,48.75,132.31,0.4162,-1,-1,-1
417,113,1134.13,533.35,53.07,118.73,0.5393,-1,-1,-1
418,95,1015.96,833.80,130.52,245.04,0.6615,-1,-1,-1
418,109,1207.11,556.57,43.05,91.78,0.5133,-1,-1,-1
418,104,755.36,675.64,113.24,311.37,0.7946,-1,-1,-1
418,116,1256.99,551.70,44.50,106.66,0.4058,-1,-1,-1
418,117,1062.48,539.05,49.99,136.41,0.4719,-1,-1,-1
418,113,1117.04,531.52,55.76,118.82,0.7112,-1,-1,-1
418,123,1796.74,583.38,84.71,199.03,0.4687,-1,-1,-1
418,124,1621.32,604.63,72.28,173.46,0.4241,-1,-1,-1
419,95,1004.31,836.44,116.51,242.86,0.6643,-1,-1,-1
419,109,1192.20,551.90,41.55,95.25,0.5641,-1,-1,-1
419,104,720.46,676.67,120.47,315.30,0.7996,-1,-1,-1
419,116,1240.71,549.81,46.28,106.15,0.3749,-1,-1,-1
419,117,1047.02,538.81,50.53,134.06,0.4720,-1,-1,-1
419,113,1101.65,530.84,52.90,118.55,0.5705,-1,-1,-1
419,123,1779.82,575.92,95.51,209.58,0.4980,-1,-1,-1
419,124,1608.18,610.94,75.69,168.86,0.5803,-1,-1,-1
420,95,976.17,837.54,116.86,242.21,0.7124,-1,-1,-1
420,109,1176.86,552.48,45.27,94.12,0.5381,-1,-1,-1
420,104,688.67,679.29,125.75,315.94,0.7663,-1,-1,-1
420,116,1225.23,551.77,45.84,105.88,0.3605,-1,-1,-1
420,117,1032.12,533.05,51.02,135.73,0.4455,-1,-1,-1
420,113,1088.58,530.90,51.89,116.73,0.6096,-1,-1,-1
420,123,1767.26,575.04,78.02,202.25,0.6185,-1,-1,-1
420,124,1590.74,613.18,78.23,166.24,0.4450,-1,-1,-1
420,125,904.57,782.83,110.00,296.96,0.5557,-1,-1,-1
421,95,946.97,835.78,118.27,244.36,0.6579,-1,-1,-1
421,109,1160.10,553.35,45.95,94.80,0.5058,-1,-1,-1
421,104,657.88,680.54,129.01,317.94,0.7828,-1,-1,-1
421,116,1206.88,550.45,46.51,107.30,0.4579,-1,-1,-1
421,117,1011.68,535.48,52.22,138.35,0.5131,-1,-1,-1
421,113,1071.07,531.58,54.12,117.15,0.6502,-1,-1,-1
421,123,1752.33,577.64,70.07,202.69,0.6453,-1,-1,-1
421,124,1580.05,611.70,77.66,168.03,0.4711,-1,-1,-1
421,125,872.21,773.09,118.14,307.17,0.3357,-1,-1,-1
422,95,915.55,843.05,120.66,236.78,0.7687,-1,-1,-1
422,109,1142.84,551.62,44.27,95.14,0.4906,-1,-1,-1
422,104,625.38,679.23,138.43,325.65,0.8119,-1,-1,-1
422,116,1189.15,547.66,49.22,109.71,0.3941,-1,-1,-1
422,117,990.08,529.16,57.35,142.86,0.5408,-1,-1,-1
422,113,1052.46,529.54,53.05,117.10,0.5807,-1,-1,-1
422,123,1732.83,579.33,73.96,203.04,0.2692,-1,-1,-1
422,124,1558.66,609.55,83.25,171.13,0.5048,-1,-1,-1
422,125,851.81,786.63,107.43,292.53,0.5142,-1,-1,-1
423,95,882.75,848.47,122.07,231.45,0.7497,-1,-1,-1
423,109,1124.00,552.18,48.39,94.95,0.3632,-1,-1,-1
423,104,597.60,682.30,136.88,325.36,0.7453,-1,-1,-1
423,116,1170.59,548.55,47.82,107.53,0.1543,-1,-1,-1
423,117,970.03,528.02,56.04,141.21,0.5009,-1,-1,-1
423,113,1032.16,528.20,56.76,119.00,0.5553,-1,-1,-1
423,123,1717.56,578.48,68.57,203.55,0.5409,-1,-1,-1
423,124,1549.80,608.18,72.32,171.29,0.6357,-1,-1,-1
423,125,816.77,799.59,108.68,278.71,0.5449,-1,-1,-1
424,95,855.48,855.91,118.29,224.13,0.7105,-1,-1,-1
424,109,1105.19,551.71,45.52,94.71,0.4101,-1,-1,-1
424,104,562.74,686.93,143.99,325.10,0.7652,-1,-1,-1
424,116,1154.29,546.63,47.56,110.97,0.1724,-1,-1,-1
424,117,953.21,527.00,53.68,140.29,0.5572,-1,-1,-1
424,113,1012.53,528.52,58.86,117.58,0.5796,-1,-1,-1
424,123,1694.71,573.75,69.39,206.43,0.5573,-1,-1,-1
424,124,1536.81,609.81,67.80,170.21,0.6043,-1,-1,-1
424,125,786.97,813.40,108.56,266.14,0.4699,-1,-1,-1
425,95,821.82,861.95,119.13,218.12,0.7476,-1,-1,-1
425,109,1085.31,552.38,46.02,95.64,0.2154,-1,-1,-1
425,104,522.71,687.24,149.31,329.61,0.7404,-1,-1,-1
425,117,933.20,526.05,54.40,142.03,0.4811,-1,-1,-1
425,113,993.72,527.85,57.14,120.72,0.5311,-1,-1,-1
425,123,1672.96,572.42,71.56,207.98,0.6589,-1,-1,-1
425,124,1520.39,609.38,66.15,169.70,0.6158,-1,-1,-1
425,125,752.95,806.61,108.41,272.30,0.5018,-1,-1,-1
426,95,790.11,867.43,118.40,212.58,0.7128,-1,-1,-1
426,109,1067.79,549.96,45.47,97.25,0.3570,-1,-1,-1
426,104,484.14,691.51,137.25,329.83,0.6080,-1,-1,-1
426,117,914.99,522.99,54.96,145.28,0.5140,-1,-1,-1
426,113,975.49,527.23,56.91,121.54,0.5633,-1,-1,-1
426,123,1654.15,575.94,71.09,203.16,0.6671,-1,-1,-1
426,124,1506.53,609.80,62.25,167.50,0.5682,-1,-1,-1
426,125,720.85,815.55,101.07,264.10,0.3794,-1,-1,-1
426,116,1111.68,545.17,45.65,111.97,0.3401,-1,-1,-1
427,95,755.73,873.59,119.10,206.87,0.4977,-1,-1,-1
427,109,1045.92,551.58,47.02,98.71,0.2489,-1,-1,-1
427,104,440.81,696.52,168.03,333.68,0.6912,-1,-1,-1
427,117,895.10,526.23,55.25,140.85,0.4801,-1,-1,-1
427,113,956.67,529.90,54.93,121.29,0.5067,-1,-1,-1
427,123,1632.20,579.43,73.79,203.67,0.5688,-1,-1,-1
427,124,1488.65,608.93,64.98,170.40,0.5369,-1,-1,-1
427,125,675.59,820.15,120.26,259.56,0.2674,-1,-1,-1
427,116,1089.97,546.41,47.77,112.95,0.3189,-1,-1,-1
428,95,720.25,884.86,118.47,195.88,0.5370,-1,-1,-1
428,109,1024.64,551.51,47.87,102.93,0.2220,-1,-1,-1
428,104,406.31,700.53,176.45,340.08,0.5711,-1,-1,-1
428,117,868.94,528.62,60.28,142.23,0.5738,-1,-1,-1
428,113,936.92,530.83,55.95,123.84,0.5224,-1,-1,-1
428,123,1610.82,582.98,75.93,204.61,0.5802,-1,-1,-1
428,124,1470.74,609.20,65.34,172.55,0.4352,-1,-1,-1
428,125,627.74,833.11,127.26,230.02,0.3237,-1,-1,-1
428,116,1064.48,549.58,63.56,117.08,0.2101,-1,-1,-1
429,95,684.82,893.38,116.49,186.82,0.6580,-1,-1,-1
429,109,1001.05,553.86,51.94,101.77,0.1125,-1,-1,-1
429,104,382.75,703.75,145.32,323.38,0.4227,-1,-1,-1
429,117,852.04,530.93,54.88,137.84,0.4167,-1,-1,-1
429,113,917.53,531.01,54.43,125.45,0.4321,-1,-1,-1
429,123,1585.48,586.73,81.55,203.88,0.4164,-1,-1,-1
429,124,1453.11,610.42,69.13,178.43,0.4652,-1,-1,-1
429,125,585.07,847.08,125.68,211.05,0.4489,-1,-1,-1
429,116,1049.80,551.95,56.78,119.58,0.3356,-1,-1,-1
429,127,655.00,780.05,81.44,148.24,0.4406,-1,-1,-1
430,95,638.00,904.23,125.54,176.37,0.6652,-1,-1,-1
430,109,992.56,558.11,40.80,104.11,0.2613,-1,-1,-1
430,104,329.08,708.67,163.93,331.75,0.7221,-1,-1,-1
430,117,826.83,531.81,63.88,136.81,0.3031,-1,-1,-1
430,113,893.83,531.66,57.25,126.71,0.3252,-1,-1,-1
430,123,1561.22,588.26,80.99,202.36,0.6544,-1,-1,-1
430,124,1437.19,612.35,70.35,184.27,0.6185,-1,-1,-1
430,125,539.91,859.00,124.18,208.85,0.5320,-1,-1,-1
430,116,1028.21,555.38,53.13,121.05,0.4406,-1,-1,-1
430,127,616.87,789.09,82.17,161.95,0.4113,-1,-1,-1
430,111,1367.05,635.53,83.50,199.07,0.3547,-1,-1,-1
431,95,609.62,915.15,111.55,165.03,0.5316,-1,-1,-1
431,109,976.13,560.78,38.50,107.16,0.4600,-1,-1,-1
431,104,298.63,713.09,148.02,329.79,0.5726,-1,-1,-1
431,117,801.77,540.29,64.39,134.85,0.4177,-1,-1,-1
431,113,870.30,534.62,60.24,129.29,0.2371,-1,-1,-1
431,123,1540.22,592.86,83.28,205.27,0.4344,-1,-1,-1
431,124,1415.01,616.66,73.39,183.66,0.4846,-1,-1,-1
431,125,502.36,874.23,121.88,201.39,0.2179,-1,-1,-1
431,116,1011.33,560.42,48.79,121.68,0.4653,-1,-1,-1
431,127,565.24,798.26,89.87,175.07,0.3681,-1,-1,-1
431,111,1347.61,632.52,81.74,208.11,0.2745,-1,-1,-1
432,95,572.53,925.53,105.34,154.45,0.6391,-1,-1,-1
432,109,959.22,563.37,36.24,106.12,0.4745,-1,-1,-1
432,104,249.17,716.26,161.79,345.07,0.3326,-1,-1,-1
432,117,780.58,538.61,65.93,134.98,0.2819,-1,-1,-1
432,113,846.04,536.39,62.27,127.45,0.1403,-1,-1,-1
432,123,1516.20,592.82,84.36,206.01,0.6078,-1,-1,-1
432,124,1399.50,618.74,76.76,181.15,0.4413,-1,-1,-1
432,125,446.91,874.91,138.92,204.00,0.5054,-1,-1,-1
432,116,988.68,559.07,51.66,127.46,0.5241,-1,-1,-1
432,127,520.75,806.14,93.44,172.44,0.4851,-1,-1,-1
432,111,1328.58,634.12,82.46,214.95,0.3290,-1,-1,-1
433,95,528.92,937.20,107.18,143.37,0.6462,-1,-1,-1
433,109,938.84,566.28,34.72,105.29,0.4258,-1,-1,-1
433,104,210.70,724.73,156.98,332.05,0.5648,-1,-1,-1
433,117,758.27,539.98,62.41,137.16,0.4255,-1,-1,-1
433,113,824.06,539.42,60.46,125.97,0.1980,-1,-1,-1
433,123,1495.68,595.88,90.59,210.35,0.5098,-1,-1,-1
433,124,1380.81,625.21,79.96,180.31,0.3765,-1,-1,-1
433,125,356.05,874.78,185.37,205.79,0.6784,-1,-1,-1
433,116,964.53,561.70,54.91,130.62,0.4860,-1,-1,-1
433,127,480.70,814.51,87.98,162.93,0.5408,-1,-1,-1
433,111,1310.96,649.36,77.97,205.39,0.3046,-1,-1,-1
434,95,484.60,947.92,106.43,130.41,0.6239,-1,-1,-1
434,109,918.14,567.49,33.28,106.92,0.2724,-1,-1,-1
434,104,164.38,728.87,118.16,338.49,0.6667,-1,-1,-1
434,117,737.30,539.16,60.66,135.65,0.3649,-1,-1,-1
434,113,800.95,541.19,60.13,124.72,0.2698,-1,-1,-1
434,123,1474.48,595.34,82.34,210.83,0.5550,-1,-1,-1
434,124,1360.18,626.14,86.03,182.75,0.5637,-1,-1,-1
434,125,300.31,880.73,194.46,199.86,0.7393,-1,-1,-1
434,116,938.86,562.32,58.65,131.09,0.5065,-1,-1,-1
434,127,434.73,818.81,92.39,171.60,0.5505,-1,-1,-1
434,111,1285.24,635.43,90.33,223.42,0.4436,-1,-1,-1
435,95,434.57,960.21,109.76,118.84,0.6150,-1,-1,-1
435,109,895.80,567.24,33.65,112.72,0.3075,-1,-1,-1
435,104,115.54,734.34,103.98,341.82,0.6873,-1,-1,-1
435,117,716.05,541.90,62.41,133.32,0.3425,-1,-1,-1
435,113,781.35,544.78,57.61,123.33,0.1832,-1,-1,-1
435,123,1453.76,598.88,77.27,209.67,0.5298,-1,-1,-1
435,124,1342.03,629.25,84.37,181.60,0.5609,-1,-1,-1
435,125,259.74,888.58,187.44,191.94,0.7124,-1,-1,-1
435,116,906.07,563.93,69.70,134.00,0.1635,-1,-1,-1
435,127,389.37,826.60,99.73,170.10,0.5314,-1,-1,-1
435,111,1265.25,638.83,87.82,225.71,0.4014,-1,-1,-1
436,95,383.99,968.32,111.60,111.23,0.5863,-1,-1,-1
436,109,873.44,567.72,33.94,113.92,0.3414,-1,-1,-1
436,104,61.41,736.18,105.68,343.46,0.7330,-1,-1,-1
436,117,693.35,542.14,58.76,134.05,0.4105,-1,-1,-1
436,113,761.82,545.88,55.35,123.73,0.2433,-1,-1,-1
436,123,1430.77,600.43,75.10,209.11,0.6335,-1,-1,-1
436,124,1322.86,631.09,86.98,181.79,0.6079,-1,-1,-1
436,125,227.24,894.18,169.30,186.05,0.7745,-1,-1,-1
436,116,891.10,565.14,63.52,132.01,0.4337,-1,-1,-1
436,127,340.91,832.18,99.89,176.48,0.5250,-1,-1,-1
436,111,1241.44,639.11,85.39,230.37,0.5580,-1,-1,-1
437,95,332.89,977.88,103.06,101.22,0.5183,-1,-1,-1
437,109,847.21,568.53,37.79,118.14,0.3731,-1,-1,-1
437,104,7.80,739.79,124.18,342.39,0.7426,-1,-1,-1
437,117,672.09,547.70,60.42,132.33,0.3874,-1,-1,-1
437,113,738.61,543.77,55.48,129.41,0.1613,-1,-1,-1
437,123,1409.20,601.05,69.16,209.10,0.5367,-1,-1,-1
437,124,1301.60,633.35,89.07,182.70,0.6758,-1,-1,-1
437,125,180.57,903.65,165.17,176.97,0.7789,-1,-1,-1
437,116,875.61,567.72,57.66,131.22,0.4127,-1,-1,-1
437,127,292.43,843.22,98.19,174.71,0.5842,-1,-1,-1
437,111,1223.04,644.28,78.31,232.65,0.5706,-1,-1,-1
437,130,921.56,558.84,44.43,129.60,0.5288,-1,-1,-1
438,95,275.36,991.84,94.24,86.74,0.4964,-1,-1,-1
438,109,825.54,567.48,35.90,118.06,0.2865,-1,-1,-1
438,104,-14.25,739.26,87.28,303.21,0.4103,-1,-1,-1
438,117,649.14,547.25,62.09,133.27,0.5398,-1,-1,-1
438,113,716.51,544.77,54.75,131.47,0.2958,-1,-1,-1
438,123,1385.45,597.81,67.33,208.68,0.6426,-1,-1,-1
438,124,1282.27,631.69,85.49,184.56,0.5936,-1,-1,-1
438,125,127.40,912.24,161.31,167.69,0.7473,-1,-1,-1
438,116,856.12,567.21,57.15,133.06,0.4911,-1,-1,-1
438,127,242.97,841.27,98.76,188.93,0.4770,-1,-1,-1
438,111,1204.29,644.45,75.24,237.02,0.5704,-1,-1,-1
438,130,901.55,560.86,41.67,117.55,0.2840,-1,-1,-1
439,95,214.52,1001.97,96.37,76.81,0.5590,-1,-1,-1
439,109,795.07,566.28,45.21,118.92,0.2839,-1,-1,-1
439,117,626.77,548.02,61.75,134.57,0.4494,-1,-1,-1
439,113,692.51,546.18,54.90,131.19,0.3095,-1,-1,-1
439,123,1361.34,599.02,66.01,210.12,0.6038,-1,-1,-1
439,124,1263.44,632.44,79.57,183.66,0.5901,-1,-1,-1
439,125,70.21,920.66,157.96,159.05,0.7723,-1,-1,-1
439,116,834.17,567.54,55.10,134.45,0.4638,-1,-1,-1
439,127,193.15,849.14,97.46,186.87,0.2429,-1,-1,-1
439,111,1180.33,646.19,83.59,240.28,0.6064,-1,-1,-1
439,130,881.19,561.25,40.82,120.08,0.3217,-1,-1,-1
440,95,153.15,1014.64,100.51,65.33,0.3626,-1,-1,-1
440,109,768.22,567.03,46.54,119.35,0.2523,-1,-1,-1
440,117,601.90,551.86,53.56,130.13,0.6285,-1,-1,-1
440,113,670.04,545.69,53.91,133.42,0.3846,-1,-1,-1
440,123,1336.10,600.24,67.75,209.57,0.6070,-1,-1,-1
440,124,1242.82,633.76,79.84,189.93,0.5396,-1,-1,-1
440,125,5.84,931.19,161.15,149.17,0.7368,-1,-1,-1
440,116,811.97,568.76,53.15,136.60,0.4419,-1,-1,-1
440,127,136.37,860.99,96.39,184.53,0.4745,-1,-1,-1
440,111,1153.97,653.00,90.52,240.34,0.6821,-1,-1,-1
440,130,860.11,562.53,42.65,126.64,0.2598,-1,-1,-1
441,109,753.16,566.85,41.36,125.66,0.3928,-1,-1,-1
441,117,578.63,549.08,53.17,132.79,0.5486,-1,-1,-1
441,113,645.29,540.68,55.65,137.62,0.3379,-1,-1,-1
441,123,1308.62,598.98,71.18,217.46,0.5848,-1,-1,-1
441,124,1223.65,633.76,75.36,195.02,0.5350,-1,-1,-1
441,125,-17.39,941.67,117.52,138.56,0.5770,-1,-1,-1
441,116,791.19,568.61,50.65,137.45,0.3847,-1,-1,-1
441,127,77.32,869.93,106.99,201.24,0.4315,-1,-1,-1
441,111,1129.12,656.51,95.79,240.82,0.7630,-1,-1,-1
441,130,836.60,561.97,44.17,131.31,0.4579,-1,-1,-1
442,109,734.83,569.16,37.26,129.75,0.4355,-1,-1,-1
442,117,554.84,550.00,51.44,130.85,0.5147,-1,-1,-1
442,113,621.07,537.61,58.69,142.85,0.3751,-1,-1,-1
442,123,1284.94,600.53,69.64,216.05,0.6018,-1,-1,-1
442,124,1206.45,636.50,71.92,194.76,0.5192,-1,-1,-1
442,116,769.03,568.38,49.52,139.04,0.4436,-1,-1,-1
442,127,11.52,879.32,117.49,200.70,0.6595,-1,-1,-1
442,111,1103.25,666.80,99.62,233.49,0.7682,-1,-1,-1
442,130,813.58,564.65,45.92,129.87,0.3317,-1,-1,-1
443,109,712.65,570.61,36.61,132.65,0.4566,-1,-1,-1
443,117,531.09,563.58,47.17,119.01,0.5186,-1,-1,-1
443,113,595.51,528.91,62.72,149.82,0.3990,-1,-1,-1
443,123,1256.86,602.13,71.51,219.86,0.5905,-1,-1,-1
443,124,1185.39,636.86,72.21,197.39,0.6803,-1,-1,-1
443,116,746.90,569.83,47.95,138.03,0.3591,-1,-1,-1
443,111,1079.06,673.29,105.95,228.51,0.7825,-1,-1,-1
443,130,790.39,567.28,48.06,129.28,0.2771,-1,-1,-1
444,109,689.92,572.40,36.10,132.21,0.3760,-1,-1,-1
444,117,505.00,566.36,45.85,117.09,0.5784,-1,-1,-1
444,113,572.62,531.69,57.55,145.94,0.1785,-1,-1,-1
444,123,1230.09,603.71,73.73,217.49,0.6595,-1,-1,-1
444,124,1163.01,638.22,73.06,197.20,0.7124,-1,-1,-1
444,116,722.16,568.38,48.73,140.51,0.3354,-1,-1,-1
444,111,1052.26,676.40,106.95,230.59,0.7158,-1,-1,-1
444,130,770.13,567.07,46.42,129.95,0.3312,-1,-1,-1
445,109,665.47,573.21,36.73,135.84,0.4711,-1,-1,-1
445,117,480.63,570.05,44.81,118.32,0.5718,-1,-1,-1
445,113,550.36,519.64,59.75,157.17,0.3545,-1,-1,-1
445,123,1203.77,602.34,69.94,222.09,0.6144,-1,-1,-1
445,124,1139.85,637.43,75.39,202.45,0.6517,-1,-1,-1
445,116,699.55,569.30,47.29,139.91,0.3693,-1,-1,-1
445,111,1027.32,677.65,102.23,233.64,0.7714,-1,-1,-1
445,130,744.36,567.20,46.82,132.60,0.3651,-1,-1,-1
446,109,640.48,573.32,37.69,136.42,0.3513,-1,-1,-1
446,117,454.14,570.86,46.45,118.45,0.5701,-1,-1,-1
446,113,524.59,515.86,60.49,160.88,0.4142,-1,-1,-1
446,123,1178.47,602.86,72.98,221.80,0.6724,-1,-1,-1
446,124,1116.53,639.72,75.04,200.85,0.6798,-1,-1,-1
446,116,674.37,567.95,47.72,143.03,0.4169,-1,-1,-1
446,111,999.53,676.67,99.45,239.78,0.7730,-1,-1,-1
447,109,616.52,573.01,40.14,138.00,0.3543,-1,-1,-1
447,117,427.52,572.80,47.04,117.56,0.5538,-1,-1,-1
447,113,499.05,515.09,61.46,160.80,0.3601,-1,-1,-1
447,123,1153.00,601.26,72.60,223.38,0.6953,-1,-1,-1
447,124,1090.26,642.91,76.15,202.43,0.6834,-1,-1,-1
447,116,652.48,569.91,43.00,141.72,0.1651,-1,-1,-1
447,111,974.19,673.25,95.44,248.96,0.6439,-1,-1,-1
448,109,591.86,572.46,40.20,140.91,0.2277,-1,-1,-1
448,117,399.79,574.28,48.32,116.02,0.4296,-1,-1,-1
448,113,477.43,515.64,58.11,161.39,0.3581,-1,-1,-1
448,123,1125.15,602.83,68.58,220.84,0.6608,-1,-1,-1
448,124,1066.95,640.42,74.50,203.92,0.6315,-1,-1,-1
448,111,943.42,671.16,94.76,253.42,0.6800,-1,-1,-1
448,132,1000.16,615.63,64.30,166.03,0.3890,-1,-1,-1
449,117,370.66,570.56,52.83,119.59,0.6232,-1,-1,-1
449,113,449.96,507.05,64.46,170.64,0.3373,-1,-1,-1
449,123,1097.77,604.50,64.57,219.90,0.5668,-1,-1,-1
449,124,1041.08,639.06,78.36,207.70,0.6349,-1,-1,-1
449,111,913.07,670.20,104.93,264.51,0.6896,-1,-1,-1
449,132,974.87,615.55,61.47,143.85,0.2257,-1,-1,-1
449,130,651.98,562.08,45.85,135.76,0.3426,-1,-1,-1
450,117,340.90,568.44,54.15,121.06,0.5484,-1,-1,-1
450,113,424.92,503.80,67.68,178.55,0.2409,-1,-1,-1
450,123,1070.43,605.36,61.08,219.89,0.4625,-1,-1,-1
450,124,1019.28,641.17,72.81,203.23,0.5216,-1,-1,-1
450,111,882.44,674.06,99.38,259.80,0.6483,-1,-1,-1
450,132,943.51,614.55,69.35,201.17,0.4250,-1,-1,-1
450,134,1833.61,775.81,79.45,303.15,0.7835,-1,-1,-1
450,130,626.98,559.36,46.48,138.18,0.2810,-1,-1,-1
451,117,313.49,566.65,52.79,122.58,0.3530,-1,-1,-1
451,113,409.69,504.93,56.73,160.94,0.1024,-1,-1,-1
451,123,1039.51,606.30,60.94,227.61,0.3174,-1,-1,-1
451,124,990.25,636.53,83.05,212.95,0.5234,-1,-1,-1
451,111,850.98,680.51,93.53,266.85,0.7650,-1,-1,-1
451,132,916.28,616.21,70.30,218.00,0.4352,-1,-1,-1
451,134,1804.17,774.40,104.72,304.32,0.8401,-1,-1,-1
451,130,604.39,559.00,45.64,139.12,0.2980,-1,-1,-1
452,117,284.74,567.44,48.49,123.14,0.4945,-1,-1,-1
452,124,964.31,620.73,86.78,232.37,0.4451,-1,-1,-1
452,111,818.59,685.81,100.53,270.25,0.8028,-1,-1,-1
452,132,893.31,619.39,66.17,222.55,0.3655,-1,-1,-1
452,134,1772.04,774.21,134.92,303.46,0.8553,-1,-1,-1
452,130,580.52,559.76,44.94,138.71,0.1803,-1,-1,-1
452,109,486.76,567.91,40.11,147.74,0.3986,-1,-1,-1
453,117,252.68,569.64,50.65,123.77,0.3510,-1,-1,-1
453,124,936.81,637.52,82.10,214.57,0.3886,-1,-1,-1
453,111,786.41,691.61,104.15,269.04,0.7357,-1,-1,-1
453,132,868.30,623.06,66.19,216.21,0.1422,-1,-1,-1
453,134,1739.72,773.44,167.29,304.59,0.8488,-1,-1,-1
453,130,555.66,559.93,47.76,140.86,0.2745,-1,-1,-1
453,109,458.91,567.50,40.82,152.41,0.3806,-1,-1,-1
453,123,948.28,615.20,83.82,235.38,0.5614,-1,-1,-1
454,117,224.20,570.96,50.93,124.03,0.3433,-1,-1,-1
454,124,913.60,621.27,81.26,236.93,0.6743,-1,-1,-1
454,111,751.50,695.36,104.13,271.66,0.7773,-1,-1,-1
454,132,841.65,620.19,64.75,220.57,0.4261,-1,-1,-1
454,134,1710.32,772.72,184.37,307.79,0.8562,-1,-1,-1
454,130,527.02,560.95,51.07,141.06,0.3214,-1,-1,-1
454,109,429.81,569.45,42.47,155.38,0.4400,-1,-1,-1
454,123,914.73,614.38,82.97,243.61,0.6743,-1,-1,-1
455,124,886.80,619.44,81.04,245.12,0.7287,-1,-1,-1
455,111,716.13,699.56,101.44,274.40,0.7854,-1,-1,-1
455,132,813.52,628.01,62.55,223.74,0.6826,-1,-1,-1
455,134,1680.22,773.37,192.70,308.36,0.8523,-1,-1,-1
455,130,499.33,563.69,48.16,143.35,0.3968,-1,-1,-1
455,109,400.68,571.51,43.68,158.29,0.4812,-1,-1,-1
455,123,884.14,617.97,82.47,246.82,0.7287,-1,-1,-1
456,124,859.90,615.27,78.65,250.30,0.6912,-1,-1,-1
456,111,679.88,697.43,94.32,288.85,0.7836,-1,-1,-1
456,132,782.95,629.30,65.43,228.63,0.5982,-1,-1,-1
456,134,1646.75,768.94,197.81,311.85,0.8585,-1,-1,-1
456,130,474.03,561.57,46.95,146.14,0.4926,-1,-1,-1
456,109,372.10,571.94,42.49,161.29,0.3424,-1,-1,-1
456,123,856.09,615.77,79.93,250.08,0.6912,-1,-1,-1
457,124,826.66,620.13,84.97,251.36,0.5786,-1,-1,-1
457,111,643.84,697.01,90.75,303.58,0.7722,-1,-1,-1
457,132,754.95,630.28,70.76,231.60,0.6255,-1,-1,-1
457,134,1612.39,763.18,198.95,316.82,0.8524,-1,-1,-1
457,130,444.31,562.36,51.12,146.06,0.4456,-1,-1,-1
457,109,342.60,570.38,42.35,158.80,0.3937,-1,-1,-1
457,123,822.90,621.38,85.92,250.44,0.5786,-1,-1,-1
458,124,795.54,621.56,88.29,256.19,0.7007,-1,-1,-1
458,111,607.07,700.52,99.07,314.11,0.7407,-1,-1,-1
458,132,721.90,635.83,70.98,230.27,0.6316,-1,-1,-1
458,134,1577.92,761.00,200.39,318.57,0.8505,-1,-1,-1
458,130,412.62,561.30,55.83,148.31,0.4301,-1,-1,-1
458,109,311.67,572.44,44.35,163.11,0.4708,-1,-1,-1
458,123,791.75,622.96,89.16,255.11,0.7007,-1,-1,-1
458,117,87.45,551.80,62.95,149.87,0.5286,-1,-1,-1
459,124,766.34,658.23,88.27,224.17,0.4768,-1,-1,-1
459,111,566.05,704.38,102.21,322.75,0.7353,-1,-1,-1
459,132,691.01,644.85,70.92,222.29,0.5329,-1,-1,-1
459,134,1543.43,756.69,200.78,323.91,0.8502,-1,-1,-1
459,130,385.40,562.27,48.81,153.16,0.2455,-1,-1,-1
459,109,279.25,575.29,46.98,164.52,0.4416,-1,-1,-1
459,123,762.75,659.86,89.10,222.82,0.4768,-1,-1,-1
459,117,53.58,555.03,60.38,150.63,0.4968,-1,-1,-1
460,124,729.76,668.28,94.77,219.34,0.6046,-1,-1,-1
460,111,521.49,707.21,104.42,333.60,0.7355,-1,-1,-1
460,132,658.62,648.85,71.76,224.87,0.6612,-1,-1,-1
460,134,1507.96,757.66,199.60,323.54,0.8536,-1,-1,-1
460,130,357.23,565.81,55.43,151.56,0.4218,-1,-1,-1
460,109,247.41,577.97,47.19,162.62,0.3299,-1,-1,-1
460,123,726.64,669.55,95.43,218.26,0.6046,-1,-1,-1
460,117,18.72,551.73,60.01,154.89,0.1797,-1,-1,-1
461,124,702.50,650.54,88.76,242.47,0.6979,-1,-1,-1
461,111,474.71,720.94,108.02,332.54,0.7103,-1,-1,-1
461,132,623.99,652.28,72.97,229.06,0.6034,-1,-1,-1
461,134,1473.29,759.69,196.16,321.10,0.8649,-1,-1,-1
461,130,328.19,565.03,51.55,154.86,0.3654,-1,-1,-1
461,109,217.58,580.50,46.16,161.76,0.3329,-1,-1,-1
461,123,699.51,651.50,89.47,241.69,0.6979,-1,-1,-1
461,117,-5.31,554.21,43.55,156.55,0.3966,-1,-1,-1
462,124,669.92,639.84,91.21,258.12,0.5890,-1,-1,-1
462,111,427.51,731.16,118.08,328.99,0.7560,-1,-1,-1
462,132,591.28,652.94,73.62,232.57,0.5048,-1,-1,-1
462,134,1439.39,769.88,193.95,310.66,0.8505,-1,-1,-1
462,130,298.30,566.95,53.06,153.80,0.3399,-1,-1,-1
462,109,183.51,580.42,48.76,167.48,0.4218,-1,-1,-1
462,123,667.39,640.74,91.79,257.39,0.5890,-1,-1,-1
462,137,133.28,582.35,64.20,165.05,0.3652,-1,-1,-1
463,124,634.40,645.98,102.14,259.57,0.7212,-1,-1,-1
463,111,382.40,739.39,124.74,330.07,0.7758,-1,-1,-1
463,132,555.25,654.17,76.65,236.46,0.5829,-1,-1,-1
463,134,1404.60,784.62,191.11,296.25,0.8486,-1,-1,-1
463,130,267.86,575.69,55.33,148.72,0.2645,-1,-1,-1
463,109,144.29,586.57,57.13,164.59,0.3593,-1,-1,-1
463,123,632.11,646.83,102.60,258.87,0.7212,-1,-1,-1
463,137,95.23,613.95,60.74,135.20,0.3795,-1,-1,-1
464,124,598.89,645.33,107.17,265.60,0.6788,-1,-1,-1
464,111,333.98,748.60,136.60,329.52,0.6680,-1,-1,-1
464,132,519.30,658.32,84.71,238.01,0.5353,-1,-1,-1
464,134,1370.00,799.31,190.22,281.91,0.8722,-1,-1,-1
464,130,232.94,578.46,60.45,150.56,0.2678,-1,-1,-1
464,109,106.60,588.94,59.82,167.57,0.3384,-1,-1,-1
464,123,596.70,646.06,107.62,264.98,0.6788,-1,-1,-1
464,137,60.06,610.38,58.77,144.22,0.2415,-1,-1,-1
465,124,559.65,647.27,112.55,268.58,0.7090,-1,-1,-1
465,111,282.90,750.98,152.57,331.77,0.7200,-1,-1,-1
465,132,484.03,657.73,87.13,241.67,0.6626,-1,-1,-1
465,134,1334.33,814.38,189.66,266.18,0.8568,-1,-1,-1
465,130,201.32,578.29,65.00,153.28,0.1083,-1,-1,-1
465,109,68.49,587.45,62.24,171.05,0.2974,-1,-1,-1
465,123,557.66,647.92,112.96,268.02,0.7090,-1,-1,-1
465,137,22.73,618.38,57.76,138.35,0.2179,-1,-1,-1
465,116,122.21,575.76,58.80,167.63,0.3645,-1,-1,-1
466,124,526.63,672.91,109.50,252.22,0.6716,-1,-1,-1
466,111,227.51,757.88,166.88,326.42,0.8048,-1,-1,-1
466,132,445.44,653.86,93.84,251.24,0.6196,-1,-1,-1
466,134,1299.33,827.22,188.64,253.58,0.8279,-1,-1,-1
466,130,168.65,563.02,69.00,173.78,0.3155,-1,-1,-1
466,109,28.26,591.96,67.45,170.20,0.3247,-1,-1,-1
466,123,524.79,673.52,109.90,251.69,0.6716,-1,-1,-1
466,116,88.48,577.41,58.12,169.33,0.1862,-1,-1,-1
467,124,488.82,681.41,113.07,251.57,0.6665,-1,-1,-1
467,111,172.97,763.48,174.96,320.87,0.8410,-1,-1,-1
467,132,405.49,661.47,101.94,251.29,0.5689,-1,-1,-1
467,134,1266.29,838.49,185.46,241.69,0.7981,-1,-1,-1
467,130,133.11,561.43,73.99,178.26,0.3775,-1,-1,-1
467,109,-3.62,586.34,56.73,174.03,0.2725,-1,-1,-1
467,123,487.23,681.91,113.41,251.12,0.6665,-1,-1,-1
467,116,52.01,576.66,58.97,169.94,0.1556,-1,-1,-1
468,124,453.06,694.38,109.20,244.32,0.6066,-1,-1,-1
468,111,115.81,765.91,182.96,317.12,0.8536,-1,-1,-1
468,132,369.81,664.30,91.26,253.82,0.3703,-1,-1,-1
468,134,1233.51,848.62,182.78,231.27,0.8419,-1,-1,-1
468,130,106.43,573.13,66.47,172.46,0.3263,-1,-1,-1
468,123,451.59,694.82,109.53,243.92,0.6066,-1,-1,-1
468,116,19.36,578.68,55.49,169.91,0.2129,-1,-1,-1
469,124,413.11,697.20,112.33,245.99,0.5592,-1,-1,-1
469,111,56.26,772.61,189.54,308.91,0.8414,-1,-1,-1
469,132,331.76,666.95,79.22,245.03,0.5330,-1,-1,-1
469,134,1202.27,855.79,176.44,223.85,0.8573,-1,-1,-1
469,130,73.23,574.30,68.37,166.18,0.1317,-1,-1,-1
469,123,411.85,697.57,112.61,245.65,0.5592,-1,-1,-1
470,124,373.66,699.32,112.89,250.47,0.6652,-1,-1,-1
470,111,2.69,775.40,186.91,306.23,0.8448,-1,-1,-1
470,132,290.04,662.12,98.47,263.69,0.5168,-1,-1,-1
470,134,1168.44,856.32,174.38,222.93,0.8428,-1,-1,-1
470,130,38.49,575.44,76.94,179.78,0.1173,-1,-1,-1
470,123,372.51,699.64,113.15,250.18,0.6652,-1,-1,-1
471,124,337.78,699.50,110.92,254.70,0.6806,-1,-1,-1
471,111,-16.56,782.40,151.12,296.55,0.7705,-1,-1,-1
471,132,250.37,660.21,98.23,275.07,0.5281,-1,-1,-1
471,134,1131.32,854.39,174.40,224.24,0.8499,-1,-1,-1
471,123,336.75,699.78,111.15,254.44,0.6806,-1,-1,-1
472,124,298.59,698.60,109.84,257.16,0.6604,-1,-1,-1
472,132,212.34,654.02,107.35,282.95,0.5760,-1,-1,-1
472,134,1092.72,852.45,175.36,226.30,0.8267,-1,-1,-1
472,123,297.69,698.83,110.04,256.93,0.6604,-1,-1,-1
473,124,258.66,699.58,106.93,261.84,0.6885,-1,-1,-1
473,132,166.34,658.27,111.27,288.87,0.5628,-1,-1,-1
473,134,1052.62,852.52,178.64,227.58,0.8491,-1,-1,-1
473,123,257.85,699.80,107.12,261.64,0.6885,-1,-1,-1
474,124,218.61,703.34,101.63,261.83,0.6903,-1,-1,-1
474,132,122.46,657.14,113.90,293.94,0.6520,-1,-1,-1
474,134,1011.89,851.90,182.79,228.40,0.8508,-1,-1,-1
474,123,217.91,703.53,101.79,261.65,0.6903,-1,-1,-1
475,124,175.05,702.69,100.70,269.49,0.7059,-1,-1,-1
475,132,74.65,662.83,104.69,292.90,0.5921,-1,-1,-1
475,134,970.26,851.80,181.01,228.22,0.8338,-1,-1,-1
475,123,174.45,702.85,100.84,269.33,0.7059,-1,-1,-1
476,124,126.44,705.30,107.90,273.19,0.7533,-1,-1,-1
476,132,25.70,678.69,104.25,280.52,0.6379,-1,-1,-1
476,134,928.55,858.51,175.14,222.47,0.7548,-1,-1,-1
476,123,125.91,705.44,108.01,273.05,0.7533,-1,-1,-1
477,124,79.26,704.87,111.56,280.37,0.7144,-1,-1,-1
477,132,-6.82,704.50,87.34,252.28,0.3805,-1,-1,-1
477,134,886.17,863.29,187.80,217.07,0.6598,-1,-1,-1
477,123,78.78,705.00,111.67,280.24,0.7144,-1,-1,-1
478,124,26.72,713.77,98.43,255.97,0.3684,-1,-1,-1
478,134,842.51,869.32,193.67,211.33,0.7546,-1,-1,-1
478,123,26.29,713.89,98.53,255.84,0.3684,-1,-1,-1
479,134,798.14,880.82,193.70,199.84,0.6746,-1,-1,-1
480,134,750.07,890.70,192.96,190.38,0.6640,-1,-1,-1
481,134,703.13,885.71,189.47,195.94,0.7855,-1,-1,-1
482,134,681.60,881.25,164.01,199.39,0.7741,-1,-1,-1
483,134,621.74,878.93,171.35,200.51,0.8149,-1,-1,-1
483,140,1791.41,657.60,96.81,235.71,0.7170,-1,-1,-1
483,141,1722.13,649.14,81.64,139.85,0.4869,-1,-1,-1
484,134,566.03,877.44,175.03,201.61,0.8335,-1,-1,-1
484,140,1751.88,656.62,96.24,239.49,0.6562,-1,-1,-1
484,141,1682.22,646.88,81.22,251.97,0.4630,-1,-1,-1
485,134,512.78,878.26,173.97,200.95,0.8322,-1,-1,-1
485,140,1710.76,659.09,91.24,236.99,0.6314,-1,-1,-1
485,141,1646.45,647.17,74.55,220.00,0.5513,-1,-1,-1
486,134,461.85,878.98,173.03,198.25,0.8497,-1,-1,-1
486,140,1671.38,657.92,83.79,212.22,0.6011,-1,-1,-1
486,141,1599.85,644.65,82.72,210.17,0.4136,-1,-1,-1
487,134,407.28,886.90,172.85,190.40,0.8557,-1,-1,-1
487,140,1629.37,659.28,82.28,204.00,0.3948,-1,-1,-1
487,141,1554.99,645.59,82.85,279.49,0.3261,-1,-1,-1
488,134,353.50,898.08,172.56,179.85,0.8582,-1,-1,-1
488,140,1588.75,660.43,79.24,164.18,0.3911,-1,-1,-1
488,141,1512.38,647.10,87.06,270.59,0.3613,-1,-1,-1
489,134,302.94,913.51,167.91,165.10,0.8445,-1,-1,-1
489,140,1548.69,660.83,72.66,144.37,0.3816,-1,-1,-1
489,141,1457.55,649.75,98.59,263.51,0.6564,-1,-1,-1
490,134,253.86,927.02,159.13,151.94,0.8214,-1,-1,-1
490,140,1505.74,666.55,73.01,137.55,0.4470,-1,-1,-1
490,141,1408.50,657.96,104.71,255.48,0.6961,-1,-1,-1
491,134,204.16,943.15,153.05,136.96,0.8063,-1,-1,-1
491,140,1455.63,671.79,81.35,135.70,0.3424,-1,-1,-1
491,141,1363.76,663.32,103.16,252.34,0.7025,-1,-1,-1
492,134,154.65,951.19,149.42,128.48,0.8022,-1,-1,-1
492,140,1411.26,677.06,85.94,136.91,0.3353,-1,-1,-1
492,141,1325.49,667.55,98.95,251.23,0.6259,-1,-1,-1
493,134,99.29,960.58,149.96,120.57,0.8062,-1,-1,-1
493,140,1369.77,679.14,82.97,134.42,0.3803,-1,-1,-1
493,141,1286.65,669.04,93.40,256.28,0.6423,-1,-1,-1
494,134,42.36,965.80,147.75,114.18,0.7975,-1,-1,-1
494,140,1326.52,682.69,81.10,137.61,0.4807,-1,-1,-1
494,141,1250.05,672.22,83.53,262.18,0.6540,-1,-1,-1
495,134,-4.32,968.17,134.59,111.96,0.8047,-1,-1,-1
495,140,1283.31,687.88,78.66,139.98,0.4730,-1,-1,-1
495,141,1213.38,677.24,70.74,263.97,0.5880,-1,-1,-1
496,134,-18.42,968.76,80.15,111.24,0.5919,-1,-1,-1
496,140,1238.45,694.71,76.66,141.29,0.2925,-1,-1,-1
496,141,1172.17,682.01,68.10,270.62,0.6292,-1,-1,-1
497,140,1182.34,691.29,91.55,147.62,0.1155,-1,-1,-1
497,141,1128.88,681.03,64.94,271.80,0.5991,-1,-1,-1
498,140,1133.88,691.30,93.26,216.92,0.4747,-1,-1,-1
498,141,1080.94,680.47,69.76,275.08,0.6583,-1,-1,-1
499,140,1095.85,688.80,89.98,245.66,0.5535,-1,-1,-1
499,141,1032.25,680.68,72.66,275.21,0.6608,-1,-1,-1
500,140,1052.12,687.24,86.35,256.30,0.6235,-1,-1,-1
500,141,981.81,678.80,79.19,275.81,0.7314,-1,-1,-1
501,140,1009.16,687.17,85.45,269.03,0.6590,-1,-1,-1
501,141,934.27,679.92,87.45,276.72,0.7282,-1,-1,-1
502,140,962.35,685.56,82.69,276.01,0.5906,-1,-1,-1
502,141,883.28,680.18,92.44,275.40,0.6859,-1,-1,-1
503,140,914.38,684.70,80.96,276.24,0.5857,-1,-1,-1
503,141,833.55,682.49,97.02,272.58,0.6909,-1,-1,-1
504,140,871.80,685.92,80.33,280.80,0.5891,-1,-1,-1
504,141,786.09,682.25,99.30,275.50,0.7613,-1,-1,-1
504,143,1831.75,652.10,77.03,165.77,0.7213,-1,-1,-1
505,140,825.46,690.17,81.73,296.42,0.5896,-1,-1,-1
505,141,735.93,682.94,100.96,286.86,0.7849,-1,-1,-1
505,143,1798.65,647.22,80.12,174.44,0.6050,-1,-1,-1
506,140,774.17,694.70,87.49,300.66,0.5742,-1,-1,-1
506,141,688.14,686.95,95.63,292.79,0.7063,-1,-1,-1
506,143,1764.22,654.05,77.70,169.10,0.6666,-1,-1,-1
506,144,1844.71,660.15,57.44,177.37,0.6141,-1,-1,-1
507,140,700.40,699.93,109.73,312.37,0.7068,-1,-1,-1
507,141,638.39,692.29,92.09,293.98,0.7606,-1,-1,-1
507,143,1736.97,654.99,71.14,166.53,0.6425,-1,-1,-1
507,144,1813.07,654.00,74.00,181.64,0.7320,-1,-1,-1
508,140,642.67,709.68,117.81,324.17,0.7299,-1,-1,-1
508,141,591.27,699.10,86.37,296.76,0.7602,-1,-1,-1
508,143,1702.15,658.14,74.51,167.55,0.5621,-1,-1,-1
508,144,1780.63,661.45,78.07,179.84,0.6041,-1,-1,-1
509,140,591.71,716.92,116.25,325.14,0.7480,-1,-1,-1
509,141,541.66,707.43,82.46,303.88,0.6886,-1,-1,-1
509,143,1668.37,664.12,76.36,169.05,0.6941,-1,-1,-1
509,144,1746.17,660.84,78.61,180.87,0.7211,-1,-1,-1
510,140,545.02,724.62,110.81,330.95,0.6782,-1,-1,-1
510,141,488.41,713.10,85.32,306.28,0.6367,-1,-1,-1
510,143,1636.88,670.42,72.05,168.10,0.6838,-1,-1,-1
510,144,1710.81,666.95,77.74,181.47,0.6902,-1,-1,-1
511,140,494.10,733.88,109.15,331.66,0.7495,-1,-1,-1
511,141,433.79,720.59,87.50,301.01,0.6165,-1,-1,-1
511,143,1599.75,673.20,72.00,169.37,0.7165,-1,-1,-1
511,144,1676.82,668.61,73.39,182.69,0.7264,-1,-1,-1
512,140,425.50,742.86,127.53,325.53,0.7187,-1,-1,-1
512,141,380.40,727.10,87.47,311.07,0.5389,-1,-1,-1
512,143,1561.02,672.96,76.98,176.49,0.7047,-1,-1,-1
512,144,1641.08,672.81,75.54,184.41,0.6744,-1,-1,-1
513,140,373.05,748.32,127.49,331.57,0.7005,-1,-1,-1
513,141,293.96,732.82,117.90,315.56,0.6430,-1,-1,-1
513,143,1525.03,672.27,80.71,178.82,0.7514,-1,-1,-1
513,144,1607.57,672.82,71.23,188.53,0.6596,-1,-1,-1
513,148,1619.79,567.85,35.38,106.50,0.3501,-1,-1,-1
514,140,312.62,753.84,131.57,329.44,0.7654,-1,-1,-1
514,141,218.92,739.49,136.68,322.52,0.5430,-1,-1,-1
514,143,1492.49,675.78,77.05,179.36,0.6380,-1,-1,-1
514,144,1569.81,673.34,77.33,195.23,0.6805,-1,-1,-1
514,148,1590.59,569.74,35.88,112.03,0.5217,-1,-1,-1
515,140,261.79,758.39,128.38,324.11,0.6420,-1,-1,-1
515,141,156.93,747.00,148.83,326.56,0.3857,-1,-1,-1
515,143,1462.17,674.76,74.36,179.96,0.7028,-1,-1,-1
515,144,1536.85,673.51,73.00,198.30,0.6554,-1,-1,-1
515,148,1561.95,570.48,38.86,112.25,0.6315,-1,-1,-1
516,140,203.83,763.02,122.62,318.18,0.6316,-1,-1,-1
516,141,97.80,752.11,139.28,328.56,0.3563,-1,-1,-1
516,143,1430.27,674.14,72.50,180.07,0.7503,-1,-1,-1
516,144,1504.62,677.00,72.75,199.26,0.6131,-1,-1,-1
516,148,1535.29,570.96,39.36,113.22,0.6467,-1,-1,-1
517,140,124.63,767.12,146.89,312.69,0.7482,-1,-1,-1
517,141,70.34,755.23,102.94,282.07,0.3544,-1,-1,-1
517,143,1396.44,672.86,74.82,183.73,0.6918,-1,-1,-1
517,144,1472.53,674.02,74.01,200.89,0.6680,-1,-1,-1
517,148,1508.03,571.49,39.12,109.57,0.6152,-1,-1,-1
517,149,1849.73,738.06,63.92,268.51,0.6684,-1,-1,-1
518,140,65.10,774.76,142.99,306.57,0.6758,-1,-1,-1
518,141,8.30,758.76,101.01,302.53,0.4854,-1,-1,-1
518,143,1359.97,675.06,80.74,184.71,0.5467,-1,-1,-1
518,144,1442.55,679.66,60.34,194.85,0.6109,-1,-1,-1
518,148,1479.95,571.93,40.34,107.27,0.5770,-1,-1,-1
518,149,1822.58,734.67,83.01,272.59,0.6593,-1,-1,-1
519,140,1.90,782.76,148.24,299.26,0.8029,-1,-1,-1
519,143,1322.95,675.23,85.17,186.66,0.6924,-1,-1,-1
519,144,1411.15,677.83,60.43,195.33,0.6635,-1,-1,-1
519,148,1452.10,569.13,43.21,107.00,0.5473,-1,-1,-1
519,149,1785.15,733.05,100.74,272.42,0.7417,-1,-1,-1
520,140,-21.41,789.59,108.32,291.66,0.3791,-1,-1,-1
520,143,1288.23,675.43,87.02,188.54,0.7500,-1,-1,-1
520,144,1376.24,677.21,71.67,196.91,0.7171,-1,-1,-1
520,148,1426.65,570.00,43.02,103.44,0.5412,-1,-1,-1
520,149,1752.27,733.24,105.54,274.31,0.5995,-1,-1,-1
521,143,1253.94,679.81,88.28,185.45,0.7217,-1,-1,-1
521,144,1346.94,678.37,70.42,201.98,0.7112,-1,-1,-1
521,148,1400.88,570.43,43.50,101.94,0.5579,-1,-1,-1
521,149,1714.57,732.32,111.07,276.20,0.5822,-1,-1,-1
522,143,1224.21,679.98,83.98,185.68,0.7215,-1,-1,-1
522,144,1315.12,677.54,68.32,202.93,0.6762,-1,-1,-1
522,148,1375.01,569.63,46.52,101.29,0.5403,-1,-1,-1
522,149,1677.66,731.28,116.94,277.67,0.4560,-1,-1,-1
523,143,1193.83,683.23,79.39,182.32,0.7331,-1,-1,-1
523,144,1281.33,678.51,72.64,205.50,0.7021,-1,-1,-1
523,148,1350.03,569.16,50.28,101.44,0.5400,-1,-1,-1
523,149,1644.02,729.74,118.01,271.51,0.6685,-1,-1,-1
524,143,1164.93,685.74,76.45,184.35,0.7118,-1,-1,-1
524,144,1250.27,680.57,73.21,206.46,0.7239,-1,-1,-1
524,148,1323.97,570.05,53.12,100.54,0.5656,-1,-1,-1
524,149,1611.56,726.86,116.32,274.72,0.6905,-1,-1,-1
525,143,1133.40,682.49,72.51,191.89,0.6775,-1,-1,-1
525,144,1215.87,678.59,73.90,212.39,0.6373,-1,-1,-1
525,148,1299.23,570.05,53.91,101.18,0.5810,-1,-1,-1
525,149,1578.82,727.61,117.59,274.93,0.7927,-1,-1,-1
526,143,1101.04,684.46,71.23,194.43,0.7436,-1,-1,-1
526,144,1179.31,678.01,79.48,217.97,0.7257,-1,-1,-1
526,148,1275.52,572.11,50.95,99.42,0.5844,-1,-1,-1
526,149,1545.20,724.25,118.02,276.18,0.7742,-1,-1,-1
527,143,1071.55,684.29,69.51,195.47,0.6846,-1,-1,-1
527,144,1144.69,680.77,80.79,219.51,0.6787,-1,-1,-1
527,148,1253.06,572.93,48.38,99.05,0.5493,-1,-1,-1
527,149,1513.80,723.09,115.73,274.15,0.5372,-1,-1,-1
528,143,1038.04,685.79,70.35,200.67,0.6997,-1,-1,-1
528,144,1110.02,684.17,84.35,222.67,0.7574,-1,-1,-1
528,148,1229.41,573.16,49.39,99.70,0.6030,-1,-1,-1
528,149,1479.05,725.42,117.66,270.70,0.7009,-1,-1,-1
529,143,1004.42,687.39,72.76,206.86,0.7331,-1,-1,-1
529,144,1068.35,687.50,94.50,226.78,0.7584,-1,-1,-1
529,148,1206.61,572.78,48.76,100.54,0.5896,-1,-1,-1
529,149,1442.59,726.29,122.69,274.86,0.6292,-1,-1,-1
530,143,969.87,694.50,74.60,209.19,0.6681,-1,-1,-1
530,144,1031.88,690.45,99.10,229.88,0.6775,-1,-1,-1
530,148,1183.52,572.85,46.92,100.59,0.6145,-1,-1,-1
530,149,1409.83,728.29,126.47,283.70,0.7403,-1,-1,-1
531,143,936.93,698.74,75.85,207.22,0.6237,-1,-1,-1
531,144,996.81,695.73,104.82,231.24,0.7042,-1,-1,-1
531,148,1161.91,571.29,45.63,102.20,0.6201,-1,-1,-1
531,149,1379.37,727.03,130.41,290.19,0.8185,-1,-1,-1
532,143,899.31,702.35,82.47,211.42,0.6622,-1,-1,-1
532,144,962.48,701.49,106.98,237.23,0.6895,-1,-1,-1
532,148,1141.65,571.27,44.78,104.77,0.6682,-1,-1,-1
532,149,1351.33,731.97,135.04,291.15,0.7072,-1,-1,-1
533,143,862.45,706.70,85.24,210.03,0.6865,-1,-1,-1
533,144,935.40,702.55,102.98,241.66,0.7112,-1,-1,-1
533,148,1118.93,569.97,45.89,106.86,0.6541,-1,-1,-1
533,149,1325.71,734.49,122.44,292.97,0.7369,-1,-1,-1
534,143,832.65,706.16,84.41,212.44,0.6525,-1,-1,-1
534,144,910.20,705.82,97.72,236.94,0.7622,-1,-1,-1
534,148,1097.75,570.66,44.89,108.62,0.6534,-1,-1,-1
534,149,1299.10,737.13,116.09,294.09,0.7131,-1,-1,-1
535,143,801.99,706.13,83.44,220.86,0.6751,-1,-1,-1
535,144,880.89,707.73,93.05,242.81,0.7502,-1,-1,-1
535,148,1076.12,569.98,43.21,110.19,0.6551,-1,-1,-1
535,149,1273.90,738.88,112.95,294.90,0.7396,-1,-1,-1
536,143,770.80,706.58,78.88,226.70,0.6747,-1,-1,-1
536,144,846.86,707.73,94.19,249.61,0.8327,-1,-1,-1
536,148,1057.19,573.55,43.16,108.73,0.5825,-1,-1,-1
536,149,1249.51,738.60,110.21,294.39,0.7715,-1,-1,-1
537,143,738.98,705.14,69.31,235.13,0.6369,-1,-1,-1
537,144,818.06,709.72,89.01,252.11,0.7013,-1,-1,-1
537,148,1036.29,574.81,43.84,107.37,0.6602,-1,-1,-1
537,149,1223.71,734.22,106.94,297.09,0.6899,-1,-1,-1
538,143,703.49,708.89,66.35,234.65,0.5697,-1,-1,-1
538,144,779.86,711.06,88.93,259.22,0.6952,-1,-1,-1
538,148,1016.53,578.79,43.85,108.99,0.6525,-1,-1,-1
538,149,1196.58,737.22,104.57,295.77,0.7852,-1,-1,-1
539,143,666.98,713.12,70.84,233.07,0.7134,-1,-1,-1
539,144,744.80,713.77,91.12,267.14,0.7926,-1,-1,-1
539,148,995.74,577.81,43.45,110.21,0.6729,-1,-1,-1
539,149,1170.72,735.54,106.08,297.17,0.7507,-1,-1,-1
540,143,623.67,717.27,85.14,238.96,0.6407,-1,-1,-1
540,144,714.81,717.43,83.06,269.14,0.6594,-1,-1,-1
540,148,977.12,578.83,43.71,111.77,0.6849,-1,-1,-1
540,149,1141.92,737.86,105.57,302.11,0.7527,-1,-1,-1
541,143,577.38,722.65,99.83,246.71,0.7052,-1,-1,-1
541,144,673.60,723.71,95.79,274.55,0.6790,-1,-1,-1
541,148,956.70,580.17,43.77,112.73,0.6275,-1,-1,-1
541,149,1113.49,740.68,104.16,302.62,0.7251,-1,-1,-1
542,143,529.00,725.19,114.27,250.04,0.6912,-1,-1,-1
542,144,634.01,729.82,101.39,275.20,0.7086,-1,-1,-1
542,148,936.83,583.17,46.28,112.21,0.7009,-1,-1,-1
542,149,1073.77,749.02,114.80,310.48,0.6380,-1,-1,-1
543,143,489.70,731.27,125.56,255.10,0.7032,-1,-1,-1
543,144,598.87,735.64,102.64,280.49,0.7804,-1,-1,-1
543,148,917.27,584.50,47.75,111.26,0.6851,-1,-1,-1
543,149,1049.53,751.91,113.26,307.92,0.7283,-1,-1,-1
544,143,450.82,744.45,133.36,259.39,0.7274,-1,-1,-1
544,144,560.48,746.36,106.70,294.95,0.7091,-1,-1,-1
544,148,896.15,586.27,47.77,111.83,0.7090,-1,-1,-1
544,149,1024.22,758.44,112.28,309.19,0.7081,-1,-1,-1
545,143,420.07,745.94,135.29,252.20,0.7176,-1,-1,-1
545,144,527.75,746.64,107.48,295.83,0.7578,-1,-1,-1
545,148,877.95,583.82,49.58,112.12,0.7021,-1,-1,-1
545,149,993.60,755.90,114.81,314.14,0.7430,-1,-1,-1
546,143,385.83,745.43,128.40,258.58,0.7419,-1,-1,-1
546,144,488.75,748.74,111.17,302.88,0.7639,-1,-1,-1
546,148,857.62,583.64,48.81,112.17,0.7116,-1,-1,-1
546,149,969.38,756.47,113.67,311.91,0.6960,-1,-1,-1
547,143,357.47,747.58,112.54,263.03,0.7223,-1,-1,-1
547,144,456.91,752.89,105.56,300.58,0.8201,-1,-1,-1
547,148,838.65,584.15,50.44,112.29,0.7228,-1,-1,-1
547,149,937.95,755.30,120.74,313.29,0.7429,-1,-1,-1
548,143,319.15,750.95,105.50,271.74,0.7353,-1,-1,-1
548,144,417.75,753.68,101.63,305.70,0.7997,-1,-1,-1
548,148,819.00,584.71,51.87,112.34,0.7541,-1,-1,-1
548,149,913.07,760.04,118.16,306.84,0.7660,-1,-1,-1
549,143,282.82,758.79,104.54,271.67,0.7634,-1,-1,-1
549,144,377.94,758.27,107.74,310.87,0.7927,-1,-1,-1
549,148,798.71,582.79,53.76,113.35,0.7152,-1,-1,-1
549,149,885.55,754.93,121.77,310.13,0.7788,-1,-1,-1
550,143,243.67,759.45,100.92,281.31,0.7293,-1,-1,-1
550,144,336.73,759.96,114.82,313.90,0.7553,-1,-1,-1
550,148,779.82,583.02,53.54,115.29,0.7180,-1,-1,-1
550,149,860.57,757.11,119.17,310.03,0.7359,-1,-1,-1
551,143,200.47,762.57,100.18,294.40,0.7373,-1,-1,-1
551,144,293.99,764.77,111.41,310.31,0.7213,-1,-1,-1
551,148,761.77,584.70,52.06,116.00,0.6974,-1,-1,-1
551,149,843.00,769.22,112.19,299.22,0.6297,-1,-1,-1
552,143,157.73,767.51,100.69,304.86,0.6995,-1,-1,-1
552,144,247.17,768.24,113.97,311.60,0.7925,-1,-1,-1
552,148,743.06,584.60,54.54,115.26,0.7550,-1,-1,-1
552,149,807.78,731.91,122.63,342.84,0.7284,-1,-1,-1
553,143,111.10,773.42,101.95,307.44,0.6905,-1,-1,-1
553,144,198.07,775.76,117.90,306.43,0.7402,-1,-1,-1
553,148,724.59,583.14,55.81,117.42,0.7020,-1,-1,-1
553,149,789.04,739.39,119.15,339.12,0.7112,-1,-1,-1
554,143,66.08,780.84,104.14,301.99,0.7074,-1,-1,-1
554,144,147.53,782.19,124.59,300.72,0.7760,-1,-1,-1
554,148,704.88,582.48,56.67,118.96,0.7027,-1,-1,-1
554,149,765.51,751.73,118.91,328.08,0.7557,-1,-1,-1
555,143,19.78,789.81,107.19,293.33,0.7458,-1,-1,-1
555,144,101.25,794.02,133.35,288.91,0.7606,-1,-1,-1
555,148,688.24,583.96,53.77,118.67,0.7199,-1,-1,-1
555,149,726.35,757.34,134.51,317.84,0.7076,-1,-1,-1
555,155,765.96,546.68,38.49,78.98,0.4226,-1,-1,-1
556,143,-6.69,796.23,84.61,286.60,0.6618,-1,-1,-1
556,144,54.58,802.90,129.69,278.44,0.7983,-1,-1,-1
556,148,669.80,581.09,54.36,120.35,0.7647,-1,-1,-1
556,149,699.76,760.82,132.95,304.43,0.7482,-1,-1,-1
556,155,747.20,541.41,38.17,83.11,0.2386,-1,-1,-1
557,144,5.36,814.18,128.40,266.90,0.8289,-1,-1,-1
557,148,651.99,579.45,53.16,121.05,0.7397,-1,-1,-1
557,149,680.48,764.39,126.73,310.42,0.7032,-1,-1,-1
557,155,734.65,544.62,38.03,79.53,0.4042,-1,-1,-1
558,144,-12.02,817.74,86.75,259.04,0.7041,-1,-1,-1
558,148,633.21,576.70,54.90,124.23,0.7541,-1,-1,-1
558,149,653.39,763.87,126.40,310.78,0.7617,-1,-1,-1
558,155,721.55,548.28,33.38,73.98,0.2334,-1,-1,-1
559,148,616.16,575.94,53.98,125.82,0.7400,-1,-1,-1
559,149,627.52,764.78,127.62,310.98,0.8016,-1,-1,-1
559,155,702.46,541.76,35.70,80.24,0.3745,-1,-1,-1
560,148,598.25,579.48,53.42,125.89,0.7687,-1,-1,-1
560,149,606.91,761.68,124.59,317.26,0.7896,-1,-1,-1
560,155,688.04,538.42,38.51,82.92,0.3472,-1,-1,-1
561,148,580.20,576.05,57.13,129.97,0.7432,-1,-1,-1
561,149,579.71,758.57,125.56,320.99,0.8302,-1,-1,-1
561,155,675.68,543.91,31.27,75.31,0.2700,-1,-1,-1
562,148,562.43,579.60,58.28,129.89,0.7125,-1,-1,-1
562,149,552.65,758.30,127.32,322.12,0.7907,-1,-1,-1
562,155,657.03,542.44,34.34,79.09,0.2020,-1,-1,-1
563,148,545.33,582.58,60.35,130.48,0.7620,-1,-1,-1
563,149,529.49,757.19,123.03,323.06,0.8607,-1,-1,-1
563,155,646.16,543.75,34.05,77.76,0.1217,-1,-1,-1
564,148,530.83,585.17,60.25,128.42,0.6849,-1,-1,-1
564,149,503.47,758.64,124.45,321.86,0.8215,-1,-1,-1
564,155,635.23,547.79,30.63,73.95,0.2239,-1,-1,-1
565,148,513.92,584.24,60.81,131.31,0.7126,-1,-1,-1
565,149,474.81,760.50,129.55,319.52,0.7227,-1,-1,-1
565,155,627.47,553.65,29.01,70.15,0.1077,-1,-1,-1
566,148,496.39,585.48,64.21,130.95,0.7681,-1,-1,-1
566,149,440.63,765.17,141.14,315.08,0.7203,-1,-1,-1
566,155,616.46,551.12,27.94,69.79,0.1045,-1,-1,-1
567,148,481.43,587.82,63.47,132.27,0.7734,-1,-1,-1
567,149,416.53,775.48,141.81,305.01,0.8360,-1,-1,-1
568,148,463.45,588.25,64.59,134.08,0.7325,-1,-1,-1
568,149,382.59,783.45,150.76,296.06,0.7891,-1,-1,-1
569,148,443.78,588.58,69.83,136.08,0.6931,-1,-1,-1
569,149,356.74,789.10,154.75,290.80,0.7919,-1,-1,-1
570,148,428.87,588.50,69.01,138.52,0.7264,-1,-1,-1
570,149,330.16,790.79,156.59,288.48,0.7938,-1,-1,-1
571,148,413.56,591.13,68.77,138.90,0.7138,-1,-1,-1
571,149,304.48,795.25,157.70,284.92,0.8197,-1,-1,-1
572,148,397.13,594.34,69.50,138.08,0.6665,-1,-1,-1
572,149,282.07,798.04,153.77,279.71,0.5795,-1,-1,-1
572,156,1855.21,588.76,62.89,163.35,0.4283,-1,-1,-1
573,148,381.16,594.39,68.78,141.38,0.7178,-1,-1,-1
573,149,261.69,798.70,149.09,245.23,0.5712,-1,-1,-1
573,156,1860.98,590.32,56.67,161.60,0.4557,-1,-1,-1
574,148,365.89,597.21,70.55,141.46,0.7035,-1,-1,-1
574,149,226.93,800.18,156.34,267.85,0.5440,-1,-1,-1
574,156,1857.79,588.86,52.10,161.12,0.4108,-1,-1,-1
575,148,346.50,598.34,72.95,141.08,0.7106,-1,-1,-1
575,149,203.47,800.72,151.59,242.93,0.6270,-1,-1,-1
575,156,1854.63,589.78,49.71,164.93,0.1480,-1,-1,-1
576,148,329.63,599.58,73.87,144.14,0.7441,-1,-1,-1
576,149,169.63,806.20,157.93,261.14,0.6867,-1,-1,-1
576,156,1837.91,587.64,60.64,171.89,0.3959,-1,-1,-1
577,148,312.75,599.17,75.52,144.54,0.6863,-1,-1,-1
577,149,144.46,807.97,155.65,231.26,0.5247,-1,-1,-1
577,156,1829.52,583.81,62.34,179.28,0.4354,-1,-1,-1
578,148,295.60,598.04,76.30,148.84,0.7531,-1,-1,-1
578,149,111.19,811.20,161.95,254.87,0.4211,-1,-1,-1
578,156,1821.82,581.34,60.66,183.15,0.2792,-1,-1,-1
579,148,279.18,598.18,73.78,151.71,0.7546,-1,-1,-1
579,149,83.83,817.37,161.96,225.71,0.5873,-1,-1,-1
579,156,1815.53,585.07,58.84,181.94,0.5370,-1,-1,-1
580,148,263.91,600.34,74.09,151.17,0.6790,-1,-1,-1
580,149,54.19,822.96,162.62,238.30,0.4697,-1,-1,-1
580,156,1809.37,589.48,58.95,179.98,0.6318,-1,-1,-1
581,148,247.24,597.53,74.65,157.00,0.7598,-1,-1,-1
581,149,13.33,828.20,172.89,245.30,0.7612,-1,-1,-1
581,156,1803.46,590.14,60.26,181.77,0.4666,-1,-1,-1
582,148,231.14,598.91,72.92,158.15,0.7674,-1,-1,-1
582,149,-4.87,833.91,163.60,245.10,0.8050,-1,-1,-1
582,156,1796.23,589.17,63.12,184.32,0.5943,-1,-1,-1
583,148,212.67,599.72,77.71,159.98,0.7496,-1,-1,-1
583,149,-10.08,836.85,142.42,237.25,0.6352,-1,-1,-1
583,156,1789.83,600.15,64.73,174.22,0.5116,-1,-1,-1
584,148,196.76,598.95,79.42,165.80,0.7856,-1,-1,-1
584,149,-9.51,837.09,112.34,238.03,0.7330,-1,-1,-1
584,156,1784.08,611.17,64.49,163.91,0.4755,-1,-1,-1
585,148,184.72,600.99,77.07,170.83,0.8117,-1,-1,-1
585,149,-7.66,844.02,80.41,234.63,0.7105,-1,-1,-1
585,156,1778.87,608.42,65.22,165.41,0.3031,-1,-1,-1
586,148,168.81,604.37,79.09,170.58,0.7213,-1,-1,-1
586,156,1775.10,593.09,64.86,178.56,0.3876,-1,-1,-1
587,148,155.25,607.36,81.76,170.84,0.7766,-1,-1,-1
587,156,1773.92,591.00,57.85,168.64,0.3607,-1,-1,-1
588,148,141.78,609.51,82.40,173.45,0.7847,-1,-1,-1
588,156,1772.48,587.04,56.99,165.26,0.4643,-1,-1,-1
589,148,126.83,612.84,85.04,174.18,0.7694,-1,-1,-1
589,156,1768.35,583.81,56.02,163.55,0.5740,-1,-1,-1
590,148,114.46,614.01,85.65,177.22,0.7594,-1,-1,-1
590,156,1766.33,582.12,57.80,168.74,0.6646,-1,-1,-1
591,148,100.01,614.93,84.22,179.55,0.7862,-1,-1,-1
591,156,1765.40,581.96,60.24,169.68,0.7534,-1,-1,-1
591,161,1225.08,525.70,30.58,77.96,0.4291,-1,-1,-1
592,148,85.90,618.74,86.25,177.62,0.7912,-1,-1,-1
592,156,1764.31,578.57,62.14,168.44,0.7301,-1,-1,-1
592,161,1225.84,527.95,28.64,75.23,0.3662,-1,-1,-1
593,148,72.41,618.45,86.35,181.92,0.7663,-1,-1,-1
593,156,1764.41,581.80,62.57,168.59,0.7708,-1,-1,-1
593,161,1224.83,528.93,28.00,75.07,0.4409,-1,-1,-1
593,162,332.96,534.59,41.40,99.17,0.5746,-1,-1,-1
594,148,57.43,621.17,91.08,184.44,0.7571,-1,-1,-1
594,156,1762.15,579.98,66.14,171.71,0.7166,-1,-1,-1
594,161,1223.73,528.85,29.00,74.13,0.4172,-1,-1,-1
594,162,330.14,536.67,39.26,97.67,0.4646,-1,-1,-1
595,148,44.73,621.34,89.16,188.10,0.7899,-1,-1,-1
595,156,1753.78,581.81,76.99,175.98,0.7262,-1,-1,-1
595,161,1223.46,528.54,29.20,76.10,0.4104,-1,-1,-1
595,162,325.84,536.76,40.50,95.98,0.5058,-1,-1,-1
596,148,30.43,626.15,90.82,189.60,0.7928,-1,-1,-1
596,156,1751.00,579.62,82.49,177.62,0.7310,-1,-1,-1
596,161,1224.88,526.98,29.28,76.32,0.4221,-1,-1,-1
596,162,319.86,536.88,43.19,97.16,0.5003,-1,-1,-1
597,148,16.70,627.67,91.72,192.26,0.7592,-1,-1,-1
597,156,1755.35,584.78,80.38,173.31,0.7489,-1,-1,-1
597,161,1227.13,527.69,28.08,76.39,0.3632,-1,-1,-1
597,162,315.38,533.36,42.52,102.99,0.6774,-1,-1,-1
598,148,2.47,637.22,96.51,192.62,0.7891,-1,-1,-1
598,156,1758.78,584.22,81.80,171.51,0.7621,-1,-1,-1
598,161,1228.41,527.72,27.50,76.24,0.3452,-1,-1,-1
598,162,310.34,536.70,42.53,104.68,0.5361,-1,-1,-1
599,148,-2.90,640.62,88.65,193.15,0.7887,-1,-1,-1
599,156,1763.90,582.79,82.53,172.93,0.7710,-1,-1,-1
599,161,1230.52,525.85,27.94,78.72,0.4843,-1,-1,-1
599,162,307.99,541.41,42.03,100.62,0.4999,-1,-1,-1
600,148,-4.82,647.56,78.54,192.28,0.7799,-1,-1,-1
600,156,1766.58,582.21,82.84,176.33,0.7862,-1,-1,-1
600,161,1232.07,522.15,29.12,83.28,0.5879,-1,-1,-1
600,162,303.70,544.59,43.76,99.00,0.4881,-1,-1,-1
601,148,-4.81,651.42,65.75,192.70,0.7086,-1,-1,-1
601,156,1774.93,580.58,76.76,178.52,0.7812,-1,-1,-1
601,161,1233.74,522.77,29.11,82.99,0.4027,-1,-1,-1
601,162,298.41,541.52,47.02,103.23,0.4740,-1,-1,-1
602,148,-3.88,661.24,53.01,185.38,0.5064,-1,-1,-1
602,156,1783.88,577.74,70.06,181.58,0.7091,-1,-1,-1
602,161,1235.14,521.63,28.89,83.98,0.3458,-1,-1,-1
602,162,294.01,538.61,49.24,108.29,0.4386,-1,-1,-1
603,148,-2.73,671.64,37.71,178.72,0.4416,-1,-1,-1
603,156,1789.74,578.81,64.95,182.39,0.6265,-1,-1,-1
603,161,1236.04,519.82,30.51,87.26,0.4021,-1,-1,-1
603,162,290.32,527.50,49.37,120.70,0.5466,-1,-1,-1
604,156,1800.76,575.80,54.96,186.21,0.4709,-1,-1,-1
604,161,1237.76,519.91,30.44,88.40,0.5448,-1,-1,-1
604,162,287.91,540.58,48.62,109.68,0.6024,-1,-1,-1
605,156,1811.37,579.93,48.35,183.77,0.5071,-1,-1,-1
605,161,1240.11,518.66,30.11,88.71,0.6185,-1,-1,-1
605,162,284.67,523.80,51.36,125.62,0.4644,-1,-1,-1
606,156,1814.58,581.45,48.88,187.88,0.1584,-1,-1,-1
606,161,1243.37,515.81,28.76,90.84,0.6174,-1,-1,-1
606,162,281.75,528.92,51.24,121.10,0.5505,-1,-1,-1
607,161,1245.17,515.29,29.17,91.62,0.6151,-1,-1,-1
607,162,279.33,538.14,51.17,112.77,0.5706,-1,-1,-1
608,161,1247.91,516.41,29.57,91.23,0.3066,-1,-1,-1
608,162,277.01,540.35,49.87,108.60,0.6194,-1,-1,-1
609,161,1250.88,517.55,31.08,90.60,0.5396,-1,-1,-1
609,162,275.53,545.59,49.09,101.42,0.4792,-1,-1,-1
610,161,1252.66,517.62,32.51,91.81,0.4888,-1,-1,-1
610,162,273.80,529.08,49.62,114.60,0.5587,-1,-1,-1
611,161,1255.74,516.79,30.77,95.79,0.4308,-1,-1,-1
611,162,270.66,516.31,51.04,127.73,0.5750,-1,-1,-1
612,161,1259.40,519.36,30.00,94.60,0.4562,-1,-1,-1
612,162,267.44,507.16,50.73,137.12,0.6361,-1,-1,-1
612,164,1826.22,591.16,45.05,181.00,0.4173,-1,-1,-1
613,161,1263.10,521.92,29.70,93.15,0.5649,-1,-1,-1
613,162,263.27,499.54,53.46,144.08,0.6912,-1,-1,-1
613,164,1830.80,595.48,49.67,180.27,0.5438,-1,-1,-1
614,161,1266.15,524.15,29.57,91.64,0.6230,-1,-1,-1
614,162,259.74,497.52,54.43,146.77,0.7440,-1,-1,-1
614,164,1835.90,597.42,60.05,187.21,0.5610,-1,-1,-1
615,161,1267.90,525.01,30.03,91.31,0.6180,-1,-1,-1
615,162,257.42,496.24,53.13,148.45,0.7417,-1,-1,-1
615,164,1840.55,601.28,63.97,194.72,0.5262,-1,-1,-1
616,161,1269.65,527.52,30.69,93.67,0.6309,-1,-1,-1
616,162,254.84,498.00,50.46,147.30,0.6219,-1,-1,-1
616,164,1847.48,604.91,61.79,194.27,0.5736,-1,-1,-1
617,161,1271.79,528.02,30.61,95.78,0.5778,-1,-1,-1
617,162,253.67,497.86,50.28,145.00,0.6405,-1,-1,-1
617,164,1851.01,610.84,56.93,192.07,0.5695,-1,-1,-1
618,161,1274.64,530.71,31.91,96.37,0.5522,-1,-1,-1
618,162,250.30,500.76,49.69,143.57,0.6317,-1,-1,-1
618,164,1855.02,611.67,63.14,197.07,0.6581,-1,-1,-1
619,161,1276.14,531.88,33.64,96.25,0.6064,-1,-1,-1
619,162,248.07,503.80,49.58,142.76,0.6438,-1,-1,-1
619,164,1860.94,609.95,60.66,202.93,0.6305,-1,-1,-1
620,161,1276.34,532.50,36.10,98.42,0.6345,-1,-1,-1
620,162,246.13,504.40,49.76,142.90,0.5905,-1,-1,-1
620,164,1867.47,610.35,53.98,207.05,0.6591,-1,-1,-1
621,161,1281.17,530.34,35.07,101.95,0.6011,-1,-1,-1
621,162,244.56,501.37,49.64,147.08,0.6202,-1,-1,-1
621,164,1875.47,609.64,45.62,207.46,0.5314,-1,-1,-1
622,161,1286.52,530.64,31.96,105.16,0.5723,-1,-1,-1
622,162,241.84,500.66,49.12,148.26,0.6673,-1,-1,-1
622,164,1880.93,611.39,39.78,202.38,0.6150,-1,-1,-1
623,161,1291.73,528.41,33.38,104.49,0.6337,-1,-1,-1
623,162,239.09,499.62,49.03,153.69,0.6347,-1,-1,-1
623,164,1887.52,604.87,33.27,197.71,0.3994,-1,-1,-1
624,161,1295.56,529.99,35.17,105.53,0.6203,-1,-1,-1
624,162,237.93,498.01,48.15,153.86,0.6679,-1,-1,-1
624,164,1893.75,630.94,26.46,169.70,0.2399,-1,-1,-1
625,161,1300.31,534.66,35.77,103.63,0.6304,-1,-1,-1
625,162,236.51,508.99,48.39,148.76,0.6579,-1,-1,-1
626,161,1305.04,530.66,40.78,107.76,0.5578,-1,-1,-1
626,162,235.44,516.60,48.94,138.33,0.6768,-1,-1,-1
627,161,1311.24,529.38,39.61,109.34,0.6457,-1,-1,-1
627,162,235.04,533.08,48.27,128.56,0.6338,-1,-1,-1
628,161,1318.10,531.70,39.12,108.73,0.6342,-1,-1,-1
628,162,234.99,537.67,48.45,124.33,0.6426,-1,-1,-1
629,161,1324.13,529.59,39.83,107.08,0.7123,-1,-1,-1
629,162,234.61,551.05,47.93,117.56,0.7022,-1,-1,-1
630,161,1330.75,529.68,42.27,107.59,0.6755,-1,-1,-1
630,162,235.55,551.12,47.93,118.37,0.6715,-1,-1,-1
630,166,311.99,491.87,18.94,37.04,0.3589,-1,-1,-1
631,161,1339.88,528.90,39.81,109.34,0.6769,-1,-1,-1
631,162,236.42,552.02,50.59,117.35,0.6435,-1,-1,-1
631,166,313.54,491.35,20.71,37.31,0.1206,-1,-1,-1
632,161,1346.55,530.74,40.67,108.97,0.7132,-1,-1,-1
632,162,237.28,554.31,51.89,118.40,0.6209,-1,-1,-1
633,161,1354.15,534.63,42.71,108.95,0.6610,-1,-1,-1
633,162,238.51,551.87,53.85,122.18,0.6099,-1,-1,-1
634,161,1362.87,536.66,41.31,107.99,0.6405,-1,-1,-1
634,162,239.21,553.71,51.68,124.30,0.6022,-1,-1,-1
635,161,1370.08,533.77,43.63,115.93,0.7261,-1,-1,-1
635,162,241.90,549.27,52.41,127.38,0.5529,-1,-1,-1
636,161,1377.98,538.70,43.10,114.37,0.6076,-1,-1,-1
636,162,243.06,551.56,51.81,129.03,0.5862,-1,-1,-1
637,161,1389.01,539.48,41.24,115.56,0.4784,-1,-1,-1
637,162,245.25,542.99,53.42,138.09,0.5289,-1,-1,-1
638,161,1397.27,539.08,43.01,120.26,0.6066,-1,-1,-1
638,162,246.07,537.28,54.11,146.91,0.6135,-1,-1,-1
639,161,1411.09,548.88,38.61,114.61,0.4551,-1,-1,-1
639,162,248.70,536.21,54.28,149.04,0.6487,-1,-1,-1
640,161,1419.39,553.19,39.83,109.49,0.3656,-1,-1,-1
640,162,250.88,535.81,52.98,152.28,0.6525,-1,-1,-1
641,161,1430.62,554.39,38.33,106.41,0.5201,-1,-1,-1
641,162,254.31,537.45,52.38,152.35,0.6611,-1,-1,-1
642,161,1442.25,558.57,38.68,105.91,0.5630,-1,-1,-1
642,162,257.35,534.91,52.14,155.16,0.5651,-1,-1,-1
643,161,1454.93,562.32,36.80,98.78,0.3616,-1,-1,-1
643,162,260.06,530.93,51.16,160.85,0.5508,-1,-1,-1
644,161,1465.44,561.20,39.18,111.57,0.2456,-1,-1,-1
644,162,263.07,529.56,48.85,163.11,0.4253,-1,-1,-1
645,161,1479.45,564.44,36.09,85.94,0.4168,-1,-1,-1
645,162,266.64,556.93,47.78,137.46,0.3867,-1,-1,-1
646,161,1489.92,564.08,39.64,74.36,0.4665,-1,-1,-1
646,162,271.46,568.75,47.08,128.12,0.4154,-1,-1,-1
647,161,1503.04,568.65,37.84,69.13,0.2958,-1,-1,-1
647,162,275.54,545.97,44.56,150.66,0.4641,-1,-1,-1
648,161,1514.57,570.23,40.42,70.08,0.1560,-1,-1,-1
648,162,279.68,558.96,46.15,138.67,0.5229,-1,-1,-1
649,162,284.09,541.13,45.40,149.53,0.4939,-1,-1,-1
650,162,285.94,535.41,48.08,158.62,0.5935,-1,-1,-1
651,162,290.87,532.91,49.98,164.57,0.4293,-1,-1,-1
652,162,300.26,543.13,46.83,141.00,0.5725,-1,-1,-1
653,162,306.93,553.35,44.21,132.06,0.3337,-1,-1,-1
654,162,312.72,557.12,42.67,133.70,0.5726,-1,-1,-1
655,162,319.94,530.67,42.27,156.52,0.4945,-1,-1,-1
655,161,1618.12,563.47,48.61,57.98,0.3542,-1,-1,-1
656,162,327.43,534.20,44.70,163.61,0.5395,-1,-1,-1
656,161,1634.72,563.05,49.46,55.17,0.3289,-1,-1,-1
657,162,334.98,532.68,45.20,170.08,0.5519,-1,-1,-1
657,161,1656.09,566.08,47.62,59.51,0.3427,-1,-1,-1
658,162,345.87,561.25,44.53,145.17,0.3959,-1,-1,-1
658,161,1675.32,570.68,45.66,61.02,0.3262,-1,-1,-1
659,162,349.55,585.69,49.37,136.47,0.3628,-1,-1,-1
659,161,1694.23,584.94,49.77,60.67,0.2062,-1,-1,-1
660,162,356.78,588.03,47.24,131.91,0.4924,-1,-1,-1
660,161,1710.94,592.19,51.18,64.63,0.2557,-1,-1,-1
661,162,360.26,591.46,49.96,131.76,0.5637,-1,-1,-1
661,161,1724.43,598.08,57.26,64.88,0.3983,-1,-1,-1
662,162,366.23,595.72,52.60,127.14,0.5369,-1,-1,-1
662,161,1746.20,606.51,56.53,61.73,0.3074,-1,-1,-1
663,162,377.63,598.53,49.12,121.73,0.5336,-1,-1,-1
663,161,1765.54,613.19,54.65,65.44,0.2161,-1,-1,-1
664,162,382.68,593.03,53.18,124.10,0.6049,-1,-1,-1
664,161,1784.43,624.59,57.63,67.40,0.1675,-1,-1,-1
665,162,389.15,596.84,55.84,119.37,0.4860,-1,-1,-1
665,161,1802.25,621.84,61.15,74.64,0.1931,-1,-1,-1
666,162,394.72,593.70,62.05,119.43,0.6449,-1,-1,-1
666,161,1820.18,631.20,64.96,75.35,0.2609,-1,-1,-1
667,162,398.26,588.69,71.38,124.70,0.5617,-1,-1,-1
667,161,1843.06,631.74,62.19,81.83,0.1495,-1,-1,-1
668,162,400.06,584.30,83.18,133.18,0.6016,-1,-1,-1
668,161,1866.97,633.19,54.22,84.68,0.1808,-1,-1,-1
669,162,406.48,576.80,93.24,138.86,0.4365,-1,-1,-1
669,171,394.85,518.42,25.63,77.16,0.3688,-1,-1,-1
670,162,414.86,572.00,98.38,142.05,0.6277,-1,-1,-1
670,171,400.72,513.67,28.32,80.02,0.6398,-1,-1,-1
671,162,426.17,568.37,98.19,144.27,0.5765,-1,-1,-1
671,171,405.34,511.58,28.06,78.10,0.4921,-1,-1,-1
672,162,437.98,567.37,96.11,143.43,0.2274,-1,-1,-1
672,171,411.29,509.11,28.00,76.39,0.4475,-1,-1,-1
673,162,475.52,567.15,71.14,143.30,0.2427,-1,-1,-1
673,171,415.88,509.68,29.98,77.61,0.1857,-1,-1,-1
674,162,498.70,558.99,61.26,140.99,0.3765,-1,-1,-1
674,171,422.24,502.23,30.56,77.54,0.1329,-1,-1,-1
675,162,486.06,557.53,88.29,144.05,0.3060,-1,-1,-1
675,171,427.74,493.93,31.95,81.83,0.3896,-1,-1,-1
676,171,431.18,498.66,31.60,81.65,0.5492,-1,-1,-1
677,171,437.28,493.62,33.84,84.59,0.4568,-1,-1,-1
678,171,442.07,495.78,35.83,86.38,0.3790,-1,-1,-1
679,171,447.84,510.14,36.73,83.79,0.3661,-1,-1,-1
679,162,533.59,573.61,99.65,145.22,0.5492,-1,-1,-1
680,171,455.68,504.04,37.65,83.37,0.1329,-1,-1,-1
680,162,543.75,567.96,105.25,148.00,0.2962,-1,-1,-1
681,171,456.18,528.90,41.53,89.15,0.1471,-1,-1,-1
681,162,573.38,595.48,90.14,142.96,0.4250,-1,-1,-1
682,162,599.47,618.74,79.70,138.49,0.3639,-1,-1,-1
683,162,617.10,593.28,63.17,137.74,0.3245,-1,-1,-1
683,171,463.44,522.08,34.57,89.48,0.3559,-1,-1,-1
684,162,630.33,582.24,73.38,138.17,0.1482,-1,-1,-1
684,171,465.90,516.43,35.15,83.88,0.2997,-1,-1,-1
685,162,642.94,582.64,75.42,139.33,0.2761,-1,-1,-1
685,171,469.68,518.53,33.70,81.50,0.4306,-1,-1,-1
686,162,661.06,573.56,57.43,131.07,0.4332,-1,-1,-1
686,171,475.15,509.63,31.34,81.91,0.4774,-1,-1,-1
687,162,667.70,574.11,63.16,136.28,0.2949,-1,-1,-1
687,171,482.02,507.55,31.84,80.34,0.4386,-1,-1,-1
688,162,683.66,573.56,72.44,135.84,0.1718,-1,-1,-1
688,171,486.85,506.08,29.79,80.52,0.3723,-1,-1,-1
689,162,675.70,569.28,98.03,145.40,0.4291,-1,-1,-1
689,171,488.46,505.80,29.73,82.12,0.1298,-1,-1,-1
690,162,683.43,565.33,106.05,149.93,0.4662,-1,-1,-1
690,171,495.44,502.66,27.61,82.28,0.4606,-1,-1,-1
691,162,696.72,565.49,109.09,151.94,0.5892,-1,-1,-1
691,171,500.66,504.31,26.24,80.30,0.3198,-1,-1,-1
691,175,734.83,567.05,69.65,149.62,0.3784,-1,-1,-1
691,176,652.68,475.24,20.06,49.81,0.3818,-1,-1,-1
692,162,715.27,569.14,104.22,149.03,0.4479,-1,-1,-1
692,171,507.87,501.69,26.66,81.46,0.5562,-1,-1,-1
692,175,755.72,571.19,61.02,146.42,0.4448,-1,-1,-1
692,176,658.69,475.69,17.74,48.18,0.3417,-1,-1,-1
693,162,755.34,572.50,79.51,146.68,0.5255,-1,-1,-1
693,171,511.20,497.88,31.73,86.47,0.3800,-1,-1,-1
693,175,770.41,573.96,63.12,144.98,0.5255,-1,-1,-1
693,176,666.45,475.76,19.95,47.52,0.3278,-1,-1,-1
694,162,772.76,580.17,81.26,143.05,0.4815,-1,-1,-1
694,171,512.96,499.47,34.80,87.74,0.4959,-1,-1,-1
694,175,776.31,581.48,77.08,141.52,0.4815,-1,-1,-1
694,176,672.16,476.75,19.74,51.03,0.3576,-1,-1,-1
695,162,790.02,584.79,80.42,146.18,0.3590,-1,-1,-1
695,171,517.17,500.78,33.52,87.61,0.5228,-1,-1,-1
695,175,789.90,585.77,80.19,145.46,0.3590,-1,-1,-1
695,176,677.37,476.95,20.02,53.01,0.4115,-1,-1,-1
696,171,526.53,501.02,31.87,83.53,0.4362,-1,-1,-1
696,176,683.53,475.94,22.23,53.69,0.1993,-1,-1,-1
697,171,529.42,503.79,32.11,82.57,0.4885,-1,-1,-1
697,176,687.61,479.22,19.99,51.24,0.2117,-1,-1,-1
698,171,533.33,501.44,31.95,87.10,0.4732,-1,-1,-1
698,176,694.71,478.09,19.53,52.10,0.3752,-1,-1,-1
699,171,535.51,500.56,33.74,89.38,0.3028,-1,-1,-1
699,176,699.77,477.29,20.40,53.28,0.4813,-1,-1,-1
699,162,842.95,583.93,94.96,157.49,0.5785,-1,-1,-1
700,171,537.51,502.24,35.18,91.91,0.5294,-1,-1,-1
700,176,703.01,479.57,20.29,52.97,0.4622,-1,-1,-1
700,162,854.79,584.62,102.08,159.31,0.5884,-1,-1,-1
701,171,543.37,504.31,33.42,90.92,0.4031,-1,-1,-1
701,176,707.78,478.49,19.96,54.28,0.1807,-1,-1,-1
701,162,878.69,589.41,95.35,158.49,0.4995,-1,-1,-1
702,171,549.74,506.15,33.12,87.98,0.3620,-1,-1,-1
702,176,717.06,478.06,19.22,54.56,0.4290,-1,-1,-1
702,162,917.63,596.35,75.31,155.70,0.5881,-1,-1,-1
703,171,554.29,504.72,32.32,89.71,0.5539,-1,-1,-1
703,176,721.86,474.34,21.12,58.83,0.4195,-1,-1,-1
703,162,947.28,602.58,63.45,155.04,0.5376,-1,-1,-1
704,171,555.66,509.14,33.91,91.02,0.5844,-1,-1,-1
704,176,725.50,476.94,21.14,60.36,0.3660,-1,-1,-1
704,162,958.14,610.75,70.25,155.12,0.6474,-1,-1,-1
705,171,555.09,508.62,38.73,93.58,0.5363,-1,-1,-1
705,176,727.88,476.30,21.23,60.29,0.4064,-1,-1,-1
705,162,976.54,612.50,68.53,155.83,0.6481,-1,-1,-1
706,171,560.96,510.31,35.46,93.48,0.6116,-1,-1,-1
706,176,736.35,482.65,22.63,55.77,0.3618,-1,-1,-1
706,162,987.44,616.59,76.43,158.55,0.7583,-1,-1,-1
707,171,563.64,513.26,34.36,94.99,0.6616,-1,-1,-1
707,176,739.56,487.66,22.29,53.11,0.3386,-1,-1,-1
707,162,997.26,615.11,86.50,165.84,0.7423,-1,-1,-1
708,171,566.63,517.86,33.39,95.69,0.6891,-1,-1,-1
708,176,742.88,490.72,21.93,52.85,0.3710,-1,-1,-1
708,162,999.95,616.98,102.57,171.25,0.6746,-1,-1,-1
709,171,568.56,520.91,34.35,97.71,0.6430,-1,-1,-1
709,176,745.59,492.66,22.45,53.57,0.3624,-1,-1,-1
709,162,1005.71,611.77,118.79,177.21,0.7636,-1,-1,-1
710,171,573.61,528.88,33.82,92.88,0.6403,-1,-1,-1
710,176,749.28,500.69,20.78,53.16,0.3888,-1,-1,-1
710,162,1016.98,621.81,124.68,180.09,0.7748,-1,-1,-1
711,171,575.79,533.46,34.69,89.79,0.5305,-1,-1,-1
711,176,750.77,502.99,20.25,52.23,0.4168,-1,-1,-1
711,162,1041.58,619.75,121.93,177.80,0.7111,-1,-1,-1
712,171,575.96,536.70,36.27,92.34,0.7177,-1,-1,-1
712,176,755.06,506.39,26.99,52.63,0.3848,-1,-1,-1
712,162,1066.47,630.67,113.97,178.12,0.4789,-1,-1,-1
713,171,577.08,534.66,37.19,94.10,0.7372,-1,-1,-1
713,176,760.35,504.94,25.31,50.95,0.3481,-1,-1,-1
713,162,1111.84,629.92,88.01,172.19,0.5796,-1,-1,-1
714,171,578.60,544.28,37.89,97.55,0.6552,-1,-1,-1
714,176,761.82,511.60,22.71,52.48,0.4318,-1,-1,-1
714,162,1128.92,635.16,97.14,170.50,0.7374,-1,-1,-1
715,171,579.96,540.22,38.22,101.51,0.5902,-1,-1,-1
715,176,764.64,505.79,20.96,58.62,0.4276,-1,-1,-1
715,162,1142.05,635.76,99.14,173.34,0.7451,-1,-1,-1
716,171,580.88,543.47,38.35,101.50,0.5081,-1,-1,-1
716,176,767.87,504.11,23.13,60.43,0.4151,-1,-1,-1
716,162,1156.48,632.34,102.36,178.09,0.7684,-1,-1,-1
717,171,580.60,544.71,39.51,102.04,0.5572,-1,-1,-1
717,176,771.34,508.32,22.33,55.82,0.3222,-1,-1,-1
717,162,1173.00,631.07,103.97,183.31,0.7812,-1,-1,-1
718,171,583.70,551.55,37.00,98.76,0.4841,-1,-1,-1
718,176,773.02,509.62,23.08,55.64,0.3734,-1,-1,-1
718,162,1189.68,626.71,109.01,192.39,0.7914,-1,-1,-1
719,171,585.43,547.29,37.53,100.14,0.5349,-1,-1,-1
719,176,776.39,506.20,22.78,59.10,0.2542,-1,-1,-1
719,162,1209.35,632.30,109.82,194.51,0.6608,-1,-1,-1
720,171,585.34,552.19,39.34,101.61,0.5675,-1,-1,-1
720,176,776.42,506.53,24.39,62.83,0.2185,-1,-1,-1
720,162,1228.75,631.69,114.52,197.60,0.6718,-1,-1,-1
721,171,587.99,551.92,40.78,102.90,0.4913,-1,-1,-1
721,176,782.02,510.79,25.15,58.48,0.3473,-1,-1,-1
721,162,1257.12,635.45,103.37,180.94,0.4787,-1,-1,-1
722,171,591.32,553.54,38.88,102.92,0.5360,-1,-1,-1
722,176,785.26,515.23,23.89,53.86,0.3642,-1,-1,-1
722,162,1290.48,644.94,91.10,193.16,0.4726,-1,-1,-1
723,171,594.17,551.33,39.14,105.05,0.3706,-1,-1,-1
723,176,790.42,514.16,25.31,54.89,0.3732,-1,-1,-1
723,162,1311.60,653.61,98.92,194.36,0.4478,-1,-1,-1
724,171,594.74,562.76,38.23,103.85,0.4859,-1,-1,-1
724,176,793.00,524.25,24.24,53.80,0.3642,-1,-1,-1
724,162,1343.29,663.53,93.85,196.42,0.5486,-1,-1,-1
725,171,595.32,565.81,37.78,104.03,0.5707,-1,-1,-1
725,176,796.72,525.30,23.31,53.22,0.4732,-1,-1,-1
725,162,1370.46,663.99,92.69,203.13,0.7108,-1,-1,-1
726,171,597.61,565.24,37.24,103.70,0.5734,-1,-1,-1
726,176,800.39,522.24,21.57,55.98,0.3632,-1,-1,-1
726,162,1386.48,672.92,101.72,208.05,0.6203,-1,-1,-1
727,171,597.72,571.48,41.04,105.97,0.7153,-1,-1,-1
727,176,801.85,527.28,21.42,55.56,0.2900,-1,-1,-1
727,162,1424.60,672.88,85.37,184.16,0.4060,-1,-1,-1
728,171,598.45,568.90,42.12,106.39,0.6729,-1,-1,-1
728,176,811.14,525.68,21.66,57.29,0.3867,-1,-1,-1
728,162,1419.37,681.86,117.37,209.21,0.5803,-1,-1,-1
729,171,598.78,566.81,43.65,109.27,0.6381,-1,-1,-1
729,176,814.45,524.39,20.82,57.18,0.3840,-1,-1,-1
729,162,1434.17,680.87,131.91,218.74,0.7226,-1,-1,-1
730,171,599.01,570.40,45.36,111.19,0.5670,-1,-1,-1
730,176,817.07,525.52,21.07,59.11,0.3511,-1,-1,-1
730,162,1496.30,688.17,100.36,225.01,0.4556,-1,-1,-1
731,171,600.44,564.98,46.86,114.98,0.6680,-1,-1,-1
731,176,819.04,524.09,22.34,59.35,0.4067,-1,-1,-1
731,162,1496.42,696.41,126.92,231.48,0.1730,-1,-1,-1
732,171,601.16,565.15,47.08,116.66,0.6757,-1,-1,-1
732,176,820.09,525.29,22.80,58.15,0.4915,-1,-1,-1
732,162,1546.25,701.32,100.84,231.52,0.5054,-1,-1,-1
733,171,602.31,567.10,46.85,116.07,0.6499,-1,-1,-1
733,176,821.39,522.94,23.87,60.03,0.5295,-1,-1,-1
733,162,1584.97,704.61,92.81,230.15,0.7019,-1,-1,-1
734,171,602.70,560.30,46.99,120.47,0.6868,-1,-1,-1
734,176,824.51,524.33,21.53,54.82,0.4011,-1,-1,-1
734,162,1597.77,708.44,108.39,231.98,0.6281,-1,-1,-1
735,171,602.26,562.44,47.65,121.78,0.6948,-1,-1,-1
735,176,824.75,526.35,23.02,52.31,0.2863,-1,-1,-1
735,162,1614.61,704.35,120.38,234.21,0.7441,-1,-1,-1
735,179,837.60,527.90,23.93,51.77,0.3768,-1,-1,-1
736,171,606.02,559.03,45.83,122.22,0.6750,-1,-1,-1
736,176,831.76,523.95,22.97,52.02,0.3822,-1,-1,-1
736,162,1631.76,705.01,132.01,245.34,0.7151,-1,-1,-1
736,179,835.68,524.63,23.25,52.13,0.3822,-1,-1,-1
737,171,606.90,560.56,46.15,122.34,0.6584,-1,-1,-1
737,176,834.42,523.28,24.12,52.65,0.3775,-1,-1,-1
737,162,1657.33,696.86,134.74,258.65,0.7946,-1,-1,-1
737,179,834.89,523.50,24.29,53.03,0.3775,-1,-1,-1
738,171,606.57,562.99,47.68,123.01,0.6593,-1,-1,-1
738,176,836.43,525.66,23.02,52.77,0.3541,-1,-1,-1
738,162,1684.85,705.39,139.09,263.67,0.7550,-1,-1,-1
738,179,835.93,525.66,22.94,53.16,0.3541,-1,-1,-1
739,171,606.84,564.30,49.22,123.79,0.6562,-1,-1,-1
739,176,839.21,524.79,22.65,54.40,0.3574,-1,-1,-1
739,162,1712.73,716.81,150.31,262.38,0.7532,-1,-1,-1
739,179,838.66,524.70,22.52,54.87,0.3574,-1,-1,-1
740,171,607.07,566.55,49.53,123.79,0.6847,-1,-1,-1
740,176,840.37,524.39,22.33,56.08,0.4218,-1,-1,-1
740,162,1741.94,732.28,148.91,254.84,0.7464,-1,-1,-1
740,179,839.83,524.26,22.19,56.56,0.4218,-1,-1,-1
741,171,607.98,568.66,49.36,124.25,0.6776,-1,-1,-1
741,176,842.35,526.83,22.61,55.60,0.4783,-1,-1,-1
741,162,1778.35,732.80,141.21,263.63,0.5816,-1,-1,-1
741,179,841.83,526.74,22.52,55.99,0.4783,-1,-1,-1
742,171,608.80,570.36,48.15,123.83,0.6455,-1,-1,-1
742,176,843.09,528.16,22.48,56.10,0.5105,-1,-1,-1
742,162,1822.43,749.10,106.56,258.75,0.4326,-1,-1,-1
742,179,842.61,528.08,22.40,56.43,0.5105,-1,-1,-1
743,171,607.38,571.41,50.84,125.24,0.6303,-1,-1,-1
743,176,844.18,528.91,22.24,55.44,0.4494,-1,-1,-1
743,179,843.78,528.86,22.17,55.71,0.4494,-1,-1,-1
744,171,605.83,571.64,51.03,126.96,0.6293,-1,-1,-1
744,176,844.60,528.67,21.99,55.83,0.4811,-1,-1,-1
744,179,844.26,528.62,21.93,56.06,0.4811,-1,-1,-1
745,171,604.29,573.22,52.37,128.55,0.6668,-1,-1,-1
745,176,844.47,526.37,22.24,59.61,0.4982,-1,-1,-1
745,179,844.18,526.31,22.19,59.85,0.4982,-1,-1,-1
746,171,603.12,573.85,51.37,130.38,0.6264,-1,-1,-1
746,176,844.27,525.40,22.95,62.47,0.5172,-1,-1,-1
746,179,844.01,525.33,22.92,62.71,0.5172,-1,-1,-1
747,171,603.06,574.96,51.29,132.33,0.6538,-1,-1,-1
747,176,844.48,524.95,23.82,63.87,0.5047,-1,-1,-1
747,179,844.25,524.88,23.80,64.09,0.5047,-1,-1,-1
748,171,602.87,575.17,51.38,133.35,0.6733,-1,-1,-1
748,176,846.24,527.08,23.40,61.67,0.2893,-1,-1,-1
749,171,602.77,576.77,51.35,132.30,0.6753,-1,-1,-1
749,176,846.89,527.59,22.66,61.13,0.3386,-1,-1,-1
750,171,602.29,578.73,51.48,130.77,0.6232,-1,-1,-1
750,176,848.30,528.28,22.51,58.35,0.3369,-1,-1,-1
